archetype,artwork_id,caption_file,card_category,card_name,dataset_id,difference_hash,drive_file_id,eligibility_basis,exception_evidence_url,exception_reason,image_file,image_validation_status,initial_tcg_release,konami_cid,match_confidence,match_method,monster_type,official_metadata_status,output_height,output_mode,output_sha256,output_width,passcode,qualified_tcg_print_release,replacement_reason,resolved_source_kind,resolved_source_url,retrieved_at,selection_status,source_height,source_image_url,source_kind,source_name,source_page,source_preview_url,source_sha256,source_width,spell_trap_subtype,strict_date_eligible
Prophecy,1RuXoqkpr6tGu8b0kWig0YDwUsA4LDWzX,captions/ygo4_0001.json,Monster,Sorcerer of Sebek,ygo4_0001,163339216d717172,1RuXoqkpr6tGu8b0kWig0YDwUsA4LDWzX,new_card_first_release,,,images/ygo4_0001.png,passed_automated_decode_dimension_checks,2024-02-08,19508,1.0,exact_alias,Aqua,pending_konami_verification,1024,RGB,ae9d3a13c7764ec9edca0104d98ef916df3bbf414722e6d2719ed0ddedba87bf,1024,39767432,,,thehungtd_full_art,https://lh3.googleusercontent.com/sitesv/AG8ngQUh3z2PpqoHuugffljY7g-AtVtAvqErZbO8UjhgdlJuTgClcfFNeJoCWE5kj_GAcD8uv_J2LiPPClt2Hv4qugh4W00X1ktaA3l0cWuJxD6T8m-EojM6kZDgq0f4bVyHMwareLCoQbcZr0pJ9MWKID_EiUZfWY9srOWLcz9J2dNRJC3OjvB2pFqI5qEpgQQ=s0,2026-08-31T18:26:04+00:00,selected_pending_image_and_caption_qa,1200,https://lh3.googleusercontent.com/sitesv/AG8ngQUh3z2PpqoHuugffljY7g-AtVtAvqErZbO8UjhgdlJuTgClcfFNeJoCWE5kj_GAcD8uv_J2LiPPClt2Hv4qugh4W00X1ktaA3l0cWuJxD6T8m-EojM6kZDgq0f4bVyHMwareLCoQbcZr0pJ9MWKID_EiUZfWY9srOWLcz9J2dNRJC3OjvB2pFqI5qEpgQQ=s0,thehungtd_full_art,Sebek's Sorcerer,https://sites.google.com/view/thehungtd/latest-artworks/2024/phantom-nightmare,https://lh3.googleusercontent.com/sitesv/AG8ngQUh3z2PpqoHuugffljY7g-AtVtAvqErZbO8UjhgdlJuTgClcfFNeJoCWE5kj_GAcD8uv_J2LiPPClt2Hv4qugh4W00X1ktaA3l0cWuJxD6T8m-EojM6kZDgq0f4bVyHMwareLCoQbcZr0pJ9MWKID_EiUZfWY9srOWLcz9J2dNRJC3OjvB2pFqI5qEpgQQ=w1280,b0528bb9e362a287cb3f298d0f13d8702afee3c16f572600b3911b16b049bdc6,1200,,True
Ice Barrier,1qOmNs0pXy7P2OvZEbDTA8XWMMjpriFxB,captions/ygo4_0002.json,Monster,Mirror Mage of the Ice Barrier,ygo4_0002,8c7567c3d96cd5e2,1qOmNs0pXy7P2OvZEbDTA8XWMMjpriFxB,new_card_first_release,,,images/ygo4_0002.png,passed_automated_decode_dimension_checks,2024-06-20,19621,1.0,exact_alias,Aqua,pending_konami_verification,1024,RGB,5545438802a7847782f5854cbe255d6f9eb7d4b7581847a4df748719a7df23dc,1024,9396662,,,thehungtd_full_art,https://lh3.googleusercontent.com/sitesv/AG8ngQWI02NJ_QVa_JBr6gy59ehIaGuYNLFmizMrKA7B3oIeQNUdb7ivUh9WfSeYXB6DkeJyRdUCoMoV4N9vjDE24xo5UUaBedK3uOczg5dMFRZVnyd4iEUxmfjdCbGMjoLznX_-UeaC5Vb21Gc2vr0SlPwuhR4tocsDNguA-PYu6Qmb950JiFVTqoNPQN3s=s0,2026-08-31T18:26:06+00:00,selected_pending_image_and_caption_qa,1200,https://lh3.googleusercontent.com/sitesv/AG8ngQWI02NJ_QVa_JBr6gy59ehIaGuYNLFmizMrKA7B3oIeQNUdb7ivUh9WfSeYXB6DkeJyRdUCoMoV4N9vjDE24xo5UUaBedK3uOczg5dMFRZVnyd4iEUxmfjdCbGMjoLznX_-UeaC5Vb21Gc2vr0SlPwuhR4tocsDNguA-PYu6Qmb950JiFVTqoNPQN3s=s0,thehungtd_full_art,Mirror Magic Master of the Ice Barrier,https://sites.google.com/view/thehungtd/latest-artworks/2024/terminal-world,https://lh3.googleusercontent.com/sitesv/AG8ngQWI02NJ_QVa_JBr6gy59ehIaGuYNLFmizMrKA7B3oIeQNUdb7ivUh9WfSeYXB6DkeJyRdUCoMoV4N9vjDE24xo5UUaBedK3uOczg5dMFRZVnyd4iEUxmfjdCbGMjoLznX_-UeaC5Vb21Gc2vr0SlPwuhR4tocsDNguA-PYu6Qmb950JiFVTqoNPQN3s=w1280,c737981287ff67a7d614b7cf9b6d1fe00fbbb2c1c8951364a609f062897675c4,1200,,True
Mulcharmy,1FQJscrtZmHUuwQk8Rki9FnMIgFLnZPEY,captions/ygo4_0003.json,Monster,Mulcharmy Purulia,ygo4_0003,87dbc3627293424a,1FQJscrtZmHUuwQk8Rki9FnMIgFLnZPEY,new_card_first_release,,,images/ygo4_0003.png,passed_automated_decode_dimension_checks,2024-07-18,20206,1.0,exact_alias,Aqua,pending_konami_verification,1024,RGB,15a2ba7ec4184ccf26c460bc928345f6845f4bf256be841f2ea9da9015e3e805,1024,84192580,,,thehungtd_full_art,https://lh3.googleusercontent.com/sitesv/AG8ngQUALBj9oAdhnMeiF07kybk9luKS829iBrgmgOEGk-8YfiuQANBsApjJ8k2n710sXe69zQVrDO9QJBLbZkHXZjIiXdPAO_92sG96Y5AxodToFgc2jCphWPVixoDD3ogl3lSYTHpbdORU2cV4fzybiLIpWPGuxRnCfrI05-HGnyg-IPRpJ5m8WrtjumJt43E=s0,2026-08-31T18:26:00+00:00,selected_pending_image_and_caption_qa,1200,https://lh3.googleusercontent.com/sitesv/AG8ngQUALBj9oAdhnMeiF07kybk9luKS829iBrgmgOEGk-8YfiuQANBsApjJ8k2n710sXe69zQVrDO9QJBLbZkHXZjIiXdPAO_92sG96Y5AxodToFgc2jCphWPVixoDD3ogl3lSYTHpbdORU2cV4fzybiLIpWPGuxRnCfrI05-HGnyg-IPRpJ5m8WrtjumJt43E=s0,thehungtd_full_art,Multchummy Purulia,https://sites.google.com/view/thehungtd/latest-artworks/2024/infinite-forbidden,https://lh3.googleusercontent.com/sitesv/AG8ngQUALBj9oAdhnMeiF07kybk9luKS829iBrgmgOEGk-8YfiuQANBsApjJ8k2n710sXe69zQVrDO9QJBLbZkHXZjIiXdPAO_92sG96Y5AxodToFgc2jCphWPVixoDD3ogl3lSYTHpbdORU2cV4fzybiLIpWPGuxRnCfrI05-HGnyg-IPRpJ5m8WrtjumJt43E=w1280,36ce34d2b60bb2c7e4c418ec1bbeae468f85f8a3e7a9a858de19e7630b4dbbff,1200,,True
Memento,1MaswkxTpuNUzbTcF1QdE4Mu_sLX4guBV,captions/ygo4_0004.json,Monster,Mementotlan Akihiron,ygo4_0004,be9c9c9ea6d4128e,1MaswkxTpuNUzbTcF1QdE4Mu_sLX4guBV,new_card_first_release,,,images/ygo4_0004.png,passed_automated_decode_dimension_checks,2024-07-27,20491,1.0,exact_alias,Aqua,pending_konami_verification,1024,RGB,88f6ddf1bff37638eff7c2a2cf3a83b736ca5b1e2fd143cfee8c65d0f0fb48f7,1024,54207171,,,thehungtd_full_art,https://lh3.googleusercontent.com/sitesv/AG8ngQVUnhEIoyFQsCkeNe-mTbWfiKJ1Rp_1rHZUmWszpBVZ97moifQR4LafXbfCSBmVb1-LBr9_OEFODRrf-nNqoLdgU-Y6WanLYB2P_LNSqvT_V7fLnVE0DbIGB0IIK7Iju00jqtO8rPlBGyYDWE3SzuIG_ju-esw4SedW7C8jjAhyZKwgxMHpymVZoQ=s0,2026-08-31T18:25:58+00:00,selected_pending_image_and_caption_qa,1200,https://lh3.googleusercontent.com/sitesv/AG8ngQVUnhEIoyFQsCkeNe-mTbWfiKJ1Rp_1rHZUmWszpBVZ97moifQR4LafXbfCSBmVb1-LBr9_OEFODRrf-nNqoLdgU-Y6WanLYB2P_LNSqvT_V7fLnVE0DbIGB0IIK7Iju00jqtO8rPlBGyYDWE3SzuIG_ju-esw4SedW7C8jjAhyZKwgxMHpymVZoQ=s0,thehungtd_full_art,Mementotlan Akihiron,https://sites.google.com/view/thehungtd/latest-artworks/2024/rage-of-the-abyss,https://lh3.googleusercontent.com/sitesv/AG8ngQVUnhEIoyFQsCkeNe-mTbWfiKJ1Rp_1rHZUmWszpBVZ97moifQR4LafXbfCSBmVb1-LBr9_OEFODRrf-nNqoLdgU-Y6WanLYB2P_LNSqvT_V7fLnVE0DbIGB0IIK7Iju00jqtO8rPlBGyYDWE3SzuIG_ju-esw4SedW7C8jjAhyZKwgxMHpymVZoQ=w1280,9d9c887d8a9b8b6f2d047d63793b1b4476235a3388c83c5547e490cb50ef84f2,1200,,True
,1ipBSgk-6wRkoqmFER2NIvS4oMc6dTDeO,captions/ygo4_0005.json,Monster,Tsuru-Puru-Purun,ygo4_0005,d6973b69dc4c6938,1ipBSgk-6wRkoqmFER2NIvS4oMc6dTDeO,new_card_first_release,,,images/ygo4_0005.png,passed_automated_decode_dimension_checks,2024-07-27,20501,1.0,exact_alias,Aqua,pending_konami_verification,1024,RGB,19b95bb61ed8e27338961ee6dd604e076b1e7d3131e53cdb83647432718112c9,1024,84635192,,,thehungtd_full_art,https://lh3.googleusercontent.com/sitesv/AG8ngQUgmOxSlgQLfJaDSFt8vBUiXEpOZoKEVF4SJowkMdnYOqO5bBbvKZnHxZ8xLC0m1nJhrc0oE9yG2XagrrlKQXUr9w0amnD_hg_FUYgqwznjxb7j1Ny8b6lyD-V1TAIea2WXmnbBEAtDvPG56r0DFWXWjwf5-m0tG1VJal-CNLBWjeB3z-emUn-8bg=s0,2026-08-31T18:25:58+00:00,selected_pending_image_and_caption_qa,1200,https://lh3.googleusercontent.com/sitesv/AG8ngQUgmOxSlgQLfJaDSFt8vBUiXEpOZoKEVF4SJowkMdnYOqO5bBbvKZnHxZ8xLC0m1nJhrc0oE9yG2XagrrlKQXUr9w0amnD_hg_FUYgqwznjxb7j1Ny8b6lyD-V1TAIea2WXmnbBEAtDvPG56r0DFWXWjwf5-m0tG1VJal-CNLBWjeB3z-emUn-8bg=s0,thehungtd_full_art,Turu-Purupurun,https://sites.google.com/view/thehungtd/latest-artworks/2024/rage-of-the-abyss,https://lh3.googleusercontent.com/sitesv/AG8ngQUgmOxSlgQLfJaDSFt8vBUiXEpOZoKEVF4SJowkMdnYOqO5bBbvKZnHxZ8xLC0m1nJhrc0oE9yG2XagrrlKQXUr9w0amnD_hg_FUYgqwznjxb7j1Ny8b6lyD-V1TAIea2WXmnbBEAtDvPG56r0DFWXWjwf5-m0tG1VJal-CNLBWjeB3z-emUn-8bg=w1280,444eaa3e60d91c16f84b6095864adcc778cd6db4087db37ac043d8c671ca14f8,1200,,True
Mimighoul,19NheqkWDabrYJ2LHTjcZjsaZQWJOGLEx,captions/ygo4_0006.json,Monster,Mimighoul Slime,ygo4_0006,8d091b6b3a484b1e,19NheqkWDabrYJ2LHTjcZjsaZQWJOGLEx,new_card_first_release,,,images/ygo4_0006.png,passed_automated_decode_dimension_checks,2024-10-10,20716,1.0,exact_alias,Aqua,pending_konami_verification,1024,RGB,2d7802d58c6acfa682c00bb18dfa0007f4b5eb8ac3c831d2780352333b0ca27e,1024,80551022,,,thehungtd_full_art,https://lh3.googleusercontent.com/sitesv/AG8ngQW6FUzfBYEl2IbYtaU0WVRy2KeOzK5K443RueaD5JOeWbYDQ9ci_gV8q657qcyAVYvQjT56KaXuHTrjYLCc7tNhYJE9J-olO-CZ1_YMgorr-lIhIp_4JXP0wui-eWNk0xzfPFOUp_yTEGOdkUq3cmnIqoWTJKvtGajGDY9wEdHeP8_dJmAcRf7QoXYi=s0,2026-08-31T18:25:58+00:00,selected_pending_image_and_caption_qa,1200,https://lh3.googleusercontent.com/sitesv/AG8ngQW6FUzfBYEl2IbYtaU0WVRy2KeOzK5K443RueaD5JOeWbYDQ9ci_gV8q657qcyAVYvQjT56KaXuHTrjYLCc7tNhYJE9J-olO-CZ1_YMgorr-lIhIp_4JXP0wui-eWNk0xzfPFOUp_yTEGOdkUq3cmnIqoWTJKvtGajGDY9wEdHeP8_dJmAcRf7QoXYi=s0,thehungtd_full_art,Mimighoul Slime,https://sites.google.com/view/thehungtd/latest-artworks/2024/rage-of-the-abyss,https://lh3.googleusercontent.com/sitesv/AG8ngQW6FUzfBYEl2IbYtaU0WVRy2KeOzK5K443RueaD5JOeWbYDQ9ci_gV8q657qcyAVYvQjT56KaXuHTrjYLCc7tNhYJE9J-olO-CZ1_YMgorr-lIhIp_4JXP0wui-eWNk0xzfPFOUp_yTEGOdkUq3cmnIqoWTJKvtGajGDY9wEdHeP8_dJmAcRf7QoXYi=w1280,360dce906fdac569677eff768c659cac7070a468a75cbb9a829688efe3f6cf52,1200,,True
Abyss-,17080584,captions/ygo4_0007.json,Monster,"Abyssrhine, the Atlantean Spirit",ygo4_0007,1303372d4dd83d6b,,new_card_first_release,,,images/ygo4_0007.png,passed_automated_decode_dimension_checks,2024-07-27,20493,1.0,api_identity_exact,Aqua,pending_konami_verification,1024,RGB,e94ec2c91dfa8b8acee2d64dd2f363b01b2b884cfd0a4deb14a3fe70ffe4f618,1024,17080584,,Replaced passcode 86304179: available artwork was non-square composite,ygoprodeck_cropped_art,https://images.ygoprodeck.com/images/cards_cropped/17080584.jpg,2026-08-31T18:26:10+00:00,selected_pending_image_and_caption_qa,624,https://images.ygoprodeck.com/images/cards_cropped/17080584.jpg,ygoprodeck_cropped_art,"Abyssrhine, the Atlantean Spirit",https://db.ygoprodeck.com/api/v7/cardinfo.php?misc=yes,https://images.ygoprodeck.com/images/cards_cropped/17080584.jpg,4efa822667ce69bcbc7d351525451158b13ac9064e11791b693e5fbcf1992571,624,,True
,1qkV9d4ZqtlT28sUp06sRR3YvIdUz26ih,captions/ygo4_0008.json,Monster,Master of Ham,ygo4_0008,272777d46647ce68,1qkV9d4ZqtlT28sUp06sRR3YvIdUz26ih,new_card_first_release,,,images/ygo4_0008.png,passed_automated_decode_dimension_checks,2024-02-08,19495,1.0,exact_alias,Beast,pending_konami_verification,1024,RGB,430627d673966fc0dc8dc282111561c2fadefc14de16b6e489a8dedfe3665d5b,1024,9551692,,,thehungtd_full_art,https://lh3.googleusercontent.com/sitesv/AG8ngQV41H4Gn5qyh3bYXTzLPrdsbmEgj0vhukyVNZ1cgS6LZldF8vTND4Suu8yteSwiSqENwvp9iN8EH_N6dwrdgsn0zgtGSDAzbu_BmfQLh_bCBndOOh_xaFuM7Zzd-VLU72SX2oPCO4u8tU_BG2EtZpqo2efGNwfRIcpZMhyYWy6pwjFrj0DGVcu2U6Mf5j4=s0,2026-08-31T18:26:04+00:00,selected_pending_image_and_caption_qa,1200,https://lh3.googleusercontent.com/sitesv/AG8ngQV41H4Gn5qyh3bYXTzLPrdsbmEgj0vhukyVNZ1cgS6LZldF8vTND4Suu8yteSwiSqENwvp9iN8EH_N6dwrdgsn0zgtGSDAzbu_BmfQLh_bCBndOOh_xaFuM7Zzd-VLU72SX2oPCO4u8tU_BG2EtZpqo2efGNwfRIcpZMhyYWy6pwjFrj0DGVcu2U6Mf5j4=s0,thehungtd_full_art,Master of Ham,https://sites.google.com/view/thehungtd/latest-artworks/2024/phantom-nightmare,https://lh3.googleusercontent.com/sitesv/AG8ngQV41H4Gn5qyh3bYXTzLPrdsbmEgj0vhukyVNZ1cgS6LZldF8vTND4Suu8yteSwiSqENwvp9iN8EH_N6dwrdgsn0zgtGSDAzbu_BmfQLh_bCBndOOh_xaFuM7Zzd-VLU72SX2oPCO4u8tU_BG2EtZpqo2efGNwfRIcpZMhyYWy6pwjFrj0DGVcu2U6Mf5j4=w1280,d1b288460f4b219592d059c390a5be5404dacc57b7b956bcc0603e24b8c0fe38,1200,,True
,1KHeNfLM-RTfvsSppJqVEQaJIy3dGSHmO,captions/ygo4_0009.json,Monster,Principug,ygo4_0009,336831714c6c369c,1KHeNfLM-RTfvsSppJqVEQaJIy3dGSHmO,new_card_first_release,,,images/ygo4_0009.png,passed_automated_decode_dimension_checks,2024-02-08,19489,1.0,exact_alias,Beast,pending_konami_verification,1024,RGB,d89873bd6e977a8ec5d7af1b935cf435afc92c40e449252de6114e82c985483f,1024,11496832,,,thehungtd_full_art,https://lh3.googleusercontent.com/sitesv/AG8ngQVLqudca52sYwIqO8YRtSpESxFls-nCVYNqBI12rPOqnvkwA5E2yzaEoU2GIgIDSGyzAm74NgGN9ueBy37ObRFNyhVXwEp1rKVwKc2p6wwHExBPMCgWmyCJX1qTypGY8NhdDAJlRk_-1-lDneYp1bg36s700rokc2S1oBfumhAKgX20nYWqE8No7VJHD3E=s0,2026-08-31T18:26:04+00:00,selected_pending_image_and_caption_qa,1200,https://lh3.googleusercontent.com/sitesv/AG8ngQVLqudca52sYwIqO8YRtSpESxFls-nCVYNqBI12rPOqnvkwA5E2yzaEoU2GIgIDSGyzAm74NgGN9ueBy37ObRFNyhVXwEp1rKVwKc2p6wwHExBPMCgWmyCJX1qTypGY8NhdDAJlRk_-1-lDneYp1bg36s700rokc2S1oBfumhAKgX20nYWqE8No7VJHD3E=s0,thehungtd_full_art,Principug,https://sites.google.com/view/thehungtd/latest-artworks/2024/phantom-nightmare,https://lh3.googleusercontent.com/sitesv/AG8ngQVLqudca52sYwIqO8YRtSpESxFls-nCVYNqBI12rPOqnvkwA5E2yzaEoU2GIgIDSGyzAm74NgGN9ueBy37ObRFNyhVXwEp1rKVwKc2p6wwHExBPMCgWmyCJX1qTypGY8NhdDAJlRk_-1-lDneYp1bg36s700rokc2S1oBfumhAKgX20nYWqE8No7VJHD3E=w1280,ea1555a1446ce8f88ef7d7d59ba9a4d81470afd5b6f7aa1a14c72adb91ff63db,1200,,True
,1vVhM5RxiV0YgpuD2tFKQa-_ydQmXtHSX,captions/ygo4_0010.json,Monster,Royal Rhino with Deceitful Dice,ygo4_0010,17170f0349d9989d,1vVhM5RxiV0YgpuD2tFKQa-_ydQmXtHSX,new_card_first_release,,,images/ygo4_0010.png,passed_automated_decode_dimension_checks,2024-02-08,19491,1.0,exact_alias,Beast,pending_konami_verification,1024,RGB,606e3ff7eb0d74729e706dda9199f4941b123b96a161f9763c478d9262101fdc,1024,74289646,,,thehungtd_full_art,https://lh3.googleusercontent.com/sitesv/AG8ngQUnT6tO1lsjmJ1gol0EL2lwxr0U1V9sI6PyOMssPW3csyOWM4KY3oBwYRe7gKGkMxFxx8ahz39xP7Sf_wWW5I7imVu2fcRp5acCFEvz8sp9tP-1EattU0s9-popM2Wp4-bvjeGQZGeVZQaFqmkc1OpevUpKhSR5ZicL7RpnaXFEF_9w6c8kfR0nbkSu=s0,2026-08-31T18:26:04+00:00,selected_pending_image_and_caption_qa,1200,https://lh3.googleusercontent.com/sitesv/AG8ngQUnT6tO1lsjmJ1gol0EL2lwxr0U1V9sI6PyOMssPW3csyOWM4KY3oBwYRe7gKGkMxFxx8ahz39xP7Sf_wWW5I7imVu2fcRp5acCFEvz8sp9tP-1EattU0s9-popM2Wp4-bvjeGQZGeVZQaFqmkc1OpevUpKhSR5ZicL7RpnaXFEF_9w6c8kfR0nbkSu=s0,thehungtd_full_art,Dienos Stacking,https://sites.google.com/view/thehungtd/latest-artworks/2024/phantom-nightmare,https://lh3.googleusercontent.com/sitesv/AG8ngQUnT6tO1lsjmJ1gol0EL2lwxr0U1V9sI6PyOMssPW3csyOWM4KY3oBwYRe7gKGkMxFxx8ahz39xP7Sf_wWW5I7imVu2fcRp5acCFEvz8sp9tP-1EattU0s9-popM2Wp4-bvjeGQZGeVZQaFqmkc1OpevUpKhSR5ZicL7RpnaXFEF_9w6c8kfR0nbkSu=w1280,2479bbc41067856d2ba2d09da17dcb505093a8ef325df33099f7c0b9e1b931da,1200,,True
Madolche,12a4LFLDm6Yqy6lUi4b8AcoJISzM-XX8h,captions/ygo4_0011.json,Monster,Madolche Mini Meowcaroons,ygo4_0011,39345593953b98fc,12a4LFLDm6Yqy6lUi4b8AcoJISzM-XX8h,new_card_first_release,,,images/ygo4_0011.png,passed_automated_decode_dimension_checks,2024-07-18,20229,1.0,exact_alias,Beast,pending_konami_verification,1024,RGB,1069c7396b05dd58fa4878bb33c5cd5bdafad5280305d943118b85a3c4cbb7cf,1024,38745241,,,thehungtd_full_art,https://lh3.googleusercontent.com/sitesv/AG8ngQVTMGUGESP9Mlp5r5mswvkdF-tOVZLCLgatTeyuVgbEeSkRmlkGVZNWs84Js-VZjns7zhzZgdCk76QMgPJWo8-N4uqnnsVHv81j7zFC81BzG6CF6XLCF2irRbyWmOM7mA4Lgg9z36Lc5EW_9jJzzzHTXpIp6eHERlc12lURVk6ujwC7R5iIol1ICNKnPUo=s0,2026-08-31T18:26:00+00:00,selected_pending_image_and_caption_qa,1200,https://lh3.googleusercontent.com/sitesv/AG8ngQVTMGUGESP9Mlp5r5mswvkdF-tOVZLCLgatTeyuVgbEeSkRmlkGVZNWs84Js-VZjns7zhzZgdCk76QMgPJWo8-N4uqnnsVHv81j7zFC81BzG6CF6XLCF2irRbyWmOM7mA4Lgg9z36Lc5EW_9jJzzzHTXpIp6eHERlc12lURVk6ujwC7R5iIol1ICNKnPUo=s0,thehungtd_full_art,Madolche Mewgnard Meowcaron,https://sites.google.com/view/thehungtd/latest-artworks/2024/infinite-forbidden,https://lh3.googleusercontent.com/sitesv/AG8ngQVTMGUGESP9Mlp5r5mswvkdF-tOVZLCLgatTeyuVgbEeSkRmlkGVZNWs84Js-VZjns7zhzZgdCk76QMgPJWo8-N4uqnnsVHv81j7zFC81BzG6CF6XLCF2irRbyWmOM7mA4Lgg9z36Lc5EW_9jJzzzHTXpIp6eHERlc12lURVk6ujwC7R5iIol1ICNKnPUo=w1280,5930a51d7bad4a7cf65405906cd3fc32660cd4a0915652878a2be85f769c71df,1200,,True
Memento,1qJM8Tjq5S29YYW08MPunHq8CENzcYnY_,captions/ygo4_0012.json,Monster,Mementotlan Shleepy,ygo4_0012,8e876c4d644c4f0d,1qJM8Tjq5S29YYW08MPunHq8CENzcYnY_,new_card_first_release,,,images/ygo4_0012.png,passed_automated_decode_dimension_checks,2024-07-18,20199,1.0,exact_alias,Beast,pending_konami_verification,1024,RGB,a23435f05d401d4dc54afa1a942b4512affa73c4dc30363ddea6a93d65aab309,1024,50042011,,,thehungtd_full_art,https://lh3.googleusercontent.com/sitesv/AG8ngQU07wHNCdBgreNkYaH3DKCl01ngAiyJRNgJ3TUU6QEZZE47GIsOqXvlo-Zcwmu14mupNYYyVeNqqXlqp1iY9iennF5pdDiQk4eoiM6Ai65bXrtj9Fho2Sjs60EVwcdltgFGaXLTeWtZPsA0DCJ5M7oNAMF7HPwWJ_u8QePwWrthusVTHEHdUGKP78ruUmA=s0,2026-08-31T18:26:00+00:00,selected_pending_image_and_caption_qa,1200,https://lh3.googleusercontent.com/sitesv/AG8ngQU07wHNCdBgreNkYaH3DKCl01ngAiyJRNgJ3TUU6QEZZE47GIsOqXvlo-Zcwmu14mupNYYyVeNqqXlqp1iY9iennF5pdDiQk4eoiM6Ai65bXrtj9Fho2Sjs60EVwcdltgFGaXLTeWtZPsA0DCJ5M7oNAMF7HPwWJ_u8QePwWrthusVTHEHdUGKP78ruUmA=s0,thehungtd_full_art,Mementotlan Mystical Sheep,https://sites.google.com/view/thehungtd/latest-artworks/2024/infinite-forbidden,https://lh3.googleusercontent.com/sitesv/AG8ngQU07wHNCdBgreNkYaH3DKCl01ngAiyJRNgJ3TUU6QEZZE47GIsOqXvlo-Zcwmu14mupNYYyVeNqqXlqp1iY9iennF5pdDiQk4eoiM6Ai65bXrtj9Fho2Sjs60EVwcdltgFGaXLTeWtZPsA0DCJ5M7oNAMF7HPwWJ_u8QePwWrthusVTHEHdUGKP78ruUmA=w1280,5ecbaba6d7d37c08aded79a5779df10e19fca42c6d38fc8ece7aeff850529a3c,1200,,True
Mimighoul,1em8V2snAUsLF5miBduspkXt6Hhe6wZrC,captions/ygo4_0013.json,Monster,Mimighoul Cerberus,ygo4_0013,1648f468613433b1,1em8V2snAUsLF5miBduspkXt6Hhe6wZrC,new_card_first_release,,,images/ygo4_0013.png,passed_automated_decode_dimension_checks,2024-07-18,20430,1.0,exact_alias,Beast,pending_konami_verification,1024,RGB,8a8a2692e821417d46611e7f3697e7085c9997e218d22b839874ee67a2cda2c1,1024,23920796,,,thehungtd_full_art,https://lh3.googleusercontent.com/sitesv/AG8ngQX4yCJttEctQAGc2YbmL3jYODluApJgjk7eteb7doM6BVwZ0q8HfjrMn0fzxGKyxbUu2V5XXDFxPNKfONOU2dy9jXT_7eBnbejGtC9_ciFqOCzRtYtez702ZCRet12tCA5IAYcD84g1WGMN4ghaPUe8FFpK01pjUfr3OlOT8u_8vBfpShzsQE8GNg1rjLs=s0,2026-08-31T18:26:00+00:00,selected_pending_image_and_caption_qa,1200,https://lh3.googleusercontent.com/sitesv/AG8ngQX4yCJttEctQAGc2YbmL3jYODluApJgjk7eteb7doM6BVwZ0q8HfjrMn0fzxGKyxbUu2V5XXDFxPNKfONOU2dy9jXT_7eBnbejGtC9_ciFqOCzRtYtez702ZCRet12tCA5IAYcD84g1WGMN4ghaPUe8FFpK01pjUfr3OlOT8u_8vBfpShzsQE8GNg1rjLs=s0,thehungtd_full_art,Mimighoul Cerberus,https://sites.google.com/view/thehungtd/latest-artworks/2024/infinite-forbidden,https://lh3.googleusercontent.com/sitesv/AG8ngQX4yCJttEctQAGc2YbmL3jYODluApJgjk7eteb7doM6BVwZ0q8HfjrMn0fzxGKyxbUu2V5XXDFxPNKfONOU2dy9jXT_7eBnbejGtC9_ciFqOCzRtYtez702ZCRet12tCA5IAYcD84g1WGMN4ghaPUe8FFpK01pjUfr3OlOT8u_8vBfpShzsQE8GNg1rjLs=w1280,ef477f6552474651233eaa020331c61d423d45de957c2884a85182a70e6d67be,1200,,True
,1thacdHk89niCVCXRTaEIJOoEgQ3spfDD,captions/ygo4_0014.json,Monster,Flipping Feline,ygo4_0014,a5c1e3c7c4e36a54,1thacdHk89niCVCXRTaEIJOoEgQ3spfDD,new_card_first_release,,,images/ygo4_0014.png,passed_automated_decode_dimension_checks,2024-07-27,20502,1.0,exact_alias,Beast,pending_konami_verification,1024,RGB,97a08a869a29d690d589e01ecb21b8a8954c82eea8d51e491d54350a630a3268,1024,11024707,,,thehungtd_full_art,https://lh3.googleusercontent.com/sitesv/AG8ngQUcFjG7qUxy6fU2qwmSkmeKsIGeC_nys_3-_1sts-VHxxJHQZAcjJKdWyiSKXgzRvESI2eyg1gH5Wvg38l0gWzlewbuX2AzJFcDuCn9BcuZThx4hFAa-Fc828y7l4ELeCN4wEK9GWx4CZP_sgrRF3BZPaIaY-_oqbScNkZjLiz8FqJG94oZ7T67idww_Qs=s0,2026-08-31T18:25:58+00:00,selected_pending_image_and_caption_qa,1200,https://lh3.googleusercontent.com/sitesv/AG8ngQUcFjG7qUxy6fU2qwmSkmeKsIGeC_nys_3-_1sts-VHxxJHQZAcjJKdWyiSKXgzRvESI2eyg1gH5Wvg38l0gWzlewbuX2AzJFcDuCn9BcuZThx4hFAa-Fc828y7l4ELeCN4wEK9GWx4CZP_sgrRF3BZPaIaY-_oqbScNkZjLiz8FqJG94oZ7T67idww_Qs=s0,thehungtd_full_art,Purrfect Lander,https://sites.google.com/view/thehungtd/latest-artworks/2024/rage-of-the-abyss,https://lh3.googleusercontent.com/sitesv/AG8ngQUcFjG7qUxy6fU2qwmSkmeKsIGeC_nys_3-_1sts-VHxxJHQZAcjJKdWyiSKXgzRvESI2eyg1gH5Wvg38l0gWzlewbuX2AzJFcDuCn9BcuZThx4hFAa-Fc828y7l4ELeCN4wEK9GWx4CZP_sgrRF3BZPaIaY-_oqbScNkZjLiz8FqJG94oZ7T67idww_Qs=w1280,a00505c7b4e4bb3dcba897859cf2385f393cf703c265ae388e2fac80012b2b4f,1200,,True
Chemicritter,38026562,captions/ygo4_0015.json,Monster,Vola-Chemicritter Methydraco,ygo4_0015,3831252525e72509,,new_card_first_release,,,images/ygo4_0015.png,passed_automated_decode_dimension_checks,2016-11-03,12640,1.0,api_identity_exact,Beast-Warrior,pending_konami_verification,1024,RGB,4b994e8459500157fceb35b3235006727b4535d326e0488c20d94f758446f402,1024,38026562,,,ygoprodeck_cropped_art,https://images.ygoprodeck.com/images/cards_cropped/38026562.jpg,2026-08-31T18:26:10+00:00,selected_pending_image_and_caption_qa,624,https://images.ygoprodeck.com/images/cards_cropped/38026562.jpg,ygoprodeck_cropped_art,Vola-Chemicritter Methydraco,https://db.ygoprodeck.com/api/v7/cardinfo.php?misc=yes,https://images.ygoprodeck.com/images/cards_cropped/38026562.jpg,c19b9d940b6f3df0f7816b1f418c1c77f73a60293658e8d44267d7b2881fcbe1,624,,True
Subterror,68823957,captions/ygo4_0016.json,Monster,Subterror Nemesis Defender,ygo4_0016,0f5369ade4e1b272,,new_card_first_release,,,images/ygo4_0016.png,passed_automated_decode_dimension_checks,2017-02-09,12873,1.0,api_identity_exact,Beast-Warrior,pending_konami_verification,1024,RGB,8dab76924593b17b254f03767a73d39eb343acfbc719cb97a69ae06c72007f24,1024,68823957,,,ygoprodeck_cropped_art,https://images.ygoprodeck.com/images/cards_cropped/68823957.jpg,2026-08-31T18:26:10+00:00,selected_pending_image_and_caption_qa,624,https://images.ygoprodeck.com/images/cards_cropped/68823957.jpg,ygoprodeck_cropped_art,Subterror Nemesis Defender,https://db.ygoprodeck.com/api/v7/cardinfo.php?misc=yes,https://images.ygoprodeck.com/images/cards_cropped/68823957.jpg,959d50d852e82f50872920b06cbba43d326278cc5d943013f18c59f0613e1a26,624,,True
Zoodiac,74393852,captions/ygo4_0017.json,Monster,Zoodiac Boarbow,ygo4_0017,6d3ebc50d4c8f3b2,,new_card_first_release,,,images/ygo4_0017.png,passed_automated_decode_dimension_checks,2017-02-09,12789,1.0,api_identity_exact,Beast-Warrior,pending_konami_verification,1024,RGB,d0a8d7c6449bdc5127c361dd7fef911726318019a4f5d797ff3ed1239b32bf9c,1024,74393852,,,ygoprodeck_cropped_art,https://images.ygoprodeck.com/images/cards_cropped/74393852.jpg,2026-08-31T18:26:10+00:00,selected_pending_image_and_caption_qa,624,https://images.ygoprodeck.com/images/cards_cropped/74393852.jpg,ygoprodeck_cropped_art,Zoodiac Boarbow,https://db.ygoprodeck.com/api/v7/cardinfo.php?misc=yes,https://images.ygoprodeck.com/images/cards_cropped/74393852.jpg,c4797bb96be112eed97b77073366246201d45902f8459993b31c63dfa3121e3b,624,,True
Utopic,1Ur4sOvM2-EuhXCCmykCpAW9db_pY5Cwm,captions/ygo4_0018.json,Monster,Full Armored Utopic Ray Lancer,ygo4_0018,456268b99686c809,1Ur4sOvM2-EuhXCCmykCpAW9db_pY5Cwm,new_card_first_release,,,images/ygo4_0018.png,passed_automated_decode_dimension_checks,2024-06-20,19721,1.0,exact_alias,Beast-Warrior,pending_konami_verification,1024,RGB,7ff3ae88dcbbab0e455dbe371f8ad6cb42cb1d3a375cef8c917a4770cacf4250,1024,1269512,,,thehungtd_full_art,https://lh3.googleusercontent.com/sitesv/AG8ngQVHo0Z9fJ3vuz4I0Ixy8P7WWV64udhD_Ocmy9yjnESNNrQ7CADHaF4XBVMwHReKISqYhiJGYSqicVYAXXpnDezzwau1Iz8FjNucOcGtwQyXS8Ha7qtlaTNywqPN6HzK-Ms4NFzn-S5az_8v-huz3JYMczb_mvmxE79B0JUF0GtzXEn3zHGxPnY-rINKbQI=s0,2026-08-31T18:26:05+00:00,selected_pending_image_and_caption_qa,1200,https://lh3.googleusercontent.com/sitesv/AG8ngQVHo0Z9fJ3vuz4I0Ixy8P7WWV64udhD_Ocmy9yjnESNNrQ7CADHaF4XBVMwHReKISqYhiJGYSqicVYAXXpnDezzwau1Iz8FjNucOcGtwQyXS8Ha7qtlaTNywqPN6HzK-Ms4NFzn-S5az_8v-huz3JYMczb_mvmxE79B0JUF0GtzXEn3zHGxPnY-rINKbQI=s0,thehungtd_full_art,Full Armored Utopic Ray Lancer,https://sites.google.com/view/thehungtd/latest-artworks/2024/quarter-century-duelist-box,https://lh3.googleusercontent.com/sitesv/AG8ngQVHo0Z9fJ3vuz4I0Ixy8P7WWV64udhD_Ocmy9yjnESNNrQ7CADHaF4XBVMwHReKISqYhiJGYSqicVYAXXpnDezzwau1Iz8FjNucOcGtwQyXS8Ha7qtlaTNywqPN6HzK-Ms4NFzn-S5az_8v-huz3JYMczb_mvmxE79B0JUF0GtzXEn3zHGxPnY-rINKbQI=w1280,0112be2c1b75d569f7c1d3f90930fafbeb6bd9892b6e516d6692585934768d58,1200,,True
Millennium,1cWcg9zxs0EAHpuqu9QQJIcEh9bALF1rA,captions/ygo4_0019.json,Monster,Sengenjin Wakes from a Millennium,ygo4_0019,558d6ce07271696d,1cWcg9zxs0EAHpuqu9QQJIcEh9bALF1rA,new_card_first_release,,,images/ygo4_0019.png,passed_automated_decode_dimension_checks,2024-07-18,20180,1.0,exact_alias,Beast-Warrior,pending_konami_verification,1024,RGB,e0d8f8fc2db62e688db3212e2e82ea9169ba45bdc78efcb8f36d24a08344cf3c,1024,38775407,,,thehungtd_full_art,https://lh3.googleusercontent.com/sitesv/AG8ngQW2nEjbp64moGRmFDxJLckEFeXXMrpQDCB50Io4eKSHLm2v23D8N7Z2j_hPz149bvuVfOJ26PSZ6Mu2NhRoS9gQA7ce9mUyeOPc2YH6Z22otTAjenqaMijlOfXqg3oLlsCO3wOaNjKH4Z4uVTsbmDndKofryJIaGZwq6HcSv1HvzshgQrPhUxTOwnGuHS4=s0,2026-08-31T18:26:00+00:00,selected_pending_image_and_caption_qa,1200,https://lh3.googleusercontent.com/sitesv/AG8ngQW2nEjbp64moGRmFDxJLckEFeXXMrpQDCB50Io4eKSHLm2v23D8N7Z2j_hPz149bvuVfOJ26PSZ6Mu2NhRoS9gQA7ce9mUyeOPc2YH6Z22otTAjenqaMijlOfXqg3oLlsCO3wOaNjKH4Z4uVTsbmDndKofryJIaGZwq6HcSv1HvzshgQrPhUxTOwnGuHS4=s0,thehungtd_full_art,The Caveman that Awoke after a Millennium,https://sites.google.com/view/thehungtd/latest-artworks/2024/infinite-forbidden,https://lh3.googleusercontent.com/sitesv/AG8ngQW2nEjbp64moGRmFDxJLckEFeXXMrpQDCB50Io4eKSHLm2v23D8N7Z2j_hPz149bvuVfOJ26PSZ6Mu2NhRoS9gQA7ce9mUyeOPc2YH6Z22otTAjenqaMijlOfXqg3oLlsCO3wOaNjKH4Z4uVTsbmDndKofryJIaGZwq6HcSv1HvzshgQrPhUxTOwnGuHS4=w1280,dcbddf3c5c720f3ebec94554ca5d4a07ea9024a8369d5f44107c74645418a681,1200,,True
Code Talker,1861629,captions/ygo4_0020.json,Monster,Decode Talker,ygo4_0020,6c357573f1c9c8c4,,new_card_first_release,,,images/ygo4_0020.png,passed_automated_decode_dimension_checks,2017-07-20,13036,1.0,api_identity_exact,Cyberse,pending_konami_verification,1024,RGB,17e92e1052d9a74c31e75b1c9b5fa6572172ebbf97b8d0e60e50f4c99a677036,1024,1861629,,,ygoprodeck_cropped_art,https://images.ygoprodeck.com/images/cards_cropped/1861629.jpg,2026-08-31T18:26:10+00:00,selected_pending_image_and_caption_qa,624,https://images.ygoprodeck.com/images/cards_cropped/1861629.jpg,ygoprodeck_cropped_art,Decode Talker,https://db.ygoprodeck.com/api/v7/cardinfo.php?misc=yes,https://images.ygoprodeck.com/images/cards_cropped/1861629.jpg,87a4243043ffc07c039440549151718f159f26d9be30a85900485747b49bab3a,624,,True
,121naX2SUkJaxjGtWsNQenjgHJz7A2PWI,captions/ygo4_0021.json,Monster,Pitknight Filly,ygo4_0021,5e606a72b8d8b064,121naX2SUkJaxjGtWsNQenjgHJz7A2PWI,new_card_first_release,,,images/ygo4_0021.png,passed_automated_decode_dimension_checks,2023-10-19,19414,1.0,exact_alias,Cyberse,pending_konami_verification,1024,RGB,8852b72d53ee70ea41433163277acae9f07a998fc8e0e160d1e2ed7bb83935ff,1024,25919316,,,thehungtd_full_art,https://lh3.googleusercontent.com/sitesv/AG8ngQVg5po5P1_5qRqYnjDyvdoqPnQTmih3dxoiY_30RClCsek0PJS-YbPoZxedFn9tCtVFB5KT4WXz9ud1vUZ6tEIyktMJhQmXaAsUytiw789WtphnIOpuEDX0YMz7Ae2MDMvyhUblSNC02blMF20VBUOczaBHYgE6YXHC_eJm_VcLW31mhaC7wu-Lpg=s0,2026-08-31T18:25:57+00:00,selected_pending_image_and_caption_qa,1200,https://lh3.googleusercontent.com/sitesv/AG8ngQVg5po5P1_5qRqYnjDyvdoqPnQTmih3dxoiY_30RClCsek0PJS-YbPoZxedFn9tCtVFB5KT4WXz9ud1vUZ6tEIyktMJhQmXaAsUytiw789WtphnIOpuEDX0YMz7Ae2MDMvyhUblSNC02blMF20VBUOczaBHYgE6YXHC_eJm_VcLW31mhaC7wu-Lpg=s0,thehungtd_full_art,Pitknight Filly,https://sites.google.com/view/thehungtd/latest-artworks/2024/world-premiere-pack-2024,https://lh3.googleusercontent.com/sitesv/AG8ngQVg5po5P1_5qRqYnjDyvdoqPnQTmih3dxoiY_30RClCsek0PJS-YbPoZxedFn9tCtVFB5KT4WXz9ud1vUZ6tEIyktMJhQmXaAsUytiw789WtphnIOpuEDX0YMz7Ae2MDMvyhUblSNC02blMF20VBUOczaBHYgE6YXHC_eJm_VcLW31mhaC7wu-Lpg=w1280,b376fd4e3642fdd0f6abf2c4bd3d88c2ee421e7b50bfc24c63816969ba944d61,1200,,True
,1yXOJV06VBUJ2ag8GzLRWe4LsNdwP5rrQ,captions/ygo4_0022.json,Monster,EM:P Meowmine,ygo4_0022,33ceb9341e727a7c,1yXOJV06VBUJ2ag8GzLRWe4LsNdwP5rrQ,new_card_first_release,,,images/ygo4_0022.png,passed_automated_decode_dimension_checks,2024-02-08,19487,1.0,exact_alias,Cyberse,pending_konami_verification,1024,RGB,9e7dd9468aa300858507a5f85c95a4e98aae47c1c3d66ccea4e0f820b03fc9d1,1024,48017189,,,thehungtd_full_art,https://lh3.googleusercontent.com/sitesv/AG8ngQWuilPHDwrb1MR6lBuNdK7Xk631wQY9_HWeIwllPSHvinUKQJQIA70VCSlVDdMyP_WYGoGgUSiJhmtvsE5o4EIZPh8AD_nffyvGz-zbfRTpefVidswKDkUUROluVoz7gRwjeEEAAXcCJC3G5K6A1ccIKifwbE30tngzJM82YnYGNL0-T-wVhOLTahpn1kk=s0,2026-08-31T18:26:04+00:00,selected_pending_image_and_caption_qa,1200,https://lh3.googleusercontent.com/sitesv/AG8ngQWuilPHDwrb1MR6lBuNdK7Xk631wQY9_HWeIwllPSHvinUKQJQIA70VCSlVDdMyP_WYGoGgUSiJhmtvsE5o4EIZPh8AD_nffyvGz-zbfRTpefVidswKDkUUROluVoz7gRwjeEEAAXcCJC3G5K6A1ccIKifwbE30tngzJM82YnYGNL0-T-wVhOLTahpn1kk=s0,thehungtd_full_art,EM:P Gremeowde,https://sites.google.com/view/thehungtd/latest-artworks/2024/phantom-nightmare,https://lh3.googleusercontent.com/sitesv/AG8ngQWuilPHDwrb1MR6lBuNdK7Xk631wQY9_HWeIwllPSHvinUKQJQIA70VCSlVDdMyP_WYGoGgUSiJhmtvsE5o4EIZPh8AD_nffyvGz-zbfRTpefVidswKDkUUROluVoz7gRwjeEEAAXcCJC3G5K6A1ccIKifwbE30tngzJM82YnYGNL0-T-wVhOLTahpn1kk=w1280,2d6050739232029843b4228f0cf2d3b866ee5822a8f68a3a6f38aec488606850,1200,,True
,1jC0MYdqqg7T2YvrnAnTQtMHCiRcLH9K-,captions/ygo4_0023.json,Monster,Enigmaster Packbit,ygo4_0023,8b2b7478f575a39d,1jC0MYdqqg7T2YvrnAnTQtMHCiRcLH9K-,new_card_first_release,,,images/ygo4_0023.png,passed_automated_decode_dimension_checks,2024-02-08,19497,1.0,exact_alias,Cyberse,pending_konami_verification,1024,RGB,62cfb6893656a9dc423d954e5060a2f10fbc6a8f0bff9107a00bf6ba5954eb30,1024,72444406,,,thehungtd_full_art,https://lh3.googleusercontent.com/sitesv/AG8ngQWGdsCOQjFbwUcDqmjIuwEzF6NjzsWZ3SWdDeqlimqvUigl8pieXpNIYGDKYcLBh1vIEIJaWTEFjaWtuVK97nfDfnefGBW4wH7b_blc7d51u2ilmDFdKItIn7aXdM_H8NTD8J2FMwIqiuQZ-g4rH4dmrbKpEBifrTYp0fM-LXcL9e8IIxngWhFeFGOl=s0,2026-08-31T18:26:04+00:00,selected_pending_image_and_caption_qa,1200,https://lh3.googleusercontent.com/sitesv/AG8ngQWGdsCOQjFbwUcDqmjIuwEzF6NjzsWZ3SWdDeqlimqvUigl8pieXpNIYGDKYcLBh1vIEIJaWTEFjaWtuVK97nfDfnefGBW4wH7b_blc7d51u2ilmDFdKItIn7aXdM_H8NTD8J2FMwIqiuQZ-g4rH4dmrbKpEBifrTYp0fM-LXcL9e8IIxngWhFeFGOl=s0,thehungtd_full_art,Enigmaster Packbit,https://sites.google.com/view/thehungtd/latest-artworks/2024/phantom-nightmare,https://lh3.googleusercontent.com/sitesv/AG8ngQWGdsCOQjFbwUcDqmjIuwEzF6NjzsWZ3SWdDeqlimqvUigl8pieXpNIYGDKYcLBh1vIEIJaWTEFjaWtuVK97nfDfnefGBW4wH7b_blc7d51u2ilmDFdKItIn7aXdM_H8NTD8J2FMwIqiuQZ-g4rH4dmrbKpEBifrTYp0fM-LXcL9e8IIxngWhFeFGOl=w1280,c1c183355300860d38fc47fdcc4be0738de0ad8551694c0c0f9795f066884960,1200,,True
,1j3zxFZbhDE7cMGf_ObXs56Rr05qPt9mp,captions/ygo4_0024.json,Monster,Code of Soul,ygo4_0024,4347515c59d99989,1j3zxFZbhDE7cMGf_ObXs56Rr05qPt9mp,new_card_first_release,,,images/ygo4_0024.png,passed_automated_decode_dimension_checks,2024-04-25,19723,1.0,exact_alias,Cyberse,pending_konami_verification,1024,RGB,fa52f8a3ce9377395d083a84a19b864240b9e4abd8ac93882dff83b00485b1e8,1024,74652966,,,thehungtd_full_art,https://lh3.googleusercontent.com/sitesv/AG8ngQXN8lZOBvmb6iPncBdg7yKeCEUZ-iyZnwWbkbpif7W-I7-HSg8mjL53Yfr-C50JP8DtsKAonVvPB3ccyOmX4OeJgMzUnIWkOP7i5gBUHFOD-hTt7KwhprweOMiM-KTPozn1Jkqw0gaeT-5sTLgh0Cni1O0bQw4SgmH_eZQHZJk4vV-2x2dFJZJ4oP03sS0=s0,2026-08-31T18:26:05+00:00,selected_pending_image_and_caption_qa,1200,https://lh3.googleusercontent.com/sitesv/AG8ngQXN8lZOBvmb6iPncBdg7yKeCEUZ-iyZnwWbkbpif7W-I7-HSg8mjL53Yfr-C50JP8DtsKAonVvPB3ccyOmX4OeJgMzUnIWkOP7i5gBUHFOD-hTt7KwhprweOMiM-KTPozn1Jkqw0gaeT-5sTLgh0Cni1O0bQw4SgmH_eZQHZJk4vV-2x2dFJZJ4oP03sS0=s0,thehungtd_full_art,Code of Soul,https://sites.google.com/view/thehungtd/latest-artworks/2024/quarter-century-duelist-box,https://lh3.googleusercontent.com/sitesv/AG8ngQXN8lZOBvmb6iPncBdg7yKeCEUZ-iyZnwWbkbpif7W-I7-HSg8mjL53Yfr-C50JP8DtsKAonVvPB3ccyOmX4OeJgMzUnIWkOP7i5gBUHFOD-hTt7KwhprweOMiM-KTPozn1Jkqw0gaeT-5sTLgh0Cni1O0bQw4SgmH_eZQHZJk4vV-2x2dFJZJ4oP03sS0=w1280,c1055e2c366924b7cc160d32c5d6c68788b4cb6c4424f6f7889d4864d698c5de,1200,,True
,1kX-236cJIgHC9tdoN-LwPtFmiqIBxfT5,captions/ygo4_0025.json,Monster,L Magi Mergy,ygo4_0025,29086e72eee6b390,1kX-236cJIgHC9tdoN-LwPtFmiqIBxfT5,new_card_first_release,,,images/ygo4_0025.png,passed_automated_decode_dimension_checks,2024-07-27,20503,1.0,exact_alias,Cyberse,pending_konami_verification,1024,RGB,9e6d95f5840e1634c8e8281eb77d38343529698fb007e266f25cf82587b49f91,1024,47028805,,,thehungtd_full_art,https://lh3.googleusercontent.com/sitesv/AG8ngQVXnVCPPK4NIrtLAAJxmdqJcC5QYLFdtArboUA7TswuwuiPVc1COZvs16R3WugmlqdEyTiLg5NUzjlgNWLqDzemkgHznjPV47ig2kkHFxZLRS5EjIoNxHjp4lGZbjGsETRnTGRXyKurrSvg_R8Ney6xKf6DbUKJA47Fat9DiujF8EjYZ02cMjp7SHvc=s0,2026-08-31T18:25:58+00:00,selected_pending_image_and_caption_qa,1200,https://lh3.googleusercontent.com/sitesv/AG8ngQVXnVCPPK4NIrtLAAJxmdqJcC5QYLFdtArboUA7TswuwuiPVc1COZvs16R3WugmlqdEyTiLg5NUzjlgNWLqDzemkgHznjPV47ig2kkHFxZLRS5EjIoNxHjp4lGZbjGsETRnTGRXyKurrSvg_R8Ney6xKf6DbUKJA47Fat9DiujF8EjYZ02cMjp7SHvc=s0,thehungtd_full_art,Lil' Maji Mage,https://sites.google.com/view/thehungtd/latest-artworks/2024/rage-of-the-abyss,https://lh3.googleusercontent.com/sitesv/AG8ngQVXnVCPPK4NIrtLAAJxmdqJcC5QYLFdtArboUA7TswuwuiPVc1COZvs16R3WugmlqdEyTiLg5NUzjlgNWLqDzemkgHznjPV47ig2kkHFxZLRS5EjIoNxHjp4lGZbjGsETRnTGRXyKurrSvg_R8Ney6xKf6DbUKJA47Fat9DiujF8EjYZ02cMjp7SHvc=w1280,dfa05ff1263c20beef1cb9e2bd3b5e86957a654fa1ed9aed6f9e4a6af9d6f717,1200,,True
,184bu_nOBGXMe50rudEqfVyLQXbs3o-6p,captions/ygo4_0026.json,Monster,Template Skipper,ygo4_0026,1f4fe39198551627,184bu_nOBGXMe50rudEqfVyLQXbs3o-6p,new_card_first_release,,,images/ygo4_0026.png,passed_automated_decode_dimension_checks,2025-01-23,20765,1.0,exact_alias,Cyberse,pending_konami_verification,1024,RGB,6b467fa9c2fead8fca344cac6c7c854a8c9b0aae4601112ac52b4a0e26377ca6,1024,24521325,,,thehungtd_full_art,https://lh3.googleusercontent.com/sitesv/AG8ngQWYZoS9YacUEl_Bc0QUYYTVs2V2hZTWOm__IZ6EyZfJ2mVay_XcPxW7fuk7GO9m7CXvR1tdRcBdDR7kShcHNh6YdVOSQ5sNfOFqqQLr3TPa08yjPAGT49TKNcMKls2ygZq3Ru5u85i_uQ69qf4cmAsZPafGUeqceaODtAR87Gcgwj4Dhat77p9NtHSR=s0,2026-08-31T18:25:56+00:00,selected_pending_image_and_caption_qa,1200,https://lh3.googleusercontent.com/sitesv/AG8ngQWYZoS9YacUEl_Bc0QUYYTVs2V2hZTWOm__IZ6EyZfJ2mVay_XcPxW7fuk7GO9m7CXvR1tdRcBdDR7kShcHNh6YdVOSQ5sNfOFqqQLr3TPa08yjPAGT49TKNcMKls2ygZq3Ru5u85i_uQ69qf4cmAsZPafGUeqceaODtAR87Gcgwj4Dhat77p9NtHSR=s0,thehungtd_full_art,Template Skipper,https://sites.google.com/view/thehungtd/latest-artworks/2024/supreme-darkness,https://lh3.googleusercontent.com/sitesv/AG8ngQWYZoS9YacUEl_Bc0QUYYTVs2V2hZTWOm__IZ6EyZfJ2mVay_XcPxW7fuk7GO9m7CXvR1tdRcBdDR7kShcHNh6YdVOSQ5sNfOFqqQLr3TPa08yjPAGT49TKNcMKls2ygZq3Ru5u85i_uQ69qf4cmAsZPafGUeqceaODtAR87Gcgwj4Dhat77p9NtHSR=w1280,f171019f42bcebbd4dfcc2ed62b47aa59fda6a7769a16fe1416f1b517cb29bb7,1200,,True
Bonding,43017476,captions/ygo4_0027.json,Monster,Duoterion,ygo4_0027,034f1f1c249098c8,,new_card_first_release,,,images/ygo4_0027.png,passed_automated_decode_dimension_checks,2017-09-07,13189,1.0,api_identity_exact,Dinosaur,pending_konami_verification,1024,RGB,9038d3ad174f54948b180ccdb736ecfd3cc8d63a51974aaa47a3adfb1ad359e3,1024,43017476,,,ygoprodeck_cropped_art,https://images.ygoprodeck.com/images/cards_cropped/43017476.jpg,2026-08-31T18:26:10+00:00,selected_pending_image_and_caption_qa,624,https://images.ygoprodeck.com/images/cards_cropped/43017476.jpg,ygoprodeck_cropped_art,Duoterion,https://db.ygoprodeck.com/api/v7/cardinfo.php?misc=yes,https://images.ygoprodeck.com/images/cards_cropped/43017476.jpg,d94c2d670cc1c76172d82d6ce7a76dc98446b62ba4baddc26cb754291b342155,624,,True
Ninja,90247311,captions/ygo4_0028.json,Monster,Yellow Dragon Ninja,ygo4_0028,3976b1799e6cd949,,new_card_first_release,,,images/ygo4_0028.png,passed_automated_decode_dimension_checks,2018-08-16,14004,1.0,api_identity_exact,Dinosaur,pending_konami_verification,1024,RGB,a3dd68ece8d3275fafa39b521164282a1302fdf9bc4bea0498106a7ade7258e0,1024,90247311,,,ygoprodeck_cropped_art,https://images.ygoprodeck.com/images/cards_cropped/90247311.jpg,2026-08-31T18:26:10+00:00,selected_pending_image_and_caption_qa,624,https://images.ygoprodeck.com/images/cards_cropped/90247311.jpg,ygoprodeck_cropped_art,Yellow Dragon Ninja,https://db.ygoprodeck.com/api/v7/cardinfo.php?misc=yes,https://images.ygoprodeck.com/images/cards_cropped/90247311.jpg,ac97f2677fcf06469e843dbe9c093a033c607b9bccd2ecc5dc8a3f1b230d9c10,624,,True
Dinowrestler,93507434,captions/ygo4_0029.json,Monster,Dinowrestler Capaptera,ygo4_0029,1436145d5bd2cd4d,,new_card_first_release,,,images/ygo4_0029.png,passed_automated_decode_dimension_checks,2018-10-18,13893,1.0,api_identity_exact,Dinosaur,pending_konami_verification,1024,RGB,c9a9f694fb64efd86db50d633e39192b3534aa20b2e448cc6f1bf74b56c66cb3,1024,93507434,,,ygoprodeck_cropped_art,https://images.ygoprodeck.com/images/cards_cropped/93507434.jpg,2026-08-31T18:26:10+00:00,selected_pending_image_and_caption_qa,624,https://images.ygoprodeck.com/images/cards_cropped/93507434.jpg,ygoprodeck_cropped_art,Dinowrestler Capaptera,https://db.ygoprodeck.com/api/v7/cardinfo.php?misc=yes,https://images.ygoprodeck.com/images/cards_cropped/93507434.jpg,ffa4660b3468c346e3dc1db94a0500c46c9be5164662ad48d5fd95aa98f73ddb,624,,True
Dinowrestler,29996433,captions/ygo4_0030.json,Monster,Dinowrestler Capoeiraptor,ygo4_0030,3e1633d17265c115,,new_card_first_release,,,images/ygo4_0030.png,passed_automated_decode_dimension_checks,2018-10-18,13894,1.0,api_identity_exact,Dinosaur,pending_konami_verification,1024,RGB,c3b2137ac632a2c5edf688f42652af64a79462717c0f19e5d233f92222992998,1024,29996433,,,ygoprodeck_cropped_art,https://images.ygoprodeck.com/images/cards_cropped/29996433.jpg,2026-08-31T18:26:10+00:00,selected_pending_image_and_caption_qa,624,https://images.ygoprodeck.com/images/cards_cropped/29996433.jpg,ygoprodeck_cropped_art,Dinowrestler Capoeiraptor,https://db.ygoprodeck.com/api/v7/cardinfo.php?misc=yes,https://images.ygoprodeck.com/images/cards_cropped/29996433.jpg,b22245815e4cd6298bba4570c8bd86ce189c3f488e817e22df91cfc421fbf3a3,624,,True
Egyptian God,10000002,captions/ygo4_0031.json,Monster,Obelisk the Tormentor,ygo4_0031,1732664cd6e38898,,modern_artwork_exception,https://www.db.yugioh-card.com/yugiohdb/card_search.action?cid=4998&ope=2&request_locale=en,No Divine-Beast card identity first entered the TCG during the eligibility window. The official database records an in-window TCG printing on 2016-09-02. The clean unsigned alternate export is included only to satisfy every-monster-type coverage; its artwork debut remains pending manual proof.,images/ygo4_0031.png,passed_automated_decode_dimension_checks,2010-01-01,4998,1.0,api_identity_exact,Divine-Beast,official_identity_and_in_window_reprint_verified_artwork_debut_pending,1024,RGB,002e07fac71a5028c8e4840bebda9a474e5fcc2df6ec6929431861c92311712f,1024,10000000,2016-09-02,,ygoprodeck_cropped_art,https://images.ygoprodeck.com/images/cards_cropped/10000002.jpg,2026-08-31T18:26:10+00:00,selected_pending_image_and_caption_qa,624,https://images.ygoprodeck.com/images/cards_cropped/10000002.jpg,ygoprodeck_cropped_art,Obelisk the Tormentor,https://db.ygoprodeck.com/api/v7/cardinfo.php?misc=yes,https://images.ygoprodeck.com/images/cards_cropped/10000002.jpg,b35720138c431d429dcc239c72618271e3aa1ad058d866183ee5f2016cd35b88,624,,False
Dogmatika,159YjPqPLQ3AiFwbnpaWoKcuv0_jRkb9O,captions/ygo4_0032.json,Monster,Fallen of Albaz,ygo4_0032,4350e92269d8f02c,159YjPqPLQ3AiFwbnpaWoKcuv0_jRkb9O,new_card_first_release,,,images/ygo4_0032.png,passed_automated_decode_dimension_checks,2020-08-06,15245,1.0,exact_alias,Dragon,pending_konami_verification,1024,RGB,92c9ddf8da2478bf87baa35f73616303b8fed94de370306decf81ba4567b740b,1024,68468459,,,thehungtd_full_art,https://lh3.googleusercontent.com/sitesv/AG8ngQXA57Whi4H7Yn1rSrsf4EPtHLkbnvEh-WQEK0R0TyqoB2rSudQmNI_dFAQc9STv47COyAmGBwpM3GsLISREm4kchtmAu8iHuCCcNHDBJn-W5l2mwSq75Pf0NWRmjZjZl-_bimA5TTWxOXrYs8awiWYcsDJzI2KdlzS2aaDtGPHIr4zhvapje26_YyB1NPY=s0,2026-08-31T18:25:56+00:00,selected_pending_image_and_caption_qa,1200,https://lh3.googleusercontent.com/sitesv/AG8ngQXA57Whi4H7Yn1rSrsf4EPtHLkbnvEh-WQEK0R0TyqoB2rSudQmNI_dFAQc9STv47COyAmGBwpM3GsLISREm4kchtmAu8iHuCCcNHDBJn-W5l2mwSq75Pf0NWRmjZjZl-_bimA5TTWxOXrYs8awiWYcsDJzI2KdlzS2aaDtGPHIr4zhvapje26_YyB1NPY=s0,thehungtd_full_art,Fallen of Albaz 2nd,https://sites.google.com/view/thehungtd/latest-artworks/2024/other,https://lh3.googleusercontent.com/sitesv/AG8ngQXA57Whi4H7Yn1rSrsf4EPtHLkbnvEh-WQEK0R0TyqoB2rSudQmNI_dFAQc9STv47COyAmGBwpM3GsLISREm4kchtmAu8iHuCCcNHDBJn-W5l2mwSq75Pf0NWRmjZjZl-_bimA5TTWxOXrYs8awiWYcsDJzI2KdlzS2aaDtGPHIr4zhvapje26_YyB1NPY=w1280,821fbc787d685b9975043c404ad8f2982aba10ac2eb092b8275c1fef5e53f396,1200,,True
,1aDSa3oVOLIc63ocEOBokffaeqnfa8BXS,captions/ygo4_0033.json,Monster,Kuibelt the Blade Dragon,ygo4_0033,e4e4cccc69e46139,1aDSa3oVOLIc63ocEOBokffaeqnfa8BXS,new_card_first_release,,,images/ygo4_0033.png,passed_automated_decode_dimension_checks,2023-07-27,19081,1.0,exact_alias,Dragon,pending_konami_verification,1024,RGB,e9933fe9e64e1d2608dfc09d05d4d000fad4c2e4d88f73eee9c717919fdda6ee,1024,87837090,,,thehungtd_full_art,https://lh3.googleusercontent.com/sitesv/AG8ngQUGbTmFjweumCZgz1wklU41djNV25-KPhYxCPwgqabipLi_6eXEYeQORPvtgr5ysbS7DuVuc_MA0N_3Yg2gTs_bv6Vug5GY00hXsVZhsXeq_SZEktfW8NdH5F5kN8KRwBMfqn7EbVp2rp85lZe_Q9gjnAnIhAJRv5JcUkMhd7OlwFZwFmeOjiOKWI9d-Ho=s0,2026-08-31T18:25:57+00:00,selected_pending_image_and_caption_qa,1200,https://lh3.googleusercontent.com/sitesv/AG8ngQUGbTmFjweumCZgz1wklU41djNV25-KPhYxCPwgqabipLi_6eXEYeQORPvtgr5ysbS7DuVuc_MA0N_3Yg2gTs_bv6Vug5GY00hXsVZhsXeq_SZEktfW8NdH5F5kN8KRwBMfqn7EbVp2rp85lZe_Q9gjnAnIhAJRv5JcUkMhd7OlwFZwFmeOjiOKWI9d-Ho=s0,thehungtd_full_art,Kuibelt the Blade Dragon,https://sites.google.com/view/thehungtd/latest-artworks/2024/world-premiere-pack-2024,https://lh3.googleusercontent.com/sitesv/AG8ngQUGbTmFjweumCZgz1wklU41djNV25-KPhYxCPwgqabipLi_6eXEYeQORPvtgr5ysbS7DuVuc_MA0N_3Yg2gTs_bv6Vug5GY00hXsVZhsXeq_SZEktfW8NdH5F5kN8KRwBMfqn7EbVp2rp85lZe_Q9gjnAnIhAJRv5JcUkMhd7OlwFZwFmeOjiOKWI9d-Ho=w1280,c733c7769e4d7e98c247d0f147508985594c9e2c9f2c859a5f15473b609eae7a,1200,,True
Flame Swordsman,1U5qNFhs5YKoJo8OidebgnNAelTP63bLR,captions/ygo4_0034.json,Monster,Fighting Flame Dragon,ygo4_0034,0d8624381cc1238f,1U5qNFhs5YKoJo8OidebgnNAelTP63bLR,new_card_first_release,,,images/ygo4_0034.png,passed_automated_decode_dimension_checks,2024-01-18,19728,1.0,exact_alias,Dragon,pending_konami_verification,1024,RGB,2a1e58956cad3f0859411448941a2bf9434a613f61162359101750491b839efb,1024,36319131,,,thehungtd_full_art,https://lh3.googleusercontent.com/sitesv/AG8ngQVzrgXiuTrUXTs-dTsK5axzjfTwThzH90f-aQdGF1p0gk0CN4_hHNMgSqrXXAXcLiU5X08ANhooc_c4PSeL-9X2iqOxQ8wh4adQqJZy3ysIfC_vo89ppLWfaLGCowAmtlIYxISLjODCtw_fhfk9qOcod9QNArvhQ_jJG0ItWZLlZzm9KR5SOh2S2uJ2-xg=s0,2026-08-31T18:25:57+00:00,selected_pending_image_and_caption_qa,1200,https://lh3.googleusercontent.com/sitesv/AG8ngQVzrgXiuTrUXTs-dTsK5axzjfTwThzH90f-aQdGF1p0gk0CN4_hHNMgSqrXXAXcLiU5X08ANhooc_c4PSeL-9X2iqOxQ8wh4adQqJZy3ysIfC_vo89ppLWfaLGCowAmtlIYxISLjODCtw_fhfk9qOcod9QNArvhQ_jJG0ItWZLlZzm9KR5SOh2S2uJ2-xg=s0,thehungtd_full_art,Fighting Flame Dragon,https://sites.google.com/view/thehungtd/latest-artworks/2024/world-premiere-pack-2024,https://lh3.googleusercontent.com/sitesv/AG8ngQVzrgXiuTrUXTs-dTsK5axzjfTwThzH90f-aQdGF1p0gk0CN4_hHNMgSqrXXAXcLiU5X08ANhooc_c4PSeL-9X2iqOxQ8wh4adQqJZy3ysIfC_vo89ppLWfaLGCowAmtlIYxISLjODCtw_fhfk9qOcod9QNArvhQ_jJG0ItWZLlZzm9KR5SOh2S2uJ2-xg=w1280,79df9a58639b3d3dd1ebefd4c6c1f204cebf30ede89cf95243cafe60977642cc,1200,,True
Flame Swordsman,1cPgkljHQO3Gk3fB26XmOWm-kCy66l5o1,captions/ygo4_0035.json,Monster,"Salamandra, the Flying Flame Dragon",ygo4_0035,6d07a52d31d30f9b,1cPgkljHQO3Gk3fB26XmOWm-kCy66l5o1,new_card_first_release,,,images/ygo4_0035.png,passed_automated_decode_dimension_checks,2024-01-18,19725,1.0,exact_alias,Dragon,pending_konami_verification,1024,RGB,060a5ff84523d084a14a732153999bccd7718e15504005e41303cd812867b417,1024,37531679,,,thehungtd_full_art,https://lh3.googleusercontent.com/sitesv/AG8ngQW6XZWKtxCSII2wa2xiQom-H4yzKvZ4Kiu1HPZxoKMN4uBA4Tr3KYLjQ9U6t5p82J8V5qyRIRJ7c4Fx86759Tn50eqtlFMq5OT4LbK127MgAcZWTiUE36-6GjlsYp9iyZXS-P9D0z1gfTF3waUxHer_A4o3denAUpXS1u0R31FK538vCpdi1RWEdHc-nK0=s0,2026-08-31T18:25:57+00:00,selected_pending_image_and_caption_qa,1200,https://lh3.googleusercontent.com/sitesv/AG8ngQW6XZWKtxCSII2wa2xiQom-H4yzKvZ4Kiu1HPZxoKMN4uBA4Tr3KYLjQ9U6t5p82J8V5qyRIRJ7c4Fx86759Tn50eqtlFMq5OT4LbK127MgAcZWTiUE36-6GjlsYp9iyZXS-P9D0z1gfTF3waUxHer_A4o3denAUpXS1u0R31FK538vCpdi1RWEdHc-nK0=s0,thehungtd_full_art,"Salamandra, the Flying Flame Dragon",https://sites.google.com/view/thehungtd/latest-artworks/2024/world-premiere-pack-2024,https://lh3.googleusercontent.com/sitesv/AG8ngQW6XZWKtxCSII2wa2xiQom-H4yzKvZ4Kiu1HPZxoKMN4uBA4Tr3KYLjQ9U6t5p82J8V5qyRIRJ7c4Fx86759Tn50eqtlFMq5OT4LbK127MgAcZWTiUE36-6GjlsYp9iyZXS-P9D0z1gfTF3waUxHer_A4o3denAUpXS1u0R31FK538vCpdi1RWEdHc-nK0=w1280,8a6ecb56a4b91984cfea1f9f0153ccce87ac3b96eb53f5189c59f5b015d6b3d4,1200,,True
,13qN7-iATXFbO95IsgFJOru2uLbt04OBm,captions/ygo4_0036.json,Monster,Vagnawa the Moon-Eating Dragon,ygo4_0036,0f0f99e8f181275d,13qN7-iATXFbO95IsgFJOru2uLbt04OBm,new_card_first_release,,,images/ygo4_0036.png,passed_automated_decode_dimension_checks,2024-02-08,19498,1.0,exact_alias,Dragon,pending_konami_verification,1024,RGB,fe1e590abab3bdd5f28896db2272e33d133213c66e8961a37aeb3a9fa5d74d54,1024,9839115,,,thehungtd_full_art,https://lh3.googleusercontent.com/sitesv/AG8ngQXopsdXhW-eGO5o2ebe4Qk8nGViF3JX8csXGR7zZ2T3DF9bMA0y5BOqSJa_ZgfuGi1apnf4ZVG16zgigGzonqs1Iqhlfvd3NfmZHV_Hg_sPvwpvu2xhuc26-NJjBmeSle9mFr2wlgz4ru7C2GFMy1I8SY_J7fh-q0gDcXHK_BjAk9hiu2uELGFzieAC=s0,2026-08-31T18:26:04+00:00,selected_pending_image_and_caption_qa,1200,https://lh3.googleusercontent.com/sitesv/AG8ngQXopsdXhW-eGO5o2ebe4Qk8nGViF3JX8csXGR7zZ2T3DF9bMA0y5BOqSJa_ZgfuGi1apnf4ZVG16zgigGzonqs1Iqhlfvd3NfmZHV_Hg_sPvwpvu2xhuc26-NJjBmeSle9mFr2wlgz4ru7C2GFMy1I8SY_J7fh-q0gDcXHK_BjAk9hiu2uELGFzieAC=s0,thehungtd_full_art,Moonhaze Dragon Vagnawa,https://sites.google.com/view/thehungtd/latest-artworks/2024/phantom-nightmare,https://lh3.googleusercontent.com/sitesv/AG8ngQXopsdXhW-eGO5o2ebe4Qk8nGViF3JX8csXGR7zZ2T3DF9bMA0y5BOqSJa_ZgfuGi1apnf4ZVG16zgigGzonqs1Iqhlfvd3NfmZHV_Hg_sPvwpvu2xhuc26-NJjBmeSle9mFr2wlgz4ru7C2GFMy1I8SY_J7fh-q0gDcXHK_BjAk9hiu2uELGFzieAC=w1280,05f4352c1d7eea1c6e3725a7c0f907f2b5a1e19d70eef3b2ac5e2f4d3dfaf046,1200,,True
,1WWZw9nZGLGP8YX3vD-d8Gv-DVSLFPRZE,captions/ygo4_0037.json,Monster,Aiza the Dragoness of Deranged Devotion,ygo4_0037,3d2139b822274be3,1WWZw9nZGLGP8YX3vD-d8Gv-DVSLFPRZE,new_card_first_release,,,images/ygo4_0037.png,passed_automated_decode_dimension_checks,2024-04-25,20064,1.0,exact_alias,Dragon,pending_konami_verification,1024,RGB,28aabc26b025c843ea08594f83e6ae2f6fa96034fbd3d79a32047013db115bb6,1024,63378869,,,thehungtd_full_art,https://lh3.googleusercontent.com/sitesv/AG8ngQUqV2ZeDRP2UeuqQ_mNAb1SObPAq2te9fvTynyw9qELimyxhCgG4MIsNo8_e1lNWZ1AALeyiHPAgmJMmYMPtF5qEy8qvaunV6GiQf2sss29irSWXZpR5DE14UytHN2SE7kHCnrCBDJEpa8e0QnsYKa7dY5wk97dr3T0QGeCcx-rCvtr6DwBIjJQ50YAtmg=s0,2026-08-31T18:25:57+00:00,selected_pending_image_and_caption_qa,1200,https://lh3.googleusercontent.com/sitesv/AG8ngQUqV2ZeDRP2UeuqQ_mNAb1SObPAq2te9fvTynyw9qELimyxhCgG4MIsNo8_e1lNWZ1AALeyiHPAgmJMmYMPtF5qEy8qvaunV6GiQf2sss29irSWXZpR5DE14UytHN2SE7kHCnrCBDJEpa8e0QnsYKa7dY5wk97dr3T0QGeCcx-rCvtr6DwBIjJQ50YAtmg=s0,thehungtd_full_art,Aiza the Dragoness of Deranged Devotion,https://sites.google.com/view/thehungtd/latest-artworks/2024/world-premiere-pack-2024,https://lh3.googleusercontent.com/sitesv/AG8ngQUqV2ZeDRP2UeuqQ_mNAb1SObPAq2te9fvTynyw9qELimyxhCgG4MIsNo8_e1lNWZ1AALeyiHPAgmJMmYMPtF5qEy8qvaunV6GiQf2sss29irSWXZpR5DE14UytHN2SE7kHCnrCBDJEpa8e0QnsYKa7dY5wk97dr3T0QGeCcx-rCvtr6DwBIjJQ50YAtmg=w1280,e19117994b9f21112a4d220cac904f3d84775c1a6df0620e84f52521db4f7f46,1200,,True
Centur-Ion,1oyxyfTR3jdBFEJyrJzEf1uf1zjOPvS-w,captions/ygo4_0038.json,Monster,Centur-Ion Auxila,ygo4_0038,4cce65f0e1c262a4,1oyxyfTR3jdBFEJyrJzEf1uf1zjOPvS-w,new_card_first_release,,,images/ygo4_0038.png,passed_automated_decode_dimension_checks,2024-04-25,19883,1.0,exact_alias,Dragon,pending_konami_verification,1024,RGB,081dd307d5f8b69048e9274625b16616ccf8995a42eb1c112676722f3d27f958,1024,71858682,,,thehungtd_full_art,https://lh3.googleusercontent.com/sitesv/AG8ngQX_mTxd3ugmHalIeEf4aFE0q9c_5vHwJ_f5o6LwmjYZFqwp5HcVnHhqIOFoGJBndK04UXKZQ7ObMUEAXc69D0DXfU7hQg-BChCGRyGrH1F3JWAO6wAE-8Y9tKDIqFEUyIsHNmMOUoPwf9sgOP4Yuu52EFYZCSL9N1FOnlb9gfRX2PqlqIrMbVqQLDWV7iA=s0,2026-08-31T18:26:02+00:00,selected_pending_image_and_caption_qa,1200,https://lh3.googleusercontent.com/sitesv/AG8ngQX_mTxd3ugmHalIeEf4aFE0q9c_5vHwJ_f5o6LwmjYZFqwp5HcVnHhqIOFoGJBndK04UXKZQ7ObMUEAXc69D0DXfU7hQg-BChCGRyGrH1F3JWAO6wAE-8Y9tKDIqFEUyIsHNmMOUoPwf9sgOP4Yuu52EFYZCSL9N1FOnlb9gfRX2PqlqIrMbVqQLDWV7iA=s0,thehungtd_full_art,Centur-Ion Arkcoela,https://sites.google.com/view/thehungtd/latest-artworks/2024/legacy-of-destruction,https://lh3.googleusercontent.com/sitesv/AG8ngQX_mTxd3ugmHalIeEf4aFE0q9c_5vHwJ_f5o6LwmjYZFqwp5HcVnHhqIOFoGJBndK04UXKZQ7ObMUEAXc69D0DXfU7hQg-BChCGRyGrH1F3JWAO6wAE-8Y9tKDIqFEUyIsHNmMOUoPwf9sgOP4Yuu52EFYZCSL9N1FOnlb9gfRX2PqlqIrMbVqQLDWV7iA=w1280,aa242608b3569ebb2c76029b40dc418ffa25c3610ecf06094477de1ffb321531,1200,,True
Centur-Ion,1OybkX_xzjP2WqzKgS3Y0-orsIQg8raSe,captions/ygo4_0039.json,Monster,Centur-Ion Gargoyle II,ygo4_0039,77ccd496ac87b25a,1OybkX_xzjP2WqzKgS3Y0-orsIQg8raSe,new_card_first_release,,,images/ygo4_0039.png,passed_automated_decode_dimension_checks,2024-04-25,19862,1.0,exact_alias,Dragon,pending_konami_verification,1024,RGB,8771f78baa5384c09a50acb832e7117fbccd098fefe85247ae77bf11c1b0e3b7,1024,97698279,,,thehungtd_full_art,https://lh3.googleusercontent.com/sitesv/AG8ngQVfLpixdc9D5R1QUpFIQDwpNjjOJuWtnQHrhYekoLV2_Sa90Jaeg8x7cuAwU4nzumwRio9ulVsDhyXmxXwXYD27J0QBFfNRn7z3ktiixckMsdLIsaeOp3lngDjBUMiTzGeewv5qAIOl4SEY6ILepvpahwE6yz4Vq8jg7eKAN4_zi7knZKb7u0QZa6-mk-w=s0,2026-08-31T18:26:02+00:00,selected_pending_image_and_caption_qa,1200,https://lh3.googleusercontent.com/sitesv/AG8ngQVfLpixdc9D5R1QUpFIQDwpNjjOJuWtnQHrhYekoLV2_Sa90Jaeg8x7cuAwU4nzumwRio9ulVsDhyXmxXwXYD27J0QBFfNRn7z3ktiixckMsdLIsaeOp3lngDjBUMiTzGeewv5qAIOl4SEY6ILepvpahwE6yz4Vq8jg7eKAN4_zi7knZKb7u0QZa6-mk-w=s0,thehungtd_full_art,Centur-Ion Gargoyle II,https://sites.google.com/view/thehungtd/latest-artworks/2024/legacy-of-destruction,https://lh3.googleusercontent.com/sitesv/AG8ngQVfLpixdc9D5R1QUpFIQDwpNjjOJuWtnQHrhYekoLV2_Sa90Jaeg8x7cuAwU4nzumwRio9ulVsDhyXmxXwXYD27J0QBFfNRn7z3ktiixckMsdLIsaeOp3lngDjBUMiTzGeewv5qAIOl4SEY6ILepvpahwE6yz4Vq8jg7eKAN4_zi7knZKb7u0QZa6-mk-w=w1280,18c72083730f8507f58827dc1c8afcbe2e42e94342a85367578438ffdbe86e52,1200,,True
,1eFlgXlgYclE-WVQjlOVAkbxQRexnYxtx,captions/ygo4_0040.json,Monster,Enlightenment Dragon,ygo4_0040,13b2b22913173a3c,1eFlgXlgYclE-WVQjlOVAkbxQRexnYxtx,new_card_first_release,,,images/ygo4_0040.png,passed_automated_decode_dimension_checks,2024-04-25,19879,1.0,exact_alias,Dragon,pending_konami_verification,1024,RGB,4e1f1bf0a470bf8b68232a9c0ddf6b2eadd3b246f2a22b73c8cdc5613776e35e,1024,46186135,,,thehungtd_full_art,https://lh3.googleusercontent.com/sitesv/AG8ngQXCp87E5LjUHj2ywvSEizbkMNwbqaNHF_mXNlNliRoGA9I8OEoj9TkNwy29S0rKEZAYii6IypZZraZKRe-GE7pnHNDFzpksoFRA6gVDHE2RVfkMWh65hn9DC48oloa699YnrsqPNPZpFxQk6ouin3f8zz5xfbnCrHLS65qw-hmojLlcaNttmrnSmFGAsws=s0,2026-08-31T18:26:02+00:00,selected_pending_image_and_caption_qa,1200,https://lh3.googleusercontent.com/sitesv/AG8ngQXCp87E5LjUHj2ywvSEizbkMNwbqaNHF_mXNlNliRoGA9I8OEoj9TkNwy29S0rKEZAYii6IypZZraZKRe-GE7pnHNDFzpksoFRA6gVDHE2RVfkMWh65hn9DC48oloa699YnrsqPNPZpFxQk6ouin3f8zz5xfbnCrHLS65qw-hmojLlcaNttmrnSmFGAsws=s0,thehungtd_full_art,Enlightenment Dragon,https://sites.google.com/view/thehungtd/latest-artworks/2024/legacy-of-destruction,https://lh3.googleusercontent.com/sitesv/AG8ngQXCp87E5LjUHj2ywvSEizbkMNwbqaNHF_mXNlNliRoGA9I8OEoj9TkNwy29S0rKEZAYii6IypZZraZKRe-GE7pnHNDFzpksoFRA6gVDHE2RVfkMWh65hn9DC48oloa699YnrsqPNPZpFxQk6ouin3f8zz5xfbnCrHLS65qw-hmojLlcaNttmrnSmFGAsws=w1280,f451969d8a2179c17f120691cd5527c62173cb77758f34d4e955cb72873fe9be,1200,,True
Gandora,1RMgliLl82FOAOWlyKoKQ9thb2AvxfOvj,captions/ygo4_0041.json,Monster,Gandora-G the Dragon of Destruction,ygo4_0041,23abcc7868c86849,1RMgliLl82FOAOWlyKoKQ9thb2AvxfOvj,new_card_first_release,,,images/ygo4_0041.png,passed_automated_decode_dimension_checks,2024-04-25,19842,1.0,exact_alias,Dragon,pending_konami_verification,1024,RGB,a35659815b04d3a9954b09769846778ef90b64fd90855f28b308c6ec8d292949,1024,2333466,,,thehungtd_full_art,https://lh3.googleusercontent.com/sitesv/AG8ngQUk4mPZnmTu5xh-7C-E6cKYWCmDm7wvBmP7WAQdUwqSvDx4thO4E_d2efqqLtYNLVnozsPyE-8xCk0WPO5tsfQc7rVbF-cv55hEubcDODeIyeCnctI-vYE1Bcqg_Ge3GAP52jkg8AxIBvmjIWWCC2NvU7SFo2pJ9nHErmsJs2ojUoLtEyRMVRB3sIR_ov0=s0,2026-08-31T18:26:02+00:00,selected_pending_image_and_caption_qa,1200,https://lh3.googleusercontent.com/sitesv/AG8ngQUk4mPZnmTu5xh-7C-E6cKYWCmDm7wvBmP7WAQdUwqSvDx4thO4E_d2efqqLtYNLVnozsPyE-8xCk0WPO5tsfQc7rVbF-cv55hEubcDODeIyeCnctI-vYE1Bcqg_Ge3GAP52jkg8AxIBvmjIWWCC2NvU7SFo2pJ9nHErmsJs2ojUoLtEyRMVRB3sIR_ov0=s0,thehungtd_full_art,Geas Gandora the Dragon of Destruction,https://sites.google.com/view/thehungtd/latest-artworks/2024/legacy-of-destruction,https://lh3.googleusercontent.com/sitesv/AG8ngQUk4mPZnmTu5xh-7C-E6cKYWCmDm7wvBmP7WAQdUwqSvDx4thO4E_d2efqqLtYNLVnozsPyE-8xCk0WPO5tsfQc7rVbF-cv55hEubcDODeIyeCnctI-vYE1Bcqg_Ge3GAP52jkg8AxIBvmjIWWCC2NvU7SFo2pJ9nHErmsJs2ojUoLtEyRMVRB3sIR_ov0=w1280,3215e8044d9a13821f46cf6336c784f3a37a5abde0fa9765ed1cc7766e144e8b,1200,,True
Lightsworn,1Dys0z07UktbMJHs5-LcmhQPzaqz1nMK7,captions/ygo4_0042.json,Monster,Lightsworn Dragonling,ygo4_0042,0e8f4d4b1b2f06cb,1Dys0z07UktbMJHs5-LcmhQPzaqz1nMK7,new_card_first_release,,,images/ygo4_0042.png,passed_automated_decode_dimension_checks,2024-04-25,19864,1.0,exact_alias,Dragon,pending_konami_verification,1024,RGB,be73f9b6e5fa0ea4822bdd0611db4d340690519b330e909a0f648b19a9e4e515,1024,59481082,,,thehungtd_full_art,https://lh3.googleusercontent.com/sitesv/AG8ngQUmi7KSl3LaSLBSxBmXUuY4YhYAq7w3362RujfK8TC7ZruaXmq8iHOLLPc0CcoIzE3l9ZC8e_s8jWIAxsveXoHs3L2xHMgby1U2xkgjL0807Bs0_TSaPGRnNZbnNyTvT2qDXqRAM2CiNtE5Y7IHB0eGpPxnfPEK5O8421UceCGgHJsjyuezgzyEwurL=s0,2026-08-31T18:26:02+00:00,selected_pending_image_and_caption_qa,1200,https://lh3.googleusercontent.com/sitesv/AG8ngQUmi7KSl3LaSLBSxBmXUuY4YhYAq7w3362RujfK8TC7ZruaXmq8iHOLLPc0CcoIzE3l9ZC8e_s8jWIAxsveXoHs3L2xHMgby1U2xkgjL0807Bs0_TSaPGRnNZbnNyTvT2qDXqRAM2CiNtE5Y7IHB0eGpPxnfPEK5O8421UceCGgHJsjyuezgzyEwurL=s0,thehungtd_full_art,Dragon of Lightsworn,https://sites.google.com/view/thehungtd/latest-artworks/2024/legacy-of-destruction,https://lh3.googleusercontent.com/sitesv/AG8ngQUmi7KSl3LaSLBSxBmXUuY4YhYAq7w3362RujfK8TC7ZruaXmq8iHOLLPc0CcoIzE3l9ZC8e_s8jWIAxsveXoHs3L2xHMgby1U2xkgjL0807Bs0_TSaPGRnNZbnNyTvT2qDXqRAM2CiNtE5Y7IHB0eGpPxnfPEK5O8421UceCGgHJsjyuezgzyEwurL=w1280,e47d6bd696e77feae6b448242d21ee7d835f263bdcb6c1852883d79b4b8b7354,1200,,True
Sangen,1JIyzHp2J4sPZ3XLMI8OYnyXo3BcqCqFA,captions/ygo4_0043.json,Monster,Sangenpai Bident Dragion,ygo4_0043,eee2fdf153795dcd,1JIyzHp2J4sPZ3XLMI8OYnyXo3BcqCqFA,new_card_first_release,,,images/ygo4_0043.png,passed_automated_decode_dimension_checks,2024-04-25,19880,1.0,exact_alias,Dragon,pending_konami_verification,1024,RGB,6c8c768a2171a94a10c7fd4d9265fc31a507fe74601da89281fb0b02e06fe334,1024,82570174,,,thehungtd_full_art,https://lh3.googleusercontent.com/sitesv/AG8ngQWgtL_HCJxzRmpH8OGO4RIRCjtT83cfK1i37j43FRPYao4Jd1q7RBDd1A23WL76P1R0GIAfFBhhA2fPt-otXQaJu4a2GiYP47jd0YX-IYB15y6c6fh4YAmNGIK9hdmG50lx7kW-aoMwVCgsPIQUEKBv_QOPcDGhgAt9toK7aMjns0nK6ZQw63vNrcg6gbw=s0,2026-08-31T18:26:02+00:00,selected_pending_image_and_caption_qa,1200,https://lh3.googleusercontent.com/sitesv/AG8ngQWgtL_HCJxzRmpH8OGO4RIRCjtT83cfK1i37j43FRPYao4Jd1q7RBDd1A23WL76P1R0GIAfFBhhA2fPt-otXQaJu4a2GiYP47jd0YX-IYB15y6c6fh4YAmNGIK9hdmG50lx7kW-aoMwVCgsPIQUEKBv_QOPcDGhgAt9toK7aMjns0nK6ZQw63vNrcg6gbw=s0,thehungtd_full_art,Sangen Risedragon Bident Dragion,https://sites.google.com/view/thehungtd/latest-artworks/2024/legacy-of-destruction,https://lh3.googleusercontent.com/sitesv/AG8ngQWgtL_HCJxzRmpH8OGO4RIRCjtT83cfK1i37j43FRPYao4Jd1q7RBDd1A23WL76P1R0GIAfFBhhA2fPt-otXQaJu4a2GiYP47jd0YX-IYB15y6c6fh4YAmNGIK9hdmG50lx7kW-aoMwVCgsPIQUEKBv_QOPcDGhgAt9toK7aMjns0nK6ZQw63vNrcg6gbw=w1280,7706d4118a327e9be883555cf86f0daf76e439f0c7a2ac3018b34ff460207454,1200,,True
Sangen,1mkHytBq_bu8k-xKEVMbGSr-Xzp4L_AlA,captions/ygo4_0044.json,Monster,Sangenpai Transcendent Dragion,ygo4_0044,1c13327767ae8c94,1mkHytBq_bu8k-xKEVMbGSr-Xzp4L_AlA,new_card_first_release,,,images/ygo4_0044.png,passed_automated_decode_dimension_checks,2024-04-25,19881,1.0,exact_alias,Dragon,pending_konami_verification,1024,RGB,b56fd53decc49e1a977df89568863468a4ab06ff0a9e8f1101f299f7ea21736a,1024,18969888,,,thehungtd_full_art,https://lh3.googleusercontent.com/sitesv/AG8ngQXMo0k-e0D9ieUa-euzjFQdAKYD-8-aGuWLNWOtFE_f4FZB9dobqqgppYY5Jh_fmHOZENGoR5sXNFsJ0vbk6InYHLbzP4Dmj8arko2ps5fwpyioAVkby9pxVyyWaz8boQsGTFn2ip3SgEV2amRbxsVJDqY5LYprpD01TrUTS4CBk9Q1t-OOmN9f2u_smxE=s0,2026-08-31T18:26:02+00:00,selected_pending_image_and_caption_qa,1200,https://lh3.googleusercontent.com/sitesv/AG8ngQXMo0k-e0D9ieUa-euzjFQdAKYD-8-aGuWLNWOtFE_f4FZB9dobqqgppYY5Jh_fmHOZENGoR5sXNFsJ0vbk6InYHLbzP4Dmj8arko2ps5fwpyioAVkby9pxVyyWaz8boQsGTFn2ip3SgEV2amRbxsVJDqY5LYprpD01TrUTS4CBk9Q1t-OOmN9f2u_smxE=s0,thehungtd_full_art,Sangen Superdragon Transcend Dragion,https://sites.google.com/view/thehungtd/latest-artworks/2024/legacy-of-destruction,https://lh3.googleusercontent.com/sitesv/AG8ngQXMo0k-e0D9ieUa-euzjFQdAKYD-8-aGuWLNWOtFE_f4FZB9dobqqgppYY5Jh_fmHOZENGoR5sXNFsJ0vbk6InYHLbzP4Dmj8arko2ps5fwpyioAVkby9pxVyyWaz8boQsGTFn2ip3SgEV2amRbxsVJDqY5LYprpD01TrUTS4CBk9Q1t-OOmN9f2u_smxE=w1280,f1e0bb5c163d29a28fa34e1d06a6202e14ae20ada79e5271d0c877e0538d0db7,1200,,True
Rokket,67748760,captions/ygo4_0045.json,Monster,Absorouter Dragon,ygo4_0045,a776b06c78d98685,,new_card_first_release,,,images/ygo4_0045.png,passed_automated_decode_dimension_checks,2019-08-15,14618,1.0,api_identity_exact,Dragon,pending_konami_verification,1024,RGB,3af0f1f3a296ef5be645dd3f4e6d2743cb54c178e11bda2fcf5859f36cca4d45,1024,67748760,,Replaced passcode 48654267: available artwork was non-square composite,ygoprodeck_cropped_art,https://images.ygoprodeck.com/images/cards_cropped/67748760.jpg,2026-08-31T18:26:10+00:00,selected_pending_image_and_caption_qa,624,https://images.ygoprodeck.com/images/cards_cropped/67748760.jpg,ygoprodeck_cropped_art,Absorouter Dragon,https://db.ygoprodeck.com/api/v7/cardinfo.php?misc=yes,https://images.ygoprodeck.com/images/cards_cropped/67748760.jpg,9c72432838c1d027d9a4aae351825d7da3e9a49aa98bed785abdf3d4b3b34dc6,624,,True
Tenpai Dragon,1WpdTJ08zLZYFZjfDa6ktOk8a6Jt3-YjJ,captions/ygo4_0046.json,Monster,Tenpai Dragon Paidra,ygo4_0046,8f063b331b330b6d,1WpdTJ08zLZYFZjfDa6ktOk8a6Jt3-YjJ,new_card_first_release,,,images/ygo4_0046.png,passed_automated_decode_dimension_checks,2024-04-25,19857,1.0,exact_alias,Dragon,pending_konami_verification,1024,RGB,d27ed215c8977134fbc2301008d1a8c784b8bbba278cde75d5b4e5c6a4a280df,1024,39931513,,,thehungtd_full_art,https://lh3.googleusercontent.com/sitesv/AG8ngQXkusCHoe02OsnS3s7tg8Yr4pEJmJYmq3fs4a2LCzmdNQfBnuRcKTlDgC4pzMT0tz9baTCJ9KRiajeQtNktUfQKHbTRNX0k3iJvMWma7rUHVkq9FNu5V3DodNINYFZxrMYOzNWY8gBvUb9_Kaysur5Lw61ZMwWUxmpZIRGo5HDJ33a0VpA3vENz2tlcFc8=s0,2026-08-31T18:26:02+00:00,selected_pending_image_and_caption_qa,1200,https://lh3.googleusercontent.com/sitesv/AG8ngQXkusCHoe02OsnS3s7tg8Yr4pEJmJYmq3fs4a2LCzmdNQfBnuRcKTlDgC4pzMT0tz9baTCJ9KRiajeQtNktUfQKHbTRNX0k3iJvMWma7rUHVkq9FNu5V3DodNINYFZxrMYOzNWY8gBvUb9_Kaysur5Lw61ZMwWUxmpZIRGo5HDJ33a0VpA3vENz2tlcFc8=s0,thehungtd_full_art,Tenpai Dragon Baidora,https://sites.google.com/view/thehungtd/latest-artworks/2024/legacy-of-destruction,https://lh3.googleusercontent.com/sitesv/AG8ngQXkusCHoe02OsnS3s7tg8Yr4pEJmJYmq3fs4a2LCzmdNQfBnuRcKTlDgC4pzMT0tz9baTCJ9KRiajeQtNktUfQKHbTRNX0k3iJvMWma7rUHVkq9FNu5V3DodNINYFZxrMYOzNWY8gBvUb9_Kaysur5Lw61ZMwWUxmpZIRGo5HDJ33a0VpA3vENz2tlcFc8=w1280,58004fe3eabc654991585372a10e2e97a3209f8198d177287202efdfbf10686b,1200,,True
Galaxy,1rGo-V4YPhmQPPmM7oL1jfiJEHvmES1Rk,captions/ygo4_0047.json,Monster,Galaxy-Eyes Tachyon Primal,ygo4_0047,940d0c9cd4b42d29,1rGo-V4YPhmQPPmM7oL1jfiJEHvmES1Rk,new_card_first_release,,,images/ygo4_0047.png,passed_automated_decode_dimension_checks,2024-05-25,20277,1.0,exact_alias,Dragon,pending_konami_verification,1024,RGB,ba5e0792e19093a7e499008dfa8bffe6daf08331907475a1289f5e4f4e40dba9,1024,45710945,,,thehungtd_full_art,https://lh3.googleusercontent.com/sitesv/AG8ngQUx-PCmpduzJQRmX4UhDBt-0T2AIwcWgs0_D6oO6nBwuWj0PTf4ZQjVfEeSsnk52EPFiRTG1Ep2u8IL_x-vinYAw_FksHI6Sj9qoqcX-AW52v6FD0Sb2y_IcBsoC6ZCcScvw1zdFQEfECBpS2SO73E_yus4yvzd18d1oiPTXDv2EtZDLfv-jTG2gnaVkTU=s0,2026-08-31T18:26:01+00:00,selected_pending_image_and_caption_qa,1200,https://lh3.googleusercontent.com/sitesv/AG8ngQUx-PCmpduzJQRmX4UhDBt-0T2AIwcWgs0_D6oO6nBwuWj0PTf4ZQjVfEeSsnk52EPFiRTG1Ep2u8IL_x-vinYAw_FksHI6Sj9qoqcX-AW52v6FD0Sb2y_IcBsoC6ZCcScvw1zdFQEfECBpS2SO73E_yus4yvzd18d1oiPTXDv2EtZDLfv-jTG2gnaVkTU=s0,thehungtd_full_art,Galaxy-Eyes Tachyon Primal,https://sites.google.com/view/thehungtd/latest-artworks/2024/duelist-pack-duelists-of-brilliance,https://lh3.googleusercontent.com/sitesv/AG8ngQUx-PCmpduzJQRmX4UhDBt-0T2AIwcWgs0_D6oO6nBwuWj0PTf4ZQjVfEeSsnk52EPFiRTG1Ep2u8IL_x-vinYAw_FksHI6Sj9qoqcX-AW52v6FD0Sb2y_IcBsoC6ZCcScvw1zdFQEfECBpS2SO73E_yus4yvzd18d1oiPTXDv2EtZDLfv-jTG2gnaVkTU=w1280,2c137fe2a01f54ab9f61ba0392d5a84505c1c924a6f3ff29ac93ba916e5c9cbf,1200,,True
Tachyon,12Ybk3GfrZ9JkLlRmmXPvEB1opiE3E6Lj,captions/ygo4_0048.json,Monster,Tachyon Cloudragon,ygo4_0048,62564c5935253b1b,12Ybk3GfrZ9JkLlRmmXPvEB1opiE3E6Lj,new_card_first_release,,,images/ygo4_0048.png,passed_automated_decode_dimension_checks,2024-05-25,20278,1.0,exact_alias,Dragon,pending_konami_verification,1024,RGB,089faaa0efea1dc3e629abb2e1e7eeeb4a2fe64b454df97c146b86ec06d45917,1024,72705654,,,thehungtd_full_art,https://lh3.googleusercontent.com/sitesv/AG8ngQUfzxEmw37Tzv8-pd-sgeF1m-OrU4B7Pohc8tgNjUTIwB6FE5LZKOp-Uvg6Nhk7NEFvzRodWsExAIyHY4OD7h4DsWXmCk6ZUsRe6MlhuhjI-4nfwgqV5YD_De9aqqwQ_WeDR8BtfTDjdai4nVfP4QCgYihblAEUVXq9KnF97jXdlRGwyt12LRISNkDMgXA=s0,2026-08-31T18:26:01+00:00,selected_pending_image_and_caption_qa,1200,https://lh3.googleusercontent.com/sitesv/AG8ngQUfzxEmw37Tzv8-pd-sgeF1m-OrU4B7Pohc8tgNjUTIwB6FE5LZKOp-Uvg6Nhk7NEFvzRodWsExAIyHY4OD7h4DsWXmCk6ZUsRe6MlhuhjI-4nfwgqV5YD_De9aqqwQ_WeDR8BtfTDjdai4nVfP4QCgYihblAEUVXq9KnF97jXdlRGwyt12LRISNkDMgXA=s0,thehungtd_full_art,Tachyon Cloudragon,https://sites.google.com/view/thehungtd/latest-artworks/2024/duelist-pack-duelists-of-brilliance,https://lh3.googleusercontent.com/sitesv/AG8ngQUfzxEmw37Tzv8-pd-sgeF1m-OrU4B7Pohc8tgNjUTIwB6FE5LZKOp-Uvg6Nhk7NEFvzRodWsExAIyHY4OD7h4DsWXmCk6ZUsRe6MlhuhjI-4nfwgqV5YD_De9aqqwQ_WeDR8BtfTDjdai4nVfP4QCgYihblAEUVXq9KnF97jXdlRGwyt12LRISNkDMgXA=w1280,9b4db919c82e0cf416beebfb4038752b96a4a883babf82c02c9f3db33655373f,1200,,True
,1cRvbGLIauDjLcm-ZGe19793mvKoxNQSc,captions/ygo4_0049.json,Monster,Dragon Master Magia,ygo4_0049,636496993565d85b,1cRvbGLIauDjLcm-ZGe19793mvKoxNQSc,new_card_first_release,,,images/ygo4_0049.png,passed_automated_decode_dimension_checks,2024-06-20,19718,1.0,exact_alias,Dragon,pending_konami_verification,1024,RGB,ef3f9f1eb60a027d6e06cd0c8e05ac37d00ec62ee758d46a4bd6c058a2b04811,1024,12381100,,,thehungtd_full_art,https://lh3.googleusercontent.com/sitesv/AG8ngQV_eyF2Xsb71sErb0RaDkiGaA9M4YnO8QC888caj7t33szZU1QUkfz3VAePU9qU6lU4qCAPNO5GpIueSsTxdA3EdoNEqmB5B5Oamf_K-zDZTNx7DhQHBnMPOYVoC65TdiNUz4A7QqMM9u8u8nLavwvR5EituCmwH7DYZXvzZpiVw6FCBdF6OzLdOTTiss8=s0,2026-08-31T18:26:05+00:00,selected_pending_image_and_caption_qa,1200,https://lh3.googleusercontent.com/sitesv/AG8ngQV_eyF2Xsb71sErb0RaDkiGaA9M4YnO8QC888caj7t33szZU1QUkfz3VAePU9qU6lU4qCAPNO5GpIueSsTxdA3EdoNEqmB5B5Oamf_K-zDZTNx7DhQHBnMPOYVoC65TdiNUz4A7QqMM9u8u8nLavwvR5EituCmwH7DYZXvzZpiVw6FCBdF6OzLdOTTiss8=s0,thehungtd_full_art,Dragon Magia Master,https://sites.google.com/view/thehungtd/latest-artworks/2024/quarter-century-duelist-box,https://lh3.googleusercontent.com/sitesv/AG8ngQV_eyF2Xsb71sErb0RaDkiGaA9M4YnO8QC888caj7t33szZU1QUkfz3VAePU9qU6lU4qCAPNO5GpIueSsTxdA3EdoNEqmB5B5Oamf_K-zDZTNx7DhQHBnMPOYVoC65TdiNUz4A7QqMM9u8u8nLavwvR5EituCmwH7DYZXvzZpiVw6FCBdF6OzLdOTTiss8=w1280,59475ea0e5ac233a56a12ab8fdd052e6f067d1815c7d28be17d3d792b44d6db9,1200,,True
,1p99AAwAE49Y1T3rUHtQr35nID_FUyXup,captions/ygo4_0050.json,Monster,"Lancea, Ancestral Dragon of the Ice Mountain",ygo4_0050,b92d17a346469263,1p99AAwAE49Y1T3rUHtQr35nID_FUyXup,new_card_first_release,,,images/ygo4_0050.png,passed_automated_decode_dimension_checks,2024-06-20,19619,1.0,exact_alias,Dragon,pending_konami_verification,1024,RGB,0bb34c12bba07ec013e7b2cac162e84fe2a8d865b8419d3c114a7c9993a06bd5,1024,96402918,,,thehungtd_full_art,https://lh3.googleusercontent.com/sitesv/AG8ngQXI72qjELzxtdMBmPySa6wMrKM-2GiT0I0c3epLuwcrIRuwsEmEiVbA8yASbiExZe8C0yU8sBEj8oUNU_1WFMgv543wNvqW4aaAJj9cnh-VCAA7cX5uX6QL61Ts_NXkp_zKNnt3dk_03z8rvB13Nm0BqOnBk_Ny9A25bkszAk7xQ5V8tYo2hRNeqeUDJ9E=s0,2026-08-31T18:26:06+00:00,selected_pending_image_and_caption_qa,1200,https://lh3.googleusercontent.com/sitesv/AG8ngQXI72qjELzxtdMBmPySa6wMrKM-2GiT0I0c3epLuwcrIRuwsEmEiVbA8yASbiExZe8C0yU8sBEj8oUNU_1WFMgv543wNvqW4aaAJj9cnh-VCAA7cX5uX6QL61Ts_NXkp_zKNnt3dk_03z8rvB13Nm0BqOnBk_Ny9A25bkszAk7xQ5V8tYo2hRNeqeUDJ9E=s0,thehungtd_full_art,"Lancea, Dragonic Ancestor of the Ice Spirit Mountain",https://sites.google.com/view/thehungtd/latest-artworks/2024/terminal-world,https://lh3.googleusercontent.com/sitesv/AG8ngQXI72qjELzxtdMBmPySa6wMrKM-2GiT0I0c3epLuwcrIRuwsEmEiVbA8yASbiExZe8C0yU8sBEj8oUNU_1WFMgv543wNvqW4aaAJj9cnh-VCAA7cX5uX6QL61Ts_NXkp_zKNnt3dk_03z8rvB13Nm0BqOnBk_Ny9A25bkszAk7xQ5V8tYo2hRNeqeUDJ9E=w1280,966b390a6d7bf59863255679e438c65e43704a6b8cc300c667d019e664eeb301,1200,,True
,1XzxPo7dZRz60MZDAnxgKMBIGVjFGlaEW,captions/ygo4_0051.json,Monster,Shining Star Dragon,ygo4_0051,3105874343c0c48c,1XzxPo7dZRz60MZDAnxgKMBIGVjFGlaEW,new_card_first_release,,,images/ygo4_0051.png,passed_automated_decode_dimension_checks,2024-06-20,19720,1.0,exact_alias,Dragon,pending_konami_verification,1024,RGB,619e45f19755ed7e1e6f0408e2f8921488494b1a1484546a0d91a945217c1e1c,1024,75874514,,,thehungtd_full_art,https://lh3.googleusercontent.com/sitesv/AG8ngQUaYBBPeDX8kjD8E7kSW_GX0rzZSp2enofria9YT3rOYGWHM6MsX_BiZZOzWmJJVEeIk1nkZFar-sxxgJtoV-o1JNMcqyMgtx5tIuszrPvXIM1q6-b5NBjCqAeZRJUqNYOPOVWsQmYBaDW_NiVD8PyzJHhS2jPzniyLvQLuehVHjc794kK9ZAFGPNzq=s0,2026-08-31T18:26:05+00:00,selected_pending_image_and_caption_qa,1200,https://lh3.googleusercontent.com/sitesv/AG8ngQUaYBBPeDX8kjD8E7kSW_GX0rzZSp2enofria9YT3rOYGWHM6MsX_BiZZOzWmJJVEeIk1nkZFar-sxxgJtoV-o1JNMcqyMgtx5tIuszrPvXIM1q6-b5NBjCqAeZRJUqNYOPOVWsQmYBaDW_NiVD8PyzJHhS2jPzniyLvQLuehVHjc794kK9ZAFGPNzq=s0,thehungtd_full_art,Shining Star Dragon,https://sites.google.com/view/thehungtd/latest-artworks/2024/quarter-century-duelist-box,https://lh3.googleusercontent.com/sitesv/AG8ngQUaYBBPeDX8kjD8E7kSW_GX0rzZSp2enofria9YT3rOYGWHM6MsX_BiZZOzWmJJVEeIk1nkZFar-sxxgJtoV-o1JNMcqyMgtx5tIuszrPvXIM1q6-b5NBjCqAeZRJUqNYOPOVWsQmYBaDW_NiVD8PyzJHhS2jPzniyLvQLuehVHjc794kK9ZAFGPNzq=w1280,c8e7e300033d5062f69c109e8200f7c0044f655acd757336de042caa18b74d31,1200,,True
Centur-Ion,1da1SuwChL9MGlpSbdx4kKY1adfD77ZN0,captions/ygo4_0052.json,Monster,Centur-Ion Atrii,ygo4_0052,07233131322a5e1b,1da1SuwChL9MGlpSbdx4kKY1adfD77ZN0,new_card_first_release,,,images/ygo4_0052.png,passed_automated_decode_dimension_checks,2024-07-18,20200,1.0,exact_alias,Dragon,pending_konami_verification,1024,RGB,aa06141e83eb91cad285a755e664d0dc7ab571b07d2fb61621ba0b7ce9d18565,1024,96030710,,,thehungtd_full_art,https://lh3.googleusercontent.com/sitesv/AG8ngQVip_bIXKIoGUwohmerznrKweg09wpPOuh-4gS9cncpN0a_BBJQvU1J0vPeaqN9SzRST6yTB2gqtxNdbHYf4iKrkBwrg_OUDI2d7X9e6FhR22OcKfk8VMWwTSd1U4O5JKh6fA4Xvwqt-t2O60X_1UhAQH0cblvUbBuD-zEQZg6vCyrfs5TfKxyWwP8Qgpk=s0,2026-08-31T18:26:00+00:00,selected_pending_image_and_caption_qa,1200,https://lh3.googleusercontent.com/sitesv/AG8ngQVip_bIXKIoGUwohmerznrKweg09wpPOuh-4gS9cncpN0a_BBJQvU1J0vPeaqN9SzRST6yTB2gqtxNdbHYf4iKrkBwrg_OUDI2d7X9e6FhR22OcKfk8VMWwTSd1U4O5JKh6fA4Xvwqt-t2O60X_1UhAQH0cblvUbBuD-zEQZg6vCyrfs5TfKxyWwP8Qgpk=s0,thehungtd_full_art,Centur-Ion Atry,https://sites.google.com/view/thehungtd/latest-artworks/2024/infinite-forbidden,https://lh3.googleusercontent.com/sitesv/AG8ngQVip_bIXKIoGUwohmerznrKweg09wpPOuh-4gS9cncpN0a_BBJQvU1J0vPeaqN9SzRST6yTB2gqtxNdbHYf4iKrkBwrg_OUDI2d7X9e6FhR22OcKfk8VMWwTSd1U4O5JKh6fA4Xvwqt-t2O60X_1UhAQH0cblvUbBuD-zEQZg6vCyrfs5TfKxyWwP8Qgpk=w1280,f593bc0b64c8b752bba06e1884a6672742d7d6ca3262ebb376a4656e91c267cd,1200,,True
Light and Darkness Dragon,1t-hSq6uZZOn2YcyUtngw0WVRDVeHLwIU,captions/ygo4_0053.json,Monster,Dark End Evaporation Dragon,ygo4_0053,d86d332c6862c9b2,1t-hSq6uZZOn2YcyUtngw0WVRDVeHLwIU,new_card_first_release,,,images/ygo4_0053.png,passed_automated_decode_dimension_checks,2024-07-18,20190,1.0,exact_alias,Dragon,pending_konami_verification,1024,RGB,7f6325db84bc78ce8f5702507a0a96c04bd5ed503e5cf2e14b72991533baeceb,1024,62002838,,,thehungtd_full_art,https://lh3.googleusercontent.com/sitesv/AG8ngQVQAOa5iji3WxQwCgiEsa4GwLudaPFsB1hO-Bf6UyzC3NkJD_u3vSVA3ZMUrNuHRKMjSUdTc0NtPZJvTSBpa7Fm2xOjnF-4fr68qm-QVBR0gPXIIWe81NqNk6km6QueB87ajf32E17Jt4D0t-juNTLH8UVC3YqMaLCGEIesKOLCE2J5HGAlDPHZwkIXDMo=s0,2026-08-31T18:26:00+00:00,selected_pending_image_and_caption_qa,1200,https://lh3.googleusercontent.com/sitesv/AG8ngQVQAOa5iji3WxQwCgiEsa4GwLudaPFsB1hO-Bf6UyzC3NkJD_u3vSVA3ZMUrNuHRKMjSUdTc0NtPZJvTSBpa7Fm2xOjnF-4fr68qm-QVBR0gPXIIWe81NqNk6km6QueB87ajf32E17Jt4D0t-juNTLH8UVC3YqMaLCGEIesKOLCE2J5HGAlDPHZwkIXDMo=s0,thehungtd_full_art,Dark End Evaporation Dragon,https://sites.google.com/view/thehungtd/latest-artworks/2024/infinite-forbidden,https://lh3.googleusercontent.com/sitesv/AG8ngQVQAOa5iji3WxQwCgiEsa4GwLudaPFsB1hO-Bf6UyzC3NkJD_u3vSVA3ZMUrNuHRKMjSUdTc0NtPZJvTSBpa7Fm2xOjnF-4fr68qm-QVBR0gPXIIWe81NqNk6km6QueB87ajf32E17Jt4D0t-juNTLH8UVC3YqMaLCGEIesKOLCE2J5HGAlDPHZwkIXDMo=w1280,d01c0f720970fb4d6f0b5bd433f5d8f1671735a1b5b5500acf645e1161ad2484,1200,,True
,1HCplmC8MVJvDaN9-9oR1Mv1AxnlPsBxr,captions/ygo4_0054.json,Monster,Dora Dora,ygo4_0054,62e2c9ed6546c6e2,1HCplmC8MVJvDaN9-9oR1Mv1AxnlPsBxr,new_card_first_release,,,images/ygo4_0054.png,passed_automated_decode_dimension_checks,2024-07-18,20207,1.0,exact_alias,Dragon,pending_konami_verification,1024,RGB,ae2704ae5b9d765dfb94a4414fbf57d869ee9c0f75d6e462b74d06db954ba1e3,1024,11590299,,,thehungtd_full_art,https://lh3.googleusercontent.com/sitesv/AG8ngQUE3duO_KxB_6ye81mJE1uVnN1ymScGXcGkE4HAE0tvLXDQj5btz5G9SPFHNgudZUF7uyT4v3SRUarZqOKPx-DtBj9kd7IBITLOhozi0PEkz6RSPA6rvDXlod68PjhSZd3NyxC4pGyjoGzDDsz0tZtAPegVo1KVpKs74yS0vq5pn4LgaJOzNdi71oQAWo0=s0,2026-08-31T18:26:00+00:00,selected_pending_image_and_caption_qa,1200,https://lh3.googleusercontent.com/sitesv/AG8ngQUE3duO_KxB_6ye81mJE1uVnN1ymScGXcGkE4HAE0tvLXDQj5btz5G9SPFHNgudZUF7uyT4v3SRUarZqOKPx-DtBj9kd7IBITLOhozi0PEkz6RSPA6rvDXlod68PjhSZd3NyxC4pGyjoGzDDsz0tZtAPegVo1KVpKs74yS0vq5pn4LgaJOzNdi71oQAWo0=s0,thehungtd_full_art,Dora Draco,https://sites.google.com/view/thehungtd/latest-artworks/2024/infinite-forbidden,https://lh3.googleusercontent.com/sitesv/AG8ngQUE3duO_KxB_6ye81mJE1uVnN1ymScGXcGkE4HAE0tvLXDQj5btz5G9SPFHNgudZUF7uyT4v3SRUarZqOKPx-DtBj9kd7IBITLOhozi0PEkz6RSPA6rvDXlod68PjhSZd3NyxC4pGyjoGzDDsz0tZtAPegVo1KVpKs74yS0vq5pn4LgaJOzNdi71oQAWo0=w1280,26d993b2b0d03b8d51739862bd02b6c4bc301cf696c2dd31e714f8fdaf1c5b8a,1200,,True
,1ImP3VtRhCeXMRfo7-Ee1X8xKZSvZ91V-,captions/ygo4_0055.json,Monster,Dragon of Pride and Soul,ygo4_0055,0b2e4c618c4869af,1ImP3VtRhCeXMRfo7-Ee1X8xKZSvZ91V-,new_card_first_release,,,images/ygo4_0055.png,passed_automated_decode_dimension_checks,2024-07-18,20260,1.0,exact_alias,Dragon,pending_konami_verification,1024,RGB,e0c6e703b457353e8d57cd0b55cdce9569c02bdd953daac74773b97a6aa9ab3c,1024,96823189,,,thehungtd_full_art,https://lh3.googleusercontent.com/sitesv/AG8ngQW_tFSPY13UAsGYuYLQSQYykn7fzSr-qhSDFgsXN3yQOvz-zkq07btUyFlr5BCLSb3oNxYvmSG_s1QkVkX_PmZ9Kt8RrDhU3FLBl6o_QPjIBi42n5E1gXrIDjeDVas_gDETAqFwIeaDsgqubwEse90TbY1VeqzLGhDcMjrhRo8MzVP4iICh3igASvddJPI=s0,2026-08-31T18:26:00+00:00,selected_pending_image_and_caption_qa,1200,https://lh3.googleusercontent.com/sitesv/AG8ngQW_tFSPY13UAsGYuYLQSQYykn7fzSr-qhSDFgsXN3yQOvz-zkq07btUyFlr5BCLSb3oNxYvmSG_s1QkVkX_PmZ9Kt8RrDhU3FLBl6o_QPjIBi42n5E1gXrIDjeDVas_gDETAqFwIeaDsgqubwEse90TbY1VeqzLGhDcMjrhRo8MzVP4iICh3igASvddJPI=s0,thehungtd_full_art,Dragon of Soul and Pride,https://sites.google.com/view/thehungtd/latest-artworks/2024/infinite-forbidden,https://lh3.googleusercontent.com/sitesv/AG8ngQW_tFSPY13UAsGYuYLQSQYykn7fzSr-qhSDFgsXN3yQOvz-zkq07btUyFlr5BCLSb3oNxYvmSG_s1QkVkX_PmZ9Kt8RrDhU3FLBl6o_QPjIBi42n5E1gXrIDjeDVas_gDETAqFwIeaDsgqubwEse90TbY1VeqzLGhDcMjrhRo8MzVP4iICh3igASvddJPI=w1280,d9f82327d78234e9532bd91769cca3a2b8d4f980d69cda20c462d96f65a4db19,1200,,True
Light and Darkness Dragon,1qXOZIECc6qgi8lJxc4d77B4l8P8Q5VnW,captions/ygo4_0056.json,Monster,Light End Sublimation Dragon,ygo4_0056,c549c94b6e215459,1qXOZIECc6qgi8lJxc4d77B4l8P8Q5VnW,new_card_first_release,,,images/ygo4_0056.png,passed_automated_decode_dimension_checks,2024-07-18,20189,1.0,exact_alias,Dragon,pending_konami_verification,1024,RGB,07c2ad53df5aaa3ccdabd7e248c9986876f241e3e1c4034be986337058b7645d,1024,35614780,,,thehungtd_full_art,https://lh3.googleusercontent.com/sitesv/AG8ngQUjkZn6uO-g90zaVZukGDESq7p7fshehMFhyiEpK36OpqgfwuCJco41Sor5F99cM2xUm7BwwUsdrQREl7m4NIOerdEmqNJyaaybLc8rm_f331fFb0KAE0wpJTBt-EW6C6Xeba-aLFd5CDzu5LBQUwY8UZRK3NkLEuRdBXvUQcqoD5rmxbHoq-0atyLU9pw=s0,2026-08-31T18:26:00+00:00,selected_pending_image_and_caption_qa,1200,https://lh3.googleusercontent.com/sitesv/AG8ngQUjkZn6uO-g90zaVZukGDESq7p7fshehMFhyiEpK36OpqgfwuCJco41Sor5F99cM2xUm7BwwUsdrQREl7m4NIOerdEmqNJyaaybLc8rm_f331fFb0KAE0wpJTBt-EW6C6Xeba-aLFd5CDzu5LBQUwY8UZRK3NkLEuRdBXvUQcqoD5rmxbHoq-0atyLU9pw=s0,thehungtd_full_art,Light End Sublimation Dragon,https://sites.google.com/view/thehungtd/latest-artworks/2024/infinite-forbidden,https://lh3.googleusercontent.com/sitesv/AG8ngQUjkZn6uO-g90zaVZukGDESq7p7fshehMFhyiEpK36OpqgfwuCJco41Sor5F99cM2xUm7BwwUsdrQREl7m4NIOerdEmqNJyaaybLc8rm_f331fFb0KAE0wpJTBt-EW6C6Xeba-aLFd5CDzu5LBQUwY8UZRK3NkLEuRdBXvUQcqoD5rmxbHoq-0atyLU9pw=w1280,5ecfb6abe8a43dac233ffaca2c48e584c6754bec007cea62ef8f1a7b65cadd6c,1200,,True
Mimighoul,17Ersy3WUYxkoFMabdM90bJTcbxcgJc7y,captions/ygo4_0057.json,Monster,Mimighoul Dragon,ygo4_0057,d2c7a6c7b5b6bafc,17Ersy3WUYxkoFMabdM90bJTcbxcgJc7y,new_card_first_release,,,images/ygo4_0057.png,passed_automated_decode_dimension_checks,2024-07-18,20429,1.0,exact_alias,Dragon,pending_konami_verification,1024,RGB,4d695db5e8f6a1c19fc25cd4101f29164a82a45e50194e650436e340ea2a46ee,1024,81522098,,,thehungtd_full_art,https://lh3.googleusercontent.com/sitesv/AG8ngQU3v_yBkfRrPYZ3qXVnxRBlOhmANnVsd-5peKECPA75bdxSP88B_RcHHrUD4NWVe5ZeXqxRYU89vwoqlDTS5_76osyaDhKxybmI9AIkHZWVxj_AG_OJpQRoWvGV7tfWvkmQ3Cu2dxP5cWPhWAUiXobDU7CEMWAITf_RfkcIFSVtJXi-qKq9BT29ns4TND8=s0,2026-08-31T18:26:00+00:00,selected_pending_image_and_caption_qa,1200,https://lh3.googleusercontent.com/sitesv/AG8ngQU3v_yBkfRrPYZ3qXVnxRBlOhmANnVsd-5peKECPA75bdxSP88B_RcHHrUD4NWVe5ZeXqxRYU89vwoqlDTS5_76osyaDhKxybmI9AIkHZWVxj_AG_OJpQRoWvGV7tfWvkmQ3Cu2dxP5cWPhWAUiXobDU7CEMWAITf_RfkcIFSVtJXi-qKq9BT29ns4TND8=s0,thehungtd_full_art,Mimighoul Dragon,https://sites.google.com/view/thehungtd/latest-artworks/2024/infinite-forbidden,https://lh3.googleusercontent.com/sitesv/AG8ngQU3v_yBkfRrPYZ3qXVnxRBlOhmANnVsd-5peKECPA75bdxSP88B_RcHHrUD4NWVe5ZeXqxRYU89vwoqlDTS5_76osyaDhKxybmI9AIkHZWVxj_AG_OJpQRoWvGV7tfWvkmQ3Cu2dxP5cWPhWAUiXobDU7CEMWAITf_RfkcIFSVtJXi-qKq9BT29ns4TND8=w1280,6db7bee8aa4297a66372b4f084ac31d21fee81fbc117f09c6807039949701c56,1200,,True
Tenpai Dragon,1Laqh9ARfWvS9mmiNuA7427qbbCm0qSvX,captions/ygo4_0058.json,Monster,Tenpai Dragon Genroku,ygo4_0058,2b1b932b2d195b0e,1Laqh9ARfWvS9mmiNuA7427qbbCm0qSvX,new_card_first_release,,,images/ygo4_0058.png,passed_automated_decode_dimension_checks,2024-07-18,20198,1.0,exact_alias,Dragon,pending_konami_verification,1024,RGB,734ac49a3d085dd7bd52967f245b6717e816fa71a56bb7d111543281264a074c,1024,23657016,,,thehungtd_full_art,https://lh3.googleusercontent.com/sitesv/AG8ngQV88DH5ui-srm-L4xHmGmCyu91uLGsco8NkPns8Q8N5logVCzTl3tzL4pCD-CF8bwhVuCgfjue0jafex_5uDD8Q1s5PquDQlzx_6yerUwuBv8qZeDrgOFdrSp6wa-qspjmK_UgzOMTBHoc7uKm6wJZ9MvuoL7onkyI1YV5AsTkrp_66Ct8r6lTr-TO1FDE=s0,2026-08-31T18:26:00+00:00,selected_pending_image_and_caption_qa,1200,https://lh3.googleusercontent.com/sitesv/AG8ngQV88DH5ui-srm-L4xHmGmCyu91uLGsco8NkPns8Q8N5logVCzTl3tzL4pCD-CF8bwhVuCgfjue0jafex_5uDD8Q1s5PquDQlzx_6yerUwuBv8qZeDrgOFdrSp6wa-qspjmK_UgzOMTBHoc7uKm6wJZ9MvuoL7onkyI1YV5AsTkrp_66Ct8r6lTr-TO1FDE=s0,thehungtd_full_art,Tenpai Dragon of Genroku,https://sites.google.com/view/thehungtd/latest-artworks/2024/infinite-forbidden,https://lh3.googleusercontent.com/sitesv/AG8ngQV88DH5ui-srm-L4xHmGmCyu91uLGsco8NkPns8Q8N5logVCzTl3tzL4pCD-CF8bwhVuCgfjue0jafex_5uDD8Q1s5PquDQlzx_6yerUwuBv8qZeDrgOFdrSp6wa-qspjmK_UgzOMTBHoc7uKm6wJZ9MvuoL7onkyI1YV5AsTkrp_66Ct8r6lTr-TO1FDE=w1280,68ba6dcf98ffa5ccf7a9f10ee6302a0457f3a9801be4c2265a892fb31cbcb301,1200,,True
Blue-Eyes,14t8oyInFrFKul2bRZuB-tQ3MVCkurnz5,captions/ygo4_0059.json,Monster,Heart of the Blue-Eyes,ygo4_0059,43cba32535dd0f27,14t8oyInFrFKul2bRZuB-tQ3MVCkurnz5,new_card_first_release,,,images/ygo4_0059.png,passed_automated_decode_dimension_checks,2024-07-27,20480,1.0,exact_alias,Dragon,pending_konami_verification,1024,RGB,b2cf76a1c409db5769665b0f17b82a06066a229db78cee84eca70ea7015cc35e,1024,54475145,,,thehungtd_full_art,https://lh3.googleusercontent.com/sitesv/AG8ngQU3z9n94k6Q9yAQKps8tVzTJWfXjX2eZZxWWJJMEbIf-f4lm0UCUpL5veYp_7PZATWYwwVnMOIFxvUc094rssbIzihwdVSbLdBTI_MvTPhchXRT83orpiBi_BIs6zSGgKGMn02XIuaO_9vwSyqu87cwtMS4lK7SaWz0n_lNitNrMjTD2lycqhZjYrE1OXY=s0,2026-08-31T18:25:58+00:00,selected_pending_image_and_caption_qa,1200,https://lh3.googleusercontent.com/sitesv/AG8ngQU3z9n94k6Q9yAQKps8tVzTJWfXjX2eZZxWWJJMEbIf-f4lm0UCUpL5veYp_7PZATWYwwVnMOIFxvUc094rssbIzihwdVSbLdBTI_MvTPhchXRT83orpiBi_BIs6zSGgKGMn02XIuaO_9vwSyqu87cwtMS4lK7SaWz0n_lNitNrMjTD2lycqhZjYrE1OXY=s0,thehungtd_full_art,Blue-Eyes of the Heart,https://sites.google.com/view/thehungtd/latest-artworks/2024/rage-of-the-abyss,https://lh3.googleusercontent.com/sitesv/AG8ngQU3z9n94k6Q9yAQKps8tVzTJWfXjX2eZZxWWJJMEbIf-f4lm0UCUpL5veYp_7PZATWYwwVnMOIFxvUc094rssbIzihwdVSbLdBTI_MvTPhchXRT83orpiBi_BIs6zSGgKGMn02XIuaO_9vwSyqu87cwtMS4lK7SaWz0n_lNitNrMjTD2lycqhZjYrE1OXY=w1280,56d1f6f858c9ccb6131aefd082792d5a09a055901976f2d1a84b1d9461c47029,1200,,True
,1uAcmcF1MGvC5kFpA95GjILK0LEmqWdnc,captions/ygo4_0060.json,Monster,Khaos Starsource Dragon,ygo4_0060,616d296d751b393d,1uAcmcF1MGvC5kFpA95GjILK0LEmqWdnc,new_card_first_release,,,images/ygo4_0060.png,passed_automated_decode_dimension_checks,2024-07-27,20510,1.0,exact_alias,Dragon,pending_konami_verification,1024,RGB,c011d9e2ca59976a06f55ade74d3886c1f010505ab598c4a95006501ae30d196,1024,72578374,,,thehungtd_drive_original,https://drive.usercontent.google.com/download?id=1uAcmcF1MGvC5kFpA95GjILK0LEmqWdnc&export=download&authuser=0&confirm=t,2026-08-31T18:25:58+00:00,selected_pending_image_and_caption_qa,1200,https://lh3.googleusercontent.com/sitesv/AG8ngQVIABtqkeYUrvHn86giv4OfkgiUYGlnbN-1R2X3Y1cj-dwN0FFVhvpNieuc2NdEzRF7XQqBJQIdppsmOxYSFUEVvfVuwqLDVG8rvz5g18Y9tj0_gV32UsGjRsXLoBLrGfvLw_CFFmvRCzE2BpvG30kHoy2D0T2Iv6Nhc5D6PYz41WHMBv_UkFLBtmtCAJM=s0,thehungtd_full_art,Protostar Dragon of the Void,https://sites.google.com/view/thehungtd/latest-artworks/2024/rage-of-the-abyss,https://lh3.googleusercontent.com/sitesv/AG8ngQVIABtqkeYUrvHn86giv4OfkgiUYGlnbN-1R2X3Y1cj-dwN0FFVhvpNieuc2NdEzRF7XQqBJQIdppsmOxYSFUEVvfVuwqLDVG8rvz5g18Y9tj0_gV32UsGjRsXLoBLrGfvLw_CFFmvRCzE2BpvG30kHoy2D0T2Iv6Nhc5D6PYz41WHMBv_UkFLBtmtCAJM=w1280,b6d3b1c661905b1ea432bc8fb493c620bb9c7ede09fd1b57b565a0b199df5d95,1200,,True
Primite,1ppAz3Y8tVv_dBabYVn34QD_kQMm4M0Nx,captions/ygo4_0061.json,Monster,Primite Imperial Dragon,ygo4_0061,69f1d4fbb33e0f0f,1ppAz3Y8tVv_dBabYVn34QD_kQMm4M0Nx,new_card_first_release,,,images/ygo4_0061.png,passed_automated_decode_dimension_checks,2024-07-27,20489,1.0,exact_alias,Dragon,pending_konami_verification,1024,RGB,24721ab3ce991be9b38072d12734d833b2ee7be6d28c1e3234517f4c3d9e57f9,1024,81418467,,,thehungtd_full_art,https://lh3.googleusercontent.com/sitesv/AG8ngQX3CQJfaM573Zh3EbKKaTSVEEzGzR8nfwrWtRq5bUXLQO1fKWPmuPR_GN0KNJ6TaRc1b0dVinDkKDCTEFpaMG07GrV30pVdi5lkOSx7eqfy_sXDzLtpLI8iOlMt4qJxa-PfLgwjaSJ_VFyfJRHViIndZawA9twhBqzdS0uR5DWAiqHvMYTVkbJXZcw=s0,2026-08-31T18:25:58+00:00,selected_pending_image_and_caption_qa,1200,https://lh3.googleusercontent.com/sitesv/AG8ngQX3CQJfaM573Zh3EbKKaTSVEEzGzR8nfwrWtRq5bUXLQO1fKWPmuPR_GN0KNJ6TaRc1b0dVinDkKDCTEFpaMG07GrV30pVdi5lkOSx7eqfy_sXDzLtpLI8iOlMt4qJxa-PfLgwjaSJ_VFyfJRHViIndZawA9twhBqzdS0uR5DWAiqHvMYTVkbJXZcw=s0,thehungtd_full_art,Imperial Dragon the Primoredial Dragon,https://sites.google.com/view/thehungtd/latest-artworks/2024/rage-of-the-abyss,https://lh3.googleusercontent.com/sitesv/AG8ngQX3CQJfaM573Zh3EbKKaTSVEEzGzR8nfwrWtRq5bUXLQO1fKWPmuPR_GN0KNJ6TaRc1b0dVinDkKDCTEFpaMG07GrV30pVdi5lkOSx7eqfy_sXDzLtpLI8iOlMt4qJxa-PfLgwjaSJ_VFyfJRHViIndZawA9twhBqzdS0uR5DWAiqHvMYTVkbJXZcw=w1280,38efc959c47d4efb490a790b4e8f4b2458aac11afd5dfb25045adeccd464bf7c,1200,,True
,1h8LIpoJFDMkWCwulh_ljotIULpdivChi,captions/ygo4_0062.json,Monster,Ultimate Dragon of Pride and Soul,ygo4_0062,71710f0f33337b4e,1h8LIpoJFDMkWCwulh_ljotIULpdivChi,new_card_first_release,,,images/ygo4_0062.png,passed_automated_decode_dimension_checks,2024-07-27,20557,1.0,exact_alias,Dragon,pending_konami_verification,1024,RGB,52deee57a774e411ea9f47d4179f7fa172827c4038f1046d34263c528a1b0ad6,1024,3149401,,,thehungtd_drive_original,https://drive.usercontent.google.com/download?id=1h8LIpoJFDMkWCwulh_ljotIULpdivChi&export=download&authuser=0&confirm=t,2026-08-31T18:25:58+00:00,selected_pending_image_and_caption_qa,1200,https://lh3.googleusercontent.com/sitesv/AG8ngQWr6o4WQ8tqEMy1DYNwHQdzZYwjgSWqrsJH-cwiCHNY7eAyxdOEtbvvESOKZh6B74_RGZ2fmYtDM_E5Yp_QBihWzo_XwmrbvUvhsm6B7X3LYxVL6mmmn7wBvIXaLFVbZSyPUMzTVG_aPq6cZS0P792WC7a-C5rrQC3eaVCSTHrotIik87bq5tSe60wrQXI=s0,thehungtd_full_art,Ultimate Dragon of Pride and Soul,https://sites.google.com/view/thehungtd/latest-artworks/2024/rage-of-the-abyss,https://lh3.googleusercontent.com/sitesv/AG8ngQWr6o4WQ8tqEMy1DYNwHQdzZYwjgSWqrsJH-cwiCHNY7eAyxdOEtbvvESOKZh6B74_RGZ2fmYtDM_E5Yp_QBihWzo_XwmrbvUvhsm6B7X3LYxVL6mmmn7wBvIXaLFVbZSyPUMzTVG_aPq6cZS0P792WC7a-C5rrQC3eaVCSTHrotIik87bq5tSe60wrQXI=w1280,d4d552ceea97cbb5f230e9961732d8168e8c74a8f524003999913696ce9246e1,1200,,True
Materiactor,153lGprNSzjQFlrQjhVAsev_ZZK52_Eog,captions/ygo4_0063.json,Monster,Materiactor Exagard,ygo4_0063,6d54a51e22178963,153lGprNSzjQFlrQjhVAsev_ZZK52_Eog,new_card_first_release,,,images/ygo4_0063.png,passed_automated_decode_dimension_checks,2025-01-23,20782,1.0,exact_alias,Dragon,pending_konami_verification,1024,RGB,19c4646e928a62114d34d4900bfb354a6dfe10e33165d2883c0af35d9916f007,1024,72409226,,,thehungtd_full_art,https://lh3.googleusercontent.com/sitesv/AG8ngQU30TfOQl84PjYgaYqIDcxqEaiaPqJSbmHQ9d_p3IAxsxTAOQ7v3GbEilT4S9DLbQFAQaldAUU6MR1yHq2NcEYpMuveW5VOmXqukTFeoo4ZlmTBVrYAl0ZpKyrdaKEv0KxsH0-QIW5bHr2qv8lAYTHkQFdKSrPJ2g7MUQVjaOIPV_5g9ynRfht7zRRSksw=s0,2026-08-31T18:25:56+00:00,selected_pending_image_and_caption_qa,1200,https://lh3.googleusercontent.com/sitesv/AG8ngQU30TfOQl84PjYgaYqIDcxqEaiaPqJSbmHQ9d_p3IAxsxTAOQ7v3GbEilT4S9DLbQFAQaldAUU6MR1yHq2NcEYpMuveW5VOmXqukTFeoo4ZlmTBVrYAl0ZpKyrdaKEv0KxsH0-QIW5bHr2qv8lAYTHkQFdKSrPJ2g7MUQVjaOIPV_5g9ynRfht7zRRSksw=s0,thehungtd_full_art,Materiactor Exagard,https://sites.google.com/view/thehungtd/latest-artworks/2024/supreme-darkness,https://lh3.googleusercontent.com/sitesv/AG8ngQU30TfOQl84PjYgaYqIDcxqEaiaPqJSbmHQ9d_p3IAxsxTAOQ7v3GbEilT4S9DLbQFAQaldAUU6MR1yHq2NcEYpMuveW5VOmXqukTFeoo4ZlmTBVrYAl0ZpKyrdaKEv0KxsH0-QIW5bHr2qv8lAYTHkQFdKSrPJ2g7MUQVjaOIPV_5g9ynRfht7zRRSksw=w1280,b7059cd47e1ffffb28b08acbd24fef4a541450ee91efaa50f96dde649857eef9,1200,,True
Materiactor,1R2xv6Ze0be7dqnvoA0BikND7g9U3tjhq,captions/ygo4_0064.json,Monster,Materiactor Exareptor,ygo4_0064,3371963e7b193526,1R2xv6Ze0be7dqnvoA0BikND7g9U3tjhq,new_card_first_release,,,images/ygo4_0064.png,passed_automated_decode_dimension_checks,2025-01-23,20750,1.0,exact_alias,Dragon,pending_konami_verification,1024,RGB,717641eef2f36d2e9a81e76d89f7510cd948a70ba24b2fc1f913747a101a46d7,1024,37426272,,,thehungtd_full_art,https://lh3.googleusercontent.com/sitesv/AG8ngQXYUObIH0H6I4wCS1hJuiF8vJdICqNPlDXpD5IDhCe5mVrtzG_xJqsW8RXNYKvFj89xLMm8Q8vil-Afa581d4wPtHBeoI14BpMdYM0MQ-rkldgOhRtMAK-MTxnMUOMuc7epwn2eCnuLKbSw6mKny-ZPhWEjHmrHL_h9-cL-qk3d7JEy5zU_ksHrr9sx=s0,2026-08-31T18:25:56+00:00,selected_pending_image_and_caption_qa,1200,https://lh3.googleusercontent.com/sitesv/AG8ngQXYUObIH0H6I4wCS1hJuiF8vJdICqNPlDXpD5IDhCe5mVrtzG_xJqsW8RXNYKvFj89xLMm8Q8vil-Afa581d4wPtHBeoI14BpMdYM0MQ-rkldgOhRtMAK-MTxnMUOMuc7epwn2eCnuLKbSw6mKny-ZPhWEjHmrHL_h9-cL-qk3d7JEy5zU_ksHrr9sx=s0,thehungtd_full_art,Materiactor Exarept,https://sites.google.com/view/thehungtd/latest-artworks/2024/supreme-darkness,https://lh3.googleusercontent.com/sitesv/AG8ngQXYUObIH0H6I4wCS1hJuiF8vJdICqNPlDXpD5IDhCe5mVrtzG_xJqsW8RXNYKvFj89xLMm8Q8vil-Afa581d4wPtHBeoI14BpMdYM0MQ-rkldgOhRtMAK-MTxnMUOMuc7epwn2eCnuLKbSw6mKny-ZPhWEjHmrHL_h9-cL-qk3d7JEy5zU_ksHrr9sx=w1280,6e79717f177d5de36fada6698f933ec95131d5df14337370748c45a1cd79556a,1200,,True
Materiactor,1W0JxCpf-qbOTjDyBNtDC_efvgfWa3aIt,captions/ygo4_0065.json,Monster,Materiactor Zeptwing,ygo4_0065,4e9c0a62732a2325,1W0JxCpf-qbOTjDyBNtDC_efvgfWa3aIt,new_card_first_release,,,images/ygo4_0065.png,passed_automated_decode_dimension_checks,2025-01-23,20751,1.0,exact_alias,Dragon,pending_konami_verification,1024,RGB,f4df69fbaebcc9ebc9f0c8a4a0dc6700d48440dd6e8ad338205484c35292f37d,1024,64911387,,,thehungtd_full_art,https://lh3.googleusercontent.com/sitesv/AG8ngQVn2pBhCJq_G7kriA5L9UQSSTYxxBwiLtGjc10mOhKnBxAnEPH96o24oaOqMEB-2QCMzVWvyGYNY2xhGxFctRKJ0OAwwj4Xao1rX6J5Zv3R6UwLBdJ1d9T3A7PwLza1AoCZu5E0Cy0l22E6fZ0QMeEo-mU3n0uKL4NEtxeL13fz8sfVNcOZB32X5zisXSE=s0,2026-08-31T18:25:56+00:00,selected_pending_image_and_caption_qa,1200,https://lh3.googleusercontent.com/sitesv/AG8ngQVn2pBhCJq_G7kriA5L9UQSSTYxxBwiLtGjc10mOhKnBxAnEPH96o24oaOqMEB-2QCMzVWvyGYNY2xhGxFctRKJ0OAwwj4Xao1rX6J5Zv3R6UwLBdJ1d9T3A7PwLza1AoCZu5E0Cy0l22E6fZ0QMeEo-mU3n0uKL4NEtxeL13fz8sfVNcOZB32X5zisXSE=s0,thehungtd_full_art,Materiactor Zeptowing,https://sites.google.com/view/thehungtd/latest-artworks/2024/supreme-darkness,https://lh3.googleusercontent.com/sitesv/AG8ngQVn2pBhCJq_G7kriA5L9UQSSTYxxBwiLtGjc10mOhKnBxAnEPH96o24oaOqMEB-2QCMzVWvyGYNY2xhGxFctRKJ0OAwwj4Xao1rX6J5Zv3R6UwLBdJ1d9T3A7PwLza1AoCZu5E0Cy0l22E6fZ0QMeEo-mU3n0uKL4NEtxeL13fz8sfVNcOZB32X5zisXSE=w1280,ec7a8169c2c256253efb3a6efec24cbef10d7a065a15406daa62a5125d8eaccc,1200,,True
-Eyes Dragon,1CZUW8wtprFNxRtL7Q2ac__4BlJo5pRkR,captions/ygo4_0066.json,Monster,Snake-Eyes Doomed Dragon,ygo4_0066,c4c4d5d46539ce06,1CZUW8wtprFNxRtL7Q2ac__4BlJo5pRkR,new_card_first_release,,,images/ygo4_0066.png,passed_automated_decode_dimension_checks,2025-01-23,20772,1.0,exact_alias,Dragon,pending_konami_verification,1024,RGB,ee77a7c7a4abf59e053f17140106a7c39319cfa05ed8824177b9f52400aa47ea,1024,58071334,,,thehungtd_full_art,https://lh3.googleusercontent.com/sitesv/AG8ngQWEIX-yBb3nYNrDMp34Jt_gzi2b1VXsqtpcj82MZMQUGXehcp1qzpBf5MqoEz2YN1JcrXmfFP4Pje0aXx32FUCJFmrD3iesqkwJPGqSuzAgj4Lmz8cmf6thruDTzCs2E5sz2orEI-scZTtpXlE71EgnszKJ9JB6yOIZVAPhJ4Ar9jZtyV8Kwit1Fl4Q-8M=s0,2026-08-31T18:25:56+00:00,selected_pending_image_and_caption_qa,1200,https://lh3.googleusercontent.com/sitesv/AG8ngQWEIX-yBb3nYNrDMp34Jt_gzi2b1VXsqtpcj82MZMQUGXehcp1qzpBf5MqoEz2YN1JcrXmfFP4Pje0aXx32FUCJFmrD3iesqkwJPGqSuzAgj4Lmz8cmf6thruDTzCs2E5sz2orEI-scZTtpXlE71EgnszKJ9JB6yOIZVAPhJ4Ar9jZtyV8Kwit1Fl4Q-8M=s0,thehungtd_full_art,Snake-Eyes Damned Dragon,https://sites.google.com/view/thehungtd/latest-artworks/2024/supreme-darkness,https://lh3.googleusercontent.com/sitesv/AG8ngQWEIX-yBb3nYNrDMp34Jt_gzi2b1VXsqtpcj82MZMQUGXehcp1qzpBf5MqoEz2YN1JcrXmfFP4Pje0aXx32FUCJFmrD3iesqkwJPGqSuzAgj4Lmz8cmf6thruDTzCs2E5sz2orEI-scZTtpXlE71EgnszKJ9JB6yOIZVAPhJ4Ar9jZtyV8Kwit1Fl4Q-8M=w1280,3ab69a1607921f7b43dfd1198badedf31235ba2f661b25bb0a96fc40db858d22,1200,,True
Blue-Eyes,13CQRwrVnlqsujQZNTKGMeD68SZVki1Ge,captions/ygo4_0067.json,Monster,Blue-Eyes Ultimate Spirit Dragon,ygo4_0067,6e261f159983a38d,13CQRwrVnlqsujQZNTKGMeD68SZVki1Ge,new_card_first_release,,,images/ygo4_0067.png,passed_automated_decode_dimension_checks,2025-02-13,20607,1.0,exact_alias,Dragon,pending_konami_verification,1024,RGB,6437b388f12bcbc423cc2fc68aec0f29eed0d86a136836185d2bddc64b166440,1024,89604813,,,thehungtd_full_art,https://lh3.googleusercontent.com/sitesv/AG8ngQVwc3wQhoYDeHWk5zLRZJcXr_A9Db5AKnSI1TONZ6Kfq21PHA5i8qZH8ulL7ZLF8frX79rZZrwrQsei5bPguQoi3CLunReLDb6hS-VCzGw8QveyrNCIocisOzu2IVb0rPLjC3NvLdK4gMxaaqGUo_aUs-pp50oe46JcNdKJ15LTflMox61uTr5kEktFh_c=s0,2026-08-31T18:25:58+00:00,selected_pending_image_and_caption_qa,1200,https://lh3.googleusercontent.com/sitesv/AG8ngQVwc3wQhoYDeHWk5zLRZJcXr_A9Db5AKnSI1TONZ6Kfq21PHA5i8qZH8ulL7ZLF8frX79rZZrwrQsei5bPguQoi3CLunReLDb6hS-VCzGw8QveyrNCIocisOzu2IVb0rPLjC3NvLdK4gMxaaqGUo_aUs-pp50oe46JcNdKJ15LTflMox61uTr5kEktFh_c=s0,thehungtd_full_art,Blue-Eyes Spirit Ultimate Dragon,https://sites.google.com/view/thehungtd/latest-artworks/2024/structure-deck-advent-of-the-eyes-of-blue,https://lh3.googleusercontent.com/sitesv/AG8ngQVwc3wQhoYDeHWk5zLRZJcXr_A9Db5AKnSI1TONZ6Kfq21PHA5i8qZH8ulL7ZLF8frX79rZZrwrQsei5bPguQoi3CLunReLDb6hS-VCzGw8QveyrNCIocisOzu2IVb0rPLjC3NvLdK4gMxaaqGUo_aUs-pp50oe46JcNdKJ15LTflMox61uTr5kEktFh_c=w1280,b5195d1e4149f73035b0eaf073b91040429246c14f171079da271f4efcccb8e6,1200,,True
,1QG55ljerI-l-WRji4oWPdaioWAmZMrRv,captions/ygo4_0068.json,Monster,Indigo-Eyes Silver Dragon,ygo4_0068,2f4e1a1b0f32d96c,1QG55ljerI-l-WRji4oWPdaioWAmZMrRv,new_card_first_release,,,images/ygo4_0068.png,passed_automated_decode_dimension_checks,2025-02-13,20608,1.0,exact_alias,Dragon,pending_konami_verification,1024,RGB,63ae1b04fa889ed17b37a0cc708954ddb5d3525101b8309e0b8a625ee4901bb6,1024,16699558,,,thehungtd_full_art,https://lh3.googleusercontent.com/sitesv/AG8ngQX14hRxfmASd5oeT0n1VlGK1qAwbF88-Ese6jYNmvtqIxdIrDcFHH4jlDQpOT6YiITN2Rm719IzAJqyA4z02EoL3SkWLUUedfEDhFHEyydLQsQczNDZxLyhaA4GAoDxd7PyXnKKqjsD6ciQuAY3XG0ClPT6Htkq_qK9AZ8_Ivsy7PaEvDDOjLbDyi-v=s0,2026-08-31T18:25:58+00:00,selected_pending_image_and_caption_qa,1200,https://lh3.googleusercontent.com/sitesv/AG8ngQX14hRxfmASd5oeT0n1VlGK1qAwbF88-Ese6jYNmvtqIxdIrDcFHH4jlDQpOT6YiITN2Rm719IzAJqyA4z02EoL3SkWLUUedfEDhFHEyydLQsQczNDZxLyhaA4GAoDxd7PyXnKKqjsD6ciQuAY3XG0ClPT6Htkq_qK9AZ8_Ivsy7PaEvDDOjLbDyi-v=s0,thehungtd_full_art,Indigo-Eyes Silver Dragon,https://sites.google.com/view/thehungtd/latest-artworks/2024/structure-deck-advent-of-the-eyes-of-blue,https://lh3.googleusercontent.com/sitesv/AG8ngQX14hRxfmASd5oeT0n1VlGK1qAwbF88-Ese6jYNmvtqIxdIrDcFHH4jlDQpOT6YiITN2Rm719IzAJqyA4z02EoL3SkWLUUedfEDhFHEyydLQsQczNDZxLyhaA4GAoDxd7PyXnKKqjsD6ciQuAY3XG0ClPT6Htkq_qK9AZ8_Ivsy7PaEvDDOjLbDyi-v=w1280,71ccc3651e0cc130636f7c5355a9baa59eb10ec65160cd2491dbfd514a4bae42,1200,,True
,1q7QAWpQzzRY41_UcXnvRXuA9Zj52jJs3,captions/ygo4_0069.json,Monster,Neo Kaiser Sea Horse,ygo4_0069,33134dd475593384,1q7QAWpQzzRY41_UcXnvRXuA9Zj52jJs3,new_card_first_release,,,images/ygo4_0069.png,passed_automated_decode_dimension_checks,2025-02-13,20603,1.0,exact_alias,Dragon,pending_konami_verification,1024,RGB,fb6c68f8ee82a7b5f1b97ddf9048deece87e2806282d77257d987a6ebf60276f,1024,54332792,,,thehungtd_full_art,https://lh3.googleusercontent.com/sitesv/AG8ngQXp4STw_kxwpEG1ftebJ0PkItqsaO0YGgSlZoRNLgK9wJN1-Yp4FyHEHvqMz3HNyIVw5Vn1nluQcD7wsDdPhdEPtXi4BdAtNicJjDlJNZUZJJAZN-4nw-ejFR14zrbVvD0ZVmzrk_DH1cyvsFkMngD1SspNB9YNnHPzPKra3H3KC3CRcFJhc7a2R4oR=s0,2026-08-31T18:25:58+00:00,selected_pending_image_and_caption_qa,1200,https://lh3.googleusercontent.com/sitesv/AG8ngQXp4STw_kxwpEG1ftebJ0PkItqsaO0YGgSlZoRNLgK9wJN1-Yp4FyHEHvqMz3HNyIVw5Vn1nluQcD7wsDdPhdEPtXi4BdAtNicJjDlJNZUZJJAZN-4nw-ejFR14zrbVvD0ZVmzrk_DH1cyvsFkMngD1SspNB9YNnHPzPKra3H3KC3CRcFJhc7a2R4oR=s0,thehungtd_full_art,Neo Kaiser Sea Horse,https://sites.google.com/view/thehungtd/latest-artworks/2024/structure-deck-advent-of-the-eyes-of-blue,https://lh3.googleusercontent.com/sitesv/AG8ngQXp4STw_kxwpEG1ftebJ0PkItqsaO0YGgSlZoRNLgK9wJN1-Yp4FyHEHvqMz3HNyIVw5Vn1nluQcD7wsDdPhdEPtXi4BdAtNicJjDlJNZUZJJAZN-4nw-ejFR14zrbVvD0ZVmzrk_DH1cyvsFkMngD1SspNB9YNnHPzPKra3H3KC3CRcFJhc7a2R4oR=w1280,fed3af57f26b4836966ef9a3602d8349d72fc5db101487dd22025dedd7670d18,1200,,True
with Eyes of Blue,1V-A3NoWWh1HW6ci3HR-5yaO2fWNWnAfJ,captions/ygo4_0070.json,Monster,Spirit with Eyes of Blue,ygo4_0070,85856f2e63c14d63,1V-A3NoWWh1HW6ci3HR-5yaO2fWNWnAfJ,new_card_first_release,,,images/ygo4_0070.png,passed_automated_decode_dimension_checks,2025-02-13,20609,1.0,exact_alias,Dragon,pending_konami_verification,1024,RGB,ac33b4fd67368e2f00bbebdef655d16e0925a09814a0849e00bcf283f8c2a501,1024,42097666,,,thehungtd_full_art,https://lh3.googleusercontent.com/sitesv/AG8ngQU9QCqy8OOIgFkUQHMJO3iOmgI_ufGSQDq2lhJ4tt-5CVBFr3ZW0FDZcbSzzmILyj4Wr-dBi7aUOqZEO7XxAVWRZLvgKnW9wvJUJit458tZsftsW-RHu8VeCDSMcvbzACZg0CCvoe9-zQlYhMnJZ4EjmQJaCU8n5GAVQkLpySr-1wpEPswV68m9tzGE=s0,2026-08-31T18:25:58+00:00,selected_pending_image_and_caption_qa,1200,https://lh3.googleusercontent.com/sitesv/AG8ngQU9QCqy8OOIgFkUQHMJO3iOmgI_ufGSQDq2lhJ4tt-5CVBFr3ZW0FDZcbSzzmILyj4Wr-dBi7aUOqZEO7XxAVWRZLvgKnW9wvJUJit458tZsftsW-RHu8VeCDSMcvbzACZg0CCvoe9-zQlYhMnJZ4EjmQJaCU8n5GAVQkLpySr-1wpEPswV68m9tzGE=s0,thehungtd_full_art,Spirit with Eyes of Blue,https://sites.google.com/view/thehungtd/latest-artworks/2024/structure-deck-advent-of-the-eyes-of-blue,https://lh3.googleusercontent.com/sitesv/AG8ngQU9QCqy8OOIgFkUQHMJO3iOmgI_ufGSQDq2lhJ4tt-5CVBFr3ZW0FDZcbSzzmILyj4Wr-dBi7aUOqZEO7XxAVWRZLvgKnW9wvJUJit458tZsftsW-RHu8VeCDSMcvbzACZg0CCvoe9-zQlYhMnJZ4EjmQJaCU8n5GAVQkLpySr-1wpEPswV68m9tzGE=w1280,50e88859aa1ba7c55807a18da5099171d26267c86158eb5ca740a3c7663f85b5,1200,,True
,1Ckkf3Bd8wgHcNLhdfoESTMvfDEinvTo9,captions/ygo4_0071.json,Monster,Divine Golden Shadow Dragon Dragluxion,ygo4_0071,56d622ebeb9958d0,1Ckkf3Bd8wgHcNLhdfoESTMvfDEinvTo9,new_card_first_release,,,images/ygo4_0071.png,passed_automated_decode_dimension_checks,2025-03-13,20280,1.0,exact_alias,Dragon,pending_konami_verification,1024,RGB,63bdb7564dd43824e28d683e95e0ce6227035e4d5070007884ad17c13af79c30,1024,44698398,,,thehungtd_full_art,https://lh3.googleusercontent.com/sitesv/AG8ngQUKxo1-iOF1oNZ2MUfJg1jsb8CxLR4s0fk671LQX_MEmc3DKRiufM-TSYirhhjgok0aWs7RGrlyQSVeNt6pIsW03dlFEVEu6Wt2G3n8biyahs-epZfG8f6sLMU93aXxaEYSoxflySGSUf_e0ry06gnUcJ-j2W8yo7MMNl0sc3RkFGh0BI4NocAHm_m1=s0,2026-08-31T18:26:01+00:00,selected_pending_image_and_caption_qa,1200,https://lh3.googleusercontent.com/sitesv/AG8ngQUKxo1-iOF1oNZ2MUfJg1jsb8CxLR4s0fk671LQX_MEmc3DKRiufM-TSYirhhjgok0aWs7RGrlyQSVeNt6pIsW03dlFEVEu6Wt2G3n8biyahs-epZfG8f6sLMU93aXxaEYSoxflySGSUf_e0ry06gnUcJ-j2W8yo7MMNl0sc3RkFGh0BI4NocAHm_m1=s0,thehungtd_full_art,Dragluxion,https://sites.google.com/view/thehungtd/latest-artworks/2024/duelist-pack-duelists-of-brilliance,https://lh3.googleusercontent.com/sitesv/AG8ngQUKxo1-iOF1oNZ2MUfJg1jsb8CxLR4s0fk671LQX_MEmc3DKRiufM-TSYirhhjgok0aWs7RGrlyQSVeNt6pIsW03dlFEVEu6Wt2G3n8biyahs-epZfG8f6sLMU93aXxaEYSoxflySGSUf_e0ry06gnUcJ-j2W8yo7MMNl0sc3RkFGh0BI4NocAHm_m1=w1280,20ec1cc1f4c351106095ee884f8fb29f10ff7c4f51bc621d931ec542a8c1af9d,1200,,True
Gem Dragon,1KGUqAh6wK2FsgIHSPF7tcWwF79BJKqLo,captions/ygo4_0072.json,Monster,Dragolithia Kunzite,ygo4_0072,8b29294fd5496137,1KGUqAh6wK2FsgIHSPF7tcWwF79BJKqLo,new_card_first_release,,,images/ygo4_0072.png,passed_automated_decode_dimension_checks,2025-05-01,20835,1.0,exact_alias,Dragon,pending_konami_verification,1024,RGB,9bfa878d1aff6824117c6de455d05c556182d848da5fa74335638383930db068,1024,48705086,,,thehungtd_drive_original,https://drive.usercontent.google.com/download?id=1KGUqAh6wK2FsgIHSPF7tcWwF79BJKqLo&export=download&authuser=0&confirm=t,2026-08-31T18:25:56+00:00,selected_pending_image_and_caption_qa,1200,https://lh3.googleusercontent.com/sitesv/AG8ngQVvH8fZFwmJmcUgwiVp4j95Q0ypRKtC_X29SFctjGqdEIfoPZnmUdyZcxNQczlvRpiPaBkno5ddXwhgbI4BEk7LYcMe3Dxf-AC5wZd8rBcDnCbE-PVbfpME9urFfi4Ov9_oq7XsHHqMy5-shz9z8YJ2YKTooeFc6JmSYhobjcN7fN2Iwj_FvYlaxXOPkSU=s0,thehungtd_full_art,Dragolithia Kunzite,https://sites.google.com/view/thehungtd/latest-artworks/2024/other,https://lh3.googleusercontent.com/sitesv/AG8ngQVvH8fZFwmJmcUgwiVp4j95Q0ypRKtC_X29SFctjGqdEIfoPZnmUdyZcxNQczlvRpiPaBkno5ddXwhgbI4BEk7LYcMe3Dxf-AC5wZd8rBcDnCbE-PVbfpME9urFfi4Ov9_oq7XsHHqMy5-shz9z8YJ2YKTooeFc6JmSYhobjcN7fN2Iwj_FvYlaxXOPkSU=w1280,52aeb768b6cee2e26067cd1169dfd868e970f391c8efef2d218aefb36cb070b9,1200,,True
Albaz Dragon,1uu2yGrGBG6XDrRVQvO8x97edXhEe6Ryx,captions/ygo4_0073.json,Monster,Alba System Dogmatikalamity,ygo4_0073,0b4d94b68c924243,1uu2yGrGBG6XDrRVQvO8x97edXhEe6Ryx,new_card_first_release,,,images/ygo4_0073.png,passed_automated_decode_dimension_checks,2025-06-13,20469,1.0,exact_alias,Dragon,pending_konami_verification,1024,RGB,3551c849e31227898db1204a5f66125a6d41d1e3f43bd08254366b4ee2f305bd,1024,93053159,,,thehungtd_full_art,https://lh3.googleusercontent.com/sitesv/AG8ngQX3VKAfzIIl9y0WG1WRXIaEcy5cVsjKKiC83dksQBPi61NFiJ2lAy6-tzVDu_jRNjKp0WbqQeTXB421sAUSdoV6S6CGaHDKSHB_rSJBRtkRl1sc7B-KrANhFVgamMpTBnjR4Pk2KV_gd2gQP1Tn_JHFtCKWWvljXw3uSy04aR7p1sPWd6PobMbaMn3u=s0,2026-08-31T18:25:56+00:00,selected_pending_image_and_caption_qa,1200,https://lh3.googleusercontent.com/sitesv/AG8ngQX3VKAfzIIl9y0WG1WRXIaEcy5cVsjKKiC83dksQBPi61NFiJ2lAy6-tzVDu_jRNjKp0WbqQeTXB421sAUSdoV6S6CGaHDKSHB_rSJBRtkRl1sc7B-KrANhFVgamMpTBnjR4Pk2KV_gd2gQP1Tn_JHFtCKWWvljXw3uSy04aR7p1sPWd6PobMbaMn3u=s0,thehungtd_full_art,Dogmatikalamity Alba System,https://sites.google.com/view/thehungtd/latest-artworks/2024/other,https://lh3.googleusercontent.com/sitesv/AG8ngQX3VKAfzIIl9y0WG1WRXIaEcy5cVsjKKiC83dksQBPi61NFiJ2lAy6-tzVDu_jRNjKp0WbqQeTXB421sAUSdoV6S6CGaHDKSHB_rSJBRtkRl1sc7B-KrANhFVgamMpTBnjR4Pk2KV_gd2gQP1Tn_JHFtCKWWvljXw3uSy04aR7p1sPWd6PobMbaMn3u=w1280,290af70df61a725909b250557f4255b866c616ba8fb6c18fb70c4795708c46b1,1200,,True
Despia,15ZwEIDZR24KCbYNercxyIch9TsDUk_ON,captions/ygo4_0074.json,Monster,Aluber the Jester of Despia,ygo4_0074,352521219995860b,15ZwEIDZR24KCbYNercxyIch9TsDUk_ON,new_card_first_release,,,images/ygo4_0074.png,passed_automated_decode_dimension_checks,2021-08-12,16195,1.0,exact_alias,Fairy,pending_konami_verification,1024,RGB,e0830eae8e78908d173bc3027052bdc66e83206d6c88d455d16fd268c822a41f,1024,62962630,,,thehungtd_full_art,https://lh3.googleusercontent.com/sitesv/AG8ngQX3lcG0zYIP64JG4I4K9uRMFcRJX4qFYeD206NQQvnDCCL-IJv2uLMOwSHtzzNTWAnLbIhTVjxBrOLany9ui3omrYnVPLueA7MqfCNRJ0cnWxNkp--FzrDZxMopY54RtRl_cUwz77ZMwW7SHjDnG8-iv2RgV6C8mQP4nccXNmKZSgcw_ziai4v9SkBT=s0,2026-08-31T18:25:56+00:00,selected_pending_image_and_caption_qa,1200,https://lh3.googleusercontent.com/sitesv/AG8ngQX3lcG0zYIP64JG4I4K9uRMFcRJX4qFYeD206NQQvnDCCL-IJv2uLMOwSHtzzNTWAnLbIhTVjxBrOLany9ui3omrYnVPLueA7MqfCNRJ0cnWxNkp--FzrDZxMopY54RtRl_cUwz77ZMwW7SHjDnG8-iv2RgV6C8mQP4nccXNmKZSgcw_ziai4v9SkBT=s0,thehungtd_full_art,Aluber the Jester of Despia 2nd,https://sites.google.com/view/thehungtd/latest-artworks/2024/other,https://lh3.googleusercontent.com/sitesv/AG8ngQX3lcG0zYIP64JG4I4K9uRMFcRJX4qFYeD206NQQvnDCCL-IJv2uLMOwSHtzzNTWAnLbIhTVjxBrOLany9ui3omrYnVPLueA7MqfCNRJ0cnWxNkp--FzrDZxMopY54RtRl_cUwz77ZMwW7SHjDnG8-iv2RgV6C8mQP4nccXNmKZSgcw_ziai4v9SkBT=w1280,aa1131b255ef38aec4d903edda8641cc5c02fdf493d7cace64a3f0bc13d58b04,1200,,True
Melodious,1bwgLBrgrj99GuXMjtV_UbB2xYnB6MAYL,captions/ygo4_0075.json,Monster,Bacha the Melodious Maestra,ygo4_0075,173b4d69f0717160,1bwgLBrgrj99GuXMjtV_UbB2xYnB6MAYL,new_card_first_release,,,images/ygo4_0075.png,passed_automated_decode_dimension_checks,2024-04-25,19876,1.0,exact_alias,Fairy,pending_konami_verification,1024,RGB,f1a196e5fb30f969930bfbe54e0de0cb3c91a83ec05081056338dc3281c4c9d2,1024,56208713,,,thehungtd_full_art,https://lh3.googleusercontent.com/sitesv/AG8ngQVKn2zxKDawDZ1gdlztBMEX_sykY8EHbJdkVYQ7Uvl8zmbj1Ji9ppGu4-MOMXl0SXuk9CO2eDTOI4NE7af-Ynig_NVf-8XxFKjGT6VVnFUIRHvr39HdMPwmYTNz9Ks_D6IPeWtS7EcWBJg31rXjEVu5f8L_zxlDVWA92FW2WvrYxRTg9V4lMizK9Q2f=s0,2026-08-31T18:26:02+00:00,selected_pending_image_and_caption_qa,1200,https://lh3.googleusercontent.com/sitesv/AG8ngQVKn2zxKDawDZ1gdlztBMEX_sykY8EHbJdkVYQ7Uvl8zmbj1Ji9ppGu4-MOMXl0SXuk9CO2eDTOI4NE7af-Ynig_NVf-8XxFKjGT6VVnFUIRHvr39HdMPwmYTNz9Ks_D6IPeWtS7EcWBJg31rXjEVu5f8L_zxlDVWA92FW2WvrYxRTg9V4lMizK9Q2f=s0,thehungtd_full_art,Bacha the Melodious Maestra,https://sites.google.com/view/thehungtd/latest-artworks/2024/legacy-of-destruction,https://lh3.googleusercontent.com/sitesv/AG8ngQVKn2zxKDawDZ1gdlztBMEX_sykY8EHbJdkVYQ7Uvl8zmbj1Ji9ppGu4-MOMXl0SXuk9CO2eDTOI4NE7af-Ynig_NVf-8XxFKjGT6VVnFUIRHvr39HdMPwmYTNz9Ks_D6IPeWtS7EcWBJg31rXjEVu5f8L_zxlDVWA92FW2WvrYxRTg9V4lMizK9Q2f=w1280,7704af764d0a2ddc1876ab44eafa43e60329b04184f8da96d0f8ac9edcc40389,1200,,True
Melodious,189kB3aFH0TJGjV5WVy3YoHmjJ6NyvCXi,captions/ygo4_0076.json,Monster,Flowering Etoile the Melodious Magnificat,ygo4_0076,0625232b48d90a4d,189kB3aFH0TJGjV5WVy3YoHmjJ6NyvCXi,new_card_first_release,,,images/ygo4_0076.png,passed_automated_decode_dimension_checks,2024-04-25,19877,1.0,exact_alias,Fairy,pending_konami_verification,1024,RGB,991dc77c4e911f61641c08117f42bcbcce52cbbead96aa9ca579e8cb8a39642c,1024,83793721,,,thehungtd_full_art,https://lh3.googleusercontent.com/sitesv/AG8ngQVLjDiryopBsYH7zC3lGetxfo8Cff0cGRIFZ3qiERFQKVIALci69EAnoRJ_UjYogLW7F__d_02CgR8gFjLNEFMHXk3gJj0SctOcrzEDlFK_tXA3Zbn4OY4_do9KejQxMFSfyrvucgwiuqNDOBFhEtNa0HdEaHznPHw_OL8OjU0nDCusB92A0iNCYgQ9MoY=s0,2026-08-31T18:26:02+00:00,selected_pending_image_and_caption_qa,1200,https://lh3.googleusercontent.com/sitesv/AG8ngQVLjDiryopBsYH7zC3lGetxfo8Cff0cGRIFZ3qiERFQKVIALci69EAnoRJ_UjYogLW7F__d_02CgR8gFjLNEFMHXk3gJj0SctOcrzEDlFK_tXA3Zbn4OY4_do9KejQxMFSfyrvucgwiuqNDOBFhEtNa0HdEaHznPHw_OL8OjU0nDCusB92A0iNCYgQ9MoY=s0,thehungtd_full_art,Flowering Etoile the Melodious Grand Choir,https://sites.google.com/view/thehungtd/latest-artworks/2024/legacy-of-destruction,https://lh3.googleusercontent.com/sitesv/AG8ngQVLjDiryopBsYH7zC3lGetxfo8Cff0cGRIFZ3qiERFQKVIALci69EAnoRJ_UjYogLW7F__d_02CgR8gFjLNEFMHXk3gJj0SctOcrzEDlFK_tXA3Zbn4OY4_do9KejQxMFSfyrvucgwiuqNDOBFhEtNa0HdEaHznPHw_OL8OjU0nDCusB92A0iNCYgQ9MoY=w1280,4cd56f8eb3fdbbd408dbd7535362bca59b5826f41d237be9cd257495b837ca5b,1200,,True
Lightsworn,1Hk514clP7cPecqKg_PSqcJ485vLsko_a,captions/ygo4_0077.json,Monster,"Minerva, the Athenian Lightsworn",ygo4_0077,6c646438ceddda9a,1Hk514clP7cPecqKg_PSqcJ485vLsko_a,new_card_first_release,,,images/ygo4_0077.png,passed_automated_decode_dimension_checks,2024-04-25,19884,1.0,exact_alias,Fairy,pending_konami_verification,1024,RGB,76a345a7ef8890360fd4c6d62938bd162d135e2e5439e4147b336e6f5bdfad88,1024,18843291,,,thehungtd_full_art,https://lh3.googleusercontent.com/sitesv/AG8ngQVVxrF9UynmB8Vqg-PEMKK2fkkANGUQ4j4B1G_ej2BpgmNCb0gIkg_BLxBUGya7ytS3yuwTfyeps3du_miz_F_vSZeTifB_HdWE9M5s8HRImvHulghePIZunwNXWt8W4Wzzr4kF4lP-azmoGK4sKk9NZ_jX-OzOrJR8uaPo5H2csJsxB0R5zbKDLlR4pck=s0,2026-08-31T18:26:02+00:00,selected_pending_image_and_caption_qa,1200,https://lh3.googleusercontent.com/sitesv/AG8ngQVVxrF9UynmB8Vqg-PEMKK2fkkANGUQ4j4B1G_ej2BpgmNCb0gIkg_BLxBUGya7ytS3yuwTfyeps3du_miz_F_vSZeTifB_HdWE9M5s8HRImvHulghePIZunwNXWt8W4Wzzr4kF4lP-azmoGK4sKk9NZ_jX-OzOrJR8uaPo5H2csJsxB0R5zbKDLlR4pck=s0,thehungtd_full_art,"Minerva, Lightsworn Athena",https://sites.google.com/view/thehungtd/latest-artworks/2024/legacy-of-destruction,https://lh3.googleusercontent.com/sitesv/AG8ngQVVxrF9UynmB8Vqg-PEMKK2fkkANGUQ4j4B1G_ej2BpgmNCb0gIkg_BLxBUGya7ytS3yuwTfyeps3du_miz_F_vSZeTifB_HdWE9M5s8HRImvHulghePIZunwNXWt8W4Wzzr4kF4lP-azmoGK4sKk9NZ_jX-OzOrJR8uaPo5H2csJsxB0R5zbKDLlR4pck=w1280,3b0f62358b3a58b57bc564651973ccbd5dbd37fd809758e16d349616ab1c913a,1200,,True
Shining Sarcophagus,1i_EvOpIRBZrsw-HmxyY-G2ZUBdPVP3Rh,captions/ygo4_0078.json,Monster,Moremarshmallon,ygo4_0078,0f16332b03030325,1i_EvOpIRBZrsw-HmxyY-G2ZUBdPVP3Rh,new_card_first_release,,,images/ygo4_0078.png,passed_automated_decode_dimension_checks,2024-04-25,19846,1.0,exact_alias,Fairy,pending_konami_verification,1024,RGB,7057308a5bbf60c625ee2d5d5f9c4987de15d37b5f9ca7084e019c1b30369cf1,1024,38505587,,,thehungtd_full_art,https://lh3.googleusercontent.com/sitesv/AG8ngQUdlWYtUbMvQMPAa_p_pXlBUeB7nsgO7q3_-GdtNvUHi1YbJL1JKNw1hLYehTKLUVQmAFdh1Eeh4a85epzApvT5VplpiN6XnyYOSxNFLq0UNdVut2CHDARK-8hNpvBHQmVAE3kAhOGEKLifY1njE_UzGaxm8sMOJ9KEHK3HPq06ArUuEYdWQbUgr6BsGJ8=s0,2026-08-31T18:26:02+00:00,selected_pending_image_and_caption_qa,1200,https://lh3.googleusercontent.com/sitesv/AG8ngQUdlWYtUbMvQMPAa_p_pXlBUeB7nsgO7q3_-GdtNvUHi1YbJL1JKNw1hLYehTKLUVQmAFdh1Eeh4a85epzApvT5VplpiN6XnyYOSxNFLq0UNdVut2CHDARK-8hNpvBHQmVAE3kAhOGEKLifY1njE_UzGaxm8sMOJ9KEHK3HPq06ArUuEYdWQbUgr6BsGJ8=s0,thehungtd_full_art,Mashimarshmallon,https://sites.google.com/view/thehungtd/latest-artworks/2024/legacy-of-destruction,https://lh3.googleusercontent.com/sitesv/AG8ngQUdlWYtUbMvQMPAa_p_pXlBUeB7nsgO7q3_-GdtNvUHi1YbJL1JKNw1hLYehTKLUVQmAFdh1Eeh4a85epzApvT5VplpiN6XnyYOSxNFLq0UNdVut2CHDARK-8hNpvBHQmVAE3kAhOGEKLifY1njE_UzGaxm8sMOJ9KEHK3HPq06ArUuEYdWQbUgr6BsGJ8=w1280,4269a28e197627443a1a0bda2efef76234185944415a855d43d5feb0ebfb3103,1200,,True
Elemental HERO,1WLCbO9YNpdLlJV5FeUL8K0-6y26B_UHL,captions/ygo4_0079.json,Monster,Winged Kuriboh LV6,ygo4_0079,0f7371e8e8713b07,1WLCbO9YNpdLlJV5FeUL8K0-6y26B_UHL,new_card_first_release,,,images/ygo4_0079.png,passed_automated_decode_dimension_checks,2024-06-20,19719,1.0,exact_alias,Fairy,pending_konami_verification,1024,RGB,a78b5957088c5268d3c9778b28e16a5e966847ef5b9f2b9efe3e53037ee682d6,1024,48486809,,,thehungtd_full_art,https://lh3.googleusercontent.com/sitesv/AG8ngQWWwmMLgmlVkqbcD9sSoRBbMcW3EX8f8eYGTmfpDDLAU1G4uXLZ8tNTuhf4obN8NjUQcUJewtfGy1a2-S2Bg1dpZOapGHuEkjc4k_VppBhLU_5DB-pOaUlwy_E8Qhp1pit3zG7ufXT_cMHZ2J5D6uehtF9UDhpzg8-g0tJlvSujD8LA25zi16RDWknt=s0,2026-08-31T18:26:05+00:00,selected_pending_image_and_caption_qa,1200,https://lh3.googleusercontent.com/sitesv/AG8ngQWWwmMLgmlVkqbcD9sSoRBbMcW3EX8f8eYGTmfpDDLAU1G4uXLZ8tNTuhf4obN8NjUQcUJewtfGy1a2-S2Bg1dpZOapGHuEkjc4k_VppBhLU_5DB-pOaUlwy_E8Qhp1pit3zG7ufXT_cMHZ2J5D6uehtF9UDhpzg8-g0tJlvSujD8LA25zi16RDWknt=s0,thehungtd_full_art,Winged Kuriboh LV6,https://sites.google.com/view/thehungtd/latest-artworks/2024/quarter-century-duelist-box,https://lh3.googleusercontent.com/sitesv/AG8ngQWWwmMLgmlVkqbcD9sSoRBbMcW3EX8f8eYGTmfpDDLAU1G4uXLZ8tNTuhf4obN8NjUQcUJewtfGy1a2-S2Bg1dpZOapGHuEkjc4k_VppBhLU_5DB-pOaUlwy_E8Qhp1pit3zG7ufXT_cMHZ2J5D6uehtF9UDhpzg8-g0tJlvSujD8LA25zi16RDWknt=w1280,88119b651b5e1ea2bee0db94e78e0b7757093bfa8436f10325bb61fc770ccd1c,1200,,True
Madolche,1U7s53WJuK-ouvBBIh58pU9QpSYTa5hez,captions/ygo4_0080.json,Monster,Madolche Queen Tiarafraise,ygo4_0080,68f07060d9a0b19a,1U7s53WJuK-ouvBBIh58pU9QpSYTa5hez,new_card_first_release,,,images/ygo4_0080.png,passed_automated_decode_dimension_checks,2024-07-18,20223,1.0,exact_alias,Fairy,pending_konami_verification,1024,RGB,64b97b436472153b487321eb8ba8b5e19447da952b5d6ae6b6d4bf2ae94a72e3,1024,49689480,,,thehungtd_full_art,https://lh3.googleusercontent.com/sitesv/AG8ngQXWvnoHYH6wyD7Mq-DoadgskDUssMtQlhA7YHZMRV-Fxpya5mbxsuM6pX0p-pYpsStRfSFUOCxMOXemvb4qWDNJ7hn5BXFv9Old2iq9FsZzNiEAMHzNDP3pJTBd4EQM33iYUot5QLpFkC7Txy_Te1zqu4pWzznFPgg_pludtBzSHZT3TBaOV4Mndf7RIsM=s0,2026-08-31T18:26:00+00:00,selected_pending_image_and_caption_qa,1200,https://lh3.googleusercontent.com/sitesv/AG8ngQXWvnoHYH6wyD7Mq-DoadgskDUssMtQlhA7YHZMRV-Fxpya5mbxsuM6pX0p-pYpsStRfSFUOCxMOXemvb4qWDNJ7hn5BXFv9Old2iq9FsZzNiEAMHzNDP3pJTBd4EQM33iYUot5QLpFkC7Txy_Te1zqu4pWzznFPgg_pludtBzSHZT3TBaOV4Mndf7RIsM=s0,thehungtd_full_art,Madolche Queen Tiara-a-la-Fraise,https://sites.google.com/view/thehungtd/latest-artworks/2024/infinite-forbidden,https://lh3.googleusercontent.com/sitesv/AG8ngQXWvnoHYH6wyD7Mq-DoadgskDUssMtQlhA7YHZMRV-Fxpya5mbxsuM6pX0p-pYpsStRfSFUOCxMOXemvb4qWDNJ7hn5BXFv9Old2iq9FsZzNiEAMHzNDP3pJTBd4EQM33iYUot5QLpFkC7Txy_Te1zqu4pWzznFPgg_pludtBzSHZT3TBaOV4Mndf7RIsM=w1280,25634edf4e2277b322f174982ef4eb7cd4699b8b48ea2a5c2b8b303dba726d94,1200,,True
,1agHxI4wRsPvN_Km04APhkr6UuL0TVIj3,captions/ygo4_0081.json,Monster,Neverending Nightmare Absorber,ygo4_0081,932fce4f27272363,1agHxI4wRsPvN_Km04APhkr6UuL0TVIj3,new_card_first_release,,,images/ygo4_0081.png,passed_automated_decode_dimension_checks,2024-07-27,20504,1.0,exact_alias,Fairy,pending_konami_verification,1024,RGB,31cb1807b70c98c67b905b8d1af9cb4fc2a6edc18f57f6f598a3c4d536504d17,1024,73413514,,,thehungtd_full_art,https://lh3.googleusercontent.com/sitesv/AG8ngQWasTz7bgR0lY-1e17B7pp2x9B7s35Q6GkzwfF_qzpcgvlgyBpWXnbE8BlgKEw6qHQwlSqurV9V1i_Iv1tvMNeAD2RpJRD3KCCVUA2r28Fubli61XhXe0_sMf8yOEZ9BC1CC8Sn0UoUVxQ5pOahiA05RPAgWCLedAXsGEr_xn6BWqp5OvmS8mAvVlpmVyc=s0,2026-08-31T18:25:58+00:00,selected_pending_image_and_caption_qa,1200,https://lh3.googleusercontent.com/sitesv/AG8ngQWasTz7bgR0lY-1e17B7pp2x9B7s35Q6GkzwfF_qzpcgvlgyBpWXnbE8BlgKEw6qHQwlSqurV9V1i_Iv1tvMNeAD2RpJRD3KCCVUA2r28Fubli61XhXe0_sMf8yOEZ9BC1CC8Sn0UoUVxQ5pOahiA05RPAgWCLedAXsGEr_xn6BWqp5OvmS8mAvVlpmVyc=s0,thehungtd_full_art,Dream Absorber,https://sites.google.com/view/thehungtd/latest-artworks/2024/rage-of-the-abyss,https://lh3.googleusercontent.com/sitesv/AG8ngQWasTz7bgR0lY-1e17B7pp2x9B7s35Q6GkzwfF_qzpcgvlgyBpWXnbE8BlgKEw6qHQwlSqurV9V1i_Iv1tvMNeAD2RpJRD3KCCVUA2r28Fubli61XhXe0_sMf8yOEZ9BC1CC8Sn0UoUVxQ5pOahiA05RPAgWCLedAXsGEr_xn6BWqp5OvmS8mAvVlpmVyc=w1280,dfa1d551e7a91165fe456f80f39545b8c73bc6a22062376493df43b0076387a7,1200,,True
Mimighoul,1nlr0k4FQnMgc2ygHPML066WyDnaCJZMT,captions/ygo4_0082.json,Monster,Mimighoul Fairy,ygo4_0082,0f4f0b131f32d89c,1nlr0k4FQnMgc2ygHPML066WyDnaCJZMT,new_card_first_release,,,images/ygo4_0082.png,passed_automated_decode_dimension_checks,2024-10-10,20715,1.0,exact_alias,Fairy,pending_konami_verification,1024,RGB,d51b7f3dbc3e41d297174a5c407405644ee95b93afd3ad2272bbd079669680a2,1024,43066927,,,thehungtd_drive_original,https://drive.usercontent.google.com/download?id=1nlr0k4FQnMgc2ygHPML066WyDnaCJZMT&export=download&authuser=0&confirm=t,2026-08-31T18:25:58+00:00,selected_pending_image_and_caption_qa,1200,https://lh3.googleusercontent.com/sitesv/AG8ngQVMuGJUMv6FQCIbgko5DBI2QHMlh7mC-7pt4n9mmfOxgkEIRhpPNJGS5d-tK5FcArdfdznlWNC_EH0G5GYa0Oj25l9vZPwl-N_F0PqjEti1W1MEjq6Ye_0J2ZnmaOoqI_tMtoMMzL3JytquaFWZ46bwof5Agx8faOmHbaVkQdU1TPODeufQ7p0I6wY0=s0,thehungtd_full_art,Mimighoul Fairy,https://sites.google.com/view/thehungtd/latest-artworks/2024/rage-of-the-abyss,https://lh3.googleusercontent.com/sitesv/AG8ngQVMuGJUMv6FQCIbgko5DBI2QHMlh7mC-7pt4n9mmfOxgkEIRhpPNJGS5d-tK5FcArdfdznlWNC_EH0G5GYa0Oj25l9vZPwl-N_F0PqjEti1W1MEjq6Ye_0J2ZnmaOoqI_tMtoMMzL3JytquaFWZ46bwof5Agx8faOmHbaVkQdU1TPODeufQ7p0I6wY0=w1280,09580a169e1c3d8fa8a1d9338e11cf2b330442f72083e41c57d2bd13e8c5eafd,1200,,True
Marincess,1wIVPWSFMQBE86Va-su_1YIYh54AXMD5I,captions/ygo4_0083.json,Monster,Trickstar Aqua Angel,ygo4_0083,7d919436a226c8cc,1wIVPWSFMQBE86Va-su_1YIYh54AXMD5I,new_card_first_release,,,images/ygo4_0083.png,passed_automated_decode_dimension_checks,2025-03-13,20292,1.0,exact_alias,Fairy,pending_konami_verification,1024,RGB,b9b4ae86390b07faeb11fdeb52e9bcf5a89ec93bcac36bc044f987e4e936a67f,1024,37405032,,,thehungtd_full_art,https://lh3.googleusercontent.com/sitesv/AG8ngQUHkRY8PpO48JgrhvmySDukqDC3ciGvDFPbLJsQ0MIPXIgdACy3qi01sIiz383H8P8auXpN7pZKN2MFUDXce4FIN19eMnCwID2q4rAFrPooxl3m_2w-fj7vKOIN7JKRM88EgnIAvwnV7oAsYq2rg_8uUzOzKFGqmNlOKP_gI36JkNxW-sX0qmGVtW3idB4=s0,2026-08-31T18:26:01+00:00,selected_pending_image_and_caption_qa,1200,https://lh3.googleusercontent.com/sitesv/AG8ngQUHkRY8PpO48JgrhvmySDukqDC3ciGvDFPbLJsQ0MIPXIgdACy3qi01sIiz383H8P8auXpN7pZKN2MFUDXce4FIN19eMnCwID2q4rAFrPooxl3m_2w-fj7vKOIN7JKRM88EgnIAvwnV7oAsYq2rg_8uUzOzKFGqmNlOKP_gI36JkNxW-sX0qmGVtW3idB4=s0,thehungtd_full_art,Trickstar Aqua Angel,https://sites.google.com/view/thehungtd/latest-artworks/2024/duelist-pack-duelists-of-brilliance,https://lh3.googleusercontent.com/sitesv/AG8ngQUHkRY8PpO48JgrhvmySDukqDC3ciGvDFPbLJsQ0MIPXIgdACy3qi01sIiz383H8P8auXpN7pZKN2MFUDXce4FIN19eMnCwID2q4rAFrPooxl3m_2w-fj7vKOIN7JKRM88EgnIAvwnV7oAsYq2rg_8uUzOzKFGqmNlOKP_gI36JkNxW-sX0qmGVtW3idB4=w1280,bbb1b6def1d6381fec236de8025d45a54216859f4a5f4f89d70aac7eb93dd18f,1200,,True
Trickstar,11yEGloQAQgRX1zIeA82OUtzxpDPdj8Uz,captions/ygo4_0084.json,Monster,Trickstar Band Drumatis,ygo4_0084,9c492b939b19e9e7,11yEGloQAQgRX1zIeA82OUtzxpDPdj8Uz,new_card_first_release,,,images/ygo4_0084.png,passed_automated_decode_dimension_checks,2025-03-13,20293,1.0,exact_alias,Fairy,pending_konami_verification,1024,RGB,8b946f3dcd79ff88d42fd259dd3ddb607baa999e1159ba1ce49b6590e92124fa,1024,64804137,,,thehungtd_full_art,https://lh3.googleusercontent.com/sitesv/AG8ngQVsJ0cpA2CIlJWnB1uoRk-FjbeOuAQmtIIMRxDywmGbzLIQGj5qZs_H1S54pRX7Wz6q2IxpTL2q7uSVAec2Fl6WYnUCREPcexf70JJPElFpO8txNvNTuYMGZ96-DwBcIb3iL6HHWYTtfNRK4pTfP3TlD9Uw-JyjzKR3R0lUEyDOxxKQBDws-qIF79XI6i4=s0,2026-08-31T18:26:01+00:00,selected_pending_image_and_caption_qa,1200,https://lh3.googleusercontent.com/sitesv/AG8ngQVsJ0cpA2CIlJWnB1uoRk-FjbeOuAQmtIIMRxDywmGbzLIQGj5qZs_H1S54pRX7Wz6q2IxpTL2q7uSVAec2Fl6WYnUCREPcexf70JJPElFpO8txNvNTuYMGZ96-DwBcIb3iL6HHWYTtfNRK4pTfP3TlD9Uw-JyjzKR3R0lUEyDOxxKQBDws-qIF79XI6i4=s0,thehungtd_full_art,Trickstar Band Drummatis,https://sites.google.com/view/thehungtd/latest-artworks/2024/duelist-pack-duelists-of-brilliance,https://lh3.googleusercontent.com/sitesv/AG8ngQVsJ0cpA2CIlJWnB1uoRk-FjbeOuAQmtIIMRxDywmGbzLIQGj5qZs_H1S54pRX7Wz6q2IxpTL2q7uSVAec2Fl6WYnUCREPcexf70JJPElFpO8txNvNTuYMGZ96-DwBcIb3iL6HHWYTtfNRK4pTfP3TlD9Uw-JyjzKR3R0lUEyDOxxKQBDws-qIF79XI6i4=w1280,ebae96f61390994410eb3cd297ac2e0e5538cdf5baebe2014c883bfb2f2eb171,1200,,True
Trickstar,1IgkaDT4fcXtGecntGrkkmnY9dMIzER7y,captions/ygo4_0085.json,Monster,Trickstar Colchica,ygo4_0085,4c321763b32b2d85,1IgkaDT4fcXtGecntGrkkmnY9dMIzER7y,new_card_first_release,,,images/ygo4_0085.png,passed_automated_decode_dimension_checks,2025-03-13,20294,1.0,exact_alias,Fairy,pending_konami_verification,1024,RGB,e617870f6db65631034c9a1d06177c7b4ea724a386e2dad6a2052de0f4020f65,1024,298846,,,thehungtd_full_art,https://lh3.googleusercontent.com/sitesv/AG8ngQVdnwfbMWxLl6zvTLjhfhvbLzYtkZfG6dNqljRtQbrrDKZSypvbP76TjsBjJlUCjT6l0sUxD53_iOGXI5Rp_4AOhPhq7--Xv_JkzjsA2TjzDvSoxZNGUoHFWMJGc39g7Yg_eR4wgL-jCaEkkASB7rYj0ARGPo_S1k50i7T8HN-k9_-41x4hiR1TH62CHyI=s0,2026-08-31T18:26:01+00:00,selected_pending_image_and_caption_qa,1200,https://lh3.googleusercontent.com/sitesv/AG8ngQVdnwfbMWxLl6zvTLjhfhvbLzYtkZfG6dNqljRtQbrrDKZSypvbP76TjsBjJlUCjT6l0sUxD53_iOGXI5Rp_4AOhPhq7--Xv_JkzjsA2TjzDvSoxZNGUoHFWMJGc39g7Yg_eR4wgL-jCaEkkASB7rYj0ARGPo_S1k50i7T8HN-k9_-41x4hiR1TH62CHyI=s0,thehungtd_full_art,Trickstar Colchica,https://sites.google.com/view/thehungtd/latest-artworks/2024/duelist-pack-duelists-of-brilliance,https://lh3.googleusercontent.com/sitesv/AG8ngQVdnwfbMWxLl6zvTLjhfhvbLzYtkZfG6dNqljRtQbrrDKZSypvbP76TjsBjJlUCjT6l0sUxD53_iOGXI5Rp_4AOhPhq7--Xv_JkzjsA2TjzDvSoxZNGUoHFWMJGc39g7Yg_eR4wgL-jCaEkkASB7rYj0ARGPo_S1k50i7T8HN-k9_-41x4hiR1TH62CHyI=w1280,ceefebe87cf2a010f5608a086330765fc9084b23a6865af201842c527eed3a25,1200,,True
Trickstar,17cKVxkggXI3YuAvH4Fvg4yVFkP3YEF08,captions/ygo4_0086.json,Monster,Trickstar Hoody,ygo4_0086,943619edab1b0bc6,17cKVxkggXI3YuAvH4Fvg4yVFkP3YEF08,new_card_first_release,,,images/ygo4_0086.png,passed_automated_decode_dimension_checks,2025-03-13,20291,1.0,exact_alias,Fairy,pending_konami_verification,1024,RGB,d9113f437d4f87528325e67c0924eb0ae362916236527fe34ac6f781c3a657f1,1024,1410324,,,thehungtd_full_art,https://lh3.googleusercontent.com/sitesv/AG8ngQX8Su6hSI0peyR6sqIzM84AisNXx1kww1p0qEEg6vX_AhI0xxmFm-XPyIDOeoiMhXRsQoDoXY_fFCms9cd6vY2jD73Ij_U4FaInv49mIGZ4hkhCKFYvnErvrb99pZijub_4stpnK4pQ2QJN2VELbyRmWzq6-e5GfcKU-IPK94JR5ucWyICJRPXclL-fZ4M=s0,2026-08-31T18:26:01+00:00,selected_pending_image_and_caption_qa,1200,https://lh3.googleusercontent.com/sitesv/AG8ngQX8Su6hSI0peyR6sqIzM84AisNXx1kww1p0qEEg6vX_AhI0xxmFm-XPyIDOeoiMhXRsQoDoXY_fFCms9cd6vY2jD73Ij_U4FaInv49mIGZ4hkhCKFYvnErvrb99pZijub_4stpnK4pQ2QJN2VELbyRmWzq6-e5GfcKU-IPK94JR5ucWyICJRPXclL-fZ4M=s0,thehungtd_full_art,Trickstar Hoodie,https://sites.google.com/view/thehungtd/latest-artworks/2024/duelist-pack-duelists-of-brilliance,https://lh3.googleusercontent.com/sitesv/AG8ngQX8Su6hSI0peyR6sqIzM84AisNXx1kww1p0qEEg6vX_AhI0xxmFm-XPyIDOeoiMhXRsQoDoXY_fFCms9cd6vY2jD73Ij_U4FaInv49mIGZ4hkhCKFYvnErvrb99pZijub_4stpnK4pQ2QJN2VELbyRmWzq6-e5GfcKU-IPK94JR5ucWyICJRPXclL-fZ4M=w1280,05335fddfa26612b87e84a0704d6bbe5d90ffe9cec86a1f1eeeab6604c4398e2,1200,,True
Trickstar,15s_eRuS3WRnDpp6CwsYG9cZOMwEW1jQA,captions/ygo4_0087.json,Monster,Trickstar Noble Angel,ygo4_0087,384a49b1e663595e,15s_eRuS3WRnDpp6CwsYG9cZOMwEW1jQA,new_card_first_release,,,images/ygo4_0087.png,passed_automated_decode_dimension_checks,2025-03-13,20295,1.0,exact_alias,Fairy,pending_konami_verification,1024,RGB,1cc71b5af9ff491317b6d1df040020ef725de44516366253b25b270ebb7b7eb9,1024,37683441,,,thehungtd_full_art,https://lh3.googleusercontent.com/sitesv/AG8ngQVEhUKpSxNso8D9_PjUIy_EZYzhwYaPQ1BU3AFTazRO1HlIu-Ib-d0GK_IsPlzKFDplD1jaRysUTM8jPee998jUcO9cW4nJLn-q5lpT2Ru7xHOv8p2dF5VExCsjKPLMrNaOSj-2bC8BiVp9c5Vk7XRmKxn7xzbO3KYzmk1v0AbkN3SmT1mnfywMmB9U-mA=s0,2026-08-31T18:26:01+00:00,selected_pending_image_and_caption_qa,1200,https://lh3.googleusercontent.com/sitesv/AG8ngQVEhUKpSxNso8D9_PjUIy_EZYzhwYaPQ1BU3AFTazRO1HlIu-Ib-d0GK_IsPlzKFDplD1jaRysUTM8jPee998jUcO9cW4nJLn-q5lpT2Ru7xHOv8p2dF5VExCsjKPLMrNaOSj-2bC8BiVp9c5Vk7XRmKxn7xzbO3KYzmk1v0AbkN3SmT1mnfywMmB9U-mA=s0,thehungtd_full_art,Trickstar Noble Angel,https://sites.google.com/view/thehungtd/latest-artworks/2024/duelist-pack-duelists-of-brilliance,https://lh3.googleusercontent.com/sitesv/AG8ngQVEhUKpSxNso8D9_PjUIy_EZYzhwYaPQ1BU3AFTazRO1HlIu-Ib-d0GK_IsPlzKFDplD1jaRysUTM8jPee998jUcO9cW4nJLn-q5lpT2Ru7xHOv8p2dF5VExCsjKPLMrNaOSj-2bC8BiVp9c5Vk7XRmKxn7xzbO3KYzmk1v0AbkN3SmT1mnfywMmB9U-mA=w1280,a76cba1a64155e6992f3ad0f2bbdd21f822da79c878caa019f992bd1b382b467,1200,,True
,1DJ8h5IEcGCuXB0i6zItKocN98Orwx08a,captions/ygo4_0088.json,Monster,Jungle Dweller,ygo4_0088,68900163624d8b88,1DJ8h5IEcGCuXB0i6zItKocN98Orwx08a,new_card_first_release,,,images/ygo4_0088.png,passed_automated_decode_dimension_checks,2024-04-25,20061,1.0,exact_alias,Fiend,pending_konami_verification,1024,RGB,e476fee49b9783888bea616a225a08c69a2d9818ab75fd0a94c55b4013d34b81,1024,73490417,,,thehungtd_full_art,https://lh3.googleusercontent.com/sitesv/AG8ngQXr0Rjsr9ZQ8mkOGVfNBZc7KgzNQaU17FFhMnVZT3Mwasfsm335woNAvnuh53dpD0C58x3SKfw7B0_Y-jpqXIpdcNePFvwB3BnJZ_2_-1aVXuz4Yl0Sk3J1FoY1xQWRL22wfUrgJ8aZ7Gm8saNM9gQTD_pVEySnPqn9BOx0kAaKB8WAH5DG-x9Wak3JsxQ=s0,2026-08-31T18:25:57+00:00,selected_pending_image_and_caption_qa,1200,https://lh3.googleusercontent.com/sitesv/AG8ngQXr0Rjsr9ZQ8mkOGVfNBZc7KgzNQaU17FFhMnVZT3Mwasfsm335woNAvnuh53dpD0C58x3SKfw7B0_Y-jpqXIpdcNePFvwB3BnJZ_2_-1aVXuz4Yl0Sk3J1FoY1xQWRL22wfUrgJ8aZ7Gm8saNM9gQTD_pVEySnPqn9BOx0kAaKB8WAH5DG-x9Wak3JsxQ=s0,thehungtd_full_art,Jungle Dweller,https://sites.google.com/view/thehungtd/latest-artworks/2024/world-premiere-pack-2024,https://lh3.googleusercontent.com/sitesv/AG8ngQXr0Rjsr9ZQ8mkOGVfNBZc7KgzNQaU17FFhMnVZT3Mwasfsm335woNAvnuh53dpD0C58x3SKfw7B0_Y-jpqXIpdcNePFvwB3BnJZ_2_-1aVXuz4Yl0Sk3J1FoY1xQWRL22wfUrgJ8aZ7Gm8saNM9gQTD_pVEySnPqn9BOx0kAaKB8WAH5DG-x9Wak3JsxQ=w1280,0dfa9b9612df97d8e79a38337daff617485d417f9e908525b854efbd1b864e7d,1200,,True
Kuriboh,1ljKWaFAvEXAp4Yz1vfINBJssCUppbXHz,captions/ygo4_0089.json,Monster,Detonating Kuriboh,ygo4_0089,df3f4666b32b4013,1ljKWaFAvEXAp4Yz1vfINBJssCUppbXHz,new_card_first_release,,,images/ygo4_0089.png,passed_automated_decode_dimension_checks,2024-05-21,20383,1.0,exact_alias,Fiend,pending_konami_verification,1024,RGB,56411854e5d6cdb2148827814e4822357c15eeb03e0a3e012511457d5ca061f5,1024,46789706,,,thehungtd_full_art,https://lh3.googleusercontent.com/sitesv/AG8ngQXG0fRNDy-1HEmDxl_VJUBGuDSla0PftKmGmwCxiSGAwbmEZ6q1s_PbZKHIsJt1Qpc-5F0xKOF_p4Qt6p1kfn2nrW52nS888A7Vz4JZgjOInIMnah9-YakcwDnz8_VhA89f093W9q422b_FxU66Iv8SNd-I9kdmvhvX9CF7M3aFrZVsh8AILBUj-dBBs6w=s0,2026-08-31T18:25:56+00:00,selected_pending_image_and_caption_qa,1200,https://lh3.googleusercontent.com/sitesv/AG8ngQXG0fRNDy-1HEmDxl_VJUBGuDSla0PftKmGmwCxiSGAwbmEZ6q1s_PbZKHIsJt1Qpc-5F0xKOF_p4Qt6p1kfn2nrW52nS888A7Vz4JZgjOInIMnah9-YakcwDnz8_VhA89f093W9q422b_FxU66Iv8SNd-I9kdmvhvX9CF7M3aFrZVsh8AILBUj-dBBs6w=s0,thehungtd_full_art,Detonating Kuriboh,https://sites.google.com/view/thehungtd/latest-artworks/2024/other,https://lh3.googleusercontent.com/sitesv/AG8ngQXG0fRNDy-1HEmDxl_VJUBGuDSla0PftKmGmwCxiSGAwbmEZ6q1s_PbZKHIsJt1Qpc-5F0xKOF_p4Qt6p1kfn2nrW52nS888A7Vz4JZgjOInIMnah9-YakcwDnz8_VhA89f093W9q422b_FxU66Iv8SNd-I9kdmvhvX9CF7M3aFrZVsh8AILBUj-dBBs6w=w1280,8272d91f7c65271d87196e2cfe2fae84f997205ca7170bb561c0dbfea852540e,1200,,True
Archfiend,1s3FAl1G1k9C1Jc_cV7OkV6JvOw2r5oLq,captions/ygo4_0090.json,Monster,Archfiend's Advent,ygo4_0090,cc965131b2696968,1s3FAl1G1k9C1Jc_cV7OkV6JvOw2r5oLq,new_card_first_release,,,images/ygo4_0090.png,passed_automated_decode_dimension_checks,2024-06-20,20036,1.0,exact_alias,Fiend,pending_konami_verification,1024,RGB,758b328f1707e6e65a6e5da13ea47fba4ca81314d3d9c59ee6d7f7f051e38df3,1024,53008933,,,thehungtd_full_art,https://lh3.googleusercontent.com/sitesv/AG8ngQXblep850HIacBOtMC1BTd9aYIR_NlTbDqM8yJ567-czUYPw3OFl080ra0ChR8N8obgjgaBcr3O-1KUtpzUfR1Ly07wM_8Ab07Fp0Zku8i5ys_qnGGklFqZIusVqe4U8DvV129-pD7nGnk2hL7KoW3qvVh8Q8ciVkXvFNZVYWXYcr_aLgJJcwN9dAI5QaQ=s0,2026-08-31T18:25:56+00:00,selected_pending_image_and_caption_qa,1200,https://lh3.googleusercontent.com/sitesv/AG8ngQXblep850HIacBOtMC1BTd9aYIR_NlTbDqM8yJ567-czUYPw3OFl080ra0ChR8N8obgjgaBcr3O-1KUtpzUfR1Ly07wM_8Ab07Fp0Zku8i5ys_qnGGklFqZIusVqe4U8DvV129-pD7nGnk2hL7KoW3qvVh8Q8ciVkXvFNZVYWXYcr_aLgJJcwN9dAI5QaQ=s0,thehungtd_full_art,Archfiend's Arrival,https://sites.google.com/view/thehungtd/latest-artworks/2024/other,https://lh3.googleusercontent.com/sitesv/AG8ngQXblep850HIacBOtMC1BTd9aYIR_NlTbDqM8yJ567-czUYPw3OFl080ra0ChR8N8obgjgaBcr3O-1KUtpzUfR1Ly07wM_8Ab07Fp0Zku8i5ys_qnGGklFqZIusVqe4U8DvV129-pD7nGnk2hL7KoW3qvVh8Q8ciVkXvFNZVYWXYcr_aLgJJcwN9dAI5QaQ=w1280,4616641dc31f005a555f754cd2cb8307f91579d8320ee9016714bf937347810f,1200,,True
Infernoid,1-tOHivEzWoch7Ea34GzyHnijGvzE3q95,captions/ygo4_0091.json,Monster,Infernoid Evil,ygo4_0091,0d1a1b6b5553bb1a,1-tOHivEzWoch7Ea34GzyHnijGvzE3q95,new_card_first_release,,,images/ygo4_0091.png,passed_automated_decode_dimension_checks,2024-06-20,19627,1.0,exact_alias,Fiend,pending_konami_verification,1024,RGB,e770b1f2deb93ce0970c51ced4e73221d0e127818376e90fae54ab28fb5df41f,1024,97051536,,,thehungtd_full_art,https://lh3.googleusercontent.com/sitesv/AG8ngQUNAhTIc50IHQykXjim_iPPOYAKyw9cg8Ok_W94e4FlcLqw6H1S4DV6I6j1uFmdWv-30GwLJbc9YUXrs6Z1O2IrfBjb6oQJkNatyZcg8XCoh2GCU4PkouA1KHLPh6nDlr_OuR3y3mT9vHvgPZdgUB1SiWzRYNeh69r1JRn9cZz3seeBUayE1Wwfb2KzDZY=s0,2026-08-31T18:26:06+00:00,selected_pending_image_and_caption_qa,1200,https://lh3.googleusercontent.com/sitesv/AG8ngQUNAhTIc50IHQykXjim_iPPOYAKyw9cg8Ok_W94e4FlcLqw6H1S4DV6I6j1uFmdWv-30GwLJbc9YUXrs6Z1O2IrfBjb6oQJkNatyZcg8XCoh2GCU4PkouA1KHLPh6nDlr_OuR3y3mT9vHvgPZdgUB1SiWzRYNeh69r1JRn9cZz3seeBUayE1Wwfb2KzDZY=s0,thehungtd_full_art,Infernoid Evil,https://sites.google.com/view/thehungtd/latest-artworks/2024/terminal-world,https://lh3.googleusercontent.com/sitesv/AG8ngQUNAhTIc50IHQykXjim_iPPOYAKyw9cg8Ok_W94e4FlcLqw6H1S4DV6I6j1uFmdWv-30GwLJbc9YUXrs6Z1O2IrfBjb6oQJkNatyZcg8XCoh2GCU4PkouA1KHLPh6nDlr_OuR3y3mT9vHvgPZdgUB1SiWzRYNeh69r1JRn9cZz3seeBUayE1Wwfb2KzDZY=w1280,49083fb3ca01db4c1e1e084116be5add024468728c2424909bc913cc92225f35,1200,,True
Infernoid,15AAl-XHzHGsHDPoHnfgddljhxupr3sbX,captions/ygo4_0092.json,Monster,Infernoid Flood,ygo4_0092,86e464e4f3c910c0,15AAl-XHzHGsHDPoHnfgddljhxupr3sbX,new_card_first_release,,,images/ygo4_0092.png,passed_automated_decode_dimension_checks,2024-06-20,19628,1.0,exact_alias,Fiend,pending_konami_verification,1024,RGB,830ec242d3424b8977101248723a1f742a4ca040987441ccf291afc55b9094e4,1024,34446231,,,thehungtd_full_art,https://lh3.googleusercontent.com/sitesv/AG8ngQV6VsuIGOvfwNkZM-meDx2sLdJLoSmcbHjW8Qo35npaLIxhplIfvL7lm7Nw4HFQ-QvuczIjEJ1rrXsrO5zS09RWBB1B0DtmyqMzatOLeahRD6kkd4RWivlQNcoTpL_L6zAS8_xpAWGjRITO1piFmCPQOK6ZHZjuVqSrEW4N-X9IZhuRIug67DxJUH6CtWA=s0,2026-08-31T18:26:06+00:00,selected_pending_image_and_caption_qa,1200,https://lh3.googleusercontent.com/sitesv/AG8ngQV6VsuIGOvfwNkZM-meDx2sLdJLoSmcbHjW8Qo35npaLIxhplIfvL7lm7Nw4HFQ-QvuczIjEJ1rrXsrO5zS09RWBB1B0DtmyqMzatOLeahRD6kkd4RWivlQNcoTpL_L6zAS8_xpAWGjRITO1piFmCPQOK6ZHZjuVqSrEW4N-X9IZhuRIug67DxJUH6CtWA=s0,thehungtd_full_art,Infernoid Flood,https://sites.google.com/view/thehungtd/latest-artworks/2024/terminal-world,https://lh3.googleusercontent.com/sitesv/AG8ngQV6VsuIGOvfwNkZM-meDx2sLdJLoSmcbHjW8Qo35npaLIxhplIfvL7lm7Nw4HFQ-QvuczIjEJ1rrXsrO5zS09RWBB1B0DtmyqMzatOLeahRD6kkd4RWivlQNcoTpL_L6zAS8_xpAWGjRITO1piFmCPQOK6ZHZjuVqSrEW4N-X9IZhuRIug67DxJUH6CtWA=w1280,94d5e6b160f9f11fecef4577e819705ab4cd9d2a7bcfb0d58f25a41e90a34b57,1200,,True
Phantom Knights,1pTQVDiJO7DP_Gri0cOx7NLj5QETcCjhj,captions/ygo4_0093.json,Monster,Phantom of Yubel,ygo4_0093,490d2439f167761e,1pTQVDiJO7DP_Gri0cOx7NLj5QETcCjhj,new_card_first_release,,,images/ygo4_0093.png,passed_automated_decode_dimension_checks,2024-06-20,20037,1.0,exact_alias,Fiend,pending_konami_verification,1024,RGB,fa3771398a4bdd378036312c672d48377ce420ba59058b603be940f88f0786be,1024,80453041,,,thehungtd_full_art,https://lh3.googleusercontent.com/sitesv/AG8ngQUiIrH9Abs3QITBva_G-JZcQbG6VegQQ55gijrXLbCP6QAXEIOYAutcMS8lHc980qY0oUFeTyAsSh1CeAakUrRw9wf1XRYUpGQuJ12ll9H7n0KonV8ZJd4d7F_bgz6M_YAFB0tEhqK88qQ8Q2zucnqs2yzTpV6BziwY1DF5NIxqahekE23qJ3n_C112QXQ=s0,2026-08-31T18:25:56+00:00,selected_pending_image_and_caption_qa,1200,https://lh3.googleusercontent.com/sitesv/AG8ngQUiIrH9Abs3QITBva_G-JZcQbG6VegQQ55gijrXLbCP6QAXEIOYAutcMS8lHc980qY0oUFeTyAsSh1CeAakUrRw9wf1XRYUpGQuJ12ll9H7n0KonV8ZJd4d7F_bgz6M_YAFB0tEhqK88qQ8Q2zucnqs2yzTpV6BziwY1DF5NIxqahekE23qJ3n_C112QXQ=s0,thehungtd_full_art,Phantom of Yubel,https://sites.google.com/view/thehungtd/latest-artworks/2024/other,https://lh3.googleusercontent.com/sitesv/AG8ngQUiIrH9Abs3QITBva_G-JZcQbG6VegQQ55gijrXLbCP6QAXEIOYAutcMS8lHc980qY0oUFeTyAsSh1CeAakUrRw9wf1XRYUpGQuJ12ll9H7n0KonV8ZJd4d7F_bgz6M_YAFB0tEhqK88qQ8Q2zucnqs2yzTpV6BziwY1DF5NIxqahekE23qJ3n_C112QXQ=w1280,c628662332ac3eb8096291cb7143e48b975f280c5cc3e1aeb4a86de7bb7b6fd4,1200,,True
Clear,1U86itgEV8dGl_R0dYZfa1YcwguZQnfBX,captions/ygo4_0094.json,Monster,Clear Phantom,ygo4_0094,0f0f335755557327,1U86itgEV8dGl_R0dYZfa1YcwguZQnfBX,new_card_first_release,,,images/ygo4_0094.png,passed_automated_decode_dimension_checks,2024-06-22,20393,1.0,exact_alias,Fiend,pending_konami_verification,1024,RGB,828c11935d0c04f0d149cac7a391b828d610e4419f928216778af5b56c1b7256,1024,70717628,,,thehungtd_full_art,https://lh3.googleusercontent.com/sitesv/AG8ngQX7Um1vRRujJLTnBF-fzleETwp7bgDBatEH7DVoAXcP13nZcteL43RH7INiRBlfLcZ1qvxRGFCOXWNFeOoA5TdL9EEdGq6-QUacqNK2ZAt3Dg7J72qWVGBHhO2ty3OKWURkZ3j5gIEwl2lyEQjWk5nKAoOP4mTAFrNz5rZ7xTjX_Crt9viL09fjq8lb=s0,2026-08-31T18:26:01+00:00,selected_pending_image_and_caption_qa,1200,https://lh3.googleusercontent.com/sitesv/AG8ngQX7Um1vRRujJLTnBF-fzleETwp7bgDBatEH7DVoAXcP13nZcteL43RH7INiRBlfLcZ1qvxRGFCOXWNFeOoA5TdL9EEdGq6-QUacqNK2ZAt3Dg7J72qWVGBHhO2ty3OKWURkZ3j5gIEwl2lyEQjWk5nKAoOP4mTAFrNz5rZ7xTjX_Crt9viL09fjq8lb=s0,thehungtd_full_art,Clear Phantom,https://sites.google.com/view/thehungtd/latest-artworks/2024/animation-chronicle-2024,https://lh3.googleusercontent.com/sitesv/AG8ngQX7Um1vRRujJLTnBF-fzleETwp7bgDBatEH7DVoAXcP13nZcteL43RH7INiRBlfLcZ1qvxRGFCOXWNFeOoA5TdL9EEdGq6-QUacqNK2ZAt3Dg7J72qWVGBHhO2ty3OKWURkZ3j5gIEwl2lyEQjWk5nKAoOP4mTAFrNz5rZ7xTjX_Crt9viL09fjq8lb=w1280,04ebbeacf528f1fb348d8168cfb893b800a8ce5633372d31b5cd1b09cfe189b9,1200,,True
,1T0amu7ovT0QU4htca5L1nOaDb9vrbpkp,captions/ygo4_0095.json,Monster,Singularity Fiend,ygo4_0095,3964f0795b0b8d1e,1T0amu7ovT0QU4htca5L1nOaDb9vrbpkp,new_card_first_release,,,images/ygo4_0095.png,passed_automated_decode_dimension_checks,2024-06-22,20398,1.0,exact_alias,Fiend,pending_konami_verification,1024,RGB,9f4760319acdea1ce25f9e0f2b0eedf6a22bacd30c52a59d8cad23b330a506b1,1024,32484853,,,thehungtd_drive_original,https://drive.usercontent.google.com/download?id=1T0amu7ovT0QU4htca5L1nOaDb9vrbpkp&export=download&authuser=0&confirm=t,2026-08-31T18:26:01+00:00,selected_pending_image_and_caption_qa,1200,https://lh3.googleusercontent.com/sitesv/AG8ngQV5t_w9RRsnMQ0u-gtKUO1-uBJVEqKJmnofnLklaEhMtU1I7x4PGBQPgw4V2mO0wtN2ySec4l0bcrM7M4fTT-JtvOIWU2dkmXqK20aMd9Nt4pB4FV1CobsuiAdZMzv4yTTPl2Q1FMslhTi5LZuRh8HvweEhgul-oD82D5WHH8DbtovWiGtmyzTntKW2vNI=s0,thehungtd_full_art,Singularity Fiend,https://sites.google.com/view/thehungtd/latest-artworks/2024/animation-chronicle-2024,https://lh3.googleusercontent.com/sitesv/AG8ngQV5t_w9RRsnMQ0u-gtKUO1-uBJVEqKJmnofnLklaEhMtU1I7x4PGBQPgw4V2mO0wtN2ySec4l0bcrM7M4fTT-JtvOIWU2dkmXqK20aMd9Nt4pB4FV1CobsuiAdZMzv4yTTPl2Q1FMslhTi5LZuRh8HvweEhgul-oD82D5WHH8DbtovWiGtmyzTntKW2vNI=w1280,cfe02322806061f457b2c99049da26ba36d09b1b40056ad4404c180560809960,1200,,True
Fiendsmith,1fgC0okDes4lugA76Dumxd3RiHiZ9Uaz8,captions/ygo4_0096.json,Monster,Fiendsmith Engraver,ygo4_0096,4a2eaef2e4c044d4,1fgC0okDes4lugA76Dumxd3RiHiZ9Uaz8,new_card_first_release,,,images/ygo4_0096.png,passed_automated_decode_dimension_checks,2024-07-18,20196,1.0,exact_alias,Fiend,pending_konami_verification,1024,RGB,f37e705b08e67a051a9c403198dded40c5c7c073058dcce31c73b5d44f6df016,1024,60764609,,,thehungtd_drive_original,https://drive.usercontent.google.com/download?id=1fgC0okDes4lugA76Dumxd3RiHiZ9Uaz8&export=download&authuser=0&confirm=t,2026-08-31T18:26:00+00:00,selected_pending_image_and_caption_qa,1200,https://lh3.googleusercontent.com/sitesv/AG8ngQVjYT6tRXA3VMcDlRGCXU5W9n-VxvyXWxgDWnj7I7zF3BjTlob7FdjmRxBz-PZw6XEgrp-lCQvmYLcoQlnAGfssLl9V2tcoqo42532DwwYDyipEVSV9wgbjun9yLA6Kcr9ibQxVbvtCCD43vrCBbknz6vVXH4Wbu4AhXYv_9D0nSJJT4LGbwID0HkTbxu0=s0,thehungtd_full_art,The Fiendsmith,https://sites.google.com/view/thehungtd/latest-artworks/2024/infinite-forbidden,https://lh3.googleusercontent.com/sitesv/AG8ngQVjYT6tRXA3VMcDlRGCXU5W9n-VxvyXWxgDWnj7I7zF3BjTlob7FdjmRxBz-PZw6XEgrp-lCQvmYLcoQlnAGfssLl9V2tcoqo42532DwwYDyipEVSV9wgbjun9yLA6Kcr9ibQxVbvtCCD43vrCBbknz6vVXH4Wbu4AhXYv_9D0nSJJT4LGbwID0HkTbxu0=w1280,3df462b3508cb90e78db9d7bfaf48ef5f9b88aa37f68964fca475f06adc005f7,1200,,True
Fiendsmith,1Q-ByHwvvvK8yxNhukB5foTpo07kcGNgC,captions/ygo4_0097.json,Monster,Fiendsmith's Desirae,ygo4_0097,2f259597d2f2dcd8,1Q-ByHwvvvK8yxNhukB5foTpo07kcGNgC,new_card_first_release,,,images/ygo4_0097.png,passed_automated_decode_dimension_checks,2024-07-18,20215,1.0,exact_alias,Fiend,pending_konami_verification,1024,RGB,f6b5e7d4cdcde99d4a0f864cdec4d546c463813da2f15c88cea156e57f33757b,1024,82135803,,,thehungtd_full_art,https://lh3.googleusercontent.com/sitesv/AG8ngQVdXabnbI-So_BsxYcQMdJy4wPgsJY6TgSUU0CUG6zKkcC3y29u1QuJjU3s-A7u1zD7OOpblJNF8fxDbiq5tHSysZ9atwdoPaaelw2qQMY9wH6ZJeB3Yxpeodia63n3NO-60N9TlJnY9LE3B5QX6rBJmFmGGDaP9IBgvl1sqeqlg-ezRQmaW3CYXKQuGJI=s0,2026-08-31T18:26:00+00:00,selected_pending_image_and_caption_qa,1200,https://lh3.googleusercontent.com/sitesv/AG8ngQVdXabnbI-So_BsxYcQMdJy4wPgsJY6TgSUU0CUG6zKkcC3y29u1QuJjU3s-A7u1zD7OOpblJNF8fxDbiq5tHSysZ9atwdoPaaelw2qQMY9wH6ZJeB3Yxpeodia63n3NO-60N9TlJnY9LE3B5QX6rBJmFmGGDaP9IBgvl1sqeqlg-ezRQmaW3CYXKQuGJI=s0,thehungtd_full_art,Fiendsmith Dies Irae,https://sites.google.com/view/thehungtd/latest-artworks/2024/infinite-forbidden,https://lh3.googleusercontent.com/sitesv/AG8ngQVdXabnbI-So_BsxYcQMdJy4wPgsJY6TgSUU0CUG6zKkcC3y29u1QuJjU3s-A7u1zD7OOpblJNF8fxDbiq5tHSysZ9atwdoPaaelw2qQMY9wH6ZJeB3Yxpeodia63n3NO-60N9TlJnY9LE3B5QX6rBJmFmGGDaP9IBgvl1sqeqlg-ezRQmaW3CYXKQuGJI=w1280,dd9bb425eb0f2eaec24ee64e3bab7018145ad7a344c3061676cc288cc947fe6b,1200,,True
Fiendsmith,1SCAkNOjvgrOloOR677gqLYkrLDDmxk3f,captions/ygo4_0098.json,Monster,Fiendsmith's Lacrima,ygo4_0098,332353e6ab933199,1SCAkNOjvgrOloOR677gqLYkrLDDmxk3f,new_card_first_release,,,images/ygo4_0098.png,passed_automated_decode_dimension_checks,2024-07-18,20214,1.0,exact_alias,Fiend,pending_konami_verification,1024,RGB,751890eae1fd13d97cc75da4c9b64a4c9fe6920217dede3670a97600901d8fd1,1024,46640168,,,thehungtd_full_art,https://lh3.googleusercontent.com/sitesv/AG8ngQVjO-UXW8TRzIKrwl9VVpikKcfeFPQcdmPl3dgsQu_hFbChCoaLoRtGFFptK3o87ZIQPBFg6Zn4v1b0WE9SE6HrKPxhQTdDJ7HCbawYler4nTpvb7uLsU9brygYa-BaS8XaZlp2QSbvkEedWZo1vbCBXZPZRzbjgFMRFXxDYSa3yU4uYTVqN7ZlVyd2=s0,2026-08-31T18:26:00+00:00,selected_pending_image_and_caption_qa,1200,https://lh3.googleusercontent.com/sitesv/AG8ngQVjO-UXW8TRzIKrwl9VVpikKcfeFPQcdmPl3dgsQu_hFbChCoaLoRtGFFptK3o87ZIQPBFg6Zn4v1b0WE9SE6HrKPxhQTdDJ7HCbawYler4nTpvb7uLsU9brygYa-BaS8XaZlp2QSbvkEedWZo1vbCBXZPZRzbjgFMRFXxDYSa3yU4uYTVqN7ZlVyd2=s0,thehungtd_full_art,Fiendsmith Lacrimosa,https://sites.google.com/view/thehungtd/latest-artworks/2024/infinite-forbidden,https://lh3.googleusercontent.com/sitesv/AG8ngQVjO-UXW8TRzIKrwl9VVpikKcfeFPQcdmPl3dgsQu_hFbChCoaLoRtGFFptK3o87ZIQPBFg6Zn4v1b0WE9SE6HrKPxhQTdDJ7HCbawYler4nTpvb7uLsU9brygYa-BaS8XaZlp2QSbvkEedWZo1vbCBXZPZRzbjgFMRFXxDYSa3yU4uYTVqN7ZlVyd2=w1280,f7ac540936acbeed04c376fbc10a85e1c49d250c2548714047551835e5aa8d56,1200,,True
Fiendsmith,1HSiptY88Q9QMfjpftiFyBPdLnkQmXXwi,captions/ygo4_0099.json,Monster,Fiendsmith's Requiem,ygo4_0099,13932934283b3337,1HSiptY88Q9QMfjpftiFyBPdLnkQmXXwi,new_card_first_release,,,images/ygo4_0099.png,passed_automated_decode_dimension_checks,2024-07-18,20225,1.0,exact_alias,Fiend,pending_konami_verification,1024,RGB,a19856d8e6aaa45174930b560a6881e71c1db7f1950e40f2bad44419eb39b214,1024,2463794,,,thehungtd_full_art,https://lh3.googleusercontent.com/sitesv/AG8ngQXv90BkCoR_orunvAtTnvQOA5pxthOPxmg7z74yqSfpExcaebRquIF54eYyYSj_oAitpGxmXE4QrpB9fijUgvNHp7cvnjsQPpdvW_6updHKPY-KXQ5cDkCLOlKKXNJ8pAp3RJXk41oaL-h2PCqV-aboATm4De_O0bkpmmNwUSRn0MdCm50ep2EWI77E0_Q=s0,2026-08-31T18:26:00+00:00,selected_pending_image_and_caption_qa,1200,https://lh3.googleusercontent.com/sitesv/AG8ngQXv90BkCoR_orunvAtTnvQOA5pxthOPxmg7z74yqSfpExcaebRquIF54eYyYSj_oAitpGxmXE4QrpB9fijUgvNHp7cvnjsQPpdvW_6updHKPY-KXQ5cDkCLOlKKXNJ8pAp3RJXk41oaL-h2PCqV-aboATm4De_O0bkpmmNwUSRn0MdCm50ep2EWI77E0_Q=s0,thehungtd_full_art,Fiendsmith Requiem,https://sites.google.com/view/thehungtd/latest-artworks/2024/infinite-forbidden,https://lh3.googleusercontent.com/sitesv/AG8ngQXv90BkCoR_orunvAtTnvQOA5pxthOPxmg7z74yqSfpExcaebRquIF54eYyYSj_oAitpGxmXE4QrpB9fijUgvNHp7cvnjsQPpdvW_6updHKPY-KXQ5cDkCLOlKKXNJ8pAp3RJXk41oaL-h2PCqV-aboATm4De_O0bkpmmNwUSRn0MdCm50ep2EWI77E0_Q=w1280,68afb5829615888cff7c7b57897606d0653c3f791d84b75b9016d0d8b8efc473,1200,,True
Fiendsmith,1hwRTOzIDhX2JmHMekDzGH9aVRAZD9oZY,captions/ygo4_0100.json,Monster,Fiendsmith's Sequence,ygo4_0100,99b32a160fb24c69,1hwRTOzIDhX2JmHMekDzGH9aVRAZD9oZY,new_card_first_release,,,images/ygo4_0100.png,passed_automated_decode_dimension_checks,2024-07-18,20226,1.0,exact_alias,Fiend,pending_konami_verification,1024,RGB,a3de7dd8a21c7ef9d5d9815fc4aedb971e425341bc689ed6ec117fa94c27947c,1024,49867899,,,ygoprodeck_identity_fallback,https://images.ygoprodeck.com/images/cards_cropped/49867899.jpg,2026-08-31T18:26:00+00:00,selected_pending_image_and_caption_qa,624,https://lh3.googleusercontent.com/sitesv/AG8ngQVYA_Nj4_MDhyBJNo21slmzDqv_1_boVjbTGV0Iit_QL1hVt8RNV3xD0X4GA_flpoJCVQSmBjNvUq8NYuNEExJrJKgW7w8llqFQbTlUBPWTpvEnyS6pgYTuO3nPuGT9PDjhNzDDnQ9v7whmL87sbW0yV8o1WQsIU_jDpKeeRiGLYwpB180wyRtWf7_hs4Y=s0,thehungtd_full_art,Fiendsmith Sequentia,https://sites.google.com/view/thehungtd/latest-artworks/2024/infinite-forbidden,https://lh3.googleusercontent.com/sitesv/AG8ngQVYA_Nj4_MDhyBJNo21slmzDqv_1_boVjbTGV0Iit_QL1hVt8RNV3xD0X4GA_flpoJCVQSmBjNvUq8NYuNEExJrJKgW7w8llqFQbTlUBPWTpvEnyS6pgYTuO3nPuGT9PDjhNzDDnQ9v7whmL87sbW0yV8o1WQsIU_jDpKeeRiGLYwpB180wyRtWf7_hs4Y=w1280,15ac78c321c02af8d91f407df3fa649e725248c0f37058cc6099be5d8ffa9637,624,,True
Archfiend,1_Tk2jqC0XlbJcCmjQWV9krbIe9QZ4-Qo,captions/ygo4_0101.json,Monster,Mimighoul Archfiend,ygo4_0101,4d1c8abbd198395c,1_Tk2jqC0XlbJcCmjQWV9krbIe9QZ4-Qo,new_card_first_release,,,images/ygo4_0101.png,passed_automated_decode_dimension_checks,2024-07-18,20431,1.0,exact_alias,Fiend,pending_konami_verification,1024,RGB,83041cfcfb03066a2facd0f3cd3ce71594ea52e47160a14d27d07ed2f073c21f,1024,50415441,,,thehungtd_drive_original,https://drive.usercontent.google.com/download?id=1_Tk2jqC0XlbJcCmjQWV9krbIe9QZ4-Qo&export=download&authuser=0&confirm=t,2026-08-31T18:26:00+00:00,selected_pending_image_and_caption_qa,1200,https://lh3.googleusercontent.com/sitesv/AG8ngQVZmKwPmdhez-lpIP4nvdA5IB2GuwhwH_c2mfyzTJRSImNi6ko1r0jG9NQIBJf5Mdc6Q3TbcVJhvZkIMVvLvJiorCFIygYz5DJqpK1HQRrYFAdRaYBtMXIyRLjPUsuBD8xThbKvCtWwz_1VeAHDaIhET6o6pAbqzxfVDYg6CrFQbkbcKmCSrcNZShRcQr8=s0,thehungtd_full_art,Mimighoul Archfiend,https://sites.google.com/view/thehungtd/latest-artworks/2024/infinite-forbidden,https://lh3.googleusercontent.com/sitesv/AG8ngQVZmKwPmdhez-lpIP4nvdA5IB2GuwhwH_c2mfyzTJRSImNi6ko1r0jG9NQIBJf5Mdc6Q3TbcVJhvZkIMVvLvJiorCFIygYz5DJqpK1HQRrYFAdRaYBtMXIyRLjPUsuBD8xThbKvCtWwz_1VeAHDaIhET6o6pAbqzxfVDYg6CrFQbkbcKmCSrcNZShRcQr8=w1280,39fb39e7c5adedfa60ded66c9e595b1223c41b621612b56c93cb796d50e3cfa8,1200,,True
,1Y6vvY2_LnjnLXyw_uLE9eImsqxkGWCYY,captions/ygo4_0102.json,Monster,Moon of the Closed Heaven,ygo4_0102,cc48daacc48cc8d3,1Y6vvY2_LnjnLXyw_uLE9eImsqxkGWCYY,new_card_first_release,,,images/ygo4_0102.png,passed_automated_decode_dimension_checks,2024-07-18,19932,1.0,exact_alias,Fiend,pending_konami_verification,1024,RGB,a33872de9c010064ebcbbfe6430d84f09a106c19bdb4ba30c608a20f346988cf,1024,71818935,,,thehungtd_full_art,https://lh3.googleusercontent.com/sitesv/AG8ngQUOr_YBwwOCkKMkRrfhitOrl8T5rmN2lcGuVIkc-IfyDyBuUPxW3SXtwt2a6L5kBXRWrp8_EUyhrCMhAcmH6zqj5vXrSskeYtxarGhGw8jODapx9dFFGfIK0_FAQ4zzM1hX5o7YLe8KpQzqmdFR3-yQkM5cWi9Dd-QI_apTIhN8YvMINZmUc_9NYMLgVtw=s0,2026-08-31T18:25:56+00:00,selected_pending_image_and_caption_qa,1200,https://lh3.googleusercontent.com/sitesv/AG8ngQUOr_YBwwOCkKMkRrfhitOrl8T5rmN2lcGuVIkc-IfyDyBuUPxW3SXtwt2a6L5kBXRWrp8_EUyhrCMhAcmH6zqj5vXrSskeYtxarGhGw8jODapx9dFFGfIK0_FAQ4zzM1hX5o7YLe8KpQzqmdFR3-yQkM5cWi9Dd-QI_apTIhN8YvMINZmUc_9NYMLgVtw=s0,thehungtd_full_art,Moon of the Closed Sky,https://sites.google.com/view/thehungtd/latest-artworks/2024/other,https://lh3.googleusercontent.com/sitesv/AG8ngQUOr_YBwwOCkKMkRrfhitOrl8T5rmN2lcGuVIkc-IfyDyBuUPxW3SXtwt2a6L5kBXRWrp8_EUyhrCMhAcmH6zqj5vXrSskeYtxarGhGw8jODapx9dFFGfIK0_FAQ4zzM1hX5o7YLe8KpQzqmdFR3-yQkM5cWi9Dd-QI_apTIhN8YvMINZmUc_9NYMLgVtw=w1280,0351c39a6615d9702d54e2120c7f1a6e174e779ac30c50c36aca65e0a6e7cdee,1200,,True
Fiendsmith,1DLEY1ezG9OaPnTSnci4O9vg5iI7GyHbF,captions/ygo4_0103.json,Monster,Fiendsmith's Agnumday,ygo4_0103,cdcbedb7f36a9dbf,1DLEY1ezG9OaPnTSnci4O9vg5iI7GyHbF,new_card_first_release,,,images/ygo4_0103.png,passed_automated_decode_dimension_checks,2024-07-27,20521,1.0,exact_alias,Fiend,pending_konami_verification,1024,RGB,b133a67e8abed27dde37df97f82c198007fc63c0c7505548be8d4c12de916573,1024,32991300,,,thehungtd_drive_original,https://drive.usercontent.google.com/download?id=1DLEY1ezG9OaPnTSnci4O9vg5iI7GyHbF&export=download&authuser=0&confirm=t,2026-08-31T18:25:58+00:00,selected_pending_image_and_caption_qa,1200,https://lh3.googleusercontent.com/sitesv/AG8ngQWRP1O2UFABfINL-KvSMugerjVMTEmKiqZjpdmkvQNZlqltutmoKe637BBjfhBNZx9unM-yJLTQt9ZqUEKBT8ZFxSutCkk6xJu-Z8eCgoACq2xtdmoRPjlFLSC4dh23MPRqFRnxMyoJqrimZXIK8hFY-Cx9pEcbinUvt8GLS6hzAHq39zIDYFQlD_fOZ4I=s0,thehungtd_full_art,Fiendsmith's Agnusdei,https://sites.google.com/view/thehungtd/latest-artworks/2024/rage-of-the-abyss,https://lh3.googleusercontent.com/sitesv/AG8ngQWRP1O2UFABfINL-KvSMugerjVMTEmKiqZjpdmkvQNZlqltutmoKe637BBjfhBNZx9unM-yJLTQt9ZqUEKBT8ZFxSutCkk6xJu-Z8eCgoACq2xtdmoRPjlFLSC4dh23MPRqFRnxMyoJqrimZXIK8hFY-Cx9pEcbinUvt8GLS6hzAHq39zIDYFQlD_fOZ4I=w1280,7bebfecac1ae9c2018459943ec6639d6bb8def78a741551d1cdafefd73c8c22a,1200,,True
Goblin,1jhvgarxONBiK__PiAF0Kku-9AwYxTqsJ,captions/ygo4_0104.json,Monster,Goblin Bikers Gone Wild,ygo4_0104,3c26753b2b73f2c6,1jhvgarxONBiK__PiAF0Kku-9AwYxTqsJ,new_card_first_release,,,images/ygo4_0104.png,passed_automated_decode_dimension_checks,2024-07-27,20488,1.0,exact_alias,Fiend,pending_konami_verification,1024,RGB,fbc8adb486fb5667a022212d16df7c6bb9a3191ae893a9bebeb15967197cb62c,1024,55320758,,,ygoprodeck_identity_fallback,https://images.ygoprodeck.com/images/cards_cropped/55320758.jpg,2026-08-31T18:25:58+00:00,selected_pending_image_and_caption_qa,624,https://lh3.googleusercontent.com/sitesv/AG8ngQUanJnXasKy6MkC6o78OisNcVL3dBMb6SocVEfByUtbv6Rp9hKyiCCV_RqUrOpMOwjbq_Kc9M7daHx7o7LfKpaU0Ka-KTqAV-PcM3CXvOPIS4EFNV7teuyinNqbtgjQvy--fd4s130ZEdOF5luvGmykglnTpnjuSrY5aJX1DSBuCxBEyYuP_H1dCG54mbM=s0,thehungtd_full_art,Bad-Ass Goblin Bikers,https://sites.google.com/view/thehungtd/latest-artworks/2024/rage-of-the-abyss,https://lh3.googleusercontent.com/sitesv/AG8ngQUanJnXasKy6MkC6o78OisNcVL3dBMb6SocVEfByUtbv6Rp9hKyiCCV_RqUrOpMOwjbq_Kc9M7daHx7o7LfKpaU0Ka-KTqAV-PcM3CXvOPIS4EFNV7teuyinNqbtgjQvy--fd4s130ZEdOF5luvGmykglnTpnjuSrY5aJX1DSBuCxBEyYuP_H1dCG54mbM=w1280,a547105711b2d1f895a80c0c62bfdcea00c9511e3bfff2895ddfc9c60ea7fd14,624,,True
Fiendsmith,1QdD7rUCvFM3GIMx-G5mZA4kxcPk1j447,captions/ygo4_0105.json,Monster,Lacrima the Crimson Tears,ygo4_0105,87c7eb793b7be77e,1QdD7rUCvFM3GIMx-G5mZA4kxcPk1j447,new_card_first_release,,,images/ygo4_0105.png,passed_automated_decode_dimension_checks,2024-07-27,20490,1.0,exact_alias,Fiend,pending_konami_verification,1024,RGB,efad542c6256c13e17cfcb2153f044c963389a5058ab515d7463b959fb9a3218,1024,28803166,,,thehungtd_drive_original,https://drive.usercontent.google.com/download?id=1QdD7rUCvFM3GIMx-G5mZA4kxcPk1j447&export=download&authuser=0&confirm=t,2026-08-31T18:25:58+00:00,selected_pending_image_and_caption_qa,1200,https://lh3.googleusercontent.com/sitesv/AG8ngQX4vfK_24ePLuASDEfeB1lRGm8qihXqvOlw_nrQJY-EKX87ZD71_JMojpbpYt8LJKG_lT7Sg_-M3IPtHqswQxpzmosDz1A_z7mhq1fE7OuOm70GdoHxOaQRYAFfgHDYUURK_paSbYArK2cRer4VArhjXAQBLxYaPrsdylkcJnZ66y1hySm-f1QmPT2XIXA=s0,thehungtd_full_art,Lacrima the Scarlet Sorrow,https://sites.google.com/view/thehungtd/latest-artworks/2024/rage-of-the-abyss,https://lh3.googleusercontent.com/sitesv/AG8ngQX4vfK_24ePLuASDEfeB1lRGm8qihXqvOlw_nrQJY-EKX87ZD71_JMojpbpYt8LJKG_lT7Sg_-M3IPtHqswQxpzmosDz1A_z7mhq1fE7OuOm70GdoHxOaQRYAFfgHDYUURK_paSbYArK2cRer4VArhjXAQBLxYaPrsdylkcJnZ66y1hySm-f1QmPT2XIXA=w1280,228f5715b29e3a5c580511fb50c91cd780cc90a310039a4483ad14265b595577,1200,,True
,1v5o23pwlqIKZyIlYIge_AEVZ_5Hqum8y,captions/ygo4_0106.json,Monster,Zoa the Fiendish Beast,ygo4_0106,1a5becb853633307,1v5o23pwlqIKZyIlYIge_AEVZ_5Hqum8y,new_card_first_release,,,images/ygo4_0106.png,passed_automated_decode_dimension_checks,2024-07-27,20483,1.0,exact_alias,Fiend,pending_konami_verification,1024,RGB,356183e38b21c096b9b1ece88a21f1deb092d2d9411ba48f81e5774a4f14b727,1024,53753697,,,ygoprodeck_identity_fallback,https://images.ygoprodeck.com/images/cards_cropped/53753697.jpg,2026-08-31T18:25:58+00:00,selected_pending_image_and_caption_qa,624,https://lh3.googleusercontent.com/sitesv/AG8ngQWS5eI_YZXnejvCVvyalMHi62n3Cg1oU_zpNVJN_NuABQU-mfsEsRHPXfHFfgOshzPhEw-3yA5WLt94kt7rxGejgsH81558hqBC6-roD_5GuRAghXMVL_mlg9U5s56k65rgfoHCJ-sU6psW7kONnM3KCyvGGPy6v6K0_qFLT-mLmDp7OsihCaa7ZVye=s0,thehungtd_full_art,Fiend Beast Zoa,https://sites.google.com/view/thehungtd/latest-artworks/2024/rage-of-the-abyss,https://lh3.googleusercontent.com/sitesv/AG8ngQWS5eI_YZXnejvCVvyalMHi62n3Cg1oU_zpNVJN_NuABQU-mfsEsRHPXfHFfgOshzPhEw-3yA5WLt94kt7rxGejgsH81558hqBC6-roD_5GuRAghXMVL_mlg9U5s56k65rgfoHCJ-sU6psW7kONnM3KCyvGGPy6v6K0_qFLT-mLmDp7OsihCaa7ZVye=w1280,3cf544675bba9052eaf0a093d5baf764868000662e99c52971b004b821481283,624,,True
Evil HERO,1CIk_8rUDzhdF6kZSx-U1UFMBvEuVPCv_,captions/ygo4_0107.json,Monster,Evil HERO Darkest Knight,ygo4_0107,694b6733354b1317,1CIk_8rUDzhdF6kZSx-U1UFMBvEuVPCv_,new_card_first_release,,,images/ygo4_0107.png,passed_automated_decode_dimension_checks,2025-01-23,20770,1.0,exact_alias,Fiend,pending_konami_verification,1024,RGB,7e6873f4704963566cf6cb9dc1765b675553117da9288e41dd587108b05f0ab8,1024,86282581,,,thehungtd_drive_original,https://drive.usercontent.google.com/download?id=1CIk_8rUDzhdF6kZSx-U1UFMBvEuVPCv_&export=download&authuser=0&confirm=t,2026-08-31T18:25:56+00:00,selected_pending_image_and_caption_qa,1200,https://lh3.googleusercontent.com/sitesv/AG8ngQXTJ5JzEpW_PKZtsfLKnueKvELElCcDDc-nWglKh7obOJR885HGknvTMAIpYX8fz2VGlAh-L_FjKOf3_sQt_uKz4oKrK8du1BA1EldkesXW8Uqla-lVezuy7qL27kJnyFLpt54sPWP6233zax611zXEziue9vaUeJqBkGjfu3EJMKD-G2wnKTd1hOp27W4=s0,thehungtd_full_art,Evil HERO Dark Knight,https://sites.google.com/view/thehungtd/latest-artworks/2024/supreme-darkness,https://lh3.googleusercontent.com/sitesv/AG8ngQXTJ5JzEpW_PKZtsfLKnueKvELElCcDDc-nWglKh7obOJR885HGknvTMAIpYX8fz2VGlAh-L_FjKOf3_sQt_uKz4oKrK8du1BA1EldkesXW8Uqla-lVezuy7qL27kJnyFLpt54sPWP6233zax611zXEziue9vaUeJqBkGjfu3EJMKD-G2wnKTd1hOp27W4=w1280,d275b18db98490d5a8e932de5b3b7c7e1ef2b95173cc6af325b9f359eab1e025,1200,,True
Evil HERO,1olG4WKC3WQGHzWV_fMGEmbCLOH0_iti9,captions/ygo4_0108.json,Monster,Evil HERO Infernal Rider,ygo4_0108,3369a5a3d39edd65,1olG4WKC3WQGHzWV_fMGEmbCLOH0_iti9,new_card_first_release,,,images/ygo4_0108.png,passed_automated_decode_dimension_checks,2025-01-23,20742,1.0,exact_alias,Fiend,pending_konami_verification,1024,RGB,9bed51cb1d81de62c5b697b3a908fa0eec87657ab0f6047db250fbc87d7eea6d,1024,76978105,,,thehungtd_drive_original,https://drive.usercontent.google.com/download?id=1olG4WKC3WQGHzWV_fMGEmbCLOH0_iti9&export=download&authuser=0&confirm=t,2026-08-31T18:25:56+00:00,selected_pending_image_and_caption_qa,1200,https://lh3.googleusercontent.com/sitesv/AG8ngQWRWEUlVj0cAeqthz1_2lpdHC-V-wGLDVE8C7Sf4CatAavPzYC39vU0eU8Gk9i3XTfFebSI7H4UtgfUx5fHgoHYQNiTJ08f5UHac5sCFGtenPD9JxdF7ReooaYidSfb4iorw87-7ReyCbmwT8zyJ4p8rO6-EL4RWoiitwMPCn_CN_qVqTsM610A4tYgoFQ=s0,thehungtd_full_art,Evil HERO Infernal Rider,https://sites.google.com/view/thehungtd/latest-artworks/2024/supreme-darkness,https://lh3.googleusercontent.com/sitesv/AG8ngQWRWEUlVj0cAeqthz1_2lpdHC-V-wGLDVE8C7Sf4CatAavPzYC39vU0eU8Gk9i3XTfFebSI7H4UtgfUx5fHgoHYQNiTJ08f5UHac5sCFGtenPD9JxdF7ReooaYidSfb4iorw87-7ReyCbmwT8zyJ4p8rO6-EL4RWoiitwMPCn_CN_qVqTsM610A4tYgoFQ=w1280,c0554577f81647253f4a45121b63101e5d571ed3c77084b337612c5dbf601800,1200,,True
Evil HERO,1MVJXaSTnPyzW3ow3774AZdJiA4auSP6n,captions/ygo4_0109.json,Monster,Evil HERO Inferno Wing - Backfire,ygo4_0109,9911914b4a3899a6,1MVJXaSTnPyzW3ow3774AZdJiA4auSP6n,new_card_first_release,,,images/ygo4_0109.png,passed_automated_decode_dimension_checks,2025-01-23,20769,1.0,exact_alias,Fiend,pending_konami_verification,1024,RGB,d99505a072003fd118b804b7d6801b6f472dfc99ddb0afa8a5be2400d2943889,1024,59893882,,,thehungtd_full_art,https://lh3.googleusercontent.com/sitesv/AG8ngQUWApkiMakYt9aqPuhZNlhVEjMtMR4rhvnpyMrRSp80ddHzvaDXTuvHXTeRQFbIbP5i28KDXqyir5-xTobPMJIA3afECGTR-Qwx_mFlx492Wlh5HwF70tdikSKVsrxMAL3NsYWASP9RoSkR7X8Auy293PMlPWWsnL0Xe6gnRTxV1hmAolz3qCmVrImH=s0,2026-08-31T18:25:56+00:00,selected_pending_image_and_caption_qa,1200,https://lh3.googleusercontent.com/sitesv/AG8ngQUWApkiMakYt9aqPuhZNlhVEjMtMR4rhvnpyMrRSp80ddHzvaDXTuvHXTeRQFbIbP5i28KDXqyir5-xTobPMJIA3afECGTR-Qwx_mFlx492Wlh5HwF70tdikSKVsrxMAL3NsYWASP9RoSkR7X8Auy293PMlPWWsnL0Xe6gnRTxV1hmAolz3qCmVrImH=s0,thehungtd_full_art,Evil HERO Inferno Wing - Infernal Backlash,https://sites.google.com/view/thehungtd/latest-artworks/2024/supreme-darkness,https://lh3.googleusercontent.com/sitesv/AG8ngQUWApkiMakYt9aqPuhZNlhVEjMtMR4rhvnpyMrRSp80ddHzvaDXTuvHXTeRQFbIbP5i28KDXqyir5-xTobPMJIA3afECGTR-Qwx_mFlx492Wlh5HwF70tdikSKVsrxMAL3NsYWASP9RoSkR7X8Auy293PMlPWWsnL0Xe6gnRTxV1hmAolz3qCmVrImH=w1280,2f66de32c8383dce2a633c09f31e3fdfeedaf97a3d23fd2162326e918128d248,1200,,True
Evil HERO,1HXIbsn6xAYoNOhfEtaaudeg_kKUlG1L0,captions/ygo4_0110.json,Monster,Evil HERO Neos Lord,ygo4_0110,47632f32b2a9436f,1HXIbsn6xAYoNOhfEtaaudeg_kKUlG1L0,new_card_first_release,,,images/ygo4_0110.png,passed_automated_decode_dimension_checks,2025-01-23,20768,1.0,exact_alias,Fiend,pending_konami_verification,1024,RGB,77f067fa1c9ad273c822a05c18e6119a4146ff76ead3df1aaa8559a7cb0a49b9,1024,13708888,,,thehungtd_drive_original,https://drive.usercontent.google.com/download?id=1HXIbsn6xAYoNOhfEtaaudeg_kKUlG1L0&export=download&authuser=0&confirm=t,2026-08-31T18:25:56+00:00,selected_pending_image_and_caption_qa,1200,https://lh3.googleusercontent.com/sitesv/AG8ngQWn9Y9Hp7jVTMq9iD86AMvmP60rjszBcwG7hMTBdaZdmBUVy4WMOOFAJib7yo0CTtnbbxvCmmWCAmqleH5K2A4d3PBZW2bIQyNwmQcomsOvmSk7UmurckaMO3Hr3JeM81XzmqusHJ0nTCNztRP_hnGCZ1BwcvrvkcwwSNMbNCZqnWvDMO1fONP6hxnmjNc=s0,thehungtd_full_art,Evil HERO Neos Lord,https://sites.google.com/view/thehungtd/latest-artworks/2024/supreme-darkness,https://lh3.googleusercontent.com/sitesv/AG8ngQWn9Y9Hp7jVTMq9iD86AMvmP60rjszBcwG7hMTBdaZdmBUVy4WMOOFAJib7yo0CTtnbbxvCmmWCAmqleH5K2A4d3PBZW2bIQyNwmQcomsOvmSk7UmurckaMO3Hr3JeM81XzmqusHJ0nTCNztRP_hnGCZ1BwcvrvkcwwSNMbNCZqnWvDMO1fONP6hxnmjNc=w1280,20192e96f666b0ea5c291d28fcbccabf98c964486ef2556790f92f6dfc1806af,1200,,True
Evil HERO,1Pkk1gzCRp7mnhkC9uNiEGI4MmXQOTdvE,captions/ygo4_0111.json,Monster,Evil HERO Toxic Bubble,ygo4_0111,1d48c025e69091e9,1Pkk1gzCRp7mnhkC9uNiEGI4MmXQOTdvE,new_card_first_release,,,images/ygo4_0111.png,passed_automated_decode_dimension_checks,2025-01-23,20740,1.0,exact_alias,Fiend,pending_konami_verification,1024,RGB,491cfa700007bcc868e837250a841a565ab37315eab50ad6eb32266a870149d8,1024,3598351,,,thehungtd_full_art,https://lh3.googleusercontent.com/sitesv/AG8ngQV-r7ALvYR5IgNLKmrqukzIYaF6lTCmSfiQkGi54wEgwtdiWkTBTQvwEM1NI3EQlfXKYE8Iv6zP7Nh-iyJI1AokzGrgU2icdBUaYWOMu9maQdXUxKiqWilsQx37byMRGyqCy-AjZAPIS-vn2qT7eFZtbDquzhoJI6GN2EIuGBFkBJ7w2klOUqVKu7ZJ5o8=s0,2026-08-31T18:25:56+00:00,selected_pending_image_and_caption_qa,1200,https://lh3.googleusercontent.com/sitesv/AG8ngQV-r7ALvYR5IgNLKmrqukzIYaF6lTCmSfiQkGi54wEgwtdiWkTBTQvwEM1NI3EQlfXKYE8Iv6zP7Nh-iyJI1AokzGrgU2icdBUaYWOMu9maQdXUxKiqWilsQx37byMRGyqCy-AjZAPIS-vn2qT7eFZtbDquzhoJI6GN2EIuGBFkBJ7w2klOUqVKu7ZJ5o8=s0,thehungtd_full_art,Evil HERO Toxic Bubble,https://sites.google.com/view/thehungtd/latest-artworks/2024/supreme-darkness,https://lh3.googleusercontent.com/sitesv/AG8ngQV-r7ALvYR5IgNLKmrqukzIYaF6lTCmSfiQkGi54wEgwtdiWkTBTQvwEM1NI3EQlfXKYE8Iv6zP7Nh-iyJI1AokzGrgU2icdBUaYWOMu9maQdXUxKiqWilsQx37byMRGyqCy-AjZAPIS-vn2qT7eFZtbDquzhoJI6GN2EIuGBFkBJ7w2klOUqVKu7ZJ5o8=w1280,a89da9a57eb57856f707979348319ecff2f141e57cf5684d810d67d83a4177fc,1200,,True
Fiendsmith,1huafmMRIJWQI7JmZFWuX93t9kfWPNyyr,captions/ygo4_0112.json,Monster,Fiendsmith's Rextremende,ygo4_0112,99992413f2661889,1huafmMRIJWQI7JmZFWuX93t9kfWPNyyr,new_card_first_release,,,images/ygo4_0112.png,passed_automated_decode_dimension_checks,2025-01-23,20774,1.0,exact_alias,Fiend,pending_konami_verification,1024,RGB,f71cba9060e6b125ee10afd904c5b13a944ad024177b9c3225f8dc0312d188e6,1024,11464648,,,thehungtd_full_art,https://lh3.googleusercontent.com/sitesv/AG8ngQVZApYgC8-D8NrvxBCF2eyTXTX1_6UuLDpGsyeM8QOEC5sjWw4zHbZol0ecRJP5dxQ0D658PxM0h5Y8pX-3e3pu1VZCSfv4rOO2DnBQN3S56UZX2zup1Vv8Lj81I1ElYydf6RQNOKQj1e4YjylW3uVHUYs3mWbHr59UMiLdBSfL37ClBB44lxP0qxdsZD0=s0,2026-08-31T18:25:56+00:00,selected_pending_image_and_caption_qa,1200,https://lh3.googleusercontent.com/sitesv/AG8ngQVZApYgC8-D8NrvxBCF2eyTXTX1_6UuLDpGsyeM8QOEC5sjWw4zHbZol0ecRJP5dxQ0D658PxM0h5Y8pX-3e3pu1VZCSfv4rOO2DnBQN3S56UZX2zup1Vv8Lj81I1ElYydf6RQNOKQj1e4YjylW3uVHUYs3mWbHr59UMiLdBSfL37ClBB44lxP0qxdsZD0=s0,thehungtd_full_art,Fiendsmith's Rex Tremendae,https://sites.google.com/view/thehungtd/latest-artworks/2024/supreme-darkness,https://lh3.googleusercontent.com/sitesv/AG8ngQVZApYgC8-D8NrvxBCF2eyTXTX1_6UuLDpGsyeM8QOEC5sjWw4zHbZol0ecRJP5dxQ0D658PxM0h5Y8pX-3e3pu1VZCSfv4rOO2DnBQN3S56UZX2zup1Vv8Lj81I1ElYydf6RQNOKQj1e4YjylW3uVHUYs3mWbHr59UMiLdBSfL37ClBB44lxP0qxdsZD0=w1280,8de5a6c460cd93b470078a0324faa86189a6a50107914993e20ba8cf46b66c04,1200,,True
Goblin,1zpy3yyuJXYwsunOJunoEcLAEMS58YXk6,captions/ygo4_0113.json,Monster,Goblin Bikers Gone Bonkers,ygo4_0113,6f6e3e9f7fe9919a,1zpy3yyuJXYwsunOJunoEcLAEMS58YXk6,new_card_first_release,,,images/ygo4_0113.png,passed_automated_decode_dimension_checks,2025-01-23,20781,1.0,exact_alias,Fiend,pending_konami_verification,1024,RGB,1771039bfba81dc525f0b88e2c97149737cc83e0b7220842a1f6061da02f8711,1024,46014517,,,thehungtd_drive_original,https://drive.usercontent.google.com/download?id=1zpy3yyuJXYwsunOJunoEcLAEMS58YXk6&export=download&authuser=0&confirm=t,2026-08-31T18:25:56+00:00,selected_pending_image_and_caption_qa,1200,https://lh3.googleusercontent.com/sitesv/AG8ngQUn8cjKNuzRTN1bVYdJhms6i2YPxOl8eecTBAYfaZYZGSyhQTeMD-FjsP5z8-2qZbtHC5ZPNOzaH7hze_5_AehdsEAvVwiFFQn1aP8g86COQZbY2zXpFnzLmM4g8OMBuRK1J8c8e-Lb7h8Jt_bzCfF0PvgD2xjkJIn34s87cjgfEDr-kYj0BUInl5YfTpU=s0,thehungtd_full_art,Kick-Ass Goblin Bikers,https://sites.google.com/view/thehungtd/latest-artworks/2024/supreme-darkness,https://lh3.googleusercontent.com/sitesv/AG8ngQUn8cjKNuzRTN1bVYdJhms6i2YPxOl8eecTBAYfaZYZGSyhQTeMD-FjsP5z8-2qZbtHC5ZPNOzaH7hze_5_AehdsEAvVwiFFQn1aP8g86COQZbY2zXpFnzLmM4g8OMBuRK1J8c8e-Lb7h8Jt_bzCfF0PvgD2xjkJIn34s87cjgfEDr-kYj0BUInl5YfTpU=w1280,f9f9a623ca1a3fb0c97b443ce82f92f7e10b8816fee2208604ed06f5bd60aa22,1200,,True
Earthbound,1cN6NxxozmBo6xLEK1tZGyRzSe-UpAJ2-,captions/ygo4_0114.json,Monster,Earthbound Immortal Red Nova,ygo4_0114,0d596169c2c383aa,1cN6NxxozmBo6xLEK1tZGyRzSe-UpAJ2-,new_card_first_release,,,images/ygo4_0114.png,passed_automated_decode_dimension_checks,2025-03-13,20400,1.0,exact_alias,Fiend,pending_konami_verification,1024,RGB,e2d3810d196225dba2891e7830d5cdfef87692c94a4f06706197e84b7af1c69f,1024,5267507,,,thehungtd_drive_original,https://drive.usercontent.google.com/download?id=1cN6NxxozmBo6xLEK1tZGyRzSe-UpAJ2-&export=download&authuser=0&confirm=t,2026-08-31T18:26:01+00:00,selected_pending_image_and_caption_qa,1200,https://lh3.googleusercontent.com/sitesv/AG8ngQWIJucI6CeyZpXFibUyHLqEoEWeQGw4s-n90mbd6Vp6D17Iq6zWXT37Oy06LDWZuAsN9_zU5u8al0oXhGbyNjzutOcqrZSQQ6AWv4Gp9q3JeyZoi1q7wVhX4Y5f-hcjQ1het4BFKve5fNEV-xhhGMyA87fHvcznFS6ce3GqG0Pd2SiaPLl1yf8nDJZQc7k=s0,thehungtd_full_art,Earthbound Immortal Red Nova,https://sites.google.com/view/thehungtd/latest-artworks/2024/animation-chronicle-2024,https://lh3.googleusercontent.com/sitesv/AG8ngQWIJucI6CeyZpXFibUyHLqEoEWeQGw4s-n90mbd6Vp6D17Iq6zWXT37Oy06LDWZuAsN9_zU5u8al0oXhGbyNjzutOcqrZSQQ6AWv4Gp9q3JeyZoi1q7wVhX4Y5f-hcjQ1het4BFKve5fNEV-xhhGMyA87fHvcznFS6ce3GqG0Pd2SiaPLl1yf8nDJZQc7k=w1280,a521fdd90607ee01f57f38c00ca0171a433230dd1011dd5bdec1dbec17106e57,1200,,True
,14wrcSCVwHtRuW0a7Q4A6zDKPoC7OvSXv,captions/ygo4_0115.json,Monster,The Duke of Demise,ygo4_0115,9b35d3629aca4d0b,14wrcSCVwHtRuW0a7Q4A6zDKPoC7OvSXv,new_card_first_release,,,images/ygo4_0115.png,passed_automated_decode_dimension_checks,2025-03-13,20389,1.0,exact_alias,Fiend,pending_konami_verification,1024,RGB,c58b2a096ed0a7a0382b50f144dc6dd2f7bca1bb50498c0cf57a19fb3b7363dd,1024,45445571,,,thehungtd_drive_original,https://drive.usercontent.google.com/download?id=14wrcSCVwHtRuW0a7Q4A6zDKPoC7OvSXv&export=download&authuser=0&confirm=t,2026-08-31T18:26:01+00:00,selected_pending_image_and_caption_qa,1200,https://lh3.googleusercontent.com/sitesv/AG8ngQVsLW-5WHJnvYjHKggumtU0F-uXaUOIY4r81PhT8V0LTRHVHDmLAwEFDjF-Jw65SYTOK8ETV4Dt-7X6lTflrVumFFivrllAZOqMQuKYNctaFyTcU1PS8QqkWr4TVay9Gif1yiT2or4qYrEsag7eKzodppsmtOxxitJMcQD2KuNgyg8Q_D6ZNolmxvEJkbE=s0,thehungtd_full_art,The Duke of Demise,https://sites.google.com/view/thehungtd/latest-artworks/2024/animation-chronicle-2024,https://lh3.googleusercontent.com/sitesv/AG8ngQVsLW-5WHJnvYjHKggumtU0F-uXaUOIY4r81PhT8V0LTRHVHDmLAwEFDjF-Jw65SYTOK8ETV4Dt-7X6lTflrVumFFivrllAZOqMQuKYNctaFyTcU1PS8QqkWr4TVay9Gif1yiT2or4qYrEsag7eKzodppsmtOxxitJMcQD2KuNgyg8Q_D6ZNolmxvEJkbE=w1280,a4737ae02fda3bac5fa7100029fe74dfcadb5bb419e4aef7e3157760ea6d8ca6,1200,,True
,1536PAAHbGn6HVSDtURYSvW3oWEVL3YTK,captions/ygo4_0116.json,Monster,Dipity,ygo4_0116,4156247d531b391c,1536PAAHbGn6HVSDtURYSvW3oWEVL3YTK,new_card_first_release,,,images/ygo4_0116.png,passed_automated_decode_dimension_checks,2025-05-01,20274,1.0,exact_alias,Fiend,pending_konami_verification,1024,RGB,3532fa6a071d626e6eee1f34e951399006f81c35041f9a12c147b16e3777c1c9,1024,46533533,,,thehungtd_drive_original,https://drive.usercontent.google.com/download?id=1536PAAHbGn6HVSDtURYSvW3oWEVL3YTK&export=download&authuser=0&confirm=t,2026-08-31T18:25:56+00:00,selected_pending_image_and_caption_qa,1200,https://lh3.googleusercontent.com/sitesv/AG8ngQXm7i5Jtxc4YhxYjutlxckImtjUfwNhFtacVNeugIOtV_0HEBdIrTL2kXcaYnnBm_yVNVxb0tXeP-cM8o5pXEjiMSxGmCMjEg69VBiKlxklSsomnwixhqZSRWwCxP9VOAS5nWXgdQwNXMLY9Y5zdwu9EAiCvjx7q675QjYfpaYMbTGgrXsYenHxrDgp=s0,thehungtd_full_art,Pity,https://sites.google.com/view/thehungtd/latest-artworks/2024/other,https://lh3.googleusercontent.com/sitesv/AG8ngQXm7i5Jtxc4YhxYjutlxckImtjUfwNhFtacVNeugIOtV_0HEBdIrTL2kXcaYnnBm_yVNVxb0tXeP-cM8o5pXEjiMSxGmCMjEg69VBiKlxklSsomnwixhqZSRWwCxP9VOAS5nWXgdQwNXMLY9Y5zdwu9EAiCvjx7q675QjYfpaYMbTGgrXsYenHxrDgp=w1280,54d987f265277e41dcac855ccb8077fd2fb14199ab12d07a9bb507a8b8bf2308,1200,,True
Ghoti,1CiuIsBLZXX8jJ-u4uL11fQ7x2NiY7NNq,captions/ygo4_0117.json,Monster,"Keaf, Murk of the Ghoti",ygo4_0117,1b1f2f0f0f0f0eca,1CiuIsBLZXX8jJ-u4uL11fQ7x2NiY7NNq,new_card_first_release,,,images/ygo4_0117.png,passed_automated_decode_dimension_checks,2024-02-08,19470,1.0,exact_alias,Fish,pending_konami_verification,1024,RGB,de64eaaf991a39fe4e55bd758e4e9444580ea17f0d91c9505f7835303989f1e7,1024,99529628,,,ygoprodeck_identity_fallback,https://images.ygoprodeck.com/images/cards_cropped/99529628.jpg,2026-08-31T18:26:04+00:00,selected_pending_image_and_caption_qa,624,https://lh3.googleusercontent.com/sitesv/AG8ngQUtQwdB1qCU2gFaB6jRVjm2MhKsTJctb0Kb9HbW1_eboWn5ZUqXRCW2rVpfdjEmAf7fe0wY33ZXmjQYh75UrMGUFnjmSFLvaTGyapR27BT3E-mXC9rsTjW_7JS5tjcCh4TLxLvLZZuVSzG5iMw97quuSF0AWuXhODotPvSElJBR_viH4h5rSMf3cbtpuy4=s0,thehungtd_full_art,"Kiif, Haze of the Ghoti",https://sites.google.com/view/thehungtd/latest-artworks/2024/phantom-nightmare,https://lh3.googleusercontent.com/sitesv/AG8ngQUtQwdB1qCU2gFaB6jRVjm2MhKsTJctb0Kb9HbW1_eboWn5ZUqXRCW2rVpfdjEmAf7fe0wY33ZXmjQYh75UrMGUFnjmSFLvaTGyapR27BT3E-mXC9rsTjW_7JS5tjcCh4TLxLvLZZuVSzG5iMw97quuSF0AWuXhODotPvSElJBR_viH4h5rSMf3cbtpuy4=w1280,fa1fbd79baac90bec98918c6e7ec075828365dcc3b4b035df6a8b4d99890cb49,624,,True
Ghoti,1bhlnMWExXkUQlw6MoiCwp8AcUOe4drz0,captions/ygo4_0118.json,Monster,"Psiics, Moonlight of the Ghoti",ygo4_0118,ae2c0f3e5f33392c,1bhlnMWExXkUQlw6MoiCwp8AcUOe4drz0,new_card_first_release,,,images/ygo4_0118.png,passed_automated_decode_dimension_checks,2024-02-08,19471,1.0,exact_alias,Fish,pending_konami_verification,1024,RGB,89ef331ea43a33381f0eec31acdcb8f5e0fb0dc2fa861c83dc65b6dafffadd74,1024,26523337,,,ygoprodeck_identity_fallback,https://images.ygoprodeck.com/images/cards_cropped/26523337.jpg,2026-08-31T18:26:04+00:00,selected_pending_image_and_caption_qa,624,https://lh3.googleusercontent.com/sitesv/AG8ngQWP30uoZem5Tt3nAX-OZGcriuURjoiNoEmrLEJKvHqXZwjNzrq6bIfKdcxHM2JlPdz7Nq-2JyhRbGl7kSDmaoGLOt_IIO9Af4UgBzs_1Gjk35jF_CKJGtDFiXFI4dE6JXy0abeokN2_AjMkoNhrE8zDMZ4-hlXCX37iqvubeROD335XWf4jMn_K2pLUwzg=s0,thehungtd_full_art,"Psiics, Moonlight of the Ghoti",https://sites.google.com/view/thehungtd/latest-artworks/2024/phantom-nightmare,https://lh3.googleusercontent.com/sitesv/AG8ngQWP30uoZem5Tt3nAX-OZGcriuURjoiNoEmrLEJKvHqXZwjNzrq6bIfKdcxHM2JlPdz7Nq-2JyhRbGl7kSDmaoGLOt_IIO9Af4UgBzs_1Gjk35jF_CKJGtDFiXFI4dE6JXy0abeokN2_AjMkoNhrE8zDMZ4-hlXCX37iqvubeROD335XWf4jMn_K2pLUwzg=w1280,7002f2bbe89c7a0702556a1f701ce268e0634aaae4e6b70bef710a4c9f27d81d,624,,True
White,1uws7HlrPQh788BIi2q7iYUMJat83Bval,captions/ygo4_0119.json,Monster,White Sardine,ygo4_0119,3b1b5ffff77f7fff,1uws7HlrPQh788BIi2q7iYUMJat83Bval,new_card_first_release,,,images/ygo4_0119.png,passed_automated_decode_dimension_checks,2024-02-08,19462,1.0,exact_alias,Fish,pending_konami_verification,1024,RGB,009d22c7026c8fdb5d2217bb02a460d63a5864f41bdd0521e50c8384e88b4ce9,1024,98684051,,,thehungtd_full_art,https://lh3.googleusercontent.com/sitesv/AG8ngQVevIVLn0vDsNfAkAqAlXhJbNLzEnWH6W8BDKz87ZfeYWxfwXWJW8wlOuoB7UjQpQWqqqBhoZXFuMB4wAw4DLuohpGrJxkHBD_yPIRhKzg_Ve4YB_My3ain-uFD3MSf4sq8jlnCeME55TcZRCpfOeiGSwq5776JdQUNHX5wFjGqllm0iwrHMq4Rm-m5JDM=s0,2026-08-31T18:26:04+00:00,selected_pending_image_and_caption_qa,1200,https://lh3.googleusercontent.com/sitesv/AG8ngQVevIVLn0vDsNfAkAqAlXhJbNLzEnWH6W8BDKz87ZfeYWxfwXWJW8wlOuoB7UjQpQWqqqBhoZXFuMB4wAw4DLuohpGrJxkHBD_yPIRhKzg_Ve4YB_My3ain-uFD3MSf4sq8jlnCeME55TcZRCpfOeiGSwq5776JdQUNHX5wFjGqllm0iwrHMq4Rm-m5JDM=s0,thehungtd_full_art,White Sardine,https://sites.google.com/view/thehungtd/latest-artworks/2024/phantom-nightmare,https://lh3.googleusercontent.com/sitesv/AG8ngQVevIVLn0vDsNfAkAqAlXhJbNLzEnWH6W8BDKz87ZfeYWxfwXWJW8wlOuoB7UjQpQWqqqBhoZXFuMB4wAw4DLuohpGrJxkHBD_yPIRhKzg_Ve4YB_My3ain-uFD3MSf4sq8jlnCeME55TcZRCpfOeiGSwq5776JdQUNHX5wFjGqllm0iwrHMq4Rm-m5JDM=w1280,39409cffe55ae6f58e2b741069dabd6b391340c3c8bdccbec00bbf643a9e3c7a,1200,,True
White,1tWzyQXy6lyUK05EtcODOfs5LhdxMUq3t,captions/ygo4_0120.json,Monster,White Sunfish,ygo4_0120,60073b3930222c88,1tWzyQXy6lyUK05EtcODOfs5LhdxMUq3t,new_card_first_release,,,images/ygo4_0120.png,passed_automated_decode_dimension_checks,2024-02-08,19461,1.0,exact_alias,Fish,pending_konami_verification,1024,RGB,59e211a8381efc48487b603f855203893104e36f22695447e8d06a0be3e9f205,1024,52596406,,,thehungtd_full_art,https://lh3.googleusercontent.com/sitesv/AG8ngQXWJ6SisOvUssUR6-Jo4LfUCjxOI1XzVGg2THsuqTxWzjxD47Yw4Zac-7z0EJn7jYDl4D9vOQwnX6CMWiSVYYlGCPR09PJR7mWCGPqK5sQE0BRUgnsmxusy4w5wRoaqA0crila1qAIGTAXw0VloYVCbE7XY3m91MgDGIxFuDV3iGSgB7PDQ0JaJP0K_K2s=s0,2026-08-31T18:26:04+00:00,selected_pending_image_and_caption_qa,1200,https://lh3.googleusercontent.com/sitesv/AG8ngQXWJ6SisOvUssUR6-Jo4LfUCjxOI1XzVGg2THsuqTxWzjxD47Yw4Zac-7z0EJn7jYDl4D9vOQwnX6CMWiSVYYlGCPR09PJR7mWCGPqK5sQE0BRUgnsmxusy4w5wRoaqA0crila1qAIGTAXw0VloYVCbE7XY3m91MgDGIxFuDV3iGSgB7PDQ0JaJP0K_K2s=s0,thehungtd_full_art,White Sunfish,https://sites.google.com/view/thehungtd/latest-artworks/2024/phantom-nightmare,https://lh3.googleusercontent.com/sitesv/AG8ngQXWJ6SisOvUssUR6-Jo4LfUCjxOI1XzVGg2THsuqTxWzjxD47Yw4Zac-7z0EJn7jYDl4D9vOQwnX6CMWiSVYYlGCPR09PJR7mWCGPqK5sQE0BRUgnsmxusy4w5wRoaqA0crila1qAIGTAXw0VloYVCbE7XY3m91MgDGIxFuDV3iGSgB7PDQ0JaJP0K_K2s=w1280,b8606f43077ecf7401a9061d8de56452f6f2d4ef37cf8cf61b7ec72570a0c113,1200,,True
Xyz,15hwtbUyCQLdtlEHIs3Cqmi349eApL2Z3,captions/ygo4_0121.json,Monster,Armored Shark,ygo4_0121,2d7a7767929bcf4f,15hwtbUyCQLdtlEHIs3Cqmi349eApL2Z3,new_card_first_release,,,images/ygo4_0121.png,passed_automated_decode_dimension_checks,2024-07-27,20479,1.0,exact_alias,Fish,pending_konami_verification,1024,RGB,bebeb47f2ab12fd7c246c0799789fca5bd97f68574923505a852e99cf9624363,1024,27480536,,,thehungtd_full_art,https://lh3.googleusercontent.com/sitesv/AG8ngQVE_SRDBQnUfOj8gOYALo1lxW5eX5_DPIqsxEQlGLs2tlQBiLBN3CZPYCbHyvg3hll78cWyAwEMzfLjLmAGds4X-bIWBzlpfJCwONZK6XbgU048nQV5s-ijvnRb6e_oacAtVP2ptxFrk1CsvyZGrjkUFGwDBkze0KRZA20DLlgnKDx6cSrMGXv9bTpV4n4=s0,2026-08-31T18:25:58+00:00,selected_pending_image_and_caption_qa,1200,https://lh3.googleusercontent.com/sitesv/AG8ngQVE_SRDBQnUfOj8gOYALo1lxW5eX5_DPIqsxEQlGLs2tlQBiLBN3CZPYCbHyvg3hll78cWyAwEMzfLjLmAGds4X-bIWBzlpfJCwONZK6XbgU048nQV5s-ijvnRb6e_oacAtVP2ptxFrk1CsvyZGrjkUFGwDBkze0KRZA20DLlgnKDx6cSrMGXv9bTpV4n4=s0,thehungtd_full_art,Armored Shark,https://sites.google.com/view/thehungtd/latest-artworks/2024/rage-of-the-abyss,https://lh3.googleusercontent.com/sitesv/AG8ngQVE_SRDBQnUfOj8gOYALo1lxW5eX5_DPIqsxEQlGLs2tlQBiLBN3CZPYCbHyvg3hll78cWyAwEMzfLjLmAGds4X-bIWBzlpfJCwONZK6XbgU048nQV5s-ijvnRb6e_oacAtVP2ptxFrk1CsvyZGrjkUFGwDBkze0KRZA20DLlgnKDx6cSrMGXv9bTpV4n4=w1280,38a981e71b32647d6956d84436217bde3c8c7c0b3354d53840d7437479a37e6d,1200,,True
Shark,1ICyngaUhSJPfU44S-NZ1riowtD1IAZn1,captions/ygo4_0122.json,Monster,Drake Shark,ygo4_0122,00106161d4493849,1ICyngaUhSJPfU44S-NZ1riowtD1IAZn1,new_card_first_release,,,images/ygo4_0122.png,passed_automated_decode_dimension_checks,2024-07-27,20478,1.0,exact_alias,Fish,pending_konami_verification,1024,RGB,6f3e2743af00356a0ed0fb6f83a1566f1681b493641fd6efb80c0b2f5426f208,1024,81096431,,,thehungtd_full_art,https://lh3.googleusercontent.com/sitesv/AG8ngQVsC3YdARErIv3yIyiFXC8sahm4Zz2KjLXTcwX3eodWxXF1gQpBCyM70sVrBX2pCgSZqYln1GdJgodh7cfCPFILDG8-txvkvXJTsAqzx5gjAlB1DQyKPvv-Nt5eBwTKsa03eCCG8GSChdg2Mrp9erPKwMG4PRTIi2BcjIkTlA0oVHRNNR1r3BoqnsYNIGc=s0,2026-08-31T18:25:58+00:00,selected_pending_image_and_caption_qa,1200,https://lh3.googleusercontent.com/sitesv/AG8ngQVsC3YdARErIv3yIyiFXC8sahm4Zz2KjLXTcwX3eodWxXF1gQpBCyM70sVrBX2pCgSZqYln1GdJgodh7cfCPFILDG8-txvkvXJTsAqzx5gjAlB1DQyKPvv-Nt5eBwTKsa03eCCG8GSChdg2Mrp9erPKwMG4PRTIi2BcjIkTlA0oVHRNNR1r3BoqnsYNIGc=s0,thehungtd_full_art,Drake Shark,https://sites.google.com/view/thehungtd/latest-artworks/2024/rage-of-the-abyss,https://lh3.googleusercontent.com/sitesv/AG8ngQVsC3YdARErIv3yIyiFXC8sahm4Zz2KjLXTcwX3eodWxXF1gQpBCyM70sVrBX2pCgSZqYln1GdJgodh7cfCPFILDG8-txvkvXJTsAqzx5gjAlB1DQyKPvv-Nt5eBwTKsa03eCCG8GSChdg2Mrp9erPKwMG4PRTIi2BcjIkTlA0oVHRNNR1r3BoqnsYNIGc=w1280,48250f055b873aac8d80554cbf25e57c72d807fb6b5dde6288339b9fc9a7dc0f,1200,,True
,1zs_BBZiH7UXa5aRkvgm-5neCaPIuhhG0,captions/ygo4_0123.json,Monster,Surfacing Big Jaws,ygo4_0123,f273c1d9b1450d0b,1zs_BBZiH7UXa5aRkvgm-5neCaPIuhhG0,new_card_first_release,,,images/ygo4_0123.png,passed_automated_decode_dimension_checks,2024-07-27,20477,1.0,exact_alias,Fish,pending_konami_verification,1024,RGB,6b919fbec5f82f9d88c1939194255a3f9fd5d037a2c390b84be0ce6c5c63f128,1024,55697723,,,thehungtd_drive_original,https://drive.usercontent.google.com/download?id=1zs_BBZiH7UXa5aRkvgm-5neCaPIuhhG0&export=download&authuser=0&confirm=t,2026-08-31T18:25:58+00:00,selected_pending_image_and_caption_qa,1200,https://lh3.googleusercontent.com/sitesv/AG8ngQWTa89t34iMnGUKQV6oLX9OwSNyktmZz5x7Yk7UQN-djejgFBbR9tNKsr-Ji5td9rtUjP2FD4xJ1UzfonOl9c-SkGVTCSxRyDCPVIEwCAreNpzGKkPOJf_OEXbsBNSzhijxyuJzwBgq7uZPJlYdfKGhzoM6vgcZLYknggzTdiTCp8rgftWJW5qB-5KZSfc=s0,thehungtd_full_art,Surfacing Big Jaws,https://sites.google.com/view/thehungtd/latest-artworks/2024/rage-of-the-abyss,https://lh3.googleusercontent.com/sitesv/AG8ngQWTa89t34iMnGUKQV6oLX9OwSNyktmZz5x7Yk7UQN-djejgFBbR9tNKsr-Ji5td9rtUjP2FD4xJ1UzfonOl9c-SkGVTCSxRyDCPVIEwCAreNpzGKkPOJf_OEXbsBNSzhijxyuJzwBgq7uZPJlYdfKGhzoM6vgcZLYknggzTdiTCp8rgftWJW5qB-5KZSfc=w1280,3466b6159b5bcf6db6b47b7da528e9308203b8046e079e56392dfe1d59d06877,1200,,True
,19KMieKCKBvgClq8GGdZT8FVUxxqKfVn9,captions/ygo4_0124.json,Monster,Jongleur-Ghoul Illusionist,ygo4_0124,9eba928c59399eca,19KMieKCKBvgClq8GGdZT8FVUxxqKfVn9,new_card_first_release,,,images/ygo4_0124.png,passed_automated_decode_dimension_checks,2024-02-08,19490,1.0,exact_alias,Illusion,pending_konami_verification,1024,RGB,616be1e847b78faaec04d3f9d9188b1e103a69ed910ace81c00f0f68598b1067,1024,47894537,,,thehungtd_full_art,https://lh3.googleusercontent.com/sitesv/AG8ngQVidrypRkAv5muWj8m1Bxtft0NLDCfkho4d33PDARmLdKhnhRch0elnow3qTXDStpJrV8ZctAsPUSVS0FeLSJTj2Pifh450gA2Gby7QgywSL0_-CH2DPMKloEIqGvlVD7cLjozI6qjr_uZsDx6IO9dF85_RnZwJBDk2jEQMu6h41ACfpgGjxoA7zC3kRSY=s0,2026-08-31T18:26:04+00:00,selected_pending_image_and_caption_qa,1200,https://lh3.googleusercontent.com/sitesv/AG8ngQVidrypRkAv5muWj8m1Bxtft0NLDCfkho4d33PDARmLdKhnhRch0elnow3qTXDStpJrV8ZctAsPUSVS0FeLSJTj2Pifh450gA2Gby7QgywSL0_-CH2DPMKloEIqGvlVD7cLjozI6qjr_uZsDx6IO9dF85_RnZwJBDk2jEQMu6h41ACfpgGjxoA7zC3kRSY=s0,thehungtd_full_art,Illusionist of Jongleurghoul,https://sites.google.com/view/thehungtd/latest-artworks/2024/phantom-nightmare,https://lh3.googleusercontent.com/sitesv/AG8ngQVidrypRkAv5muWj8m1Bxtft0NLDCfkho4d33PDARmLdKhnhRch0elnow3qTXDStpJrV8ZctAsPUSVS0FeLSJTj2Pifh450gA2Gby7QgywSL0_-CH2DPMKloEIqGvlVD7cLjozI6qjr_uZsDx6IO9dF85_RnZwJBDk2jEQMu6h41ACfpgGjxoA7zC3kRSY=w1280,d04eb3627632ecd3a90242122eca8bd6643290dd6eab18a20d62e5fcb02ddf51,1200,,True
,1S5hVkQy7CA35x0Nd7aMJMuuv3SU7NKSx,captions/ygo4_0125.json,Monster,Mokomoko,ygo4_0125,37e68e8c8c64e88c,1S5hVkQy7CA35x0Nd7aMJMuuv3SU7NKSx,new_card_first_release,,,images/ygo4_0125.png,passed_automated_decode_dimension_checks,2024-02-08,19488,1.0,exact_alias,Illusion,pending_konami_verification,1024,RGB,60608f84c34cb1a18213529a2479123387fa50edfbe632582dfcb5fd04174273,1024,85401123,,,ygoprodeck_identity_fallback,https://images.ygoprodeck.com/images/cards_cropped/85401123.jpg,2026-08-31T18:26:04+00:00,selected_pending_image_and_caption_qa,624,https://lh3.googleusercontent.com/sitesv/AG8ngQWghtMvcTJPAnzOagSc7Iz9TZ1OSzJhEChwGNjEh1NaPiELXURwAE7GScoDYjjSOvOePCROg8qI8DQCMbllm0X6RBGJ29HCcZW20S2l7rBEbTcpHJ5wQRvwfB0XN-jvbVqeC8x6XIFPLy5ATHt4YJx_zlBGxnO5jAya2XxSpOpqSkgJsuihJJZPQbFM=s0,thehungtd_full_art,Fluffyfluff,https://sites.google.com/view/thehungtd/latest-artworks/2024/phantom-nightmare,https://lh3.googleusercontent.com/sitesv/AG8ngQWghtMvcTJPAnzOagSc7Iz9TZ1OSzJhEChwGNjEh1NaPiELXURwAE7GScoDYjjSOvOePCROg8qI8DQCMbllm0X6RBGJ29HCcZW20S2l7rBEbTcpHJ5wQRvwfB0XN-jvbVqeC8x6XIFPLy5ATHt4YJx_zlBGxnO5jAya2XxSpOpqSkgJsuihJJZPQbFM=w1280,5e6140ce915a534ec65445835292907eb8d52bec3382296853054bb0f00d322d,624,,True
,1cNpdMqJdUIu7WVoOXwh6q7dMemkw-AO1,captions/ygo4_0126.json,Monster,Diabellze the Original Sinkeeper,ygo4_0126,aca606174d22a18e,1cNpdMqJdUIu7WVoOXwh6q7dMemkw-AO1,new_card_first_release,,,images/ygo4_0126.png,passed_automated_decode_dimension_checks,2024-04-25,19853,1.0,exact_alias,Illusion,pending_konami_verification,1024,RGB,8bb9847e96857e97270c0e7e705059824e4fd56049b9e8743424645ff9777e2d,1024,53765052,,,ygoprodeck_identity_fallback,https://images.ygoprodeck.com/images/cards_cropped/53765052.jpg,2026-08-31T18:26:02+00:00,selected_pending_image_and_caption_qa,624,https://lh3.googleusercontent.com/sitesv/AG8ngQVpE0DjzHcsLdxFEXPzvDrwa6Zw79Cgxc7LdJoWuudVrIWGgYgy8-qOM1uqCastvfYN6mX3uEz8rppv58xTVWAkf2GhqUEJx5iz7LqMM1_nd0DbhYbKkY0lxNktvkOSMDn5Vd2Owal_wYrIzlDIb5svCVi2egB80-Rw6h62JqqyY3MiIFTc7kr_k7YDcxk=s0,thehungtd_full_art,Diabellze of the Original Sin,https://sites.google.com/view/thehungtd/latest-artworks/2024/legacy-of-destruction,https://lh3.googleusercontent.com/sitesv/AG8ngQVpE0DjzHcsLdxFEXPzvDrwa6Zw79Cgxc7LdJoWuudVrIWGgYgy8-qOM1uqCastvfYN6mX3uEz8rppv58xTVWAkf2GhqUEJx5iz7LqMM1_nd0DbhYbKkY0lxNktvkOSMDn5Vd2Owal_wYrIzlDIb5svCVi2egB80-Rw6h62JqqyY3MiIFTc7kr_k7YDcxk=w1280,450c2b7c76778fb3a184dd9de2d35ab3365df0c514c1a7e2bb880384495832ba,624,,True
Djinn,1OO6E1jQAR3P6d3FsAc-zm0QXW7NR7lLt,captions/ygo4_0127.json,Monster,Golgoil the Steel Seismic Smasher,ygo4_0127,5353bb6ba994941f,1OO6E1jQAR3P6d3FsAc-zm0QXW7NR7lLt,new_card_first_release,,,images/ygo4_0127.png,passed_automated_decode_dimension_checks,2024-04-25,19867,1.0,exact_alias,Illusion,pending_konami_verification,1024,RGB,f912d8b37804bf5d1f87527de9b2862879c120a20d177531c4540e638effe507,1024,59369430,,,thehungtd_full_art,https://lh3.googleusercontent.com/sitesv/AG8ngQVS8UmTer7IHiqp78xeYdl-q9bmhPw-ITCKnOzrbS2V44V1y9uCtzli6lBGiXfI2kvymgnwZG7bFS9hGpuxNCNYHuJdHge-ycMWjY5WbKZkjtpzTQyZUbEKOKH9DYu1FjczQfL-ZN2yvcQO-uXRayQowYj8ZrN3ws12OCKAd4zC6XhDvuaqHgdNoeTc=s0,2026-08-31T18:26:02+00:00,selected_pending_image_and_caption_qa,1200,https://lh3.googleusercontent.com/sitesv/AG8ngQVS8UmTer7IHiqp78xeYdl-q9bmhPw-ITCKnOzrbS2V44V1y9uCtzli6lBGiXfI2kvymgnwZG7bFS9hGpuxNCNYHuJdHge-ycMWjY5WbKZkjtpzTQyZUbEKOKH9DYu1FjczQfL-ZN2yvcQO-uXRayQowYj8ZrN3ws12OCKAd4zC6XhDvuaqHgdNoeTc=s0,thehungtd_full_art,Golgoil the Iron Giant Djinn,https://sites.google.com/view/thehungtd/latest-artworks/2024/legacy-of-destruction,https://lh3.googleusercontent.com/sitesv/AG8ngQVS8UmTer7IHiqp78xeYdl-q9bmhPw-ITCKnOzrbS2V44V1y9uCtzli6lBGiXfI2kvymgnwZG7bFS9hGpuxNCNYHuJdHge-ycMWjY5WbKZkjtpzTQyZUbEKOKH9DYu1FjczQfL-ZN2yvcQO-uXRayQowYj8ZrN3ws12OCKAd4zC6XhDvuaqHgdNoeTc=w1280,bdb467dd9ae718ce29838ee2f7d40103b79d43c079f4b8055e555953e92a911a,1200,,True
,1aWD_VJS350ahzk3gQFVXbc1V9290RofT,captions/ygo4_0128.json,Monster,Nightmare Apprentice,ygo4_0128,34350b6b7171e39a,1aWD_VJS350ahzk3gQFVXbc1V9290RofT,new_card_first_release,,,images/ygo4_0128.png,passed_automated_decode_dimension_checks,2024-04-25,19870,1.0,exact_alias,Illusion,pending_konami_verification,1024,RGB,bfdc928642366bf7cf86a8f9c51a96cab2df2bea3c7e2ffc1fa4c0fc1936812b,1024,58143852,,,ygoprodeck_identity_fallback,https://images.ygoprodeck.com/images/cards_cropped/58143852.jpg,2026-08-31T18:26:02+00:00,selected_pending_image_and_caption_qa,624,https://lh3.googleusercontent.com/sitesv/AG8ngQWQMjXieDU_u1BhfRTG9VEEjXsBuUn8erteRY5mS1mwXirSr7e9gaskhd4IIkIh0HXVHz-qhpb6vU3NPjIlZTOoG-wQWPPmXkyoqd-8acBDdfqOJUnr0OeiHH_zLsCXXt82kh_mID7mj7gztivZb9-EP_yfWgaIO-bDCVlDTLoAoY41klyUlOvp37viFCc=s0,thehungtd_full_art,Nightmare Apprentice,https://sites.google.com/view/thehungtd/latest-artworks/2024/legacy-of-destruction,https://lh3.googleusercontent.com/sitesv/AG8ngQWQMjXieDU_u1BhfRTG9VEEjXsBuUn8erteRY5mS1mwXirSr7e9gaskhd4IIkIh0HXVHz-qhpb6vU3NPjIlZTOoG-wQWPPmXkyoqd-8acBDdfqOJUnr0OeiHH_zLsCXXt82kh_mID7mj7gztivZb9-EP_yfWgaIO-bDCVlDTLoAoY41klyUlOvp37viFCc=w1280,ee2b3ae1976806d0754646f514e2baff936fa13b890014d011b1192f7adc1d77,624,,True
White Forest,15RYmudhp3-JAQPBDYTOdjltmHTBqN6YN,captions/ygo4_0129.json,Monster,"Diabell, Queen of the White Forest",ygo4_0129,4f3332cbcd4db3e3,15RYmudhp3-JAQPBDYTOdjltmHTBqN6YN,new_card_first_release,,,images/ygo4_0129.png,passed_automated_decode_dimension_checks,2024-07-18,20219,1.0,exact_alias,Illusion,pending_konami_verification,1024,RGB,383b935f6970de38af59f8728c4d68b2ad6cbfd02c502aad28b8f34c54e7a352,1024,14307929,,,ygoprodeck_identity_fallback,https://images.ygoprodeck.com/images/cards_cropped/14307929.jpg,2026-08-31T18:26:00+00:00,selected_pending_image_and_caption_qa,624,https://lh3.googleusercontent.com/sitesv/AG8ngQVo_ugCG_KAoAlt_AkReSLEhnOCyLfCh0n6dSV3x99cXUOjzL0oo0lTTwSlG6TxEXMvGDt31AcS6v9GZzh8wsKzu9gdZlc2wuzNErh-hNfNI-GcI9XPeQlGoDjIN4FYlMuvJYuM_dpN4XZ0haq-oz711wTeP-L6bTKRd_K-j8_3twRwme8onRKJ8-RQ-t0=s0,thehungtd_full_art,"Diabell, Fiendess of the White Woods",https://sites.google.com/view/thehungtd/latest-artworks/2024/infinite-forbidden,https://lh3.googleusercontent.com/sitesv/AG8ngQVo_ugCG_KAoAlt_AkReSLEhnOCyLfCh0n6dSV3x99cXUOjzL0oo0lTTwSlG6TxEXMvGDt31AcS6v9GZzh8wsKzu9gdZlc2wuzNErh-hNfNI-GcI9XPeQlGoDjIN4FYlMuvJYuM_dpN4XZ0haq-oz711wTeP-L6bTKRd_K-j8_3twRwme8onRKJ8-RQ-t0=w1280,d0b36fe44d6536e9cab413071010813cdc095cdf1d3535360f62df101c960afb,624,,True
Millennium,1Ox_Jp3HthLyt49ULh9MPwMpng2zj7UBV,captions/ygo4_0130.json,Monster,Fiend Reflection of the Millennium,ygo4_0130,16122b2b2b175433,1Ox_Jp3HthLyt49ULh9MPwMpng2zj7UBV,new_card_first_release,,,images/ygo4_0130.png,passed_automated_decode_dimension_checks,2024-07-18,20184,1.0,exact_alias,Illusion,pending_konami_verification,1024,RGB,d6c158b72f7518eb14802d93347091b878291f0b7e84f16e318a733a879adef0,1024,63947968,,,thehungtd_full_art,https://lh3.googleusercontent.com/sitesv/AG8ngQVkrELH98L2iDKJR6sMya74bjcY57J3VavvdkfZsbvk9xglYjq83M0vtsZxS5ISpC80w_SGCpo767eZnh9VFetBwOyWpB_GHa-OPr38UM37cHuAwXORuREUW0nvUWgwE12siwFQSbsTuaxvtozxWy46o5hGX2zcR709SWh-MAO6Adzp6sucDYnDPBWM=s0,2026-08-31T18:26:00+00:00,selected_pending_image_and_caption_qa,1200,https://lh3.googleusercontent.com/sitesv/AG8ngQVkrELH98L2iDKJR6sMya74bjcY57J3VavvdkfZsbvk9xglYjq83M0vtsZxS5ISpC80w_SGCpo767eZnh9VFetBwOyWpB_GHa-OPr38UM37cHuAwXORuREUW0nvUWgwE12siwFQSbsTuaxvtozxWy46o5hGX2zcR709SWh-MAO6Adzp6sucDYnDPBWM=s0,thehungtd_full_art,Millennium Fiend Reflection,https://sites.google.com/view/thehungtd/latest-artworks/2024/infinite-forbidden,https://lh3.googleusercontent.com/sitesv/AG8ngQVkrELH98L2iDKJR6sMya74bjcY57J3VavvdkfZsbvk9xglYjq83M0vtsZxS5ISpC80w_SGCpo767eZnh9VFetBwOyWpB_GHa-OPr38UM37cHuAwXORuREUW0nvUWgwE12siwFQSbsTuaxvtozxWy46o5hGX2zcR709SWh-MAO6Adzp6sucDYnDPBWM=w1280,cee827d7540e57fce25caf8670ce12cfee45dc7a3bd06c871709417582acad93,1200,,True
,1P8yePG0iQj1U3UiUjtSt_2H-J9IJUuMd,captions/ygo4_0131.json,Monster,Heretical Phobos Covos,ygo4_0131,3333cccc72f8d44c,1P8yePG0iQj1U3UiUjtSt_2H-J9IJUuMd,new_card_first_release,,,images/ygo4_0131.png,passed_automated_decode_dimension_checks,2024-07-18,20224,1.0,exact_alias,Illusion,pending_konami_verification,1024,RGB,cae989a93aa83e79cce82ebf3c326b91f0168b360d714645fd776e0031b4cd07,1024,76078185,,,ygoprodeck_identity_fallback,https://images.ygoprodeck.com/images/cards_cropped/76078185.jpg,2026-08-31T18:26:00+00:00,selected_pending_image_and_caption_qa,624,https://lh3.googleusercontent.com/sitesv/AG8ngQUMOJlqZuehPRAzwcyRjSKenFIFeTBHCggVj7nnelyyuWNFt3h_o27aqpRJmQqEJuqIlyLi2IXUobfRk8GkjczjmsTvLLtoYNl6r6Emx2mIfJ1MY5zMxA0AoW7nNiLZrV6pzaZBcUNXd2Oy4kqmQSlnGYNsVeXd46jW_OnhAs_QTFOxLJ3jDl7Q_kvpiWY=s0,thehungtd_full_art,Heretical Phoboscobos,https://sites.google.com/view/thehungtd/latest-artworks/2024/infinite-forbidden,https://lh3.googleusercontent.com/sitesv/AG8ngQUMOJlqZuehPRAzwcyRjSKenFIFeTBHCggVj7nnelyyuWNFt3h_o27aqpRJmQqEJuqIlyLi2IXUobfRk8GkjczjmsTvLLtoYNl6r6Emx2mIfJ1MY5zMxA0AoW7nNiLZrV6pzaZBcUNXd2Oy4kqmQSlnGYNsVeXd46jW_OnhAs_QTFOxLJ3jDl7Q_kvpiWY=w1280,ef86df6b2fef8d0cb7b4e241017d0d78145851d77e8d475bc6e6629042b3c45b,624,,True
Millennium,1LxHXmzkMtPp_EyZb6AOg8XRGm62bdUd-,captions/ygo4_0132.json,Monster,Maiden of the Millennium Moon,ygo4_0132,17337ddc968f3c11,1LxHXmzkMtPp_EyZb6AOg8XRGm62bdUd-,new_card_first_release,,,images/ygo4_0132.png,passed_automated_decode_dimension_checks,2024-07-18,20183,1.0,exact_alias,Illusion,pending_konami_verification,1024,RGB,bd3ef550f7b190bac98c5c2a26a147123c734f6d858717f3822c2245ff95b5b9,1024,37552929,,,thehungtd_drive_original,https://drive.usercontent.google.com/download?id=1LxHXmzkMtPp_EyZb6AOg8XRGm62bdUd-&export=download&authuser=0&confirm=t,2026-08-31T18:26:00+00:00,selected_pending_image_and_caption_qa,1200,https://lh3.googleusercontent.com/sitesv/AG8ngQUXWz7BqxxnUWD4rs38PtMv8R2a6t5fo0qWU5wCgVybTUmp2XrkV0BmjJR4vhiZwv7xfnHLlXxDkrkTPTBmAzJSCFTRn0gfKDvpP0WocaavHzezpg0bElUIZNehcP9eATP10Hb8HkmpQAvhYsbCyK2gYcDQRgco4DghwMCqeLRWl6gP4DRbH7ujj4-8gIc=s0,thehungtd_full_art,Millenniumoon Maiden,https://sites.google.com/view/thehungtd/latest-artworks/2024/infinite-forbidden,https://lh3.googleusercontent.com/sitesv/AG8ngQUXWz7BqxxnUWD4rs38PtMv8R2a6t5fo0qWU5wCgVybTUmp2XrkV0BmjJR4vhiZwv7xfnHLlXxDkrkTPTBmAzJSCFTRn0gfKDvpP0WocaavHzezpg0bElUIZNehcP9eATP10Hb8HkmpQAvhYsbCyK2gYcDQRgco4DghwMCqeLRWl6gP4DRbH7ujj4-8gIc=w1280,05f031a08692e5f089e5166dab9a486ce7bd036317eec19cff1f47069d78dbb1,1200,,True
Memento,1R7RJRPbZmYWdok-GvmSjCWxd39xgubc_,captions/ygo4_0133.json,Monster,Mementomictlan Tecuhtlica - Creation King,ygo4_0133,66073575962b0f36,1R7RJRPbZmYWdok-GvmSjCWxd39xgubc_,new_card_first_release,,,images/ygo4_0133.png,passed_automated_decode_dimension_checks,2024-07-18,20216,1.0,exact_alias,Illusion,pending_konami_verification,1024,RGB,b0f67782ef2ad7d09c7898aaf334020219f1b1fd643f4a36ad71b3c267a91f79,1024,14529511,,,thehungtd_drive_original,https://drive.usercontent.google.com/download?id=1R7RJRPbZmYWdok-GvmSjCWxd39xgubc_&export=download&authuser=0&confirm=t,2026-08-31T18:26:00+00:00,selected_pending_image_and_caption_qa,1200,https://lh3.googleusercontent.com/sitesv/AG8ngQVwpc79QPcCr1kShYhqVlePwbLaP8Paoz_eQNfiJRvqHiILXeBVEjHjJ92DsM18GzFU6Uc-NvzNLJSc-uzFVXp3l719JKZZe04XZreTh5wMdSV7bWxq_t9HxRKYUnCOEXhUnZr6W0DiJhw0Kt6WN1CM2xJoJ5TnX9VeDBrBUr086AIaGTreGjPxKjls=s0,thehungtd_full_art,Mementomictlan Tecuhtlica - Combined Conqueror,https://sites.google.com/view/thehungtd/latest-artworks/2024/infinite-forbidden,https://lh3.googleusercontent.com/sitesv/AG8ngQVwpc79QPcCr1kShYhqVlePwbLaP8Paoz_eQNfiJRvqHiILXeBVEjHjJ92DsM18GzFU6Uc-NvzNLJSc-uzFVXp3l719JKZZe04XZreTh5wMdSV7bWxq_t9HxRKYUnCOEXhUnZr6W0DiJhw0Kt6WN1CM2xJoJ5TnX9VeDBrBUr086AIaGTreGjPxKjls=w1280,5cf9c4c9414bcdc2a1f2c2ff4df35de8545ded598b5bff0816b59f522f402248,1200,,True
,1wzVia7zxHXEqG3YnD9xFV3wr7rcSNzL5,captions/ygo4_0134.json,Monster,Silhouhatte Rabbit,ygo4_0134,a48599169b9bafce,1wzVia7zxHXEqG3YnD9xFV3wr7rcSNzL5,new_card_first_release,,,images/ygo4_0134.png,passed_automated_decode_dimension_checks,2024-07-18,20231,1.0,exact_alias,Illusion,pending_konami_verification,1024,RGB,a7521503477e75ac6d94ca3ad0a2133049d609bde62870d008db4b6c7629e957,1024,1528054,,,thehungtd_full_art,https://lh3.googleusercontent.com/sitesv/AG8ngQWf05fmHVijt6Y-B5QenmbuIDoJ6ToF-QVfbkdvItbpivcqgKFKDYfIWF1dZzEBTtDn1Wm7GxMke6bPjJBa9fqBKH5RKvPoY8WtSxx7gI7hrtjznlXxgWuzhGS4Ga3w3kjMkTY86nqvxwPQovepxlwuyaOy1Tu3snfdA_3svq8TlnW5Nnu9D2rfYIIvt-k=s0,2026-08-31T18:26:00+00:00,selected_pending_image_and_caption_qa,1200,https://lh3.googleusercontent.com/sitesv/AG8ngQWf05fmHVijt6Y-B5QenmbuIDoJ6ToF-QVfbkdvItbpivcqgKFKDYfIWF1dZzEBTtDn1Wm7GxMke6bPjJBa9fqBKH5RKvPoY8WtSxx7gI7hrtjznlXxgWuzhGS4Ga3w3kjMkTY86nqvxwPQovepxlwuyaOy1Tu3snfdA_3svq8TlnW5Nnu9D2rfYIIvt-k=s0,thehungtd_full_art,Top Hat Hare the Silhouette Magician,https://sites.google.com/view/thehungtd/latest-artworks/2024/infinite-forbidden,https://lh3.googleusercontent.com/sitesv/AG8ngQWf05fmHVijt6Y-B5QenmbuIDoJ6ToF-QVfbkdvItbpivcqgKFKDYfIWF1dZzEBTtDn1Wm7GxMke6bPjJBa9fqBKH5RKvPoY8WtSxx7gI7hrtjznlXxgWuzhGS4Ga3w3kjMkTY86nqvxwPQovepxlwuyaOy1Tu3snfdA_3svq8TlnW5Nnu9D2rfYIIvt-k=w1280,78fac2153cfd3a904d3158a035540f87295ed24e6ab2409e96df4de6c3cc09c2,1200,,True
Azamina,1Fq8Zh0LpbOd8OrGheFd8OylqYfVNm7MP,captions/ygo4_0135.json,Monster,Azamina Ilia Silvia,ygo4_0135,3b1b2d191c6ad89c,1Fq8Zh0LpbOd8OrGheFd8OylqYfVNm7MP,new_card_first_release,,,images/ygo4_0135.png,passed_automated_decode_dimension_checks,2024-07-27,20506,1.0,exact_alias,Illusion,pending_konami_verification,1024,RGB,46eb8ae7b0d553d0ef4ae51a265c0f1d5ceba1b1a362bdfd6561a966b8151b31,1024,46396218,,,thehungtd_full_art,https://lh3.googleusercontent.com/sitesv/AG8ngQXRrw8DKCBH0JIZxoHcopt-wub9zLa0gQhymg7623NoJIcvleIsUeQuOwvJW6LvWKq3_xkVhPsaP3sxssdBmel_bd_AnM_MiR0PVYMOmRaE0UprZfLPjjr-yatXr-XM09LE8eYDF-mbpt2NaQEflrjK4I1jUOdnNosANHMBw92pAa_GCE-ZZk9wjbb1=s0,2026-08-31T18:25:58+00:00,selected_pending_image_and_caption_qa,1200,https://lh3.googleusercontent.com/sitesv/AG8ngQXRrw8DKCBH0JIZxoHcopt-wub9zLa0gQhymg7623NoJIcvleIsUeQuOwvJW6LvWKq3_xkVhPsaP3sxssdBmel_bd_AnM_MiR0PVYMOmRaE0UprZfLPjjr-yatXr-XM09LE8eYDF-mbpt2NaQEflrjK4I1jUOdnNosANHMBw92pAa_GCE-ZZk9wjbb1=s0,thehungtd_full_art,Azamina Rhea Silvera,https://sites.google.com/view/thehungtd/latest-artworks/2024/rage-of-the-abyss,https://lh3.googleusercontent.com/sitesv/AG8ngQXRrw8DKCBH0JIZxoHcopt-wub9zLa0gQhymg7623NoJIcvleIsUeQuOwvJW6LvWKq3_xkVhPsaP3sxssdBmel_bd_AnM_MiR0PVYMOmRaE0UprZfLPjjr-yatXr-XM09LE8eYDF-mbpt2NaQEflrjK4I1jUOdnNosANHMBw92pAa_GCE-ZZk9wjbb1=w1280,11f36389e130e8d552241cab633254adbbf716b1c39d5031ab3bddd79464d937,1200,,True
Azamina,1MStxuF4NowpCMSGvuoeOS2rAbY4cjX1i,captions/ygo4_0136.json,Monster,Azamina Moa Regina,ygo4_0136,1a95c93643c38303,1MStxuF4NowpCMSGvuoeOS2rAbY4cjX1i,new_card_first_release,,,images/ygo4_0136.png,passed_automated_decode_dimension_checks,2024-07-27,20509,1.0,exact_alias,Illusion,pending_konami_verification,1024,RGB,24a73c35d801529378bbcee0a353078bc2d497d10a82696b9e61b9e2544f9bf0,1024,46174776,,,ygoprodeck_identity_fallback,https://images.ygoprodeck.com/images/cards_cropped/46174776.jpg,2026-08-31T18:25:58+00:00,selected_pending_image_and_caption_qa,624,https://lh3.googleusercontent.com/sitesv/AG8ngQVxoyjFOkuPmftX4WBIkLHWqzIYREpOWDJE57Ew6G8-aFqd0K4FAdLwDSG1KvRYq22hdklhL2GCMUZWyAM6Nu8Eijj3QQg1ho6ruTo4LI8d_siCYycFl6f5vTyAi-6PMndoLMtnbPNQB7FWqIqrbuavp7faBfnuKBOldU0z4gt3HWSwq8bkZo6Z0VxBS3I=s0,thehungtd_full_art,Azamina Moa Regina,https://sites.google.com/view/thehungtd/latest-artworks/2024/rage-of-the-abyss,https://lh3.googleusercontent.com/sitesv/AG8ngQVxoyjFOkuPmftX4WBIkLHWqzIYREpOWDJE57Ew6G8-aFqd0K4FAdLwDSG1KvRYq22hdklhL2GCMUZWyAM6Nu8Eijj3QQg1ho6ruTo4LI8d_siCYycFl6f5vTyAi-6PMndoLMtnbPNQB7FWqIqrbuavp7faBfnuKBOldU0z4gt3HWSwq8bkZo6Z0VxBS3I=w1280,f0b4f15c5271f8bc6fa4455365bfef234b57048a82d0306076d2f2d4075e6728,624,,True
Azamina,1O8kx_WKVeMqkk8DBO7DLn-8g5v3Br_oN,captions/ygo4_0137.json,Monster,Azamina Mu Rcielago,ygo4_0137,1683692d2d321313,1O8kx_WKVeMqkk8DBO7DLn-8g5v3Br_oN,new_card_first_release,,,images/ygo4_0137.png,passed_automated_decode_dimension_checks,2024-07-27,20507,1.0,exact_alias,Illusion,pending_konami_verification,1024,RGB,500483ab1947cd9ee1c66be1d911a719be8de66c71736827a725538a3bd02855,1024,73391962,,,ygoprodeck_identity_fallback,https://images.ygoprodeck.com/images/cards_cropped/73391962.jpg,2026-08-31T18:25:58+00:00,selected_pending_image_and_caption_qa,624,https://lh3.googleusercontent.com/sitesv/AG8ngQWQpFrOWuVupVwcjiIXlFZIrvB-RuTgy_KF-HjtFUFUCO8lH-EFRHyKz5Td3I5zCLV31I7U-dywXx2_kV7XK2ZptDSihJOvoUmc1X3RlZPsKt_G0wjy6y6Rb1t-NP_Px8blRXXZ7KMzo5ZDC7KRLt7PO5KCX0lqbLTE7CGKqnpX00ks5judjFqOUtdUlN8=s0,thehungtd_full_art,Azamina Mu Rcielago,https://sites.google.com/view/thehungtd/latest-artworks/2024/rage-of-the-abyss,https://lh3.googleusercontent.com/sitesv/AG8ngQWQpFrOWuVupVwcjiIXlFZIrvB-RuTgy_KF-HjtFUFUCO8lH-EFRHyKz5Td3I5zCLV31I7U-dywXx2_kV7XK2ZptDSihJOvoUmc1X3RlZPsKt_G0wjy6y6Rb1t-NP_Px8blRXXZ7KMzo5ZDC7KRLt7PO5KCX0lqbLTE7CGKqnpX00ks5judjFqOUtdUlN8=w1280,755edc82dd062570fefb428afd9c51df981ca2f2304f31becd067d7691dce9d7,624,,True
Azamina,1XnlSWGeA_sPGBqWRnZTTK6PesLLuA8Qr,captions/ygo4_0138.json,Monster,Azamina Sol Erysichthon,ygo4_0138,09d3717767d35b47,1XnlSWGeA_sPGBqWRnZTTK6PesLLuA8Qr,new_card_first_release,,,images/ygo4_0138.png,passed_automated_decode_dimension_checks,2024-07-27,20508,1.0,exact_alias,Illusion,pending_konami_verification,1024,RGB,b453d78ae587056bd6dedcd999f7553c064da0575edad7fb9360015d3917a309,1024,9785661,,,thehungtd_full_art,https://lh3.googleusercontent.com/sitesv/AG8ngQWa8r2_2KaZUMcS3uBzzn3CWqjCCvUMi6knuFNupj2erpUwpNjv6gBI72ZvRCNfCOZVogBh1o3QPmG89xrk4QVIcR381w2JLG4Krqnd7awLupYL4IuSNjs7o-9_1u7ne914Iqvv8RxA8U8yR8X_HbbZxQ29mXbrFYYXc1Bb8RbZLWMD_hu63SX5uTNN=s0,2026-08-31T18:25:58+00:00,selected_pending_image_and_caption_qa,1200,https://lh3.googleusercontent.com/sitesv/AG8ngQWa8r2_2KaZUMcS3uBzzn3CWqjCCvUMi6knuFNupj2erpUwpNjv6gBI72ZvRCNfCOZVogBh1o3QPmG89xrk4QVIcR381w2JLG4Krqnd7awLupYL4IuSNjs7o-9_1u7ne914Iqvv8RxA8U8yR8X_HbbZxQ29mXbrFYYXc1Bb8RbZLWMD_hu63SX5uTNN=s0,thehungtd_full_art,Azamina Sol Erysichthon,https://sites.google.com/view/thehungtd/latest-artworks/2024/rage-of-the-abyss,https://lh3.googleusercontent.com/sitesv/AG8ngQWa8r2_2KaZUMcS3uBzzn3CWqjCCvUMi6knuFNupj2erpUwpNjv6gBI72ZvRCNfCOZVogBh1o3QPmG89xrk4QVIcR381w2JLG4Krqnd7awLupYL4IuSNjs7o-9_1u7ne914Iqvv8RxA8U8yR8X_HbbZxQ29mXbrFYYXc1Bb8RbZLWMD_hu63SX5uTNN=w1280,d274bb66d53cb27a8a93ff17fc0693b6948ef47bc48945d26c884adf1db1fce6,1200,,True
Azamina,1AGcmwkSNAfn_JwZA9ZCZ210bt_SB0Ubv,captions/ygo4_0139.json,Monster,"Elzette, Azamina of the White Forest",ygo4_0139,0f2b2b0b1565769d,1AGcmwkSNAfn_JwZA9ZCZ210bt_SB0Ubv,new_card_first_release,,,images/ygo4_0139.png,passed_automated_decode_dimension_checks,2025-01-23,20747,1.0,exact_alias,Illusion,pending_konami_verification,1024,RGB,33eade1a078d86ab76bc4cc45d7d20b489fd5b7df71baf0d4c6a53a4162228da,1024,38648860,,,ygoprodeck_identity_fallback,https://images.ygoprodeck.com/images/cards_cropped/38648860.jpg,2026-08-31T18:25:56+00:00,selected_pending_image_and_caption_qa,624,https://lh3.googleusercontent.com/sitesv/AG8ngQWjEXAj7LE6PKVpMMyJhvs5TBrBpulijtHh-I_a2DK94MMPDoEs8JGNK7JzS_3Y7OWDIscmOZ1lAGtichiPRf0OzJjnZjtW--rG2RTwMxKsweaZdAA4t7D4k_3rXeUWneVaziPC9mvokjo8IYkUME8sEmh0cAQB6XXHrwTb3MHALu_UlIIi5ZHzPknitjg=s0,thehungtd_full_art,Azamina Elzette of the White Forest,https://sites.google.com/view/thehungtd/latest-artworks/2024/supreme-darkness,https://lh3.googleusercontent.com/sitesv/AG8ngQWjEXAj7LE6PKVpMMyJhvs5TBrBpulijtHh-I_a2DK94MMPDoEs8JGNK7JzS_3Y7OWDIscmOZ1lAGtichiPRf0OzJjnZjtW--rG2RTwMxKsweaZdAA4t7D4k_3rXeUWneVaziPC9mvokjo8IYkUME8sEmh0cAQB6XXHrwTb3MHALu_UlIIi5ZHzPknitjg=w1280,4a77e5ebbbc700188c4fdf8a3963410c2cdb3ddb8cb1bbc108051de64774347b,624,,True
Azamina,1WW8SG1ltpo_kqIiJEKveGFtkY8AlV4Ay,captions/ygo4_0140.json,Monster,Queen Azamina,ygo4_0140,8c9d33dbb2c26c6c,1WW8SG1ltpo_kqIiJEKveGFtkY8AlV4Ay,new_card_first_release,,,images/ygo4_0140.png,passed_automated_decode_dimension_checks,2025-01-23,20748,1.0,exact_alias,Illusion,pending_konami_verification,1024,RGB,cc4160d5f56018af6ea90af8fcdb94b02544c4501bc005e29b2d10b796f1a683,1024,65033975,,,thehungtd_drive_original,https://drive.usercontent.google.com/download?id=1WW8SG1ltpo_kqIiJEKveGFtkY8AlV4Ay&export=download&authuser=0&confirm=t,2026-08-31T18:25:56+00:00,selected_pending_image_and_caption_qa,1200,https://lh3.googleusercontent.com/sitesv/AG8ngQX4vF-IDzHdi_TDLEhgwU8jhR9Hd857apHu57YaQvxsiuzWXLtiVOpQduHvfzX5yex5pGfDcKbPUwHAiSXYnYYfX6Vsk7FfbrynbkGmUT6ig6e1EWoQtPBDzItmXVNw5olCWhSXa-Nw7P_YVLspxgnQV_-ophhQhP82TQ_X9G4eCzgNdE5YFUzoazR3=s0,thehungtd_full_art,Queen of the Azamina,https://sites.google.com/view/thehungtd/latest-artworks/2024/supreme-darkness,https://lh3.googleusercontent.com/sitesv/AG8ngQX4vF-IDzHdi_TDLEhgwU8jhR9Hd857apHu57YaQvxsiuzWXLtiVOpQduHvfzX5yex5pGfDcKbPUwHAiSXYnYYfX6Vsk7FfbrynbkGmUT6ig6e1EWoQtPBDzItmXVNw5olCWhSXa-Nw7P_YVLspxgnQV_-ophhQhP82TQ_X9G4eCzgNdE5YFUzoazR3=w1280,00dfeac41d2b7a296c0d9bcf8b9a5331e79a0941fdb2ee2393630b1c23e1dc35,1200,,True
Azamina,13GEVR5leDgiyhHmd9ChsH0oUN-qfKlwM,captions/ygo4_0141.json,Monster,Saint Azamina,ygo4_0141,b4530f8ecdeb4acb,13GEVR5leDgiyhHmd9ChsH0oUN-qfKlwM,new_card_first_release,,,images/ygo4_0141.png,passed_automated_decode_dimension_checks,2025-01-23,20773,1.0,exact_alias,Illusion,pending_konami_verification,1024,RGB,94f2ae4552410840231d057211d30217dd854853bc03018f4a637c11f7b854c7,1024,85065943,,,thehungtd_drive_original,https://drive.usercontent.google.com/download?id=13GEVR5leDgiyhHmd9ChsH0oUN-qfKlwM&export=download&authuser=0&confirm=t,2026-08-31T18:25:56+00:00,selected_pending_image_and_caption_qa,1200,https://lh3.googleusercontent.com/sitesv/AG8ngQWmZdXA_91Pf-c_Wh92oUT6OmzJ1Go5Byl-uhrgO5d_8nM6MWcM5HpaHxSNmqybRTs4VKEGUefB7wxTGoKbcqz6ZsYSz9vXpSaVMsStXv4YI2Ltij2yo_R7xyH3nGo2JAvaiqfZqjXgU39NP12Bran-P0DU_buXB6nTYPRgGqI-JeQ54RluAgUl7u3x=s0,thehungtd_full_art,St. Azamina,https://sites.google.com/view/thehungtd/latest-artworks/2024/supreme-darkness,https://lh3.googleusercontent.com/sitesv/AG8ngQWmZdXA_91Pf-c_Wh92oUT6OmzJ1Go5Byl-uhrgO5d_8nM6MWcM5HpaHxSNmqybRTs4VKEGUefB7wxTGoKbcqz6ZsYSz9vXpSaVMsStXv4YI2Ltij2yo_R7xyH3nGo2JAvaiqfZqjXgU39NP12Bran-P0DU_buXB6nTYPRgGqI-JeQ54RluAgUl7u3x=w1280,6f9998c383a0e4a9ce62d20797d2d1733fec441aa57e0e83a2f05455162f7e8a,1200,,True
Ragnaraika,1iAi6GmSSylsk0bdn3en5KEtaCQhn2YEW,captions/ygo4_0142.json,Monster,Ragnaraika Mantis Monk,ygo4_0142,9c95b09353d1a893,1iAi6GmSSylsk0bdn3en5KEtaCQhn2YEW,new_card_first_release,,,images/ygo4_0142.png,passed_automated_decode_dimension_checks,2024-04-25,19889,1.0,exact_alias,Insect,pending_konami_verification,1024,RGB,d04d7f81c21852b04e0bce4ee55229bb5a171573c24d051f4520c82b40a0dbd7,1024,70514456,,,ygoprodeck_identity_fallback,https://images.ygoprodeck.com/images/cards_cropped/70514456.jpg,2026-08-31T18:26:02+00:00,selected_pending_image_and_caption_qa,624,https://lh3.googleusercontent.com/sitesv/AG8ngQUcc6gEJkv1tnbqiK9geonPsQuceUmS0bFLReSs08PFkMMUQuQbul_1V3gqJxEzyPpMenUvulqLGqVQgFUeOp79ZdHOxTM0RljF_mqC63o5XrmUN0wPLbd1BVHooHejhYreZcVYco5w8FUfSqvKhFc6OAJKu-Ea6pWpoP0E2hELOVTivR7nHMEBmn1TXqg=s0,thehungtd_full_art,Raika no Oogaminushi,https://sites.google.com/view/thehungtd/latest-artworks/2024/legacy-of-destruction,https://lh3.googleusercontent.com/sitesv/AG8ngQUcc6gEJkv1tnbqiK9geonPsQuceUmS0bFLReSs08PFkMMUQuQbul_1V3gqJxEzyPpMenUvulqLGqVQgFUeOp79ZdHOxTM0RljF_mqC63o5XrmUN0wPLbd1BVHooHejhYreZcVYco5w8FUfSqvKhFc6OAJKu-Ea6pWpoP0E2hELOVTivR7nHMEBmn1TXqg=w1280,55ab93c7c1871227149bf0af83b4a75c662b46e3a8a0767646d333ca9d5d318a,624,,True
Ragnaraika,1C27psEyfkZ-MVC-Zff0_GLWAPYQ2cP__,captions/ygo4_0143.json,Monster,Ragnaraika Samurai Beetle,ygo4_0143,5fc3c3c1c0600bb3,1C27psEyfkZ-MVC-Zff0_GLWAPYQ2cP__,new_card_first_release,,,images/ygo4_0143.png,passed_automated_decode_dimension_checks,2024-04-25,19855,1.0,exact_alias,Insect,pending_konami_verification,1024,RGB,b95262183e7aabc9d8b9fff2b2652e2106c5a74abd6e4a2ba857fcc1f8c3ff28,1024,26548709,,,thehungtd_full_art,https://lh3.googleusercontent.com/sitesv/AG8ngQWxBOY6z4N03-2czp2mqCztkjRe5HOiiy0OIiItUOLAHn5_ez757De7GU-0Wx_fPlrIPTN734ZNis3htYB1xQtAhxYUGdbYAO1bZ5XX3E4cXE_uRIuN9IVtbtxZQm44VYtpySQYYKfK-UcEvYkMy34e0WNP--DP22OGPVy2Ft1VO_i8y-RIATfQeQ=s0,2026-08-31T18:26:02+00:00,selected_pending_image_and_caption_qa,1200,https://lh3.googleusercontent.com/sitesv/AG8ngQWxBOY6z4N03-2czp2mqCztkjRe5HOiiy0OIiItUOLAHn5_ez757De7GU-0Wx_fPlrIPTN734ZNis3htYB1xQtAhxYUGdbYAO1bZ5XX3E4cXE_uRIuN9IVtbtxZQm44VYtpySQYYKfK-UcEvYkMy34e0WNP--DP22OGPVy2Ft1VO_i8y-RIATfQeQ=s0,thehungtd_full_art,Ragnaraika Samurai Beetle,https://sites.google.com/view/thehungtd/latest-artworks/2024/legacy-of-destruction,https://lh3.googleusercontent.com/sitesv/AG8ngQWxBOY6z4N03-2czp2mqCztkjRe5HOiiy0OIiItUOLAHn5_ez757De7GU-0Wx_fPlrIPTN734ZNis3htYB1xQtAhxYUGdbYAO1bZ5XX3E4cXE_uRIuN9IVtbtxZQm44VYtpySQYYKfK-UcEvYkMy34e0WNP--DP22OGPVy2Ft1VO_i8y-RIATfQeQ=w1280,234d79eca0eb3ad7ac27191d4f2f734468e4fab517fb2cb1a903a06cffb37e16,1200,,True
Ragnaraika,11uzYac1hnvoPHfSAjOjfJ_rE5w5J8_SW,captions/ygo4_0144.json,Monster,Ragnaraika Stag Sovereign,ygo4_0144,4c8c962363eec82d,11uzYac1hnvoPHfSAjOjfJ_rE5w5J8_SW,new_card_first_release,,,images/ygo4_0144.png,passed_automated_decode_dimension_checks,2024-04-25,19891,1.0,exact_alias,Insect,pending_konami_verification,1024,RGB,5439ad1a7a4f4f3e8aa28ecd30cadb16e785e45a1e3dee9d6ea7c33e503f163b,1024,42307760,,,ygoprodeck_identity_fallback,https://images.ygoprodeck.com/images/cards_cropped/42307760.jpg,2026-08-31T18:26:02+00:00,selected_pending_image_and_caption_qa,624,https://lh3.googleusercontent.com/sitesv/AG8ngQXrYRZdbssMbila5wQwVQHHhBhkdxOw0fHPZNE9yCvL1LlnA_N-3FoxnBp-Mn7JZOoqPePHmrGeOre9RlM7E2KAg1x4fm5GwCRjA71Kyo50dWrFZCUe9OonGI4z0V8deVQZrI5uziFAaw33LBBejtTb2Fu69yb3ZcQX1GMOugAuIGaYG4N-b4q-_irTj2M=s0,thehungtd_full_art,Raika no Daiouga,https://sites.google.com/view/thehungtd/latest-artworks/2024/legacy-of-destruction,https://lh3.googleusercontent.com/sitesv/AG8ngQXrYRZdbssMbila5wQwVQHHhBhkdxOw0fHPZNE9yCvL1LlnA_N-3FoxnBp-Mn7JZOoqPePHmrGeOre9RlM7E2KAg1x4fm5GwCRjA71Kyo50dWrFZCUe9OonGI4z0V8deVQZrI5uziFAaw33LBBejtTb2Fu69yb3ZcQX1GMOugAuIGaYG4N-b4q-_irTj2M=w1280,f09d9f7716da31b92fc66fe520531195fbd2a5fec1cf4d691ec39b9d258c3e75,624,,True
Battlewasp,1mvqO9guesD12INZce2jms8DpyG8HcApT,captions/ygo4_0145.json,Monster,Battlewasp - Grand Partisan the Revolution,ygo4_0145,a4d1b2aaa8b1c4cd,1mvqO9guesD12INZce2jms8DpyG8HcApT,new_card_first_release,,,images/ygo4_0145.png,passed_automated_decode_dimension_checks,2024-07-27,20512,1.0,exact_alias,Insect,pending_konami_verification,1024,RGB,42f2b13f6170e4c01bb3ae0650ac9f8c9f791686ade7b334ee069cd0a08e48e9,1024,35057188,,,thehungtd_drive_original,https://drive.usercontent.google.com/download?id=1mvqO9guesD12INZce2jms8DpyG8HcApT&export=download&authuser=0&confirm=t,2026-08-31T18:25:58+00:00,selected_pending_image_and_caption_qa,1200,https://lh3.googleusercontent.com/sitesv/AG8ngQUw1DkOFryndjA5PF-edY6B9lMNqJhPFVI8kfSjMJ7ECXpqHcWEWSC3nAS5VFtW2QoIMhnfgAQOAr8VgUrCfsgmcSqBtjZH1AYejJrpe1x4GFTYxWVga4tnnqXXVnTr0UIBMktEWpNWgZ9X04-4lMr308wodCPw3Sigali2wVC0qeI-OznTXhBnk6mf-jo=s0,thehungtd_full_art,Battlewasp - Gran Partisan the Revolution,https://sites.google.com/view/thehungtd/latest-artworks/2024/rage-of-the-abyss,https://lh3.googleusercontent.com/sitesv/AG8ngQUw1DkOFryndjA5PF-edY6B9lMNqJhPFVI8kfSjMJ7ECXpqHcWEWSC3nAS5VFtW2QoIMhnfgAQOAr8VgUrCfsgmcSqBtjZH1AYejJrpe1x4GFTYxWVga4tnnqXXVnTr0UIBMktEWpNWgZ9X04-4lMr308wodCPw3Sigali2wVC0qeI-OznTXhBnk6mf-jo=w1280,7ca63445bffd0d7dedfbfc0048ed4c6c2eb7be54b727885d1844e3a0614a99af,1200,,True
Battlewasp,1hYAD_zuCKo0izdAWk1r-sNXuP2UwaBj9,captions/ygo4_0146.json,Monster,Battlewasp - Rapier the Onslaught,ygo4_0146,8e966f0d3117c3eb,1hYAD_zuCKo0izdAWk1r-sNXuP2UwaBj9,new_card_first_release,,,images/ygo4_0146.png,passed_automated_decode_dimension_checks,2024-07-27,20485,1.0,exact_alias,Insect,pending_konami_verification,1024,RGB,b8130c05d7c23604cd51ed1da5970f75b608416c724e4738cf46bf5dff403f5e,1024,56146300,,,thehungtd_drive_original,https://drive.usercontent.google.com/download?id=1hYAD_zuCKo0izdAWk1r-sNXuP2UwaBj9&export=download&authuser=0&confirm=t,2026-08-31T18:25:58+00:00,selected_pending_image_and_caption_qa,1200,https://lh3.googleusercontent.com/sitesv/AG8ngQWX_bacsLl4sPwn_mV3NOIbLi1czh8V3jjm3Jc0Z6sHoY4yD5lEQXYM6R5QssAQTMDhI_iZk89SR6jH-pVL6HP18h-UuvNfwZQ5eYOeM3MBNjp1jSKBq7BhUCG0ESR1CoVHSfy7ppoNV5N9JmHrX-1ZGE823roQlPPB7cKwufBKyrpiYazCHDEZ-Gr7rCk=s0,thehungtd_full_art,Battlewasp - Rapier the Furious,https://sites.google.com/view/thehungtd/latest-artworks/2024/rage-of-the-abyss,https://lh3.googleusercontent.com/sitesv/AG8ngQWX_bacsLl4sPwn_mV3NOIbLi1czh8V3jjm3Jc0Z6sHoY4yD5lEQXYM6R5QssAQTMDhI_iZk89SR6jH-pVL6HP18h-UuvNfwZQ5eYOeM3MBNjp1jSKBq7BhUCG0ESR1CoVHSfy7ppoNV5N9JmHrX-1ZGE823roQlPPB7cKwufBKyrpiYazCHDEZ-Gr7rCk=w1280,7162d5bc5fa7f0ae6c017d3fb6e448fd90195d82f9383fcd643eb3e379bedd71,1200,,True
Battlewasp,165EhhKdXs5q60A3Cb2daae0rbDppqlUf,captions/ygo4_0147.json,Monster,Battlewasp - Sachi the Ceremonial Bow,ygo4_0147,ade7772765635b6e,165EhhKdXs5q60A3Cb2daae0rbDppqlUf,new_card_first_release,,,images/ygo4_0147.png,passed_automated_decode_dimension_checks,2024-07-27,20513,1.0,exact_alias,Insect,pending_konami_verification,1024,RGB,b3c41bf6ae860ecb332098929d87dfc4fbe98e0ae3a6ccc6bf10703c7524a81e,1024,71456737,,,thehungtd_drive_original,https://drive.usercontent.google.com/download?id=165EhhKdXs5q60A3Cb2daae0rbDppqlUf&export=download&authuser=0&confirm=t,2026-08-31T18:25:58+00:00,selected_pending_image_and_caption_qa,1200,https://lh3.googleusercontent.com/sitesv/AG8ngQVB6mBWSzpUbDKBW2djCm_hAlvuekkzKPhMetJmLqCoWS-Sq_xkPvqHvJ18F3kwlUzDRWPvRq1rIsUlrFpc-uORm819qUl-nAP6NLvzGuk0XEQYMMyCg5Zc_UpnVH1gLpqQqRbAbApvTidjkGM-kHB4qnUSas2vDTtcrUgPmuG7O_dqM_TRRBzRSnWYIB0=s0,thehungtd_full_art,Battlewasp - Sachi the Ritual Bow,https://sites.google.com/view/thehungtd/latest-artworks/2024/rage-of-the-abyss,https://lh3.googleusercontent.com/sitesv/AG8ngQVB6mBWSzpUbDKBW2djCm_hAlvuekkzKPhMetJmLqCoWS-Sq_xkPvqHvJ18F3kwlUzDRWPvRq1rIsUlrFpc-uORm819qUl-nAP6NLvzGuk0XEQYMMyCg5Zc_UpnVH1gLpqQqRbAbApvTidjkGM-kHB4qnUSas2vDTtcrUgPmuG7O_dqM_TRRBzRSnWYIB0=w1280,7531e7ca4bd02818316902bd86b7da1037e2357221713ec461ffffa5d4b6b5a1,1200,,True
,1YFM0KiPWGBGtUOWb3TdHBA7teR0Gz2q_,captions/ygo4_0148.json,Monster,Newbee!,ygo4_0148,67a3cc4d79391932,1YFM0KiPWGBGtUOWb3TdHBA7teR0Gz2q_,new_card_first_release,,,images/ygo4_0148.png,passed_automated_decode_dimension_checks,2024-07-27,20505,1.0,exact_alias,Insect,pending_konami_verification,1024,RGB,3518a65613c752e699c0079cef17545d85af8757fc6a61cd306fc088bf6455cb,1024,10807219,,,thehungtd_drive_original,https://drive.usercontent.google.com/download?id=1YFM0KiPWGBGtUOWb3TdHBA7teR0Gz2q_&export=download&authuser=0&confirm=t,2026-08-31T18:25:58+00:00,selected_pending_image_and_caption_qa,1200,https://lh3.googleusercontent.com/sitesv/AG8ngQXvASJH-3ZayvNEkUuh7mHUvhO-zNKntQeFyX79W4GySXGfkWUjZVG5W9AggvJxxW7Xf7XIAiP8w7jP7Kk53RTvKmFEm2AbioKtAgZe0sVLMUzUvMWoJRlvwCC8pOcngzdI2QzzEv5A9K-1NB4nZ8Mb8_ABCHbyLoF37cZazLX8BzLzgbkrXtPuiZLI=s0,thehungtd_full_art,Newbee!,https://sites.google.com/view/thehungtd/latest-artworks/2024/rage-of-the-abyss,https://lh3.googleusercontent.com/sitesv/AG8ngQXvASJH-3ZayvNEkUuh7mHUvhO-zNKntQeFyX79W4GySXGfkWUjZVG5W9AggvJxxW7Xf7XIAiP8w7jP7Kk53RTvKmFEm2AbioKtAgZe0sVLMUzUvMWoJRlvwCC8pOcngzdI2QzzEv5A9K-1NB4nZ8Mb8_ABCHbyLoF37cZazLX8BzLzgbkrXtPuiZLI=w1280,0670d3d571b6c629e740c72eedfb5309f6e9bc48952cdeef5ba351f7cca16dd9,1200,,True
,1hhbdkdioUUVyr7rNs_o6zm0duirp4Xtq,captions/ygo4_0149.json,Monster,Carnot the Eternal Machine,ygo4_0149,ceca96ae2831b351,1hhbdkdioUUVyr7rNs_o6zm0duirp4Xtq,new_card_first_release,,,images/ygo4_0149.png,passed_automated_decode_dimension_checks,2024-02-08,19480,1.0,exact_alias,Machine,pending_konami_verification,1024,RGB,2c4bad01e6e0a709b315ebdcad29cc7a4f0394c5843a13b50d442cb196f066c1,1024,13567610,,,thehungtd_full_art,https://lh3.googleusercontent.com/sitesv/AG8ngQUs3odjuLAKuEGin6NVfyb689OZLd5fa_o1UUb6rottPOpUUXB6_oUEuntC2G5odJY8IMj30HZ433l92z6Bi7w0yB2OdyPVCGbWZbKHjg95-C1RfPuv5k1pVSyHXGKCExEsMUn3PAKlyfHcg26HHcuG9cHlJ8W4oCVIcOrOXCMq8lQ2buRTPoKERcmwFIc=s0,2026-08-31T18:26:04+00:00,selected_pending_image_and_caption_qa,1200,https://lh3.googleusercontent.com/sitesv/AG8ngQUs3odjuLAKuEGin6NVfyb689OZLd5fa_o1UUb6rottPOpUUXB6_oUEuntC2G5odJY8IMj30HZ433l92z6Bi7w0yB2OdyPVCGbWZbKHjg95-C1RfPuv5k1pVSyHXGKCExEsMUn3PAKlyfHcg26HHcuG9cHlJ8W4oCVIcOrOXCMq8lQ2buRTPoKERcmwFIc=s0,thehungtd_full_art,Etermakina Carnord,https://sites.google.com/view/thehungtd/latest-artworks/2024/phantom-nightmare,https://lh3.googleusercontent.com/sitesv/AG8ngQUs3odjuLAKuEGin6NVfyb689OZLd5fa_o1UUb6rottPOpUUXB6_oUEuntC2G5odJY8IMj30HZ433l92z6Bi7w0yB2OdyPVCGbWZbKHjg95-C1RfPuv5k1pVSyHXGKCExEsMUn3PAKlyfHcg26HHcuG9cHlJ8W4oCVIcOrOXCMq8lQ2buRTPoKERcmwFIc=w1280,f8324be943fbe4fe7df39e8700f217276e7686736a2dec39e1bd689e7bf40418,1200,,True
,1fFFUvPYmKWp4WI4e25vyNfUTW2p9Tcij,captions/ygo4_0150.json,Monster,Time Reloader,ygo4_0150,0b0b1b170b091b99,1fFFUvPYmKWp4WI4e25vyNfUTW2p9Tcij,new_card_first_release,,,images/ygo4_0150.png,passed_automated_decode_dimension_checks,2024-02-08,19482,1.0,exact_alias,Machine,pending_konami_verification,1024,RGB,1e201168acf1edaa8d0e996c69580ea4738881237d83780e2491a114d8da9c36,1024,86346363,,,ygoprodeck_identity_fallback,https://images.ygoprodeck.com/images/cards_cropped/86346363.jpg,2026-08-31T18:26:04+00:00,selected_pending_image_and_caption_qa,624,https://lh3.googleusercontent.com/sitesv/AG8ngQXxLG64zqKqm2RgKU3k1DoDw8Bava2kLZAGSsWNtRNlWMY8gqg-f9XaFJMZoKp4sbvopcH5fhUfuwNnuYbwOcWmlxjZkQmir8xq3AoAu2KZAQRJhLHJ-eeowvijehviWoymyjCcYIVoPrCWZEavVLtQy72QDE3vIVwn5g3kdI6BTEXP-lxx7mvn_vII=s0,thehungtd_full_art,Time Rewinder,https://sites.google.com/view/thehungtd/latest-artworks/2024/phantom-nightmare,https://lh3.googleusercontent.com/sitesv/AG8ngQXxLG64zqKqm2RgKU3k1DoDw8Bava2kLZAGSsWNtRNlWMY8gqg-f9XaFJMZoKp4sbvopcH5fhUfuwNnuYbwOcWmlxjZkQmir8xq3AoAu2KZAQRJhLHJ-eeowvijehviWoymyjCcYIVoPrCWZEavVLtQy72QDE3vIVwn5g3kdI6BTEXP-lxx7mvn_vII=w1280,e1f971aee033bd8c2d90113e57312b4a0e3badb0c232db2e536d9270041ed3e0,624,,True
Ancient Gear,1ESk2qLyshIFgzTYWYDSvduwqkHb_biKm,captions/ygo4_0151.json,Monster,Ancient Gear Dark Golem,ygo4_0151,a866249997d75327,1ESk2qLyshIFgzTYWYDSvduwqkHb_biKm,new_card_first_release,,,images/ygo4_0151.png,passed_automated_decode_dimension_checks,2024-04-25,19847,1.0,exact_alias,Machine,pending_konami_verification,1024,RGB,f280e7467b053a7af1ee0c04b18460f39ee2a95bebd30759386dad41d8833d05,1024,64603182,,,ygoprodeck_identity_fallback,https://images.ygoprodeck.com/images/cards_cropped/64603182.jpg,2026-08-31T18:26:02+00:00,selected_pending_image_and_caption_qa,624,https://lh3.googleusercontent.com/sitesv/AG8ngQU_azOLRkP1Ak0KqRREOnmY3u2n7QYOXvu5u0sBIn0sQ5aF6aEbq3JC46ytuREJszDM2rNCIaC6RBCdq0_KELVavPFAxXE_6-cKCQzFG3xB7x73FCSc0hD3bDMiPaHUoSYfBIikkDKD147YKeKS6wexJbDJ1P8fb7fC4TzUTaOlVoFhOfdiwN8wh59s=s0,thehungtd_full_art,Ancient Gear Dark Golem,https://sites.google.com/view/thehungtd/latest-artworks/2024/legacy-of-destruction,https://lh3.googleusercontent.com/sitesv/AG8ngQU_azOLRkP1Ak0KqRREOnmY3u2n7QYOXvu5u0sBIn0sQ5aF6aEbq3JC46ytuREJszDM2rNCIaC6RBCdq0_KELVavPFAxXE_6-cKCQzFG3xB7x73FCSc0hD3bDMiPaHUoSYfBIikkDKD147YKeKS6wexJbDJ1P8fb7fC4TzUTaOlVoFhOfdiwN8wh59s=w1280,ec7dd3aa33514b6948eb20d1dcec07b87735a67ff7d404582677c32d4585f663,624,,True
Ancient Gear,1H3121KuRVJSWNyg6Ok2CZ2oSXZCT4dyf,captions/ygo4_0152.json,Monster,Ancient Gear Tanker,ygo4_0152,20848c085bcb99d9,1H3121KuRVJSWNyg6Ok2CZ2oSXZCT4dyf,new_card_first_release,,,images/ygo4_0152.png,passed_automated_decode_dimension_checks,2024-04-25,19848,1.0,exact_alias,Machine,pending_konami_verification,1024,RGB,cd4449385cc91e697ac53669f0ebfdc88b3655bf351632b7df050499e5ac3e81,1024,91098230,,,ygoprodeck_identity_fallback,https://images.ygoprodeck.com/images/cards_cropped/91098230.jpg,2026-08-31T18:26:02+00:00,selected_pending_image_and_caption_qa,624,https://lh3.googleusercontent.com/sitesv/AG8ngQUbj_WoYvxebI6Q7F6qLY675cobEexxzMLn3pfRfa8o1uZuCg0WMkO2JCY7LtPJ-KbXo942l85IajalUWjhFFERxz2TN1nqofQQhTK0pYct0is1QL4BS35sU6uD98GWLXmHgl1y1yyiefb6a-2tbAIsZBKV7xM88cnKc1DoNUVpS1S_NDhNFNppZg=s0,thehungtd_full_art,Ancient Gear Tanker,https://sites.google.com/view/thehungtd/latest-artworks/2024/legacy-of-destruction,https://lh3.googleusercontent.com/sitesv/AG8ngQUbj_WoYvxebI6Q7F6qLY675cobEexxzMLn3pfRfa8o1uZuCg0WMkO2JCY7LtPJ-KbXo942l85IajalUWjhFFERxz2TN1nqofQQhTK0pYct0is1QL4BS35sU6uD98GWLXmHgl1y1yyiefb6a-2tbAIsZBKV7xM88cnKc1DoNUVpS1S_NDhNFNppZg=w1280,08984b0c06f82efb9a72413543f2537788ccfff623b5a22f9fc943c99c13c5ef,624,,True
,1c0RCE68z8uuUp0gacZ81twYvoDI8JffO,captions/ygo4_0153.json,Monster,Union Controller,ygo4_0153,414f2e99e9d40411,1c0RCE68z8uuUp0gacZ81twYvoDI8JffO,new_card_first_release,,,images/ygo4_0153.png,passed_automated_decode_dimension_checks,2024-05-25,20288,1.0,exact_alias,Machine,pending_konami_verification,1024,RGB,e2ef3a662d7fc6fc8d800f0be6b950e9c57db655288988d14412d2bd14dce606,1024,2133971,,,thehungtd_drive_original,https://drive.usercontent.google.com/download?id=1c0RCE68z8uuUp0gacZ81twYvoDI8JffO&export=download&authuser=0&confirm=t,2026-08-31T18:26:01+00:00,selected_pending_image_and_caption_qa,1200,https://lh3.googleusercontent.com/sitesv/AG8ngQXHVn0-MvSyUdMUCjGpOQyqW6N4I_wAeZ_FyMze49cbzpErfWhl4MlK4N7tm4-T1mq-aqRTbF_ciKdeKNFPP3G8jE0Osnj7XRo2IQVEgEORw8fy1o1dU26zJgujM1VMK_fiLIES0vf54EoLsnrMDd-YbbfRzWy6-1fryU6HGk1R7iUrIGa33u9vW8ej=s0,thehungtd_full_art,Union Controller,https://sites.google.com/view/thehungtd/latest-artworks/2024/duelist-pack-duelists-of-brilliance,https://lh3.googleusercontent.com/sitesv/AG8ngQXHVn0-MvSyUdMUCjGpOQyqW6N4I_wAeZ_FyMze49cbzpErfWhl4MlK4N7tm4-T1mq-aqRTbF_ciKdeKNFPP3G8jE0Osnj7XRo2IQVEgEORw8fy1o1dU26zJgujM1VMK_fiLIES0vf54EoLsnrMDd-YbbfRzWy6-1fryU6HGk1R7iUrIGa33u9vW8ej=w1280,ddce351317927def523ba061738f9553c50d3d3af1678d025a63cbb15035c212,1200,,True
A-to-Z,1gZ6C0k5tMjHDpzn1K_ye1sEnX0VYBbYg,captions/ygo4_0154.json,Monster,X-Cross Cannon,ygo4_0154,9a59f3c662b36959,1gZ6C0k5tMjHDpzn1K_ye1sEnX0VYBbYg,new_card_first_release,,,images/ygo4_0154.png,passed_automated_decode_dimension_checks,2024-05-25,20284,1.0,exact_alias,Machine,pending_konami_verification,1024,RGB,cb91ae0888fb3ec1ea7c993782d4f52c21af06c65d8d4870f170ea32920734fa,1024,70860415,,,thehungtd_drive_original,https://drive.usercontent.google.com/download?id=1gZ6C0k5tMjHDpzn1K_ye1sEnX0VYBbYg&export=download&authuser=0&confirm=t,2026-08-31T18:26:01+00:00,selected_pending_image_and_caption_qa,1200,https://lh3.googleusercontent.com/sitesv/AG8ngQVKClq3LWwN3pxMhMB0yB7uk5jGftQmo1BWUdpyeHGjhNKJ2o95QJ0zM_c7muqqrgOesdMwf8LW-CeZdsxvQNJ_GalO70t8Pa2SIoATGmn0lRG2Fjl_avSWEzkRcy276YeIhVuNxiSasEFuDSfO73b_BN10He7FWdlT42BWviTDDeuE1YIPLxwiiOsA=s0,thehungtd_full_art,X-Cross Cannon,https://sites.google.com/view/thehungtd/latest-artworks/2024/duelist-pack-duelists-of-brilliance,https://lh3.googleusercontent.com/sitesv/AG8ngQVKClq3LWwN3pxMhMB0yB7uk5jGftQmo1BWUdpyeHGjhNKJ2o95QJ0zM_c7muqqrgOesdMwf8LW-CeZdsxvQNJ_GalO70t8Pa2SIoATGmn0lRG2Fjl_avSWEzkRcy276YeIhVuNxiSasEFuDSfO73b_BN10He7FWdlT42BWviTDDeuE1YIPLxwiiOsA=w1280,da3eea2ac2dd994c8f7d4607e47dd6105268f26e4afd59f906299813a0060b95,1200,,True
A-to-Z,1G55EAAoMHV-lj7Uuodo7xD0-vPsVKSG-,captions/ygo4_0155.json,Monster,XYZ-Hyper Dragon Cannon,ygo4_0155,262e54ede8a23e37,1G55EAAoMHV-lj7Uuodo7xD0-vPsVKSG-,new_card_first_release,,,images/ygo4_0155.png,passed_automated_decode_dimension_checks,2024-05-25,20287,1.0,exact_alias,Machine,pending_konami_verification,1024,RGB,febbf3bd6ff9331471681619fc4677bc29528b0b8b7522ee6701f9d4f205a316,1024,75748977,,,thehungtd_full_art,https://lh3.googleusercontent.com/sitesv/AG8ngQUpq30a4joHcDVcIMn_vjMRZkFjIVHsIBgazILxM54QnPgG51e2ABgYNRSCV3pedUbUIP0fvVm3WA-Viq5krSIClnDEJcXXoxf8e1AhKt7Nt9EIa5kMvqY6D9tHVS_CQ3elZ7B9jidzycLvBeqifunEI4seEiKerk7519UFu-rP5F1CjPwuXES5Eyxl=s0,2026-08-31T18:26:01+00:00,selected_pending_image_and_caption_qa,1200,https://lh3.googleusercontent.com/sitesv/AG8ngQUpq30a4joHcDVcIMn_vjMRZkFjIVHsIBgazILxM54QnPgG51e2ABgYNRSCV3pedUbUIP0fvVm3WA-Viq5krSIClnDEJcXXoxf8e1AhKt7Nt9EIa5kMvqY6D9tHVS_CQ3elZ7B9jidzycLvBeqifunEI4seEiKerk7519UFu-rP5F1CjPwuXES5Eyxl=s0,thehungtd_full_art,XYZ-Hyper Dragon Cannon,https://sites.google.com/view/thehungtd/latest-artworks/2024/duelist-pack-duelists-of-brilliance,https://lh3.googleusercontent.com/sitesv/AG8ngQUpq30a4joHcDVcIMn_vjMRZkFjIVHsIBgazILxM54QnPgG51e2ABgYNRSCV3pedUbUIP0fvVm3WA-Viq5krSIClnDEJcXXoxf8e1AhKt7Nt9EIa5kMvqY6D9tHVS_CQ3elZ7B9jidzycLvBeqifunEI4seEiKerk7519UFu-rP5F1CjPwuXES5Eyxl=w1280,bbd61279c86e34a52acaba9677d8de9b8f0296886270252a779321fba6f55725,1200,,True
A-to-Z,1AFqLP533nYda-hqvJ8ZtL-MEAbIT5R_6,captions/ygo4_0156.json,Monster,Z-Zillion Tank,ygo4_0156,344c494e43cd1d69,1AFqLP533nYda-hqvJ8ZtL-MEAbIT5R_6,new_card_first_release,,,images/ygo4_0156.png,passed_automated_decode_dimension_checks,2024-05-25,20286,1.0,exact_alias,Machine,pending_konami_verification,1024,RGB,e075e0a8b2e6e826ceb41c7e1821636725d0600a514b4de49f2698c816ce4b04,1024,33744268,,,thehungtd_drive_original,https://drive.usercontent.google.com/download?id=1AFqLP533nYda-hqvJ8ZtL-MEAbIT5R_6&export=download&authuser=0&confirm=t,2026-08-31T18:26:01+00:00,selected_pending_image_and_caption_qa,1200,https://lh3.googleusercontent.com/sitesv/AG8ngQVS4iXW-w2_zsKYdwtA0DSzvb6JxJvFN8ZiZU5Eub-k4AaswsH27aTtcgc9XfXe66X_OsMxbiRiRx_LVkKyF86rGIT89MeGcC8kbfZJL5rsqrNXVAUmOvrK3k2lqIr0KaqVIhVW9BHB5B6vIwatiCnaFMbGjHVprMBh94vS43j6bG_ZKvQNIAge9Mj4=s0,thehungtd_full_art,Z-Zillion Tank,https://sites.google.com/view/thehungtd/latest-artworks/2024/duelist-pack-duelists-of-brilliance,https://lh3.googleusercontent.com/sitesv/AG8ngQVS4iXW-w2_zsKYdwtA0DSzvb6JxJvFN8ZiZU5Eub-k4AaswsH27aTtcgc9XfXe66X_OsMxbiRiRx_LVkKyF86rGIT89MeGcC8kbfZJL5rsqrNXVAUmOvrK3k2lqIr0KaqVIhVW9BHB5B6vIwatiCnaFMbGjHVprMBh94vS43j6bG_ZKvQNIAge9Mj4=w1280,70dc519fa21b7849c6d295a8f66f8eb0c3df424b7aa7e975a797b1db64cd2015,1200,,True
Genex,1e-NV5ED4q5mkoOULKOqGpGTn0eo8VRud,captions/ygo4_0157.json,Monster,Arms of Genex Return Zero,ygo4_0157,232979697150c6e5,1e-NV5ED4q5mkoOULKOqGpGTn0eo8VRud,new_card_first_release,,,images/ygo4_0157.png,passed_automated_decode_dimension_checks,2024-06-20,19623,1.0,exact_alias,Machine,pending_konami_verification,1024,RGB,2b767a29a57eef97ffe4d72852db86e8f1b7c88b9c8bed8e776483a8ac9c4856,1024,61775475,,,ygoprodeck_identity_fallback,https://images.ygoprodeck.com/images/cards_cropped/61775475.jpg,2026-08-31T18:26:06+00:00,selected_pending_image_and_caption_qa,624,https://lh3.googleusercontent.com/sitesv/AG8ngQUEhfPFd_53WwEYovwQmHm9lMA3JgvnX2tJBF9ypjoswtsciOAXcJds0JB8kUGO6gHMDpxFGwN99b67cXVNiXa5oMx-31Cp8OXCKqO1ONdMGzV4V5_0DC9qsJyypBCmxAcMtn3U8kfjplKT_DOVQ5pSzpAbyYrsQqw8t6O_nnxwBAaSFwigEAdxfDe3=s0,thehungtd_full_art,Arms of Genex Return Zero,https://sites.google.com/view/thehungtd/latest-artworks/2024/terminal-world,https://lh3.googleusercontent.com/sitesv/AG8ngQUEhfPFd_53WwEYovwQmHm9lMA3JgvnX2tJBF9ypjoswtsciOAXcJds0JB8kUGO6gHMDpxFGwN99b67cXVNiXa5oMx-31Cp8OXCKqO1ONdMGzV4V5_0DC9qsJyypBCmxAcMtn3U8kfjplKT_DOVQ5pSzpAbyYrsQqw8t6O_nnxwBAaSFwigEAdxfDe3=w1280,fd96c32a632eb19a38bb8d6e4b9d8539cd5a9260ae9917bd42da4c8dd7e746bc,624,,True
,1DS3UDv6gtzaieNlrYoJz3indwVQvl9Ke,captions/ygo4_0158.json,Monster,Division,ygo4_0158,0f0e1f37130b970f,1DS3UDv6gtzaieNlrYoJz3indwVQvl9Ke,new_card_first_release,,,images/ygo4_0158.png,passed_automated_decode_dimension_checks,2024-06-20,9471,1.0,exact_alias,Machine,pending_konami_verification,1024,RGB,ef4e140e63e559f9b8e84861f868d4ca089103e27643abf0c41d1978e2937660,1024,42427230,,,ygoprodeck_identity_fallback,https://images.ygoprodeck.com/images/cards_cropped/42427230.jpg,2026-08-31T18:26:06+00:00,selected_pending_image_and_caption_qa,624,https://lh3.googleusercontent.com/sitesv/AG8ngQXgXY-izmspt5LufD8DIHvLt4laJUcUCt9GKt2hALsnQJ0ancGiMy4mOSX1pPjFexyunb8ju39zhAGXbuZC3J4QCBQsQrOmvgdvIVX4PbWaNtde6PZ2ljdzpI3s9AwywRhAeR55ruTx1z08CvdlVaQjisujpw_UzsniY8QIOGIVQuuhnix8iNfusc9bOEA=s0,thehungtd_full_art,Division,https://sites.google.com/view/thehungtd/latest-artworks/2024/premium-pack-2024,https://lh3.googleusercontent.com/sitesv/AG8ngQXgXY-izmspt5LufD8DIHvLt4laJUcUCt9GKt2hALsnQJ0ancGiMy4mOSX1pPjFexyunb8ju39zhAGXbuZC3J4QCBQsQrOmvgdvIVX4PbWaNtde6PZ2ljdzpI3s9AwywRhAeR55ruTx1z08CvdlVaQjisujpw_UzsniY8QIOGIVQuuhnix8iNfusc9bOEA=w1280,f8a9b32a064d5fbf54e0ff183210a53347a219f919401ada0a9c7b7373204892,624,,True
,1w3uqQNLdw5UcS8lmMBZOAw_TlQxSNdeG,captions/ygo4_0159.json,Monster,Electro Blaster,ygo4_0159,251b69d9884d9319,1w3uqQNLdw5UcS8lmMBZOAw_TlQxSNdeG,new_card_first_release,,,images/ygo4_0159.png,passed_automated_decode_dimension_checks,2024-06-20,8927,1.0,exact_alias,Machine,pending_konami_verification,1024,RGB,8053ab1a55b6fc42fd4533009eeaa237eda4131cb41049257c952b5ad665021a,1024,9107531,,,ygoprodeck_identity_fallback,https://images.ygoprodeck.com/images/cards_cropped/9107531.jpg,2026-08-31T18:26:06+00:00,selected_pending_image_and_caption_qa,624,https://lh3.googleusercontent.com/sitesv/AG8ngQUEei9BNp4Wq-7hSHMfDCclcdw9-WJGRtiYnCchGnYGnA96guedvz60tsN4P2lQxzUA5uimTUbqAy__oc-cLLueGIRTlm1zu9ha55oA1Le6Aua53XLnWx-hGZ1XFz4UVtOcN7B-emPYyRcwUF2Nm7IjZo-BkrZhu70xmN5KXQByz3cHTb31noWKSsSr=s0,thehungtd_full_art,Electro Gunner,https://sites.google.com/view/thehungtd/latest-artworks/2024/premium-pack-2024,https://lh3.googleusercontent.com/sitesv/AG8ngQUEei9BNp4Wq-7hSHMfDCclcdw9-WJGRtiYnCchGnYGnA96guedvz60tsN4P2lQxzUA5uimTUbqAy__oc-cLLueGIRTlm1zu9ha55oA1Le6Aua53XLnWx-hGZ1XFz4UVtOcN7B-emPYyRcwUF2Nm7IjZo-BkrZhu70xmN5KXQByz3cHTb31noWKSsSr=w1280,f4b2b96ea51c398ce3469e91057fa2f6a5a59b47dc19f8a4c28838bd0abc0775,624,,True
Sky Striker,1NrPwutSChhx3PMyknyFzTvzDicYnD4Cd,captions/ygo4_0160.json,Monster,Pillar of the Future - Cyanos,ygo4_0160,4dcf8517c6ce0ba6,1NrPwutSChhx3PMyknyFzTvzDicYnD4Cd,new_card_first_release,,,images/ygo4_0160.png,passed_automated_decode_dimension_checks,2024-06-20,19752,1.0,exact_alias,Machine,pending_konami_verification,1024,RGB,dceb21cd644912751aacefd5faccebc954786080415caea7d86eac99c982ddd1,1024,20357457,,,ygoprodeck_identity_fallback,https://images.ygoprodeck.com/images/cards_cropped/20357457.jpg,2026-08-31T18:26:06+00:00,selected_pending_image_and_caption_qa,624,https://lh3.googleusercontent.com/sitesv/AG8ngQXRcy8tt_35B4eOvuiJ0nkdjUpYInJSoxGZy4AWMDbY0oE3GDZIzU1Swe0FiHxFMqmP_KXt8OHE_oloeDxe_5MmTcCyfofS0LfW_WmYgI_tC_DMaQEo89Pp3NXcm4fFSzTo7B5tqpRB2OAqbOnctdaQ3RPp2Z6U15ucj0zQOlm-gAijeBFejvtfL2o8=s0,thehungtd_full_art,Pillar of the Future - Cyanos,https://sites.google.com/view/thehungtd/latest-artworks/2024/premium-pack-2024,https://lh3.googleusercontent.com/sitesv/AG8ngQXRcy8tt_35B4eOvuiJ0nkdjUpYInJSoxGZy4AWMDbY0oE3GDZIzU1Swe0FiHxFMqmP_KXt8OHE_oloeDxe_5MmTcCyfofS0LfW_WmYgI_tC_DMaQEo89Pp3NXcm4fFSzTo7B5tqpRB2OAqbOnctdaQ3RPp2Z6U15ucj0zQOlm-gAijeBFejvtfL2o8=w1280,fe7f38da3e4cf5a8251cbf8af7f1b0cb32835cabdcec301eae20774fa62e9861,624,,True
Genex,1MynIlHtP5LWhS-W5MXUvHGqGARG8WU4N,captions/ygo4_0161.json,Monster,Repair Genex Controller,ygo4_0161,03131b67b3d9b031,1MynIlHtP5LWhS-W5MXUvHGqGARG8WU4N,new_card_first_release,,,images/ygo4_0161.png,passed_automated_decode_dimension_checks,2024-06-20,19624,1.0,exact_alias,Machine,pending_konami_verification,1024,RGB,f47c3bc7a4db734410280de1f5e1bb4d019a5910b0055c7f56da53c931975839,1024,8173184,,,ygoprodeck_identity_fallback,https://images.ygoprodeck.com/images/cards_cropped/8173184.jpg,2026-08-31T18:26:06+00:00,selected_pending_image_and_caption_qa,624,https://lh3.googleusercontent.com/sitesv/AG8ngQWSQMXHf5ya4mcCkgv3b2KL7iu__VMxar5CCRm6OnqijVRsWtq5EGmfKfR_jkpuUbcfiJD0oExqjQbjvOJ5Aj2b70p_OjTzDVnF-6loh--jCIjZo2WNMiK-dHc2MoJpQoz_z8fkEkcoU1tgFxmkuFwGE68SY74BBniihn_ho0f34PfANqc1VqmtXhN5=s0,thehungtd_full_art,Repaired Genex Controller,https://sites.google.com/view/thehungtd/latest-artworks/2024/terminal-world,https://lh3.googleusercontent.com/sitesv/AG8ngQWSQMXHf5ya4mcCkgv3b2KL7iu__VMxar5CCRm6OnqijVRsWtq5EGmfKfR_jkpuUbcfiJD0oExqjQbjvOJ5Aj2b70p_OjTzDVnF-6loh--jCIjZo2WNMiK-dHc2MoJpQoz_z8fkEkcoU1tgFxmkuFwGE68SY74BBniihn_ho0f34PfANqc1VqmtXhN5=w1280,bf627fd68a468fcfc9a3bb9243c0835c005c1be66557c9267f6ad96f4436c084,624,,True
Sky Striker,1LfCk8dp5y_2-pRpL3woGj1glJnUEVNt8,captions/ygo4_0162.json,Monster,Sky Striker Ace - Azalea Temperance,ygo4_0162,5b53725796d16534,1LfCk8dp5y_2-pRpL3woGj1glJnUEVNt8,new_card_first_release,,,images/ygo4_0162.png,passed_automated_decode_dimension_checks,2024-06-20,19753,1.0,exact_alias,Machine,pending_konami_verification,1024,RGB,fb8ae4c0d85771c8fd44becbdf8f96961050c0492c8b5f75090a96319c803e7b,1024,56741506,,,thehungtd_full_art,https://lh3.googleusercontent.com/sitesv/AG8ngQXmvtd-gTX-C34-US8xZZzvYdYof8mcXjSBBHA96AIvyY5F4TAREvG4xbF4ARJqb4CtTdndkcjFqlbHtGsYsQXrVLaBFbUdccpAYehGqjvf6tqo_ZkYc9ejoT6SZ6pVGSTWwSAKLzOkh4xIlWPDKi6jvisR7SITOZX6zNisJOU8wFTLvV0YzHbmk5-h=s0,2026-08-31T18:26:06+00:00,selected_pending_image_and_caption_qa,1200,https://lh3.googleusercontent.com/sitesv/AG8ngQXmvtd-gTX-C34-US8xZZzvYdYof8mcXjSBBHA96AIvyY5F4TAREvG4xbF4ARJqb4CtTdndkcjFqlbHtGsYsQXrVLaBFbUdccpAYehGqjvf6tqo_ZkYc9ejoT6SZ6pVGSTWwSAKLzOkh4xIlWPDKi6jvisR7SITOZX6zNisJOU8wFTLvV0YzHbmk5-h=s0,thehungtd_full_art,Sky Striker Ace - Azalea Temperance,https://sites.google.com/view/thehungtd/latest-artworks/2024/premium-pack-2024,https://lh3.googleusercontent.com/sitesv/AG8ngQXmvtd-gTX-C34-US8xZZzvYdYof8mcXjSBBHA96AIvyY5F4TAREvG4xbF4ARJqb4CtTdndkcjFqlbHtGsYsQXrVLaBFbUdccpAYehGqjvf6tqo_ZkYc9ejoT6SZ6pVGSTWwSAKLzOkh4xIlWPDKi6jvisR7SITOZX6zNisJOU8wFTLvV0YzHbmk5-h=w1280,d91eb831ac6cb8cb79ca9ea06f8f792f9e1e1fb4e5d715b06132b3c0f6f96b75,1200,,True
Toy,1fbb7nm_VeSTX26MJN4osqrOEPG4fX7JN,captions/ygo4_0163.json,Monster,Toy Tank,ygo4_0163,cd135bc9a6ec3d93,1fbb7nm_VeSTX26MJN4osqrOEPG4fX7JN,new_card_first_release,,,images/ygo4_0163.png,passed_automated_decode_dimension_checks,2024-06-20,19741,1.0,exact_alias,Machine,pending_konami_verification,1024,RGB,031517b63e4eef1f36d0b3ddf18909f344752c6193e4badfa2c9a861d76b5217,1024,69925461,,,ygoprodeck_identity_fallback,https://images.ygoprodeck.com/images/cards_cropped/69925461.jpg,2026-08-31T18:26:06+00:00,selected_pending_image_and_caption_qa,624,https://lh3.googleusercontent.com/sitesv/AG8ngQWOfUI1LkCumgo-is9_0S1hgYCSFXd4UgppVqOM1KaQ4JwsFNOEtJjHqMOe4lexWL1rN5gDiA9b7p62pqFXgM0ZqKLS2pDy7suvnPWdPB_s4XCk9rvZyF2ndFg48gQgY5Cq1jlWLXnDwQXGLYaofsKg5HrJebR7Ggcw_zpK-TJRNLwyjWBfatvMjw=s0,thehungtd_full_art,Toy Tank,https://sites.google.com/view/thehungtd/latest-artworks/2024/premium-pack-2024,https://lh3.googleusercontent.com/sitesv/AG8ngQWOfUI1LkCumgo-is9_0S1hgYCSFXd4UgppVqOM1KaQ4JwsFNOEtJjHqMOe4lexWL1rN5gDiA9b7p62pqFXgM0ZqKLS2pDy7suvnPWdPB_s4XCk9rvZyF2ndFg48gQgY5Cq1jlWLXnDwQXGLYaofsKg5HrJebR7Ggcw_zpK-TJRNLwyjWBfatvMjw=w1280,92b3030d6f3885f1a821ef0117b0e78b8a780c13212e12c80a6243bbdf8d3678,624,,True
CXyz,1NUFHlNUYb4NFNlNi2BixN3uHBQ2hLE3r,captions/ygo4_0164.json,Monster,CXyz Gimmick Puppet Fanatix Machinix,ygo4_0164,2b4d64deb6a48c4e,1NUFHlNUYb4NFNlNi2BixN3uHBQ2hLE3r,new_card_first_release,,,images/ygo4_0164.png,passed_automated_decode_dimension_checks,2024-07-18,20222,1.0,exact_alias,Machine,pending_konami_verification,1024,RGB,ae49370295308b1fd71d5f2410d9c8b7cb7f2ad17606efbf0f2d0a1562acec7b,1024,3685372,,,ygoprodeck_identity_fallback,https://images.ygoprodeck.com/images/cards_cropped/3685372.jpg,2026-08-31T18:26:00+00:00,selected_pending_image_and_caption_qa,624,https://lh3.googleusercontent.com/sitesv/AG8ngQX8gfx0A3h27XswSFpO8VmEpZMrkevLS-ADvmEc_ZbYpI9od1lScr07EhA34kQSZkPLC1fa3_0Cl-LPMGeP--xr2Rs82zEyYK5GIwGUrvmDEwt42Yb18or_N-qDUJ7wwchDH9Ix9waadsGlY2bq4rEMZCk0TdB__BEbHo0C7yCUIiRIeJh5y_7QiDn5ZoY=s0,thehungtd_full_art,CXyz Gimmick Puppet Fanatix Makina,https://sites.google.com/view/thehungtd/latest-artworks/2024/infinite-forbidden,https://lh3.googleusercontent.com/sitesv/AG8ngQX8gfx0A3h27XswSFpO8VmEpZMrkevLS-ADvmEc_ZbYpI9od1lScr07EhA34kQSZkPLC1fa3_0Cl-LPMGeP--xr2Rs82zEyYK5GIwGUrvmDEwt42Yb18or_N-qDUJ7wwchDH9Ix9waadsGlY2bq4rEMZCk0TdB__BEbHo0C7yCUIiRIeJh5y_7QiDn5ZoY=w1280,9d32a94e360242008e4aab499bfa6f4dabe15e6e11a57ff07ba75c6172e32b66,624,,True
Drytron,19IDnWKR6nwyz7z5su3wXxleWwXAcUdVk,captions/ygo4_0165.json,Monster,Drytron Meteonis DA Draconids,ygo4_0165,27635bf1b9387671,19IDnWKR6nwyz7z5su3wXxleWwXAcUdVk,new_card_first_release,,,images/ygo4_0165.png,passed_automated_decode_dimension_checks,2024-07-18,20211,1.0,exact_alias,Machine,pending_konami_verification,1024,RGB,01d0fadab05cc7fbf23e3bcf18e320e4669f7c5856711a08d7c9972cd8adf1b9,1024,56863746,,,thehungtd_drive_original,https://drive.usercontent.google.com/download?id=19IDnWKR6nwyz7z5su3wXxleWwXAcUdVk&export=download&authuser=0&confirm=t,2026-08-31T18:26:00+00:00,selected_pending_image_and_caption_qa,1200,https://lh3.googleusercontent.com/sitesv/AG8ngQXXEl7r-L4csRGrVFmjyfKkxx9b1M7kSYHxOOBxAQbeETjjuIFfk8M0Uig-yw4m0mxolncyh561DVAsLWd0qdKaamxUcdRt9VKBRxiLVmQCXLZ0tbY_2WYnbxSIqMHuRTN2onENOiaQROUMePFFktONXLMlq36LjJbKJDLKBY9Q9raNfaSZ2WTV9w=s0,thehungtd_full_art,Drytron Meteonis Alpha Draconids,https://sites.google.com/view/thehungtd/latest-artworks/2024/infinite-forbidden,https://lh3.googleusercontent.com/sitesv/AG8ngQXXEl7r-L4csRGrVFmjyfKkxx9b1M7kSYHxOOBxAQbeETjjuIFfk8M0Uig-yw4m0mxolncyh561DVAsLWd0qdKaamxUcdRt9VKBRxiLVmQCXLZ0tbY_2WYnbxSIqMHuRTN2onENOiaQROUMePFFktONXLMlq36LjJbKJDLKBY9Q9raNfaSZ2WTV9w=w1280,998e259a970cf4b64d94288f3dc3a8d58eebc257795aa1d966629d8dee4200e6,1200,,True
Gimmick Puppet,1m5Dc7bJsRA9ZvdE3SLyvAHEALz4VwQf0,captions/ygo4_0166.json,Monster,Gimmick Puppet Cattle Scream,ygo4_0166,03993361c9c3494b,1m5Dc7bJsRA9ZvdE3SLyvAHEALz4VwQf0,new_card_first_release,,,images/ygo4_0166.png,passed_automated_decode_dimension_checks,2024-07-18,20188,1.0,exact_alias,Machine,pending_konami_verification,1024,RGB,36fd083311bad5032d1a6a24510a02b1e47f9418825d87af84c38fc9d4249001,1024,99229085,,,ygoprodeck_identity_fallback,https://images.ygoprodeck.com/images/cards_cropped/99229085.jpg,2026-08-31T18:26:00+00:00,selected_pending_image_and_caption_qa,624,https://lh3.googleusercontent.com/sitesv/AG8ngQWnh_4LcG5h00o8sXs2V7dPpT89kr_oRYNU8_-NhJ0mtUckYG6UU55LQtZpiOaMkNx8fY2nlaLUm1pn1KC4BQMkTMbJHu4G5b5J5c_M831HkSQtB_sC2rS3RTJ6bCZN7xbrdqK2Zn4oduJP_BpF1R4mg1RlqC2OoJ-3C9zsRpfR-tfSx1_7yzR-rvub=s0,thehungtd_full_art,Gimmick Puppet Cattle Scream,https://sites.google.com/view/thehungtd/latest-artworks/2024/infinite-forbidden,https://lh3.googleusercontent.com/sitesv/AG8ngQWnh_4LcG5h00o8sXs2V7dPpT89kr_oRYNU8_-NhJ0mtUckYG6UU55LQtZpiOaMkNx8fY2nlaLUm1pn1KC4BQMkTMbJHu4G5b5J5c_M831HkSQtB_sC2rS3RTJ6bCZN7xbrdqK2Zn4oduJP_BpF1R4mg1RlqC2OoJ-3C9zsRpfR-tfSx1_7yzR-rvub=w1280,75f0683cbaaab2f91d0f7797619062e410e8303c36722cb222f3ee8a2234a5e2,624,,True
Gimmick Puppet,1w6nLeTl9javMpUwaz-a9NwdY4fSA3tn0,captions/ygo4_0167.json,Monster,Gimmick Puppet Fantasix Machinix,ygo4_0167,9c9495854f4f4b33,1w6nLeTl9javMpUwaz-a9NwdY4fSA3tn0,new_card_first_release,,,images/ygo4_0167.png,passed_automated_decode_dimension_checks,2024-07-18,20221,1.0,exact_alias,Machine,pending_konami_verification,1024,RGB,fd872536bf90b3b7d047177ee954fefb54363cc27abd7502ecd73d14405c7ce4,1024,76290637,,,ygoprodeck_identity_fallback,https://images.ygoprodeck.com/images/cards_cropped/76290637.jpg,2026-08-31T18:26:00+00:00,selected_pending_image_and_caption_qa,624,https://lh3.googleusercontent.com/sitesv/AG8ngQVVsZKUrgElDqeoCpDiCaFHlT1oOBGVby8US7652V8jsRQSH-cd3xieJ90dXyIRQczNgv5Gw2qJ8yXMGYuN8dDGNcoumPaY-A-HClRuo2RrNp5m2OTkNVz6GRtujwr1zE1psA90V0IZYyRrwjug-ZeQbNHj4gy0cMguoIvumzqVjNw_ju2lukm2SGziZAs=s0,thehungtd_full_art,Gimmick Puppet Fantasix Makina,https://sites.google.com/view/thehungtd/latest-artworks/2024/infinite-forbidden,https://lh3.googleusercontent.com/sitesv/AG8ngQVVsZKUrgElDqeoCpDiCaFHlT1oOBGVby8US7652V8jsRQSH-cd3xieJ90dXyIRQczNgv5Gw2qJ8yXMGYuN8dDGNcoumPaY-A-HClRuo2RrNp5m2OTkNVz6GRtujwr1zE1psA90V0IZYyRrwjug-ZeQbNHj4gy0cMguoIvumzqVjNw_ju2lukm2SGziZAs=w1280,e086aec8a2829edbfe00230736ab8ecceffe0f1f0c3a26b804d52cdcb2e9322f,624,,True
Gimmick Puppet,1RC2Od5dmB0wsVV_jAs_VWZfJqbtqPfKP,captions/ygo4_0168.json,Monster,Gimmick Puppet Little Soldiers,ygo4_0168,9f2d6d3133732a29,1RC2Od5dmB0wsVV_jAs_VWZfJqbtqPfKP,new_card_first_release,,,images/ygo4_0168.png,passed_automated_decode_dimension_checks,2024-07-18,20186,1.0,exact_alias,Machine,pending_konami_verification,1024,RGB,7074ed90943c9123473891390b6239bdf17d25483d43fd1ca53187c8f4bd8459,1024,36436372,,,ygoprodeck_identity_fallback,https://images.ygoprodeck.com/images/cards_cropped/36436372.jpg,2026-08-31T18:26:00+00:00,selected_pending_image_and_caption_qa,624,https://lh3.googleusercontent.com/sitesv/AG8ngQUevkOU35mgIJmTw3rOHfiDQwG2J_SuMb74BhkQDeJ2fXAAfuUGEYaZ_VnJIqfMDqNhsH9x0ZSB2yYoLuTiIMdrs7ElVOKVjVp60qtkxR0F_sSvlQZLTesKbRkkzC86pbaqwyFGLyG8ZlZWfYu4JES6KtlxYiU3NJRn39TZG0aqZ9z3NfnnSTLjdF0SN64=s0,thehungtd_full_art,Gimmick Puppet Little Soldiers,https://sites.google.com/view/thehungtd/latest-artworks/2024/infinite-forbidden,https://lh3.googleusercontent.com/sitesv/AG8ngQUevkOU35mgIJmTw3rOHfiDQwG2J_SuMb74BhkQDeJ2fXAAfuUGEYaZ_VnJIqfMDqNhsH9x0ZSB2yYoLuTiIMdrs7ElVOKVjVp60qtkxR0F_sSvlQZLTesKbRkkzC86pbaqwyFGLyG8ZlZWfYu4JES6KtlxYiU3NJRn39TZG0aqZ9z3NfnnSTLjdF0SN64=w1280,a0a27866989714fc677c789b762cbd64f3ef94773fbe4100899c4de549d2ecb8,624,,True
Gimmick Puppet,1VAc77z2tRRp-9jx-ZOZwOhproGqO0yYW,captions/ygo4_0169.json,Monster,Gimmick Puppet Rouge Doll,ygo4_0169,6560b3b1b9fcd435,1VAc77z2tRRp-9jx-ZOZwOhproGqO0yYW,new_card_first_release,,,images/ygo4_0169.png,passed_automated_decode_dimension_checks,2024-07-18,20187,1.0,exact_alias,Machine,pending_konami_verification,1024,RGB,d67cb1a5b64a87e0b0a5c1d3c4ecdfb3712fde88c00324e4acd1643d73dc5650,1024,63825486,,,ygoprodeck_identity_fallback,https://images.ygoprodeck.com/images/cards_cropped/63825486.jpg,2026-08-31T18:26:00+00:00,selected_pending_image_and_caption_qa,624,https://lh3.googleusercontent.com/sitesv/AG8ngQV1NICTS-O_rfYe4I9PCpYBfphR846TEwExJKoTIYUJXU-9uk_nz7Dj-cwEDwTI83uRI727w5rPI_peRVAl6VmqMsWpv5Z3nKbWGLoyinuyVBtZg1Lx5ySsok__qw-YpLWyMS6hJrRBvoqkkDozUJt5xmY-l-jJuZTQnu30apltRqBroJdTK8fm4pLuAI4=s0,thehungtd_full_art,Gimmick Puppet Bloody Doll,https://sites.google.com/view/thehungtd/latest-artworks/2024/infinite-forbidden,https://lh3.googleusercontent.com/sitesv/AG8ngQV1NICTS-O_rfYe4I9PCpYBfphR846TEwExJKoTIYUJXU-9uk_nz7Dj-cwEDwTI83uRI727w5rPI_peRVAl6VmqMsWpv5Z3nKbWGLoyinuyVBtZg1Lx5ySsok__qw-YpLWyMS6hJrRBvoqkkDozUJt5xmY-l-jJuZTQnu30apltRqBroJdTK8fm4pLuAI4=w1280,e409a964ba3ceb946b2f474560e62375d9cae047fd207891166a529de9ffbae4,624,,True
,19EQ-Q5GdEYdKk0S5LLBQzXc9DJC1l_iJ,captions/ygo4_0170.json,Monster,Heosvarog the Mechanical Dawn,ygo4_0170,ce67391e1ed56f37,19EQ-Q5GdEYdKk0S5LLBQzXc9DJC1l_iJ,new_card_first_release,,,images/ygo4_0170.png,passed_automated_decode_dimension_checks,2024-07-27,20511,1.0,exact_alias,Machine,pending_konami_verification,1024,RGB,2408429090e76a7ceda4000436d9850409635bcdf2577cdd78174c37d0e06a8c,1024,8963089,,,ygoprodeck_identity_fallback,https://images.ygoprodeck.com/images/cards_cropped/8963089.jpg,2026-08-31T18:25:58+00:00,selected_pending_image_and_caption_qa,624,https://lh3.googleusercontent.com/sitesv/AG8ngQXVbk5-aiNxb98gDGZrFrDSy-R488dHQlzM6wwPgdOWCBW_0c5fZXp0xG7qZUXdpggRyBaE5QoxH5YEaKubnxhULj5MtnX6j4u-DYN_NMIt43dgcwHWgiPYKx_biHzIwcEYFszHtmZ9js03WueYMArC1STH56ZtmSAfn-pMqR4W51Kx-klRRvAg4nloxyw=s0,thehungtd_full_art,"Eosvarog, Forger of the Dawn",https://sites.google.com/view/thehungtd/latest-artworks/2024/rage-of-the-abyss,https://lh3.googleusercontent.com/sitesv/AG8ngQXVbk5-aiNxb98gDGZrFrDSy-R488dHQlzM6wwPgdOWCBW_0c5fZXp0xG7qZUXdpggRyBaE5QoxH5YEaKubnxhULj5MtnX6j4u-DYN_NMIt43dgcwHWgiPYKx_biHzIwcEYFszHtmZ9js03WueYMArC1STH56ZtmSAfn-pMqR4W51Kx-klRRvAg4nloxyw=w1280,1057ffb171583d2ea2e63fbb693eecc6653eca1060f0b16802ca7b0dca77da24,624,,True
Signature move,19UsqYW689Q_0lHUXy3qXy8f1NA5UodVB,captions/ygo4_0171.json,Monster,Metalzoa X,ygo4_0171,b7efe3343ca7939b,19UsqYW689Q_0lHUXy3qXy8f1NA5UodVB,new_card_first_release,,,images/ygo4_0171.png,passed_automated_decode_dimension_checks,2024-07-27,20482,1.0,exact_alias,Machine,pending_konami_verification,1024,RGB,3e773a447717235495cb9defc815034a1eaa947d536a1eb1d1f69a256de1f5a0,1024,27268998,,,thehungtd_drive_original,https://drive.usercontent.google.com/download?id=19UsqYW689Q_0lHUXy3qXy8f1NA5UodVB&export=download&authuser=0&confirm=t,2026-08-31T18:25:58+00:00,selected_pending_image_and_caption_qa,1200,https://lh3.googleusercontent.com/sitesv/AG8ngQWA_chBkeXlGls5bZeW2Ue1aLPRNUBynFL_bJ8g8rWX4sqtaT7xGd6uPFaz1xQQJ_L9xgWuYsKgShvFeK0rAwo1H_v6bAagMsB1AUBfbOiYgPhC_SlGAcb_5pq-jA6tr78WJiIRpCIg3-1XaElxJ96dkoSfoef1E0xSwS-ETvb0pTgg-oH_oj3CXzf_AoA=s0,thehungtd_full_art,Metalzoa X,https://sites.google.com/view/thehungtd/latest-artworks/2024/rage-of-the-abyss,https://lh3.googleusercontent.com/sitesv/AG8ngQWA_chBkeXlGls5bZeW2Ue1aLPRNUBynFL_bJ8g8rWX4sqtaT7xGd6uPFaz1xQQJ_L9xgWuYsKgShvFeK0rAwo1H_v6bAagMsB1AUBfbOiYgPhC_SlGAcb_5pq-jA6tr78WJiIRpCIg3-1XaElxJ96dkoSfoef1E0xSwS-ETvb0pTgg-oH_oj3CXzf_AoA=w1280,bf9b8c2e5c385f0aa874f3f081db0a1f2f81e1deb36dd74e4a3ecb00575ee9d5,1200,,True
Red-Eyes,1fDacuOEQDoGI6PH0euAEJA0K-muW4PLJ,captions/ygo4_0172.json,Monster,Red-Eyes Black Fullmetal Dragon,ygo4_0172,963751593364c929,1fDacuOEQDoGI6PH0euAEJA0K-muW4PLJ,new_card_first_release,,,images/ygo4_0172.png,passed_automated_decode_dimension_checks,2024-07-27,20481,1.0,exact_alias,Machine,pending_konami_verification,1024,RGB,31a8941e835731fa43677154fda7763685cac47a45fbe2966687102746e59b2b,1024,80870883,,,thehungtd_drive_original,https://drive.usercontent.google.com/download?id=1fDacuOEQDoGI6PH0euAEJA0K-muW4PLJ&export=download&authuser=0&confirm=t,2026-08-31T18:25:58+00:00,selected_pending_image_and_caption_qa,1200,https://lh3.googleusercontent.com/sitesv/AG8ngQWSAG5nIIkoby30ML_hzt1LrHnXJgKrve9Laobwe2BMnas4Jmkq_QEo7irWkfH9JFY7qM1Zm8RaJcc8bxY8ORKXjPwwvzeo2uP5H1Jwz9R7g9VgjNet3x0eVaHUFdzvrekSV-tLj6R2yOIC2w_j765v0ehs2XQ7BTbHRuYkDCuoR95-p4BptDDXNSwmn20=s0,thehungtd_full_art,Red-Eyes Black Fullmetal Dragon,https://sites.google.com/view/thehungtd/latest-artworks/2024/rage-of-the-abyss,https://lh3.googleusercontent.com/sitesv/AG8ngQWSAG5nIIkoby30ML_hzt1LrHnXJgKrve9Laobwe2BMnas4Jmkq_QEo7irWkfH9JFY7qM1Zm8RaJcc8bxY8ORKXjPwwvzeo2uP5H1Jwz9R7g9VgjNet3x0eVaHUFdzvrekSV-tLj6R2yOIC2w_j765v0ehs2XQ7BTbHRuYkDCuoR95-p4BptDDXNSwmn20=w1280,609a4f68ae80e07690ad4ffe4ca0f278a731348b79ee9792f7e66d2a1075b3e2,1200,,True
,1ehKo1MGrNyJmfQ2w_s9TsiR2d2CvsRww,captions/ygo4_0173.json,Monster,Union Pilot,ygo4_0173,4ccddbdad45cd9a7,1ehKo1MGrNyJmfQ2w_s9TsiR2d2CvsRww,new_card_first_release,,,images/ygo4_0173.png,passed_automated_decode_dimension_checks,2024-07-27,20498,1.0,exact_alias,Machine,pending_konami_verification,1024,RGB,789a2601ed4bb80f6423bedff550db34f520277b4849c72892bc1909c267713f,1024,89357740,,,thehungtd_drive_original,https://drive.usercontent.google.com/download?id=1ehKo1MGrNyJmfQ2w_s9TsiR2d2CvsRww&export=download&authuser=0&confirm=t,2026-08-31T18:25:58+00:00,selected_pending_image_and_caption_qa,1200,https://lh3.googleusercontent.com/sitesv/AG8ngQU0MYSUK-FRuVPKE8tALIdaQAKTy5ZywctwQE28ntvMVIgCeDrpNMTIU6830-KS6qaGTaQzErfhHH_qYCe1C_MrtU2hVeMQKeq8fAXypsM1Z62lfE4Hpi3yafEl7Oex2P7oip1Be8kYOKvtDZwVNmLJtLulrHO6S9FYLCO_-SO5dfU6IhOx41yUyQG_jrc=s0,thehungtd_full_art,Union Pilot,https://sites.google.com/view/thehungtd/latest-artworks/2024/rage-of-the-abyss,https://lh3.googleusercontent.com/sitesv/AG8ngQU0MYSUK-FRuVPKE8tALIdaQAKTy5ZywctwQE28ntvMVIgCeDrpNMTIU6830-KS6qaGTaQzErfhHH_qYCe1C_MrtU2hVeMQKeq8fAXypsM1Z62lfE4Hpi3yafEl7Oex2P7oip1Be8kYOKvtDZwVNmLJtLulrHO6S9FYLCO_-SO5dfU6IhOx41yUyQG_jrc=w1280,dcc0dc2e670ecb6af03b618703ae983497a94f7e7548b4bbe0a6ef584f9c6f95,1200,,True
ABC,30012506,captions/ygo4_0174.json,Monster,A-Assault Core,ygo4_0174,0c1e9e9f2b4b4b63,,new_card_first_release,,,images/ygo4_0174.png,passed_automated_decode_dimension_checks,2016-10-20,12582,1.0,api_identity_exact,Machine,pending_konami_verification,1024,RGB,41b048e0127324e60feb23cf851fdf32a02a08cb996f243d90ce98f65651c2c8,1024,30012506,,Replaced passcode 2254222: available artwork was non-square composite,ygoprodeck_cropped_art,https://images.ygoprodeck.com/images/cards_cropped/30012506.jpg,2026-08-31T18:26:10+00:00,selected_pending_image_and_caption_qa,624,https://images.ygoprodeck.com/images/cards_cropped/30012506.jpg,ygoprodeck_cropped_art,A-Assault Core,https://db.ygoprodeck.com/api/v7/cardinfo.php?misc=yes,https://images.ygoprodeck.com/images/cards_cropped/30012506.jpg,5a683653d62f76cb9f02d149c86ddc340f95cbc5e8ad573d926f25e983669706,624,,True
Crystron,16cbnXRBw1ujkZMOTMoKruzlDd0ViBfrB,captions/ygo4_0175.json,Monster,Crystron Eleskeletus,ygo4_0175,33125a4c1a8aaef0,16cbnXRBw1ujkZMOTMoKruzlDd0ViBfrB,new_card_first_release,,,images/ygo4_0175.png,passed_automated_decode_dimension_checks,2025-01-23,20778,1.0,exact_alias,Machine,pending_konami_verification,1024,RGB,3100988d4fb45236aedb85cba66919c9608005299b2e4cf07e715a9fb3803070,1024,47736165,,,thehungtd_drive_original,https://drive.usercontent.google.com/download?id=16cbnXRBw1ujkZMOTMoKruzlDd0ViBfrB&export=download&authuser=0&confirm=t,2026-08-31T18:25:56+00:00,selected_pending_image_and_caption_qa,1200,https://lh3.googleusercontent.com/sitesv/AG8ngQWHo_aoouDd7xUiSHE2cladODwmUs6Mx_RJ7y3ZDubdXiSjBda_IN7Q1c7e5DM_x_Lc7jNQXrHZrGYDQpFvU-AZhuB_QP0XOjuENIWw5WhKNemINwJtZfwMDFNSYp7mkgnqG8fy7RxArDvGejK_BY6YpZNu_Cfgo_7wW4eLzUY_stHCvInyxiwduCV49G0=s0,thehungtd_full_art,Crystron Eleskeletas,https://sites.google.com/view/thehungtd/latest-artworks/2024/supreme-darkness,https://lh3.googleusercontent.com/sitesv/AG8ngQWHo_aoouDd7xUiSHE2cladODwmUs6Mx_RJ7y3ZDubdXiSjBda_IN7Q1c7e5DM_x_Lc7jNQXrHZrGYDQpFvU-AZhuB_QP0XOjuENIWw5WhKNemINwJtZfwMDFNSYp7mkgnqG8fy7RxArDvGejK_BY6YpZNu_Cfgo_7wW4eLzUY_stHCvInyxiwduCV49G0=w1280,9e90029da9d7843dfc9d9a4c6753d32b8154d53dc0d15ba20f44b25e2978e6ce,1200,,True
Crystron,1QtdgcBYZKyaQ_5d9JN2AzcKTAhd1KqBY,captions/ygo4_0176.json,Monster,Crystron Tristaros,ygo4_0176,0e10b1c29a929737,1QtdgcBYZKyaQ_5d9JN2AzcKTAhd1KqBY,new_card_first_release,,,images/ygo4_0176.png,passed_automated_decode_dimension_checks,2025-01-23,20758,1.0,exact_alias,Machine,pending_konami_verification,1024,RGB,c0825b9b7e47941b3b8c656ef408b9391e9e4b6605b12a20c4a89092d10d2c2c,1024,99471856,,,thehungtd_drive_original,https://drive.usercontent.google.com/download?id=1QtdgcBYZKyaQ_5d9JN2AzcKTAhd1KqBY&export=download&authuser=0&confirm=t,2026-08-31T18:25:56+00:00,selected_pending_image_and_caption_qa,1200,https://lh3.googleusercontent.com/sitesv/AG8ngQXjTuK5D9GNLYCwCYDPEEqWEtkqjYXP3G0_EjarCRNrlbGiXw_8iQEDTC7Dlb9rQnkqR5-2RJvrwO-4Jjj2kwkSfGxoy-kR6AuCjmrONsn2C5-fsqXRTzkgQuRKYnRRzYjEKB8vnNBR3UYWJtAhPNW6vTGU50k23OrN0Pb6xLAt4WsWtWTLi5g_Nyd2=s0,thehungtd_full_art,Crystron Tristalos,https://sites.google.com/view/thehungtd/latest-artworks/2024/supreme-darkness,https://lh3.googleusercontent.com/sitesv/AG8ngQXjTuK5D9GNLYCwCYDPEEqWEtkqjYXP3G0_EjarCRNrlbGiXw_8iQEDTC7Dlb9rQnkqR5-2RJvrwO-4Jjj2kwkSfGxoy-kR6AuCjmrONsn2C5-fsqXRTzkgQuRKYnRRzYjEKB8vnNBR3UYWJtAhPNW6vTGU50k23OrN0Pb6xLAt4WsWtWTLi5g_Nyd2=w1280,c7f7403b18fb71a6e2056025b2af389c62f7f3893155487bfa86961aa7591b3f,1200,,True
ABC,65172015,captions/ygo4_0177.json,Monster,A-to-Z-Dragon Buster Cannon,ygo4_0177,4b593524f96ddcd7,,new_card_first_release,,,images/ygo4_0177.png,passed_automated_decode_dimension_checks,2016-10-20,12589,1.0,api_identity_exact,Machine,pending_konami_verification,1024,RGB,d2ce684c27e35d54eb80061144ed17682dc7d2f62096f30da94503490fc35896,1024,65172015,,Replaced passcode 65155517: available artwork was non-square composite,ygoprodeck_cropped_art,https://images.ygoprodeck.com/images/cards_cropped/65172015.jpg,2026-08-31T18:26:10+00:00,selected_pending_image_and_caption_qa,624,https://images.ygoprodeck.com/images/cards_cropped/65172015.jpg,ygoprodeck_cropped_art,A-to-Z-Dragon Buster Cannon,https://db.ygoprodeck.com/api/v7/cardinfo.php?misc=yes,https://images.ygoprodeck.com/images/cards_cropped/65172015.jpg,635d95803b53a92eeb8f7e9b2e4eb4aa2dd2f01d3aeff9cdd7d36163d5d3454c,624,,True
Ancient Gear,1jtaXzGwbZjM63SmICqWVSAnM2s6_8UMv,captions/ygo4_0178.json,Monster,Ancient Gear Statue,ygo4_0178,4f0e937371633316,1jtaXzGwbZjM63SmICqWVSAnM2s6_8UMv,new_card_first_release,,,images/ygo4_0178.png,passed_automated_decode_dimension_checks,2025-03-13,20401,1.0,exact_alias,Machine,pending_konami_verification,1024,RGB,b40a1420572c754fe595008b47cc2f0774b2950643c7b1e06462041e715ebe20,1024,32762201,,,ygoprodeck_identity_fallback,https://images.ygoprodeck.com/images/cards_cropped/32762201.jpg,2026-08-31T18:26:01+00:00,selected_pending_image_and_caption_qa,624,https://lh3.googleusercontent.com/sitesv/AG8ngQVlA3tIOZkVCLkM3YN7v4MU6yJOvgWNvi_y1vpOItfirWGtV9JtiaTK7svpFVuE0nX11FaBtnVBOiJxKme7wUTH1sEuT30tSrzmxkZwIgwZs_ufM8WF6N0koxMrVKq-IgM5XNze4Q_0q3KAqAnTw_eH5MtgflSo07l7dn1_WmT94p6dWjnot0RO21Or=s0,thehungtd_full_art,Ancient Gear Statue,https://sites.google.com/view/thehungtd/latest-artworks/2024/animation-chronicle-2024,https://lh3.googleusercontent.com/sitesv/AG8ngQVlA3tIOZkVCLkM3YN7v4MU6yJOvgWNvi_y1vpOItfirWGtV9JtiaTK7svpFVuE0nX11FaBtnVBOiJxKme7wUTH1sEuT30tSrzmxkZwIgwZs_ufM8WF6N0koxMrVKq-IgM5XNze4Q_0q3KAqAnTw_eH5MtgflSo07l7dn1_WmT94p6dWjnot0RO21Or=w1280,132dadfd6b7ba6a1d733db209bb442e6610b3a82d52f483fc7db06a938c83ce1,624,,True
,1Xwo2SoRCwg0-nySlSYNIGVL4QUnEC3NW,captions/ygo4_0179.json,Monster,Antidote Nurse,ygo4_0179,d35c1e169ee6c44d,1Xwo2SoRCwg0-nySlSYNIGVL4QUnEC3NW,new_card_first_release,,,images/ygo4_0179.png,passed_automated_decode_dimension_checks,2025-03-13,20404,1.0,exact_alias,Machine,pending_konami_verification,1024,RGB,f59bcdd59b28ab49fa0000a37dbd506da3a95978a95326feff2725b12399cad4,1024,31539614,,,ygoprodeck_identity_fallback,https://images.ygoprodeck.com/images/cards_cropped/31539614.jpg,2026-08-31T18:26:01+00:00,selected_pending_image_and_caption_qa,624,https://lh3.googleusercontent.com/sitesv/AG8ngQUZjoj-1D5UKJR6rQh4icMPIa_LLb-R4y4DA8VV7jxeLEmU0v7v74k5FOmwxi43KPHtwRqkuJbfApqLBZm9Djvycvvh4YU8mMAOOhDu38f5ASSfc0LT1vFWepttZ9T02c4OLuNCjgLQYIOEp0-QLiezs1YcCyqWXYjewC8_8GJEIISsho-6ae30s8TL=s0,thehungtd_full_art,Antidote Nurse,https://sites.google.com/view/thehungtd/latest-artworks/2024/animation-chronicle-2024,https://lh3.googleusercontent.com/sitesv/AG8ngQUZjoj-1D5UKJR6rQh4icMPIa_LLb-R4y4DA8VV7jxeLEmU0v7v74k5FOmwxi43KPHtwRqkuJbfApqLBZm9Djvycvvh4YU8mMAOOhDu38f5ASSfc0LT1vFWepttZ9T02c4OLuNCjgLQYIOEp0-QLiezs1YcCyqWXYjewC8_8GJEIISsho-6ae30s8TL=w1280,e65e7a979ac5c6cbd01ff358222cb94a7e6944ed17a6cabed9ffb6948c5b3e51,624,,True
Gimmick Puppet,1FmpxQ1Ehl_PZfE9fE0mSxUhpfS-L4v5y,captions/ygo4_0180.json,Monster,Gimmick Puppet Fiendish Knight,ygo4_0180,0f0e272534bb334f,1FmpxQ1Ehl_PZfE9fE0mSxUhpfS-L4v5y,new_card_first_release,,,images/ygo4_0180.png,passed_automated_decode_dimension_checks,2025-03-13,20403,1.0,exact_alias,Machine,pending_konami_verification,1024,RGB,d716da45fe2cfab6323d7cf8631ff5ef7aec413354089ffc57c6d66c3c377e51,1024,4145915,,,ygoprodeck_identity_fallback,https://images.ygoprodeck.com/images/cards_cropped/4145915.jpg,2026-08-31T18:26:01+00:00,selected_pending_image_and_caption_qa,624,https://lh3.googleusercontent.com/sitesv/AG8ngQXtVqMZVhMNZqFvPVmm-8cnAHTFGblG3DHwN_tLOwGIMfGvl1DLLq2tg47j4wF2AZC7vZ1JY9CAR1NqTByb7QwlEFNCWkY6PVI8k-9MInIA2pZgdA9KE_CZ1xO-ZWgP2pdm5thrlF8dylszFCiaCDs2e7T_fVGpB3fsG0BO6UJnFcbDVodbmpGJGRsmLUc=s0,thehungtd_full_art,Gimmick Puppet Fiendish Knight,https://sites.google.com/view/thehungtd/latest-artworks/2024/animation-chronicle-2024,https://lh3.googleusercontent.com/sitesv/AG8ngQXtVqMZVhMNZqFvPVmm-8cnAHTFGblG3DHwN_tLOwGIMfGvl1DLLq2tg47j4wF2AZC7vZ1JY9CAR1NqTByb7QwlEFNCWkY6PVI8k-9MInIA2pZgdA9KE_CZ1xO-ZWgP2pdm5thrlF8dylszFCiaCDs2e7T_fVGpB3fsG0BO6UJnFcbDVodbmpGJGRsmLUc=w1280,c993f82ea16c6bc2b4751566cbde5b3a31c4cef7206d4d97649c0b1459fd5c55,624,,True
A-to-Z,1ZKD2TaEdioITpDbj4VKSlRZGG00vlK9o,captions/ygo4_0181.json,Monster,Y-Yare Head,ygo4_0181,b7134755d0310a51,1ZKD2TaEdioITpDbj4VKSlRZGG00vlK9o,new_card_first_release,,,images/ygo4_0181.png,passed_automated_decode_dimension_checks,2025-03-13,20285,1.0,exact_alias,Machine,pending_konami_verification,1024,RGB,f008e656c16996f1e123a97117503b62944cdfb6230aa2d1e624a5f46a97df1d,1024,6355563,,,thehungtd_drive_original,https://drive.usercontent.google.com/download?id=1ZKD2TaEdioITpDbj4VKSlRZGG00vlK9o&export=download&authuser=0&confirm=t,2026-08-31T18:26:01+00:00,selected_pending_image_and_caption_qa,1200,https://lh3.googleusercontent.com/sitesv/AG8ngQV3NeGB971vH_Gg0Hx8ylKz7Ox-OLpK619xs__l5pGQ30de2IQ_mzxvSHQpqDGovBFkaO1Q3X8XhX6aViPE5AFVVWkvYKbrHwBXFBZyQa3qNQmboowPxmgVqveJy9BOGKF2FevFfUrkWdhbiugY2c_wPlyZYaAZ7DO3RJA6Uw3nkrt96Z_skvv8NykgsIY=s0,thehungtd_full_art,Y-Dragon Yearhead,https://sites.google.com/view/thehungtd/latest-artworks/2024/duelist-pack-duelists-of-brilliance,https://lh3.googleusercontent.com/sitesv/AG8ngQV3NeGB971vH_Gg0Hx8ylKz7Ox-OLpK619xs__l5pGQ30de2IQ_mzxvSHQpqDGovBFkaO1Q3X8XhX6aViPE5AFVVWkvYKbrHwBXFBZyQa3qNQmboowPxmgVqveJy9BOGKF2FevFfUrkWdhbiugY2c_wPlyZYaAZ7DO3RJA6Uw3nkrt96Z_skvv8NykgsIY=w1280,068c1ebc722bf010fdaa5be246c4a14fc240b1b2787ccf41a2cc92855ec64465,1200,,True
Aroma,1TJm5JbVWOLMU5uYZKvqFKOrR-2nvcOWk,captions/ygo4_0182.json,Monster,Aromalilith Magnolia,ygo4_0182,0f3937925a1b8cd6,1TJm5JbVWOLMU5uYZKvqFKOrR-2nvcOWk,new_card_first_release,,,images/ygo4_0182.png,passed_automated_decode_dimension_checks,2024-02-08,19494,1.0,exact_alias,Plant,pending_konami_verification,1024,RGB,e81d2e1d359ab69b2528d33bd3fe57cdaa2a8f926859f95346de2892b0967710,1024,73167098,,,ygoprodeck_identity_fallback,https://images.ygoprodeck.com/images/cards_cropped/73167098.jpg,2026-08-31T18:26:04+00:00,selected_pending_image_and_caption_qa,624,https://lh3.googleusercontent.com/sitesv/AG8ngQVf4SWtl1a5gg2lqZQaU75Cg3CF2SlNL23dUpJfrg3zSRK_BQOm4qyT9mwUsI4cyS9k8Ztuxy47v_3rM5i1FitApIBfha-WHXBjmix7k3lcUtxXzPXuhUVpy6C2cSgXTrlaH8dG_qF6b-7nvWCacMrRWLLxrzoywNZJ234r7lNgpc1t8X1-1yQVpcYI=s0,thehungtd_full_art,Aromalylith Magnolia,https://sites.google.com/view/thehungtd/latest-artworks/2024/phantom-nightmare,https://lh3.googleusercontent.com/sitesv/AG8ngQVf4SWtl1a5gg2lqZQaU75Cg3CF2SlNL23dUpJfrg3zSRK_BQOm4qyT9mwUsI4cyS9k8Ztuxy47v_3rM5i1FitApIBfha-WHXBjmix7k3lcUtxXzPXuhUVpy6C2cSgXTrlaH8dG_qF6b-7nvWCacMrRWLLxrzoywNZJ234r7lNgpc1t8X1-1yQVpcYI=w1280,479fcfd5917b7f24da43bc98698bd7e453ed957fb6e169da909a3a55eca7b51b,624,,True
Aroma,1SK7iWagxNUTbhca1pbnxaVixmLFsoiba,captions/ygo4_0183.json,Monster,Aromalilith Rosalina,ygo4_0183,b53465b172678721,1SK7iWagxNUTbhca1pbnxaVixmLFsoiba,new_card_first_release,,,images/ygo4_0183.png,passed_automated_decode_dimension_checks,2024-02-08,19477,1.0,exact_alias,Plant,pending_konami_verification,1024,RGB,47a98f61aca142d6ea3a21e45a7fab5919249aef90ec4433229c5aa3a078b4f7,1024,24689197,,,ygoprodeck_identity_fallback,https://images.ygoprodeck.com/images/cards_cropped/24689197.jpg,2026-08-31T18:26:04+00:00,selected_pending_image_and_caption_qa,624,https://lh3.googleusercontent.com/sitesv/AG8ngQVpfrXbe1M7ZwotWgiBkkJFLekElQujJd_3U5uil6FuDbZO7Zrp7nh_Xiv-pFsluF4RjrPYu1rWlXmoA2hr6J6vgODcmGYmtANCmxaYqxYGY1LmRc6m0EqkdMZW2649ua-X8u08bt1lpCPlJfcWcciUT0PNNKfjyShKC0fexrL3NXmcU1wWkVuRFKKHo8s=s0,thehungtd_full_art,Aromalylith Rosalina,https://sites.google.com/view/thehungtd/latest-artworks/2024/phantom-nightmare,https://lh3.googleusercontent.com/sitesv/AG8ngQVpfrXbe1M7ZwotWgiBkkJFLekElQujJd_3U5uil6FuDbZO7Zrp7nh_Xiv-pFsluF4RjrPYu1rWlXmoA2hr6J6vgODcmGYmtANCmxaYqxYGY1LmRc6m0EqkdMZW2649ua-X8u08bt1lpCPlJfcWcciUT0PNNKfjyShKC0fexrL3NXmcU1wWkVuRFKKHo8s=w1280,e8c909f96e91d70bce25987efe23f5d27637f1ad919af7d26247de0ae5ec4aff,624,,True
Aroma,1yzXy08u52w4VzlQYjTJaVPDsTkMH0nD7,captions/ygo4_0184.json,Monster,Aromalilith Rosemary,ygo4_0184,4dd537339345d136,1yzXy08u52w4VzlQYjTJaVPDsTkMH0nD7,new_card_first_release,,,images/ygo4_0184.png,passed_automated_decode_dimension_checks,2024-02-08,19505,1.0,exact_alias,Plant,pending_konami_verification,1024,RGB,579dc9916d2ce5992db1220085affa1d5a88582c5b6616e3d13c3dc3d11baf2f,1024,30989084,,,ygoprodeck_identity_fallback,https://images.ygoprodeck.com/images/cards_cropped/30989084.jpg,2026-08-31T18:26:04+00:00,selected_pending_image_and_caption_qa,624,https://lh3.googleusercontent.com/sitesv/AG8ngQWCB2VrOSQ0-uKDtodbAvQn3RhTUXYJYsOyvJLmCHiwyYSDlDIXRrl-bkUUDwsk-usdcqC5hNypC79LPnTDnbbP_RrHGPZ74wLG9RAwaoFtonCwhWuFIADJJKJ-YAcOQeVxfTd-TBpxF-GAj5FfHYZw4huVKutdw4Es3jg3btCErUFxyzokHmS1FdW5=s0,thehungtd_full_art,Aromalylith Rosemary,https://sites.google.com/view/thehungtd/latest-artworks/2024/phantom-nightmare,https://lh3.googleusercontent.com/sitesv/AG8ngQWCB2VrOSQ0-uKDtodbAvQn3RhTUXYJYsOyvJLmCHiwyYSDlDIXRrl-bkUUDwsk-usdcqC5hNypC79LPnTDnbbP_RrHGPZ74wLG9RAwaoFtonCwhWuFIADJJKJ-YAcOQeVxfTd-TBpxF-GAj5FfHYZw4huVKutdw4Es3jg3btCErUFxyzokHmS1FdW5=w1280,a5e2a96b18adf2be3016d5f3e3e702743c5448ebbddb3c35528c2f14b0dcd3f2,624,,True
Ragnaraika,1px-2ZNpeFVY06n589NO10ng7cLXz_qaI,captions/ygo4_0185.json,Monster,Ragnaraika Skeletal Soldier,ygo4_0185,074fdb9a3b062783,1px-2ZNpeFVY06n589NO10ng7cLXz_qaI,new_card_first_release,,,images/ygo4_0185.png,passed_automated_decode_dimension_checks,2024-04-25,19888,1.0,exact_alias,Plant,pending_konami_verification,1024,RGB,98e6b46c02a6cf6e2e940db3882f76734518afd2955417c22e98d3560c25c4f5,1024,43129357,,,ygoprodeck_identity_fallback,https://images.ygoprodeck.com/images/cards_cropped/43129357.jpg,2026-08-31T18:26:02+00:00,selected_pending_image_and_caption_qa,624,https://lh3.googleusercontent.com/sitesv/AG8ngQWEDHz1BbnRHXvorR2WNw1CBtFCQjDedBgh2dGkuu_R7iIeRfVKKKFMl-Uz_iiqLRG56SkDypmUQmyCT8cQ3o1-teH7dQQ8Nsr17W1_w7fLJ1WN9tKq1MsaSGrIu-wRA-m3ve6QIEW9vXlLENrVmGzzyoAfR4jhvLXkCbmeWeai9rpuq0vfPuczj375=s0,thehungtd_full_art,Raika no Musha Dokuro,https://sites.google.com/view/thehungtd/latest-artworks/2024/legacy-of-destruction,https://lh3.googleusercontent.com/sitesv/AG8ngQWEDHz1BbnRHXvorR2WNw1CBtFCQjDedBgh2dGkuu_R7iIeRfVKKKFMl-Uz_iiqLRG56SkDypmUQmyCT8cQ3o1-teH7dQQ8Nsr17W1_w7fLJ1WN9tKq1MsaSGrIu-wRA-m3ve6QIEW9vXlLENrVmGzzyoAfR4jhvLXkCbmeWeai9rpuq0vfPuczj375=w1280,e60a3e60a82aaf61eb1d4df58d26971f7252f55d077b5c6f4c2475242b9db1a7,624,,True
Ragnaraika,14DKPTz5LXh8x1hkreHsNkYDxCvL5nA3o,captions/ygo4_0186.json,Monster,Ragnaraika the Evil Seed,ygo4_0186,479b93c74369646d,14DKPTz5LXh8x1hkreHsNkYDxCvL5nA3o,new_card_first_release,,,images/ygo4_0186.png,passed_automated_decode_dimension_checks,2024-04-25,19854,1.0,exact_alias,Plant,pending_konami_verification,1024,RGB,bf7dd955d648e9f4c1876f2be9d84117ec781eb651be2945ad1b7274f03498f1,1024,99153051,,,ygoprodeck_identity_fallback,https://images.ygoprodeck.com/images/cards_cropped/99153051.jpg,2026-08-31T18:26:02+00:00,selected_pending_image_and_caption_qa,624,https://lh3.googleusercontent.com/sitesv/AG8ngQWqIRcGKV91OpHAbsl77FHESuaxTyTTGZW7WszvA1k94YE4poAt1qS7wpInD9WGa-MCHicRih1czN_3-klZUrwOr8CN7qLLckOgkxgtxM5B7fNrG3cdLmhoXlcjfPVVDjmfM3uAWLjrIFQy07eaoAHxo6EvuLfwMp8YoPn3fh02ntdSnkFSeF8sN1KC7tY=s0,thehungtd_full_art,Raika no Marikoube,https://sites.google.com/view/thehungtd/latest-artworks/2024/legacy-of-destruction,https://lh3.googleusercontent.com/sitesv/AG8ngQWqIRcGKV91OpHAbsl77FHESuaxTyTTGZW7WszvA1k94YE4poAt1qS7wpInD9WGa-MCHicRih1czN_3-klZUrwOr8CN7qLLckOgkxgtxM5B7fNrG3cdLmhoXlcjfPVVDjmfM3uAWLjrIFQy07eaoAHxo6EvuLfwMp8YoPn3fh02ntdSnkFSeF8sN1KC7tY=w1280,60329e61af7039fee72e0ef97254be9547928ff9e108e03034773b0c8c92cd27,624,,True
,1OekiL-SMW41kfkdt9QslxD6J7X-XzU2K,captions/ygo4_0187.json,Monster,Cosmic Tree Irmistil,ygo4_0187,474d7b19246e0647,1OekiL-SMW41kfkdt9QslxD6J7X-XzU2K,new_card_first_release,,,images/ygo4_0187.png,passed_automated_decode_dimension_checks,2024-07-18,20230,1.0,exact_alias,Plant,pending_konami_verification,1024,RGB,0cdbd307f70679e00aa6bb6a60906c4707af0ba462742a788e72151fd6f7da9e,1024,74139959,,,ygoprodeck_identity_fallback,https://images.ygoprodeck.com/images/cards_cropped/74139959.jpg,2026-08-31T18:26:00+00:00,selected_pending_image_and_caption_qa,624,https://lh3.googleusercontent.com/sitesv/AG8ngQWiNHRxdZiZixS2LYFsqRGcgHHZzDT9J1BZ9d1AUM-kbQ_MGZomhUT2fqcmDnB_RIHVMVrK2dCEDtjs_K3ydHHBKKAwQETEkQIDEXfLnLMbsE62RYdOpJa-F0i0KL4Q8RLK5ZKclAbF1DUOVLJwx2QyHryWiFxI21J6XY3-FeQYrVPDyhQiGPojxPMN=s0,thehungtd_full_art,Astral World Tree Illumistil,https://sites.google.com/view/thehungtd/latest-artworks/2024/infinite-forbidden,https://lh3.googleusercontent.com/sitesv/AG8ngQWiNHRxdZiZixS2LYFsqRGcgHHZzDT9J1BZ9d1AUM-kbQ_MGZomhUT2fqcmDnB_RIHVMVrK2dCEDtjs_K3ydHHBKKAwQETEkQIDEXfLnLMbsE62RYdOpJa-F0i0KL4Q8RLK5ZKclAbF1DUOVLJwx2QyHryWiFxI21J6XY3-FeQYrVPDyhQiGPojxPMN=w1280,2041d362175c47d47604cc6031661d571d9a60eded8efb0d45f107c37019003a,624,,True
Metalfoes,77693536,captions/ygo4_0188.json,Monster,Fullmetalfoes Alkahest,ygo4_0188,1999312d67648e8f,,new_card_first_release,,,images/ygo4_0188.png,passed_automated_decode_dimension_checks,2016-11-03,12629,1.0,api_identity_exact,Psychic,pending_konami_verification,1024,RGB,2d63387b46ccb69c18793ab027511d6320014415faba89229336c28a9235ef6f,1024,77693536,,,ygoprodeck_cropped_art,https://images.ygoprodeck.com/images/cards_cropped/77693536.jpg,2026-08-31T18:26:10+00:00,selected_pending_image_and_caption_qa,624,https://images.ygoprodeck.com/images/cards_cropped/77693536.jpg,ygoprodeck_cropped_art,Fullmetalfoes Alkahest,https://db.ygoprodeck.com/api/v7/cardinfo.php?misc=yes,https://images.ygoprodeck.com/images/cards_cropped/77693536.jpg,cd77835113570abe51d1a59dc210c05a2fff51dc06ceaf3e1fc328f3695aab79,624,,True
Metalfoes,4688231,captions/ygo4_0189.json,Monster,Metalfoes Mithrilium,ygo4_0189,b35b2bcbd949c935,,new_card_first_release,,,images/ygo4_0189.png,passed_automated_decode_dimension_checks,2016-11-03,12630,1.0,api_identity_exact,Psychic,pending_konami_verification,1024,RGB,0e51ff550137a7ffb13dcf7e70d3fa02c8fe0ed1438caff060bc41748ad84cad,1024,4688231,,,ygoprodeck_cropped_art,https://images.ygoprodeck.com/images/cards_cropped/4688231.jpg,2026-08-31T18:26:10+00:00,selected_pending_image_and_caption_qa,624,https://images.ygoprodeck.com/images/cards_cropped/4688231.jpg,ygoprodeck_cropped_art,Metalfoes Mithrilium,https://db.ygoprodeck.com/api/v7/cardinfo.php?misc=yes,https://images.ygoprodeck.com/images/cards_cropped/4688231.jpg,24715684a1d1aae7b9d9137b06d43906677a0009fa9c3bd9bfa66623afd513e5,624,,True
Ritual Beast,1Qf-2TkcF5MOKGTw0Rki17H7kJdqFWNUM,captions/ygo4_0190.json,Monster,Ritual Beast Ulti-Reirautari,ygo4_0190,b3527073b326a99a,1Qf-2TkcF5MOKGTw0Rki17H7kJdqFWNUM,new_card_first_release,,,images/ygo4_0190.png,passed_automated_decode_dimension_checks,2024-06-20,19633,1.0,exact_alias,Psychic,pending_konami_verification,1024,RGB,62ae2934cc8393d55b56cce22f3292b4fd1a86228877bb51812cb12e7b618ddc,1024,96113307,,,ygoprodeck_identity_fallback,https://images.ygoprodeck.com/images/cards_cropped/96113307.jpg,2026-08-31T18:26:06+00:00,selected_pending_image_and_caption_qa,624,https://lh3.googleusercontent.com/sitesv/AG8ngQVxJOidCHNsA4amvSPWUKbocPEWIk4tuxUCEvalN3w7YhtxTue_rcHeLaig7X-IneD13QYuqgqchS90IB3C55Ds0sP7SZzgrUqQMbsqFWp5C-qZQABASi3tVzWRt9E8NEupR5dj3-fhkZSQVnvqussiwOFqQzjQi3JJnDxj4HZb0naCBuLcDpF6kB9ugjs=s0,thehungtd_full_art,Ritual Beast Ulti-Reirautari,https://sites.google.com/view/thehungtd/latest-artworks/2024/terminal-world,https://lh3.googleusercontent.com/sitesv/AG8ngQVxJOidCHNsA4amvSPWUKbocPEWIk4tuxUCEvalN3w7YhtxTue_rcHeLaig7X-IneD13QYuqgqchS90IB3C55Ds0sP7SZzgrUqQMbsqFWp5C-qZQABASi3tVzWRt9E8NEupR5dj3-fhkZSQVnvqussiwOFqQzjQi3JJnDxj4HZb0naCBuLcDpF6kB9ugjs=w1280,80e4e686b6b7e35a9ec4f00f56449fc209357c8b15d65445bc6f8cf732975340,624,,True
Ritual Beast,1Lg110glqhDCYqgChaxI8pYMn0DGB0Au2,captions/ygo4_0191.json,Monster,Spiritual Beast Tamer Lara,ygo4_0191,1c3449e5422237b3,1Lg110glqhDCYqgChaxI8pYMn0DGB0Au2,new_card_first_release,,,images/ygo4_0191.png,passed_automated_decode_dimension_checks,2024-06-20,19631,1.0,exact_alias,Psychic,pending_konami_verification,1024,RGB,6436fd0ea36ec348458f0c13af12c58bc5da92ade0583fd31f6a311e6a2acbd9,1024,23623653,,,ygoprodeck_identity_fallback,https://images.ygoprodeck.com/images/cards_cropped/23623653.jpg,2026-08-31T18:26:06+00:00,selected_pending_image_and_caption_qa,624,https://lh3.googleusercontent.com/sitesv/AG8ngQXVvGzfcJF44The9142e7usLcVmgnNyUaBEJE9EH4oVWygV1_ToRA6Xi2dCRlkGmrJDyDIqgk7q7nONgCOkPKVFctOgUUlEp06AyxOGsyo-n6DfGauUqLVaeKL2zgv4R444IV5AUnLhBPRcnKvulQ_mcrVJ_0k6PsDzzWEecrDynjVunLkcTKE5AQ=s0,thehungtd_full_art,Spiritual Beast Tamer Lara,https://sites.google.com/view/thehungtd/latest-artworks/2024/terminal-world,https://lh3.googleusercontent.com/sitesv/AG8ngQXVvGzfcJF44The9142e7usLcVmgnNyUaBEJE9EH4oVWygV1_ToRA6Xi2dCRlkGmrJDyDIqgk7q7nONgCOkPKVFctOgUUlEp06AyxOGsyo-n6DfGauUqLVaeKL2zgv4R444IV5AUnLhBPRcnKvulQ_mcrVJ_0k6PsDzzWEecrDynjVunLkcTKE5AQ=w1280,286e002250a7393c1c266d724b7b77cb2cb0f1423b9fa135e9d4953ea361b62f,624,,True
,1IYQs0_RSYfMDn_303voEidTLRYBLLqMk,captions/ygo4_0192.json,Monster,Mind Castlin,ygo4_0192,99ecccd171dce031,1IYQs0_RSYfMDn_303voEidTLRYBLLqMk,new_card_first_release,,,images/ygo4_0192.png,passed_automated_decode_dimension_checks,2024-09-19,20436,1.0,exact_alias,Psychic,pending_konami_verification,1024,RGB,03d6bdf6c705e5a09c0d74483fd59a1e46e5c4fdc65215724a395c6541eba6a0,1024,12172567,,,thehungtd_drive_original,https://drive.usercontent.google.com/download?id=1IYQs0_RSYfMDn_303voEidTLRYBLLqMk&export=download&authuser=0&confirm=t,2026-08-31T18:25:57+00:00,selected_pending_image_and_caption_qa,1200,https://lh3.googleusercontent.com/sitesv/AG8ngQVejlNZiGWiOdsCLXiDnOOooaGfpVvRJvp2RXfJ2SonCZdaz4yiD0vOJGPOeS-ovjSJ7labCHhv1mDINRYk1V_ZjDzbwvIxsUDriHq60puYD0H1eWiHuNg6EatRrqL7aQvx_dZ8rUj5qsQ9NIxst6lFbpin0eNZqy_60bnNHBH00OHnFCQM-zQvB_sQ4io=s0,thehungtd_full_art,Mind Castlin,https://sites.google.com/view/thehungtd/latest-artworks/2024/world-premiere-pack-2024,https://lh3.googleusercontent.com/sitesv/AG8ngQVejlNZiGWiOdsCLXiDnOOooaGfpVvRJvp2RXfJ2SonCZdaz4yiD0vOJGPOeS-ovjSJ7labCHhv1mDINRYk1V_ZjDzbwvIxsUDriHq60puYD0H1eWiHuNg6EatRrqL7aQvx_dZ8rUj5qsQ9NIxst6lFbpin0eNZqy_60bnNHBH00OHnFCQM-zQvB_sQ4io=w1280,90c4760968274a8bebb1b0482a8efc99440263e64b0be944d64522428ea69f25,1200,,True
Ashened,1d_Ufk8jhItO2ZDfMnpQcE7qirEeBUyWU,captions/ygo4_0193.json,Monster,Hero of the Ashened City,ygo4_0193,17b356d320629c38,1d_Ufk8jhItO2ZDfMnpQcE7qirEeBUyWU,new_card_first_release,,,images/ygo4_0193.png,passed_automated_decode_dimension_checks,2024-02-08,19837,1.0,exact_alias,Pyro,pending_konami_verification,1024,RGB,5bcadb73d79ae68f1f1319c2d940bec6637fc3ebec1e08ebf49dfff102e742d7,1024,30676200,,,ygoprodeck_identity_fallback,https://images.ygoprodeck.com/images/cards_cropped/30676200.jpg,2026-08-31T18:26:04+00:00,selected_pending_image_and_caption_qa,624,https://lh3.googleusercontent.com/sitesv/AG8ngQUBNDwelCHuXsdQFFPUVtz7bFwTFx7VaCqDdF_xHsdXgilOjaRTCHVdGRlu5zN9afDhmjE5GgEWxJp1hbTkuAfUgX59tRCzU2RKSVY2WSWwDRN7d3kFWFkZdgpY2CTOlBroCVLm9TRMbaxtqLpdfX4tDdaq25_9_buExpX7lEQ8T4jqntDNjGPYeAD6=s0,thehungtd_full_art,Hero of the Ashened City,https://sites.google.com/view/thehungtd/latest-artworks/2024/phantom-nightmare,https://lh3.googleusercontent.com/sitesv/AG8ngQUBNDwelCHuXsdQFFPUVtz7bFwTFx7VaCqDdF_xHsdXgilOjaRTCHVdGRlu5zN9afDhmjE5GgEWxJp1hbTkuAfUgX59tRCzU2RKSVY2WSWwDRN7d3kFWFkZdgpY2CTOlBroCVLm9TRMbaxtqLpdfX4tDdaq25_9_buExpX7lEQ8T4jqntDNjGPYeAD6=w1280,27739ebb7a4a3ec6b64f968aafeb29b48f60a94c25e4acd94e71a9e410f361d8,624,,True
Ashened,1UAE1auzEW7MMWsAtlW0hLFkghzQMSWBw,captions/ygo4_0194.json,Monster,King of the Ashened City,ygo4_0194,86b645c9dd67431b,1UAE1auzEW7MMWsAtlW0hLFkghzQMSWBw,new_card_first_release,,,images/ygo4_0194.png,passed_automated_decode_dimension_checks,2024-02-08,19836,1.0,exact_alias,Pyro,pending_konami_verification,1024,RGB,e465c5aafc457765edd1b95dfa49abe8b8a3675dd1a316c57b55549c4727fcc3,1024,4271596,,,ygoprodeck_identity_fallback,https://images.ygoprodeck.com/images/cards_cropped/4271596.jpg,2026-08-31T18:26:04+00:00,selected_pending_image_and_caption_qa,624,https://lh3.googleusercontent.com/sitesv/AG8ngQVESNwytYkPYAnnW8Y-pdDDIX3zcG0eP1FLj86Qh7tvj6-tRFM_Sn8WQitoZIbX9U6AmL-36zOxZIlVMlCFKI5va_rmg1EDJDllL1MOwNyn1mr-WYhodS1hMhb2vFGthibRXQDTKe57uPeTtdNNicRzyeXsf3LzEx31-DABQR4p4EqdrEezI_vOdYsvmss=s0,thehungtd_full_art,King of the Ashened City,https://sites.google.com/view/thehungtd/latest-artworks/2024/phantom-nightmare,https://lh3.googleusercontent.com/sitesv/AG8ngQVESNwytYkPYAnnW8Y-pdDDIX3zcG0eP1FLj86Qh7tvj6-tRFM_Sn8WQitoZIbX9U6AmL-36zOxZIlVMlCFKI5va_rmg1EDJDllL1MOwNyn1mr-WYhodS1hMhb2vFGthibRXQDTKe57uPeTtdNNicRzyeXsf3LzEx31-DABQR4p4EqdrEezI_vOdYsvmss=w1280,e0cda499906b9575fe3b97d71aeaefd76b6f0384556821d8b1532d211ef44c08,624,,True
Ashened,1VhSjj8pAvvlJt0Rvg2rs5ngwagm06eIC,captions/ygo4_0195.json,Monster,King of the Ashened City,ygo4_0195,86b645c9dd67431b,1VhSjj8pAvvlJt0Rvg2rs5ngwagm06eIC,new_card_first_release,,,images/ygo4_0195.png,passed_automated_decode_dimension_checks,2024-02-08,19836,1.0,exact_alias,Pyro,pending_konami_verification,1024,RGB,6ada1b84a4b9570d146d0d2c3370c2ae10aa095f0a62483704377a037a889615,1024,4271596,,,thehungtd_drive_original,https://drive.usercontent.google.com/download?id=1VhSjj8pAvvlJt0Rvg2rs5ngwagm06eIC&export=download&authuser=0&confirm=t,2026-08-31T18:25:57+00:00,selected_pending_image_and_caption_qa,1200,https://lh3.googleusercontent.com/sitesv/AG8ngQVWtmLQdk-_HmkqU7XVWQ5gmCAug4rtETCx5iaoMy6KTnlTALEotipN6J8IQaD8_ZhalJqbtiGyd_C9QzfRILkc__3LgQqYevhUWIXWVGBQuGBHfXIgI-7ebwoU0182cZP4PLhAEM2nvGRsLy2hUPK9AiQ0SXy14-0Ernml-3DdeP-3GfUwL4ITYxxdV0U=s0,thehungtd_full_art,King of the Ashened City,https://sites.google.com/view/thehungtd/latest-artworks/2024/world-premiere-pack-2024,https://lh3.googleusercontent.com/sitesv/AG8ngQVWtmLQdk-_HmkqU7XVWQ5gmCAug4rtETCx5iaoMy6KTnlTALEotipN6J8IQaD8_ZhalJqbtiGyd_C9QzfRILkc__3LgQqYevhUWIXWVGBQuGBHfXIgI-7ebwoU0182cZP4PLhAEM2nvGRsLy2hUPK9AiQ0SXy14-0Ernml-3DdeP-3GfUwL4ITYxxdV0U=w1280,df351e06e97dbb58091fd999ae44ce068d83713d1c2fcc09770b421318b6d868,1200,,True
Ashened,1KC6Btu8AZprYhwMN4cNynNEiHXkU_nLI,captions/ygo4_0196.json,Monster,Priestess of the Ashened City,ygo4_0196,0f5767cf256dca8e,1KC6Btu8AZprYhwMN4cNynNEiHXkU_nLI,new_card_first_release,,,images/ygo4_0196.png,passed_automated_decode_dimension_checks,2024-02-08,19838,1.0,exact_alias,Pyro,pending_konami_verification,1024,RGB,374bc780eec966240b67afe6d8886dfd54ca7a9b3d625636884267df548516a8,1024,67660909,,,ygoprodeck_identity_fallback,https://images.ygoprodeck.com/images/cards_cropped/67660909.jpg,2026-08-31T18:26:04+00:00,selected_pending_image_and_caption_qa,624,https://lh3.googleusercontent.com/sitesv/AG8ngQW3SKkkK5I5-Xk_Y9ObDnca4uktEQX3290PLqo5Y-UlYzzE_gmNZ1dhKgP8D3p8r5cjNore9a9VaaTxKHN3f8lA8KLh9hEmgpc3zCXksVFqNCRR__fc2BhFjOLSSmGx7DlRA3yaIeTuDLlLF0eLTBdWvVAIFUBNltWGjz5yrKL4O3EnE1PXYzhWsOisQQE=s0,thehungtd_full_art,Priestess of the Ashened City,https://sites.google.com/view/thehungtd/latest-artworks/2024/phantom-nightmare,https://lh3.googleusercontent.com/sitesv/AG8ngQW3SKkkK5I5-Xk_Y9ObDnca4uktEQX3290PLqo5Y-UlYzzE_gmNZ1dhKgP8D3p8r5cjNore9a9VaaTxKHN3f8lA8KLh9hEmgpc3zCXksVFqNCRR__fc2BhFjOLSSmGx7DlRA3yaIeTuDLlLF0eLTBdWvVAIFUBNltWGjz5yrKL4O3EnE1PXYzhWsOisQQE=w1280,0f6a03203a4d9993db5f23904396fb5f967564daacf751c6177c370cc3b5639c,624,,True
Ashened,1fTnp1ugLReZeD6PoE7Z-_IuHwIRdFStp,captions/ygo4_0197.json,Monster,Priestess of the Ashened City,ygo4_0197,0f5767cf256dca8e,1fTnp1ugLReZeD6PoE7Z-_IuHwIRdFStp,new_card_first_release,,,images/ygo4_0197.png,passed_automated_decode_dimension_checks,2024-02-08,19838,1.0,exact_alias,Pyro,pending_konami_verification,1024,RGB,653000b2e45cc07e40942ade630441d5b9b5e0fce88369e7d7122d49c5b1141b,1024,67660909,,,thehungtd_drive_original,https://drive.usercontent.google.com/download?id=1fTnp1ugLReZeD6PoE7Z-_IuHwIRdFStp&export=download&authuser=0&confirm=t,2026-08-31T18:25:57+00:00,selected_pending_image_and_caption_qa,1200,https://lh3.googleusercontent.com/sitesv/AG8ngQVseTayAdcmG3WoTZgx32AQMX2oYeHMdTUCujE2ZO_VhV1rubBCZEtaqwDVDSqn54gscdPAzQdtkKSvK0gVBMFr-nUO_FAuKPw1CLpxtgEmUwEN71dHb_jmwpJBPco8zdpjMRMZoJ7n7XH1dKHSovUhvPXRf3hIkmOVcFoOobZ7FEw8J8TXyavDD5ze=s0,thehungtd_full_art,Priestess of the Ashened City,https://sites.google.com/view/thehungtd/latest-artworks/2024/world-premiere-pack-2024,https://lh3.googleusercontent.com/sitesv/AG8ngQVseTayAdcmG3WoTZgx32AQMX2oYeHMdTUCujE2ZO_VhV1rubBCZEtaqwDVDSqn54gscdPAzQdtkKSvK0gVBMFr-nUO_FAuKPw1CLpxtgEmUwEN71dHb_jmwpJBPco8zdpjMRMZoJ7n7XH1dKHSovUhvPXRf3hIkmOVcFoOobZ7FEw8J8TXyavDD5ze=w1280,52612ca0ff7032babf2de384163a4e8895139fcced8344443817927902018410,1200,,True
Snake-Eye,15t7HRbBAfKuES26eIjWI4FXR3jKL7NfV,captions/ygo4_0198.json,Monster,Snake-Eyes Poplar,ygo4_0198,899565623d3f369e,15t7HRbBAfKuES26eIjWI4FXR3jKL7NfV,new_card_first_release,,,images/ygo4_0198.png,passed_automated_decode_dimension_checks,2024-02-08,19467,1.0,exact_alias,Pyro,pending_konami_verification,1024,RGB,1197933a3f3970adbb57f059c5c75fad3674ba74ef41ed450525e5b78d67fda7,1024,90241276,,,ygoprodeck_identity_fallback,https://images.ygoprodeck.com/images/cards_cropped/90241276.jpg,2026-08-31T18:26:04+00:00,selected_pending_image_and_caption_qa,624,https://lh3.googleusercontent.com/sitesv/AG8ngQV9CLKrbwkVsWSIYh-3tgePgItC4j5eEua6rxesCnb2-dQasOPb0ZUHNlmMmpWiJXom_jynXpNPiBjkSXWf7vowfn4wP9qA3GaQB5VZNYHDVACDPafVibUL-QwNMVo0RR3uFODUvd7ypJLwTINoDAFrxzgigUynmjHuReLqalQvdOlHpwfPN5plAI7m=s0,thehungtd_full_art,Snake-Eyes Populus,https://sites.google.com/view/thehungtd/latest-artworks/2024/phantom-nightmare,https://lh3.googleusercontent.com/sitesv/AG8ngQV9CLKrbwkVsWSIYh-3tgePgItC4j5eEua6rxesCnb2-dQasOPb0ZUHNlmMmpWiJXom_jynXpNPiBjkSXWf7vowfn4wP9qA3GaQB5VZNYHDVACDPafVibUL-QwNMVo0RR3uFODUvd7ypJLwTINoDAFrxzgigUynmjHuReLqalQvdOlHpwfPN5plAI7m=w1280,0772563298ceaac6dfaf555ea7f78460e988322b135bd2f8855fc39639445976,624,,True
,1FzSdQfufU4m2K_NTlfUsR6rwihl_xD-7,captions/ygo4_0199.json,Monster,Veidos the Eruption Dragon of Extinction,ygo4_0199,349852a6a4258de6,1FzSdQfufU4m2K_NTlfUsR6rwihl_xD-7,new_card_first_release,,,images/ygo4_0199.png,passed_automated_decode_dimension_checks,2024-02-08,19835,1.0,exact_alias,Pyro,pending_konami_verification,1024,RGB,f8dd0d56dce32acdefd7a6f9a6f9fa345e4f9ef0203cbe3963a8e5c2d319b5ea,1024,78783557,,,ygoprodeck_identity_fallback,https://images.ygoprodeck.com/images/cards_cropped/78783557.jpg,2026-08-31T18:26:04+00:00,selected_pending_image_and_caption_qa,624,https://lh3.googleusercontent.com/sitesv/AG8ngQU-4gtmh_wQj-wBGjKxw-d2GgAdswgGQyrQP7__OJ-1_d20HSLur8w1AS-EWbD2vH1im-3RmrRRYSphPxhI3ocbOSirkucaRtB-UOdRgLIoH3OlsomtEAlVTdQ1E7DOrj2fX1CvsDaSekEvZB2TY8Szz74kWMv9nnaQ2NFjQsFCOxf8OrWbrwwM321J=s0,thehungtd_full_art,Veidos the Eruption Dragon of Extinction,https://sites.google.com/view/thehungtd/latest-artworks/2024/phantom-nightmare,https://lh3.googleusercontent.com/sitesv/AG8ngQU-4gtmh_wQj-wBGjKxw-d2GgAdswgGQyrQP7__OJ-1_d20HSLur8w1AS-EWbD2vH1im-3RmrRRYSphPxhI3ocbOSirkucaRtB-UOdRgLIoH3OlsomtEAlVTdQ1E7DOrj2fX1CvsDaSekEvZB2TY8Szz74kWMv9nnaQ2NFjQsFCOxf8OrWbrwwM321J=w1280,abb959b6162bb9ac58e76c52a6d541b9170012a906d9a304793f271cfea4efcf,624,,True
,1OI4ham1HHg3POpZBgna_ELK-pbV_80Ix,captions/ygo4_0200.json,Monster,Veidos the Eruption Dragon of Extinction,ygo4_0200,349852a6a42589e6,1OI4ham1HHg3POpZBgna_ELK-pbV_80Ix,new_card_first_release,,,images/ygo4_0200.png,passed_automated_decode_dimension_checks,2024-02-08,19835,1.0,exact_alias,Pyro,pending_konami_verification,1024,RGB,dc1d0e8ab7c355763118ece88f35b12f56925e03e300df5ae99e84b121bb96e2,1024,78783557,,,thehungtd_drive_original,https://drive.usercontent.google.com/download?id=1OI4ham1HHg3POpZBgna_ELK-pbV_80Ix&export=download&authuser=0&confirm=t,2026-08-31T18:25:57+00:00,selected_pending_image_and_caption_qa,1200,https://lh3.googleusercontent.com/sitesv/AG8ngQUhWbSH_TKFBIKhcZezkO2-GP3AxUtSShSPVnjdiwl42_G7W0_7HZOZeqNDSbxWZDJWuZ-p-irJi6teZCYaO642yIcF2DjstiTHUDPWarMPi1sXrAtnrIZm3nP_u8HmhODQfgCfLwfSGkCmZzVM7yW2hB8xKbGQouC94QUY2iifrnm7ANRzMkT7XuNe=s0,thehungtd_full_art,Veidos the Eruption Dragon of Extinction,https://sites.google.com/view/thehungtd/latest-artworks/2024/world-premiere-pack-2024,https://lh3.googleusercontent.com/sitesv/AG8ngQUhWbSH_TKFBIKhcZezkO2-GP3AxUtSShSPVnjdiwl42_G7W0_7HZOZeqNDSbxWZDJWuZ-p-irJi6teZCYaO642yIcF2DjstiTHUDPWarMPi1sXrAtnrIZm3nP_u8HmhODQfgCfLwfSGkCmZzVM7yW2hB8xKbGQouC94QUY2iifrnm7ANRzMkT7XuNe=w1280,d767f56351059a5801aa50767e77c2b099a3cdfbfdca148f3461dfce970c498b,1200,,True
,1rBPNTTJVbqU-tlIFfcDtkry0y8GG4E4Z,captions/ygo4_0201.json,Monster,Cooling Embers,ygo4_0201,a9a82868f8e86913,1rBPNTTJVbqU-tlIFfcDtkry0y8GG4E4Z,new_card_first_release,,,images/ygo4_0201.png,passed_automated_decode_dimension_checks,2024-04-25,19874,1.0,exact_alias,Pyro,pending_konami_verification,1024,RGB,6e38f89711b3d4e60f43a91059d7f3a61a13c6494b7b2857282497e0d9351795,1024,83819309,,,thehungtd_drive_original,https://drive.usercontent.google.com/download?id=1rBPNTTJVbqU-tlIFfcDtkry0y8GG4E4Z&export=download&authuser=0&confirm=t,2026-08-31T18:26:02+00:00,selected_pending_image_and_caption_qa,1200,https://lh3.googleusercontent.com/sitesv/AG8ngQUT0L_H-kwHZ5cp0MjQLz_20alzh77BtINvXswZBQH7xbLEd-23pGTnScceB7W3iHIfwTYSWZSuvHbGX3DPKffaIEW4ihju3UWSv6TqPsZYOfgAWhLlAyqbDCltMFCYRsYSzjcnwHJKC4a2xRJjqZ91CjFWOh1AL3kwM2S_SE-lunnCtbwhtMCNnVLRMnU=s0,thehungtd_full_art,Freezing Fire,https://sites.google.com/view/thehungtd/latest-artworks/2024/legacy-of-destruction,https://lh3.googleusercontent.com/sitesv/AG8ngQUT0L_H-kwHZ5cp0MjQLz_20alzh77BtINvXswZBQH7xbLEd-23pGTnScceB7W3iHIfwTYSWZSuvHbGX3DPKffaIEW4ihju3UWSv6TqPsZYOfgAWhLlAyqbDCltMFCYRsYSzjcnwHJKC4a2xRJjqZ91CjFWOh1AL3kwM2S_SE-lunnCtbwhtMCNnVLRMnU=w1280,7a19303e40586d85a9d38c9921828367d32d9b2156b57d15ac1fcec72a9d63c0,1200,,True
Ashened,105iwkAjbAFaUziFZNnZP4UWi8GjojgNs,captions/ygo4_0202.json,Monster,Embers of the Ashened,ygo4_0202,240457c54552cc8d,105iwkAjbAFaUziFZNnZP4UWi8GjojgNs,new_card_first_release,,,images/ygo4_0202.png,passed_automated_decode_dimension_checks,2024-04-25,20069,1.0,exact_alias,Pyro,pending_konami_verification,1024,RGB,febe7cfb901821da9e8553718155c4772426d7ea0499016bbe8edcddc89f0622,1024,35035985,,,thehungtd_drive_original,https://drive.usercontent.google.com/download?id=105iwkAjbAFaUziFZNnZP4UWi8GjojgNs&export=download&authuser=0&confirm=t,2026-08-31T18:25:57+00:00,selected_pending_image_and_caption_qa,1200,https://lh3.googleusercontent.com/sitesv/AG8ngQXMES-BEuc77uRg6dEbkS_QHnXKU8NUqCHCzSSZl4o5fn61hbYV3lYOhgwU5l0AXrsCPuQMFzWAXmW9un5mF7YTroso1GTa1al_GLORFonAEVVpwVWpGLe_EVIWWNvQ5vHWCHg_zFSL6Hjd80XdhhWOi2fvtIjdUhjuDL7zR_XkOVLt4ot_Cqx6Gmq6hoY=s0,thehungtd_full_art,Embers of the Ashened,https://sites.google.com/view/thehungtd/latest-artworks/2024/world-premiere-pack-2024,https://lh3.googleusercontent.com/sitesv/AG8ngQXMES-BEuc77uRg6dEbkS_QHnXKU8NUqCHCzSSZl4o5fn61hbYV3lYOhgwU5l0AXrsCPuQMFzWAXmW9un5mF7YTroso1GTa1al_GLORFonAEVVpwVWpGLe_EVIWWNvQ5vHWCHg_zFSL6Hjd80XdhhWOi2fvtIjdUhjuDL7zR_XkOVLt4ot_Cqx6Gmq6hoY=w1280,61c8ed93d17f5e2563be7a82925a8b46d72ee2bdc4817248c34af3296d7fb874,1200,,True
Ashened,1QFAbetPwZpNwrWvQXJPdQi9-uU4Mxgd0,captions/ygo4_0203.json,Monster,Embers of the Ashened,ygo4_0203,240457c54552cc8d,1QFAbetPwZpNwrWvQXJPdQi9-uU4Mxgd0,new_card_first_release,,,images/ygo4_0203.png,passed_automated_decode_dimension_checks,2024-04-25,20069,1.0,exact_alias,Pyro,pending_konami_verification,1024,RGB,06f801fa98f02499e37f9b224bee6160a4b612587b65f9f1b7e2d16959fc73d5,1024,35035985,,,ygoprodeck_identity_fallback,https://images.ygoprodeck.com/images/cards_cropped/35035985.jpg,2026-08-31T18:26:02+00:00,selected_pending_image_and_caption_qa,624,https://lh3.googleusercontent.com/sitesv/AG8ngQU-sQQXL4s_O86rFyAMlwfqhvY1EYdXJWTdeHeV0LQ1Pdh-fIxsEyCewF75UnOyAXPZu_yN7lTTwlxS1_tsJbpd8cYQSSxm5MgeAtTvyDyXDwiZPOXfWKozPEGscxkBnhYtOThWMazL8eVJpPXBVe6Vk0GO2sca75zJXkI6mH75iZr5kBvl1JkYN8xgcpM=s0,thehungtd_full_art,Embers of the Ashened,https://sites.google.com/view/thehungtd/latest-artworks/2024/legacy-of-destruction,https://lh3.googleusercontent.com/sitesv/AG8ngQU-sQQXL4s_O86rFyAMlwfqhvY1EYdXJWTdeHeV0LQ1Pdh-fIxsEyCewF75UnOyAXPZu_yN7lTTwlxS1_tsJbpd8cYQSSxm5MgeAtTvyDyXDwiZPOXfWKozPEGscxkBnhYtOThWMazL8eVJpPXBVe6Vk0GO2sca75zJXkI6mH75iZr5kBvl1JkYN8xgcpM=w1280,e54d0211fcdc5d72925869deadd00df1c50a97f8ba5863562825ff3943bdb4ed,624,,True
Ashened,1q7d4NmnC_2rWVGU31jMd4Iox6bMtfDYt,captions/ygo4_0204.json,Monster,Shaman of the Ashened City,ygo4_0204,4b493b3969275b0d,1q7d4NmnC_2rWVGU31jMd4Iox6bMtfDYt,new_card_first_release,,,images/ygo4_0204.png,passed_automated_decode_dimension_checks,2024-04-25,20066,1.0,exact_alias,Pyro,pending_konami_verification,1024,RGB,13afe00b7bc5e56d0b65119691f011347f72652b4357640f11b662fd0d553d43,1024,35151572,,,ygoprodeck_identity_fallback,https://images.ygoprodeck.com/images/cards_cropped/35151572.jpg,2026-08-31T18:26:02+00:00,selected_pending_image_and_caption_qa,624,https://lh3.googleusercontent.com/sitesv/AG8ngQVXuiwWF_x4fCzUH4KrbtVNdvWPpoBPTBQKUnp-aFA-51m3IbEGmWkUpmZMmzZtYEA2JPtqTR5nGZIzmUhtmOfM_-lNNZwB2NWksVA7hW2c22H5XT1w9AmUn8M_0w-du8jBxLzZhAnAQkeRgfB9smZ15X8Md4vu8EC7DuECRRxZN5lYqd6KgDChv-4z=s0,thehungtd_full_art,Shaman of the Ashened City,https://sites.google.com/view/thehungtd/latest-artworks/2024/legacy-of-destruction,https://lh3.googleusercontent.com/sitesv/AG8ngQVXuiwWF_x4fCzUH4KrbtVNdvWPpoBPTBQKUnp-aFA-51m3IbEGmWkUpmZMmzZtYEA2JPtqTR5nGZIzmUhtmOfM_-lNNZwB2NWksVA7hW2c22H5XT1w9AmUn8M_0w-du8jBxLzZhAnAQkeRgfB9smZ15X8Md4vu8EC7DuECRRxZN5lYqd6KgDChv-4z=w1280,c55611d86ec6f693e22f3d8f7a81068091e26bd7d161c450d92e49f84eb2f185,624,,True
Ashened,1uaouUV6Tr5fVDlwKxyIjw3zzp0m75kX3,captions/ygo4_0205.json,Monster,Shaman of the Ashened City,ygo4_0205,4b493b3969275b0d,1uaouUV6Tr5fVDlwKxyIjw3zzp0m75kX3,new_card_first_release,,,images/ygo4_0205.png,passed_automated_decode_dimension_checks,2024-04-25,20066,1.0,exact_alias,Pyro,pending_konami_verification,1024,RGB,1377af4fcb7c49dcd35146c418981d83b2ed8e753ed2e0f3564883b260fc7056,1024,35151572,,,thehungtd_drive_original,https://drive.usercontent.google.com/download?id=1uaouUV6Tr5fVDlwKxyIjw3zzp0m75kX3&export=download&authuser=0&confirm=t,2026-08-31T18:25:57+00:00,selected_pending_image_and_caption_qa,1200,https://lh3.googleusercontent.com/sitesv/AG8ngQUN4gSNz1VOFQvnezgJxOPATiwXORI5gC_HDnR_xPs5d4DdRBRZY0umIKRt1dJKtekTt8B64REI3r_B4m6ZH-iv5Rpb20k8gWijsPDX2F1yESjgkkRB-dCZXAj9B3zYwZyDj3oHVuLxqT-55HHNi4JWpyV29OHx7dMCLhrxTr8ruAENiEDubq278rZitT8=s0,thehungtd_full_art,Shaman of the Ashened City,https://sites.google.com/view/thehungtd/latest-artworks/2024/world-premiere-pack-2024,https://lh3.googleusercontent.com/sitesv/AG8ngQUN4gSNz1VOFQvnezgJxOPATiwXORI5gC_HDnR_xPs5d4DdRBRZY0umIKRt1dJKtekTt8B64REI3r_B4m6ZH-iv5Rpb20k8gWijsPDX2F1yESjgkkRB-dCZXAj9B3zYwZyDj3oHVuLxqT-55HHNi4JWpyV29OHx7dMCLhrxTr8ruAENiEDubq278rZitT8=w1280,523c4cc1028d02927e7c988cb5cb48a3bbe028b2d490ce9c21c4f1cf44ec7d19,1200,,True
Ashened,19Zudac3x2BcRXWx6hGHDii66kSOENK26,captions/ygo4_0206.json,Monster,Spearhead of the Ashened City,ygo4_0206,9e1d8cccc55d1737,19Zudac3x2BcRXWx6hGHDii66kSOENK26,new_card_first_release,,,images/ygo4_0206.png,passed_automated_decode_dimension_checks,2024-04-25,20067,1.0,exact_alias,Pyro,pending_konami_verification,1024,RGB,067d072f985db5317bff934b064148df2b4ebe4debab50318d293dbd667523d3,1024,62156277,,,thehungtd_drive_original,https://drive.usercontent.google.com/download?id=19Zudac3x2BcRXWx6hGHDii66kSOENK26&export=download&authuser=0&confirm=t,2026-08-31T18:26:02+00:00,selected_pending_image_and_caption_qa,1200,https://lh3.googleusercontent.com/sitesv/AG8ngQUw5F-GFgkeI_rUFl8c7JlPvi4uBYvtSwueRyjCZ00_urRAQ4DXW-065R7QlsX333qPW0DCrXIn5M22T73-lLykDTDchPft_ePtypPvJfzFOEJowXTGseVvkZoMAax9QSMoVyRSrrAn3AZ_yl5K_5SmGf6Ppm81wX1ICDUk31Y1vJNNFvwssqsZZe_o4bU=s0,thehungtd_full_art,Spearhead of the Ashened City,https://sites.google.com/view/thehungtd/latest-artworks/2024/legacy-of-destruction,https://lh3.googleusercontent.com/sitesv/AG8ngQUw5F-GFgkeI_rUFl8c7JlPvi4uBYvtSwueRyjCZ00_urRAQ4DXW-065R7QlsX333qPW0DCrXIn5M22T73-lLykDTDchPft_ePtypPvJfzFOEJowXTGseVvkZoMAax9QSMoVyRSrrAn3AZ_yl5K_5SmGf6Ppm81wX1ICDUk31Y1vJNNFvwssqsZZe_o4bU=w1280,78a251709a3894447535495dbf8c18bd3753387656f26cb4e418c4db1c687a48,1200,,True
,1YBsVTjMXsuD2jq_O4opj5rKjQ4S92wDZ,captions/ygo4_0207.json,Monster,Veidos the Dragon of Endless Darkness,ygo4_0207,d5d59b593169495b,1YBsVTjMXsuD2jq_O4opj5rKjQ4S92wDZ,new_card_first_release,,,images/ygo4_0207.png,passed_automated_decode_dimension_checks,2024-04-25,20068,1.0,exact_alias,Pyro,pending_konami_verification,1024,RGB,9ebf28a8c462f4816dea5e2e6841ed7eaf190a52f32642ca8f22d94676d9dea3,1024,8540986,,,ygoprodeck_identity_fallback,https://images.ygoprodeck.com/images/cards_cropped/8540986.jpg,2026-08-31T18:26:02+00:00,selected_pending_image_and_caption_qa,624,https://lh3.googleusercontent.com/sitesv/AG8ngQXQZ3VHYbFu1QTfBwDPqbb_0G1y0nuujDVg2hhAkblmEN4F2a100sI9JgA99PlO3zE9CZUCZEvyZizKZchns4U1c09PDTnqPSSuekANJmzCpXFMSkytm9WBLWqjrCxUrmS9eK3ZeQ8FIamNSahIfWeonZPuoxFNdkDPiiDlDggVQSw6I1G_u_v1oxAFbus=s0,thehungtd_full_art,Veidos the Dragon of Endless Darkness,https://sites.google.com/view/thehungtd/latest-artworks/2024/legacy-of-destruction,https://lh3.googleusercontent.com/sitesv/AG8ngQXQZ3VHYbFu1QTfBwDPqbb_0G1y0nuujDVg2hhAkblmEN4F2a100sI9JgA99PlO3zE9CZUCZEvyZizKZchns4U1c09PDTnqPSSuekANJmzCpXFMSkytm9WBLWqjrCxUrmS9eK3ZeQ8FIamNSahIfWeonZPuoxFNdkDPiiDlDggVQSw6I1G_u_v1oxAFbus=w1280,d41e4f321f98373f12112cabb897e0d6588ad84d064015a688116a7b4e573c18,624,,True
,1m7bT_6bCzetbP3bUx2oVMeUe9MQXWbvA,captions/ygo4_0208.json,Monster,Veidos the Dragon of Endless Darkness,ygo4_0208,d5d51b593169495b,1m7bT_6bCzetbP3bUx2oVMeUe9MQXWbvA,new_card_first_release,,,images/ygo4_0208.png,passed_automated_decode_dimension_checks,2024-04-25,20068,1.0,exact_alias,Pyro,pending_konami_verification,1024,RGB,d5fbb535f15480d4e49ebd5a673b0f3200c765c38d7a3f8e8a155535f832ff68,1024,8540986,,,thehungtd_drive_original,https://drive.usercontent.google.com/download?id=1m7bT_6bCzetbP3bUx2oVMeUe9MQXWbvA&export=download&authuser=0&confirm=t,2026-08-31T18:25:57+00:00,selected_pending_image_and_caption_qa,1200,https://lh3.googleusercontent.com/sitesv/AG8ngQWDohZvMX_kFbUpgACklQwtaN_akw2ngZ2zfWhOAP5iq-hYTvBNY94WYmMGPBAbZC-_wb3KeH6A4GiJ3TxmNFE7pMsZRDIbNKq5vOhQMMnoegUZKpzbPhjEVpxJz_2oeNWI7IecTZY8n1k8jaHPaUuIi2Jqmwd163BVqkcoasJxOF0O3Nz6kXtNIr2mshY=s0,thehungtd_full_art,Veidos the Dragon of Endless Darkness,https://sites.google.com/view/thehungtd/latest-artworks/2024/world-premiere-pack-2024,https://lh3.googleusercontent.com/sitesv/AG8ngQWDohZvMX_kFbUpgACklQwtaN_akw2ngZ2zfWhOAP5iq-hYTvBNY94WYmMGPBAbZC-_wb3KeH6A4GiJ3TxmNFE7pMsZRDIbNKq5vOhQMMnoegUZKpzbPhjEVpxJz_2oeNWI7IecTZY8n1k8jaHPaUuIi2Jqmwd163BVqkcoasJxOF0O3Nz6kXtNIr2mshY=w1280,71294c77e9b28fb21c73ff792415df3bb06d0c69d5ee549e06cbd4cfdb2b2500,1200,,True
Centur-Ion,1zk9cRSYa7BxRhCGM1QBKbVHnyt7euKMC,captions/ygo4_0209.json,Monster,Centur-Ion Chimerea,ygo4_0209,0f396973636367ba,1zk9cRSYa7BxRhCGM1QBKbVHnyt7euKMC,new_card_first_release,,,images/ygo4_0209.png,passed_automated_decode_dimension_checks,2024-07-27,20492,1.0,exact_alias,Pyro,pending_konami_verification,1024,RGB,73c4536fc23c71325fd8a3e979698528b4d6a0636328985074d12a4e80ead249,1024,81696879,,,ygoprodeck_identity_fallback,https://images.ygoprodeck.com/images/cards_cropped/81696879.jpg,2026-08-31T18:25:58+00:00,selected_pending_image_and_caption_qa,624,https://lh3.googleusercontent.com/sitesv/AG8ngQVyaXRmL466Jj_u4o60YjYyfDV7Kp0d7i_KpWpoGF_Iqa49g6BVE-7XHRr4CNYHtFzthoI0nfbPcqVG6EBac0owjXBoKhQ731MsqML948g3g17H-hbzLCS8UlOxczPXlpqfGwiNxetSsabvZhPUOKmNcLCGMC3fAojXXQxnz86no-9zK3wM2IvPASid7zk=s0,thehungtd_full_art,Centur-Ion Cimelia,https://sites.google.com/view/thehungtd/latest-artworks/2024/rage-of-the-abyss,https://lh3.googleusercontent.com/sitesv/AG8ngQVyaXRmL466Jj_u4o60YjYyfDV7Kp0d7i_KpWpoGF_Iqa49g6BVE-7XHRr4CNYHtFzthoI0nfbPcqVG6EBac0owjXBoKhQ731MsqML948g3g17H-hbzLCS8UlOxczPXlpqfGwiNxetSsabvZhPUOKmNcLCGMC3fAojXXQxnz86no-9zK3wM2IvPASid7zk=w1280,06adab69f9feac36178b1cb170762c5b304122095ed3e821f7b079f794050fce,624,,True
Anotherverse,1uoVZUrkO11xUuN8U5XlG_ibthqUmxMFQ,captions/ygo4_0210.json,Monster,Anotherverse Solaria,ygo4_0210,8d1cb2c45e5b92d1,1uoVZUrkO11xUuN8U5XlG_ibthqUmxMFQ,new_card_first_release,,,images/ygo4_0210.png,passed_automated_decode_dimension_checks,2024-08-18,20691,1.0,exact_alias,Pyro,pending_konami_verification,1024,RGB,57c7dddb3dab308ce7f6ea45f2674c557eb1bb0a999664c14576f18a33bb45ae,1024,63028558,,,thehungtd_drive_original,https://drive.usercontent.google.com/download?id=1uoVZUrkO11xUuN8U5XlG_ibthqUmxMFQ&export=download&authuser=0&confirm=t,2026-08-31T18:25:56+00:00,selected_pending_image_and_caption_qa,1200,https://lh3.googleusercontent.com/sitesv/AG8ngQXxCyMAQ3PzbcqFWMs8OwKilF1jT4SYJtkLCbfJQ3VTGkL_-jEPktZR_VKAcyb0VVo4Nzc62B_0HnmVN8FN4mz_MrjhQRdHVpUJL_g7GL6U62s1No6r8MvE411zJiOT355R7auFNbn-DYfI3FY5LY-vE4QXJUYJZ9S1ujugaMo-3F_QisuPFwChHrsm=s0,thehungtd_full_art,Anotherverse Solaria,https://sites.google.com/view/thehungtd/latest-artworks/2024/other,https://lh3.googleusercontent.com/sitesv/AG8ngQXxCyMAQ3PzbcqFWMs8OwKilF1jT4SYJtkLCbfJQ3VTGkL_-jEPktZR_VKAcyb0VVo4Nzc62B_0HnmVN8FN4mz_MrjhQRdHVpUJL_g7GL6U62s1No6r8MvE411zJiOT355R7auFNbn-DYfI3FY5LY-vE4QXJUYJZ9S1ujugaMo-3F_QisuPFwChHrsm=w1280,606d595446a37b13db2dde0708e7c6926019b39fa3389a0a3a6b8c860a414444,1200,,True
Ryzeal,11JfD77RhUXwWEChq0VKfnDCoT0QVJeAu,captions/ygo4_0211.json,Monster,Ice Ryzeal,ygo4_0211,1b57791b332d5b2d,11JfD77RhUXwWEChq0VKfnDCoT0QVJeAu,new_card_first_release,,,images/ygo4_0211.png,passed_automated_decode_dimension_checks,2024-12-05,20574,1.0,exact_alias,Pyro,pending_konami_verification,1024,RGB,1139d37c9cc3ce956d30d862fef4809ac918f0eded03a2a76f4c899b2f1fc9c9,1024,8633261,,,thehungtd_drive_original,https://drive.usercontent.google.com/download?id=11JfD77RhUXwWEChq0VKfnDCoT0QVJeAu&export=download&authuser=0&confirm=t,2026-08-31T18:25:59+00:00,selected_pending_image_and_caption_qa,1200,https://lh3.googleusercontent.com/sitesv/AG8ngQWnWGQe5rMFGWGuuq6Mab6X4sbx_o_iTpTdvUw62snDsLTo0ImDGfxivkIr6l6_xDQIUZ6Ch4BMAM2Pt7YLucZY8ItwoMs_teXMqbKSPEWaA6fJ8puuDTLZU19dkoLmVIll_IAJezZ4aAk5bZmIcEcCLDNwNXYTOoHQBKAeUUqiQ53vY5kHL04NbV0-Cc0=s0,thehungtd_full_art,Ice Raizeol,https://sites.google.com/view/thehungtd/latest-artworks/2024/deck-build-pack-crossover-breakers,https://lh3.googleusercontent.com/sitesv/AG8ngQWnWGQe5rMFGWGuuq6Mab6X4sbx_o_iTpTdvUw62snDsLTo0ImDGfxivkIr6l6_xDQIUZ6Ch4BMAM2Pt7YLucZY8ItwoMs_teXMqbKSPEWaA6fJ8puuDTLZU19dkoLmVIll_IAJezZ4aAk5bZmIcEcCLDNwNXYTOoHQBKAeUUqiQ53vY5kHL04NbV0-Cc0=w1280,bbaccf48c1ae507cd35d6d436c84f2dd97151664ab45b36ea8bad4975f5e9df6,1200,,True
Fur Hire,66740005,captions/ygo4_0212.json,Monster,"Bravo, Fighter Fur Hire",ygo4_0212,c66a6c4d8988d8ca,,new_card_first_release,,,images/ygo4_0212.png,passed_automated_decode_dimension_checks,2018-05-24,13660,1.0,api_identity_exact,Reptile,pending_konami_verification,1024,RGB,d3c9306c9fc1b8b3b6fc5f00e3281a10c7fbf1a2d590504190671feee32c3fce,1024,66740005,,,ygoprodeck_cropped_art,https://images.ygoprodeck.com/images/cards_cropped/66740005.jpg,2026-08-31T18:26:10+00:00,selected_pending_image_and_caption_qa,624,https://images.ygoprodeck.com/images/cards_cropped/66740005.jpg,ygoprodeck_cropped_art,"Bravo, Fighter Fur Hire",https://db.ygoprodeck.com/api/v7/cardinfo.php?misc=yes,https://images.ygoprodeck.com/images/cards_cropped/66740005.jpg,62a53627695629ed984d39f504a3dbad2fab53fea58f0f682391c9270e261cdb,624,,True
Danger!,99745551,captions/ygo4_0213.json,Monster,Danger!? Tsuchinoko?,ygo4_0213,d34b4d046e4e1707,,new_card_first_release,,,images/ygo4_0213.png,passed_automated_decode_dimension_checks,2018-10-18,14070,1.0,api_identity_exact,Reptile,pending_konami_verification,1024,RGB,d0a0d4b37bff1fc5ac614758ea44a0552a935826d94cdfff74aeab926f8cbf73,1024,99745551,,,ygoprodeck_cropped_art,https://images.ygoprodeck.com/images/cards_cropped/99745551.jpg,2026-08-31T18:26:10+00:00,selected_pending_image_and_caption_qa,624,https://images.ygoprodeck.com/images/cards_cropped/99745551.jpg,ygoprodeck_cropped_art,Danger!? Tsuchinoko?,https://db.ygoprodeck.com/api/v7/cardinfo.php?misc=yes,https://images.ygoprodeck.com/images/cards_cropped/99745551.jpg,247cdc4316f43ec8359bbe4ce119f433ee77be809e0ae34f68f1804a0438f568,624,,True
Reptilianne,57647597,captions/ygo4_0214.json,Monster,Reptilianne Lamia,ygo4_0214,1733ab2f4b13131f,,new_card_first_release,,,images/ygo4_0214.png,passed_automated_decode_dimension_checks,2019-07-25,14473,1.0,api_identity_exact,Reptile,pending_konami_verification,1024,RGB,ab991640a2df83466734396e437dab56a142a5bf90d845cd39ddda69fa11cfe6,1024,57647597,,,ygoprodeck_cropped_art,https://images.ygoprodeck.com/images/cards_cropped/57647597.jpg,2026-08-31T18:26:10+00:00,selected_pending_image_and_caption_qa,624,https://images.ygoprodeck.com/images/cards_cropped/57647597.jpg,ygoprodeck_cropped_art,Reptilianne Lamia,https://db.ygoprodeck.com/api/v7/cardinfo.php?misc=yes,https://images.ygoprodeck.com/images/cards_cropped/57647597.jpg,448ee790ca509be6b90f732c43ce2f79780350bda8f97944485e3f22fee563a0,624,,True
Ragnaraika,1ezOutxMXsjPrlor-VkBrPefcSko1YWsC,captions/ygo4_0215.json,Monster,Ragnaraika Armored Lizard,ygo4_0215,cc95dc5bb3949212,1ezOutxMXsjPrlor-VkBrPefcSko1YWsC,new_card_first_release,,,images/ygo4_0215.png,passed_automated_decode_dimension_checks,2024-04-25,19856,1.0,exact_alias,Reptile,pending_konami_verification,1024,RGB,d249c0cfedc6ab11ecc2e39a9ad9aa8df2ae08f56d48c96aabbd8fa4f98731e0,1024,52543404,,,ygoprodeck_identity_fallback,https://images.ygoprodeck.com/images/cards_cropped/52543404.jpg,2026-08-31T18:26:02+00:00,selected_pending_image_and_caption_qa,624,https://lh3.googleusercontent.com/sitesv/AG8ngQUPAJOvjLhyaRehXaEE2rQz4sXMlH4UXgk4di8Xfz2J27ADUqWmYrNvoAp0iE8xFLZqVroRQ2t_-8Th_SPS4w41VI07-Fh63NFfEiH2LQ6O1S6SJRfankmsrPPoVz3KjoYWHOW7ipHtecNee4ASUwLfXNx7mAxRAHuGaO8Zg40WoyxfhPVVbKyXtVHZoZ8=s0,thehungtd_full_art,Ragnaraika Armored Lizard,https://sites.google.com/view/thehungtd/latest-artworks/2024/legacy-of-destruction,https://lh3.googleusercontent.com/sitesv/AG8ngQUPAJOvjLhyaRehXaEE2rQz4sXMlH4UXgk4di8Xfz2J27ADUqWmYrNvoAp0iE8xFLZqVroRQ2t_-8Th_SPS4w41VI07-Fh63NFfEiH2LQ6O1S6SJRfankmsrPPoVz3KjoYWHOW7ipHtecNee4ASUwLfXNx7mAxRAHuGaO8Zg40WoyxfhPVVbKyXtVHZoZ8=w1280,d5e601cd5ea4a3c5044407869ffe97f8c5142c1bb8b91f7e30fec648e01ffeee,624,,True
Ragnaraika,1o_PtfGGvLYY6vJxc-Dx7rlGwusGqYcKc,captions/ygo4_0216.json,Monster,Ragnaraika Chain Coils,ygo4_0216,3c5d61c7c98462e3,1o_PtfGGvLYY6vJxc-Dx7rlGwusGqYcKc,new_card_first_release,,,images/ygo4_0216.png,passed_automated_decode_dimension_checks,2024-04-25,19890,1.0,exact_alias,Reptile,pending_konami_verification,1024,RGB,1f68f0837486c0f4b7b37aa736c7cabb210a9c622ce245714b49ee1671941ca2,1024,6908161,,,ygoprodeck_identity_fallback,https://images.ygoprodeck.com/images/cards_cropped/6908161.jpg,2026-08-31T18:26:02+00:00,selected_pending_image_and_caption_qa,624,https://lh3.googleusercontent.com/sitesv/AG8ngQXfR3wZexUScd0j1oMx_DMCNVPerv44k0ZcmkpMTn7rNhCKGNlz1l5Et8M3OFhebOAbSGtEzkpP1N4RxMX_x39X14koGVI2uyYnk0DkLCXx9EV0bjq2tuOhE8LPDeo7s2nYJ8P7Dc-jAUIlJsWJv4cFoXQY0pBhxHQsYYneJyfZEsl8z1Cvms6ZkbY1xYE=s0,thehungtd_full_art,Raika no Kusarigami,https://sites.google.com/view/thehungtd/latest-artworks/2024/legacy-of-destruction,https://lh3.googleusercontent.com/sitesv/AG8ngQXfR3wZexUScd0j1oMx_DMCNVPerv44k0ZcmkpMTn7rNhCKGNlz1l5Et8M3OFhebOAbSGtEzkpP1N4RxMX_x39X14koGVI2uyYnk0DkLCXx9EV0bjq2tuOhE8LPDeo7s2nYJ8P7Dc-jAUIlJsWJv4cFoXQY0pBhxHQsYYneJyfZEsl8z1Cvms6ZkbY1xYE=w1280,c856110649120dea34e32382d6264821fa9c2bfc9347f499bc96fa680ce22480,624,,True
Millennium,1EgzYzZFT_umpr3TYEFpEJx6QZRlSgZPo,captions/ygo4_0217.json,Monster,Golem that Guards the Millennium Treasures,ygo4_0217,136661321125e4c4,1EgzYzZFT_umpr3TYEFpEJx6QZRlSgZPo,new_card_first_release,,,images/ygo4_0217.png,passed_automated_decode_dimension_checks,2024-07-18,20181,1.0,exact_alias,Rock,pending_konami_verification,1024,RGB,28a2619751f8b889488ee03ad65ef8aff262cef1585cacd123566ab3d412ca46,1024,74169516,,,ygoprodeck_identity_fallback,https://images.ygoprodeck.com/images/cards_cropped/74169516.jpg,2026-08-31T18:26:00+00:00,selected_pending_image_and_caption_qa,624,https://lh3.googleusercontent.com/sitesv/AG8ngQXlNjuuTiaW6LEcGWzrq1v7MZfRGSwtUKj87qf1m3ZbS1B9h1ACb7hD6tjkzTABvECKOUK8aPVHtJuxjozsWJiRk6yvI-pylqjywnHgTTsRhNlL5u5rPsfLxnodjYqyI15EFbeLwM9b7uqbDpjXF6FrPFqjxG79ffPOiPt6fyN-KRjBKZoX1lqMRMYXslk=s0,thehungtd_full_art,Golem that Guards the Millennium Treasures,https://sites.google.com/view/thehungtd/latest-artworks/2024/infinite-forbidden,https://lh3.googleusercontent.com/sitesv/AG8ngQXlNjuuTiaW6LEcGWzrq1v7MZfRGSwtUKj87qf1m3ZbS1B9h1ACb7hD6tjkzTABvECKOUK8aPVHtJuxjozsWJiRk6yvI-pylqjywnHgTTsRhNlL5u5rPsfLxnodjYqyI15EFbeLwM9b7uqbDpjXF6FrPFqjxG79ffPOiPt6fyN-KRjBKZoX1lqMRMYXslk=w1280,9cdabf8192c0f864e7405092f720df62061bbdadc72e903eb6324e571200f584,624,,True
,1WTF1qfJixl86Jn2Od4CDpFoLwR5fd1Ap,captions/ygo4_0218.json,Monster,"Rubysapphirus, the Adamant Jewel",ygo4_0218,470721f5e9e86826,1WTF1qfJixl86Jn2Od4CDpFoLwR5fd1Ap,new_card_first_release,,,images/ygo4_0218.png,passed_automated_decode_dimension_checks,2024-07-27,20520,1.0,exact_alias,Rock,pending_konami_verification,1024,RGB,f12ea4374255e51fbd716f722320629c6526a6661aaba28fa5e2d09565f6742d,1024,6906306,,,thehungtd_drive_original,https://drive.usercontent.google.com/download?id=1WTF1qfJixl86Jn2Od4CDpFoLwR5fd1Ap&export=download&authuser=0&confirm=t,2026-08-31T18:25:58+00:00,selected_pending_image_and_caption_qa,1200,https://lh3.googleusercontent.com/sitesv/AG8ngQUgPeq6WfWRROxyOJ5KlF8MbBLXb6SVginIHzo2YidVHvkAaFr05efMjDWyOtLZyHhM2PID0DfarOO2ZM09HQgtM5QMzzKuCi6-vzwjCiWDbvg0_XxY4HFc2-6_8mkc_7TcTwQG4909v41w9XfIV_qEueG15_EWK7-2eNSZ_1FN_JaD_Xu9Cw-xZMn8s04=s0,thehungtd_full_art,Rubisapphirus the Jewel of Maximum Mohs,https://sites.google.com/view/thehungtd/latest-artworks/2024/rage-of-the-abyss,https://lh3.googleusercontent.com/sitesv/AG8ngQUgPeq6WfWRROxyOJ5KlF8MbBLXb6SVginIHzo2YidVHvkAaFr05efMjDWyOtLZyHhM2PID0DfarOO2ZM09HQgtM5QMzzKuCi6-vzwjCiWDbvg0_XxY4HFc2-6_8mkc_7TcTwQG4909v41w9XfIV_qEueG15_EWK7-2eNSZ_1FN_JaD_Xu9Cw-xZMn8s04=w1280,deff7b4df04c59d8e70f7c0ddc24a3ced4b492dd435a6c2dc146cd246897ae5d,1200,,True
,1fyFw-2Z1laNO168Gl7_nnlQMe_iZH0q6,captions/ygo4_0219.json,Monster,"Theia, the Primal Being",ygo4_0219,a5197074a90b1c7d,1fyFw-2Z1laNO168Gl7_nnlQMe_iZH0q6,new_card_first_release,,,images/ygo4_0219.png,passed_automated_decode_dimension_checks,2024-09-19,20435,1.0,exact_alias,Rock,pending_konami_verification,1024,RGB,f667cae90143eb0f9c64ec3d08e9757e3b670ec0277032f77580bdf5845fefe5,1024,85687952,,,thehungtd_drive_original,https://drive.usercontent.google.com/download?id=1fyFw-2Z1laNO168Gl7_nnlQMe_iZH0q6&export=download&authuser=0&confirm=t,2026-08-31T18:25:57+00:00,selected_pending_image_and_caption_qa,1200,https://lh3.googleusercontent.com/sitesv/AG8ngQUKNctS_FBCfa4nH8K2UA4v2NwHEmXdZ3cESLW6NOw8iGmigqGIemXElpjwq1k7e4yCsxilDV2AvUDGzvvtkSLS015Cd-PSKvcZynwrypDPhBRyCsxe4RrkYjfcVEeFeyrXC_Gpuusw-BvBjXiNNPKyOkqOutTZFNUbfK40LFgwbGQIkBe7j_biSdWz2mQ=s0,thehungtd_full_art,"Theia, the Primal Being",https://sites.google.com/view/thehungtd/latest-artworks/2024/world-premiere-pack-2024,https://lh3.googleusercontent.com/sitesv/AG8ngQUKNctS_FBCfa4nH8K2UA4v2NwHEmXdZ3cESLW6NOw8iGmigqGIemXElpjwq1k7e4yCsxilDV2AvUDGzvvtkSLS015Cd-PSKvcZynwrypDPhBRyCsxe4RrkYjfcVEeFeyrXC_Gpuusw-BvBjXiNNPKyOkqOutTZFNUbfK40LFgwbGQIkBe7j_biSdWz2mQ=w1280,c0190faaeebbb1fb735d2337277b1f0781b05c1453bfeba2c1bf3e65dcf35366,1200,,True
Mimighoul,1HurqiszjcCXaNTRA-RGzI3U5QVJE_f_3,captions/ygo4_0220.json,Monster,Giant Mimighoul,ygo4_0220,dc733acccecba4b4,1HurqiszjcCXaNTRA-RGzI3U5QVJE_f_3,new_card_first_release,,,images/ygo4_0220.png,passed_automated_decode_dimension_checks,2024-10-10,20717,1.0,exact_alias,Rock,pending_konami_verification,1024,RGB,fc8732ca8cb1adbbc310786c4b5570fae227bbaf8bb864addae0e078149c6ce5,1024,16955631,,,thehungtd_drive_original,https://drive.usercontent.google.com/download?id=1HurqiszjcCXaNTRA-RGzI3U5QVJE_f_3&export=download&authuser=0&confirm=t,2026-08-31T18:25:58+00:00,selected_pending_image_and_caption_qa,1200,https://lh3.googleusercontent.com/sitesv/AG8ngQVlvLkYmHcbKLwpeDHWqAllI9Dwm7qhB2iFexsbmoV2ZQzdayYCHKL6fBjqxMMGV6q8TacSOyZF3QRegd-n9NYSAmISTTRpr6Sm3dXOcfziwC_2TvM9drTmJQtS3yJvCYfZUWaWghjDhaBnDv1xDzTvmbRzvYZRrI5MrHN7VO-vefUE_OrDvFmba0TPkwM=s0,thehungtd_full_art,Giant Mimighoul,https://sites.google.com/view/thehungtd/latest-artworks/2024/rage-of-the-abyss,https://lh3.googleusercontent.com/sitesv/AG8ngQVlvLkYmHcbKLwpeDHWqAllI9Dwm7qhB2iFexsbmoV2ZQzdayYCHKL6fBjqxMMGV6q8TacSOyZF3QRegd-n9NYSAmISTTRpr6Sm3dXOcfziwC_2TvM9drTmJQtS3yJvCYfZUWaWghjDhaBnDv1xDzTvmbRzvYZRrI5MrHN7VO-vefUE_OrDvFmba0TPkwM=w1280,c4655100a9f412d6f58d951919d09a0c508176703f8fc45941ef650fdf93fe47,1200,,True
Mimighoul,1eiO1hhBTq_WhKyGSYkVdtmU3Usn3IXrf,captions/ygo4_0221.json,Monster,Mimighoul Throne,ygo4_0221,5a70e177d4e46639,1eiO1hhBTq_WhKyGSYkVdtmU3Usn3IXrf,new_card_first_release,,,images/ygo4_0221.png,passed_automated_decode_dimension_checks,2024-10-10,20718,1.0,exact_alias,Rock,pending_konami_verification,1024,RGB,a1491208279e570baff861e2ec693c194148a53116cf583a4f91a1237c21b43b,1024,42940335,,,thehungtd_drive_original,https://drive.usercontent.google.com/download?id=1eiO1hhBTq_WhKyGSYkVdtmU3Usn3IXrf&export=download&authuser=0&confirm=t,2026-08-31T18:25:58+00:00,selected_pending_image_and_caption_qa,1200,https://lh3.googleusercontent.com/sitesv/AG8ngQUZbwNDdXoUORbSx5SAyBwb9OeyPX1xxEjROZE37ck0KBL82S7eBDECAbI1-t3dp3cauD6nJSFpp0_dVD4HIkBnRG9TBGE5m3QZq0TJAiGLFYasty2bh2yiqIlA2Za2PJ104NW8z4MydLvcQsDQS2ZoxxcZBBNS8gD2-sit_Kx-tPhWJAWdXGXN2qrMCZ4=s0,thehungtd_full_art,Mimighoul Throne,https://sites.google.com/view/thehungtd/latest-artworks/2024/rage-of-the-abyss,https://lh3.googleusercontent.com/sitesv/AG8ngQUZbwNDdXoUORbSx5SAyBwb9OeyPX1xxEjROZE37ck0KBL82S7eBDECAbI1-t3dp3cauD6nJSFpp0_dVD4HIkBnRG9TBGE5m3QZq0TJAiGLFYasty2bh2yiqIlA2Za2PJ104NW8z4MydLvcQsDQS2ZoxxcZBBNS8gD2-sit_Kx-tPhWJAWdXGXN2qrMCZ4=w1280,19835bec73518c2a543b32346a858fdaf763961f9ab11a76462a01673200a091,1200,,True
Evil HERO,12t98_KPNJhX4FdgZv-ivwF41sv7B7gyk,captions/ygo4_0222.json,Monster,Evil HERO Dead-End Prison,ygo4_0222,4853b7330b26222b,12t98_KPNJhX4FdgZv-ivwF41sv7B7gyk,new_card_first_release,,,images/ygo4_0222.png,passed_automated_decode_dimension_checks,2025-01-23,20741,1.0,exact_alias,Rock,pending_konami_verification,1024,RGB,14b8a605dfb4573dbf62e6b14e15dc073ac96c01b7f3d1c1b8ce032392ea3e8a,1024,30583090,,,thehungtd_drive_original,https://drive.usercontent.google.com/download?id=12t98_KPNJhX4FdgZv-ivwF41sv7B7gyk&export=download&authuser=0&confirm=t,2026-08-31T18:25:56+00:00,selected_pending_image_and_caption_qa,1200,https://lh3.googleusercontent.com/sitesv/AG8ngQXdvOnO2MFQzIUIQsIfUA0c66U3c_n38g2XrCYqJ5h6KR599T8qXGRN4HG6Ite9IGysuZcJqx4rS0HlZpxWgm38Ibk60h_a7CzABGWwZFGvtsYlQu69dNCE4RNwddKG-Lgk4CvuzviNh1x9Khxak5pWf7ThHvnu7z8pv8iwDrMIfR2-zgCdEtfhSDEK3y8=s0,thehungtd_full_art,Evil HERO Doom Prison,https://sites.google.com/view/thehungtd/latest-artworks/2024/supreme-darkness,https://lh3.googleusercontent.com/sitesv/AG8ngQXdvOnO2MFQzIUIQsIfUA0c66U3c_n38g2XrCYqJ5h6KR599T8qXGRN4HG6Ite9IGysuZcJqx4rS0HlZpxWgm38Ibk60h_a7CzABGWwZFGvtsYlQu69dNCE4RNwddKG-Lgk4CvuzviNh1x9Khxak5pWf7ThHvnu7z8pv8iwDrMIfR2-zgCdEtfhSDEK3y8=w1280,f19e42f5a67d9dd560144c4bbe3aff40f00095e265ca3ad3348af7f62747bca8,1200,,True
Abyss-,1XTZc6gooh8XD9APawRyOdmew_xbjFmxD,captions/ygo4_0223.json,Monster,Mermail King - Neptabyss,ygo4_0223,3c6f4d48d978c9a9,1XTZc6gooh8XD9APawRyOdmew_xbjFmxD,new_card_first_release,,,images/ygo4_0223.png,passed_automated_decode_dimension_checks,2024-07-27,20522,1.0,exact_alias,Sea Serpent,pending_konami_verification,1024,RGB,9005c30f500ddc97f9df84b5723a8d782e7ffaa7a71b52d2fa88f7258db3a3a0,1024,69385019,,,thehungtd_drive_original,https://drive.usercontent.google.com/download?id=1XTZc6gooh8XD9APawRyOdmew_xbjFmxD&export=download&authuser=0&confirm=t,2026-08-31T18:25:58+00:00,selected_pending_image_and_caption_qa,1200,https://lh3.googleusercontent.com/sitesv/AG8ngQWiq2hCMWuSP74GkttZnlP8yJnx5bw3NLcTNoRwBrP8wyI9cU6c6W0r21on8_3BOGuaF9e2VEQUWtlLUdLb-JygLScUEb2mU7JB81rQUox4jF5Tjx4FSp6Gk3Y-4LvxJSGZKaF0tC1fwPh0aQ7aKE-gI-vCm49DwxaVNQvteIpB50GXgqT_O4WGF4WB=s0,thehungtd_full_art,Neptabyss the Royal Mermail,https://sites.google.com/view/thehungtd/latest-artworks/2024/rage-of-the-abyss,https://lh3.googleusercontent.com/sitesv/AG8ngQWiq2hCMWuSP74GkttZnlP8yJnx5bw3NLcTNoRwBrP8wyI9cU6c6W0r21on8_3BOGuaF9e2VEQUWtlLUdLb-JygLScUEb2mU7JB81rQUox4jF5Tjx4FSp6Gk3Y-4LvxJSGZKaF0tC1fwPh0aQ7aKE-gI-vCm49DwxaVNQvteIpB50GXgqT_O4WGF4WB=w1280,9f2c5da1b72d110569932b8fb91c6ab58da0341d21ad870ea5c32e204538a9ce,1200,,True
Atlantean,1RfM6Amx7Svm2KrmXJNr-D25XHjZTJdZp,captions/ygo4_0224.json,Monster,Mermail Shadow Squad,ygo4_0224,b2144ec4d4d6cbea,1RfM6Amx7Svm2KrmXJNr-D25XHjZTJdZp,new_card_first_release,,,images/ygo4_0224.png,passed_automated_decode_dimension_checks,2024-07-27,20494,1.0,exact_alias,Sea Serpent,pending_konami_verification,1024,RGB,09fb443a0883908b3cdcf3b4d33940e48d0198421b78de50835762e29c18f061,1024,53085623,,,thehungtd_drive_original,https://drive.usercontent.google.com/download?id=1RfM6Amx7Svm2KrmXJNr-D25XHjZTJdZp&export=download&authuser=0&confirm=t,2026-08-31T18:25:58+00:00,selected_pending_image_and_caption_qa,1200,https://lh3.googleusercontent.com/sitesv/AG8ngQXQJor21is-X6iqhGR7GJQ8_OTuJPo__rwLHoKsUpcmRe4cU50t_N6Xp_kZTbaYuLn9Gg-3ulwTy0VyShkEOoobZUGIPU5lRbGsKlmCCEBvBFImRqNYbAPT2d3zIfWlPioTlqzYYOx1qLte0mQc2jLlh3twsyF-beB_WfU1G3wv0oyQgAYeSjoZtOHVjPU=s0,thehungtd_full_art,Mermail Shadow Bodyguards,https://sites.google.com/view/thehungtd/latest-artworks/2024/rage-of-the-abyss,https://lh3.googleusercontent.com/sitesv/AG8ngQXQJor21is-X6iqhGR7GJQ8_OTuJPo__rwLHoKsUpcmRe4cU50t_N6Xp_kZTbaYuLn9Gg-3ulwTy0VyShkEOoobZUGIPU5lRbGsKlmCCEBvBFImRqNYbAPT2d3zIfWlPioTlqzYYOx1qLte0mQc2jLlh3twsyF-beB_WfU1G3wv0oyQgAYeSjoZtOHVjPU=w1280,5588363491499227cd5d3a8448a5a264d3fbf415c13ead91aa47913d8adcf674,1200,,True
Number,1fqq4Hlgfl_qARNqD1hJJM79P6vAsG-B6,captions/ygo4_0225.json,Monster,Number C32: Shark Drake LeVeiss,ygo4_0225,d85a523218641999,1fqq4Hlgfl_qARNqD1hJJM79P6vAsG-B6,new_card_first_release,,,images/ygo4_0225.png,passed_automated_decode_dimension_checks,2024-07-27,20517,1.0,exact_alias,Sea Serpent,pending_konami_verification,1024,RGB,6e9a3b510e0e8c088cf4ae20a3b9fce501d8006bc1c8e3a0107fa82d8f367760,1024,7628844,,,thehungtd_drive_original,https://drive.usercontent.google.com/download?id=1fqq4Hlgfl_qARNqD1hJJM79P6vAsG-B6&export=download&authuser=0&confirm=t,2026-08-31T18:25:58+00:00,selected_pending_image_and_caption_qa,1200,https://lh3.googleusercontent.com/sitesv/AG8ngQUbzHHre33wxH1YGVFJdocNPHLeJHohwWKskYqqOzo3dVutwJtyyFWl3TiiL8Q9-mcPgCzWNI5KpVNPs89P7H_CVLI9ILmzclqW0FhC9qC-cQZSqgpE56acWjzUygJrNJyh1U7NgL-_NNA_O6T1X88jDrN2sxZ3ya2xVwnXdbZ_jj5sAifnky6lZ7N0=s0,thehungtd_full_art,Number C32: Shark Drake Leviathan,https://sites.google.com/view/thehungtd/latest-artworks/2024/rage-of-the-abyss,https://lh3.googleusercontent.com/sitesv/AG8ngQUbzHHre33wxH1YGVFJdocNPHLeJHohwWKskYqqOzo3dVutwJtyyFWl3TiiL8Q9-mcPgCzWNI5KpVNPs89P7H_CVLI9ILmzclqW0FhC9qC-cQZSqgpE56acWjzUygJrNJyh1U7NgL-_NNA_O6T1X88jDrN2sxZ3ya2xVwnXdbZ_jj5sAifnky6lZ7N0=w1280,79a1e9e490e738cc957b965a445cf78c2933da851674a2ac5a1d30f0d3776ea7,1200,,True
Abyss-,1L4_UX8Uc36ffqJxQijLy2p9sHsw6Hsv6,captions/ygo4_0226.json,Monster,"Poseidra Abyss, the Atlantean Dragon Lord",ygo4_0226,0e16956d4669a932,1L4_UX8Uc36ffqJxQijLy2p9sHsw6Hsv6,new_card_first_release,,,images/ygo4_0226.png,passed_automated_decode_dimension_checks,2024-07-27,20519,1.0,exact_alias,Sea Serpent,pending_konami_verification,1024,RGB,ef0ef5c8886e9e4be2ce7e7e7e5f08401ab86f3b4bb4bc7ce84f01c7f375bc6b,1024,60517697,,,thehungtd_drive_original,https://drive.usercontent.google.com/download?id=1L4_UX8Uc36ffqJxQijLy2p9sHsw6Hsv6&export=download&authuser=0&confirm=t,2026-08-31T18:25:58+00:00,selected_pending_image_and_caption_qa,1200,https://lh3.googleusercontent.com/sitesv/AG8ngQUbIL25cygRxA71xue02PTiDNppwXv_VcX5559SzFiBOdtaX8IXm1bRqlkscUcDeJcFSChwLaLNhEWYdChg1YWx7evoB7UcKizwTrZcSLOvNR5cp4oSN3IUnNT2LT1WeEzq5XIL0kYp5MAbwYsBAqTS9QHOXWO0S_8OpPWx1-himlnWlB5QbEJx3ySQFuk=s0,thehungtd_full_art,"Poseidra Abyss, the Atlantean Dragon Deity",https://sites.google.com/view/thehungtd/latest-artworks/2024/rage-of-the-abyss,https://lh3.googleusercontent.com/sitesv/AG8ngQUbIL25cygRxA71xue02PTiDNppwXv_VcX5559SzFiBOdtaX8IXm1bRqlkscUcDeJcFSChwLaLNhEWYdChg1YWx7evoB7UcKizwTrZcSLOvNR5cp4oSN3IUnNT2LT1WeEzq5XIL0kYp5MAbwYsBAqTS9QHOXWO0S_8OpPWx1-himlnWlB5QbEJx3ySQFuk=w1280,6899150beb38bc015f9b30b04530373f9d6637595187f4d4bf6274a6703eeff4,1200,,True
Abyss-,19pcs_JJeZmdUxm_AHDPkkt0PUX-yavNX,captions/ygo4_0227.json,Monster,"Abysstrite, the Atlantean Spirit",ygo4_0227,4d6165e5190b4c4c,19pcs_JJeZmdUxm_AHDPkkt0PUX-yavNX,new_card_first_release,,,images/ygo4_0227.png,passed_automated_decode_dimension_checks,2025-01-23,20783,1.0,exact_alias,Sea Serpent,pending_konami_verification,1024,RGB,f449a1a1037ede5f8e23b5be8764ffc8e0cb64307d34eed05baa4b082156b688,1024,9453320,,,thehungtd_drive_original,https://drive.usercontent.google.com/download?id=19pcs_JJeZmdUxm_AHDPkkt0PUX-yavNX&export=download&authuser=0&confirm=t,2026-08-31T18:25:56+00:00,selected_pending_image_and_caption_qa,1200,https://lh3.googleusercontent.com/sitesv/AG8ngQXGovEsAWSmlx0Mu1TFtNatpo1RRYeUsOy8VJ0SujFHNLM8CQ5RnzEFQLxqqYq2qY4yw2jary6B7HFWOf9LNG3AkhWGTqNUjLhrYRC6q-fhT6IfSL0_y5jD_7xlVsOXxza1w8NSlRBMT0zvZILTQHwTP4P0Kgs9ku2cpn4b2oP64Uvxk7H7RWy7xC-9GTc=s0,thehungtd_full_art,"Abysstrite, the Atlantean Spirit",https://sites.google.com/view/thehungtd/latest-artworks/2024/supreme-darkness,https://lh3.googleusercontent.com/sitesv/AG8ngQXGovEsAWSmlx0Mu1TFtNatpo1RRYeUsOy8VJ0SujFHNLM8CQ5RnzEFQLxqqYq2qY4yw2jary6B7HFWOf9LNG3AkhWGTqNUjLhrYRC6q-fhT6IfSL0_y5jD_7xlVsOXxza1w8NSlRBMT0zvZILTQHwTP4P0Kgs9ku2cpn4b2oP64Uvxk7H7RWy7xC-9GTc=w1280,527f946bfd1b1e1792acd2a852977605e1f5d7ce221a7f7dd937de9d3e6a4b36,1200,,True
,18Bh3ht1VaVLPPbgP_w8U5ecQG64vXm3c,captions/ygo4_0228.json,Monster,"Driangle, Dragon of the Dark Deep",ygo4_0228,9ccacbcca0dad236,18Bh3ht1VaVLPPbgP_w8U5ecQG64vXm3c,new_card_first_release,,,images/ygo4_0228.png,passed_automated_decode_dimension_checks,2025-01-23,20761,1.0,exact_alias,Sea Serpent,pending_konami_verification,1024,RGB,dd7009ac6b103d1eae060ed9e0bf82bf69e1607786084a95c43ec0d1e47fb6be,1024,98248208,,,thehungtd_drive_original,https://drive.usercontent.google.com/download?id=18Bh3ht1VaVLPPbgP_w8U5ecQG64vXm3c&export=download&authuser=0&confirm=t,2026-08-31T18:25:56+00:00,selected_pending_image_and_caption_qa,1200,https://lh3.googleusercontent.com/sitesv/AG8ngQUV35IE6tzpbrzDgInfh1O2KblTpx9PCDAkVHDo_F83naoHj81GocTD0iAQRG4AxH7hOW_4yk7p8MqcBUe8_yEhjJ2Qm-Wtdq1Gb8CAL2_AOhyGBEKkpaSMnaLRmjBofrKqxD7DvaPaPsimVleTVYfQ3LIfeK6K3eIujiRq7skWq7lHeFjGKTwSBEfAEv0=s0,thehungtd_full_art,Dark Sea Serpent - Dryagle,https://sites.google.com/view/thehungtd/latest-artworks/2024/supreme-darkness,https://lh3.googleusercontent.com/sitesv/AG8ngQUV35IE6tzpbrzDgInfh1O2KblTpx9PCDAkVHDo_F83naoHj81GocTD0iAQRG4AxH7hOW_4yk7p8MqcBUe8_yEhjJ2Qm-Wtdq1Gb8CAL2_AOhyGBEKkpaSMnaLRmjBofrKqxD7DvaPaPsimVleTVYfQ3LIfeK6K3eIujiRq7skWq7lHeFjGKTwSBEfAEv0=w1280,870ae8890167df4b11d937488f6f030aa9d133e425f16690b266398395ce63de,1200,,True
Atlantean,1kfGUaOMOoR6fEooUwq4jpopLX-7CIVUL,captions/ygo4_0229.json,Monster,"Poseidra, the Storming Atlantean",ygo4_0229,61534aac62d2ab33,1kfGUaOMOoR6fEooUwq4jpopLX-7CIVUL,new_card_first_release,,,images/ygo4_0229.png,passed_automated_decode_dimension_checks,2025-01-23,20755,1.0,exact_alias,Sea Serpent,pending_konami_verification,1024,RGB,b6c36cd644d115a5389f79b509c8cdbff20017614e87299fcd1e2e6ac1668dbe,1024,99193444,,,thehungtd_drive_original,https://drive.usercontent.google.com/download?id=1kfGUaOMOoR6fEooUwq4jpopLX-7CIVUL&export=download&authuser=0&confirm=t,2026-08-31T18:25:56+00:00,selected_pending_image_and_caption_qa,1200,https://lh3.googleusercontent.com/sitesv/AG8ngQVGM2lQ0kUZkPX2fE2GJ1P_sgJQW-VwXEoNxQQqVJ7-XPL9tHaSnziSP2EdnY_M6pHTfGy7ndnu4oBiGBTx_h6akLDDqp675H_mpB-6iczOCORbMKF-xNu8_DppTTfrZldl77pxmqdC8WL62JWS0667gQ6jQe1P-1-hSaXRS_lbnfnpa2AeAhDQGI8f=s0,thehungtd_full_art,"Poseidra, the Rumbling Atlantean",https://sites.google.com/view/thehungtd/latest-artworks/2024/supreme-darkness,https://lh3.googleusercontent.com/sitesv/AG8ngQVGM2lQ0kUZkPX2fE2GJ1P_sgJQW-VwXEoNxQQqVJ7-XPL9tHaSnziSP2EdnY_M6pHTfGy7ndnu4oBiGBTx_h6akLDDqp675H_mpB-6iczOCORbMKF-xNu8_DppTTfrZldl77pxmqdC8WL62JWS0667gQ6jQe1P-1-hSaXRS_lbnfnpa2AeAhDQGI8f=w1280,cb202454dc6343522df0013d74b2237c9bbaadbcb825b7ca2634d8592a3b2b35,1200,,True
,1s5IUcEwzw4LtJ-ZOr6rwtKMNF9CQ7enS,captions/ygo4_0230.json,Monster,Ignihorse Dragonith,ygo4_0230,003814cd6351d193,1s5IUcEwzw4LtJ-ZOr6rwtKMNF9CQ7enS,new_card_first_release,,,images/ygo4_0230.png,passed_automated_decode_dimension_checks,2026-07-02,20476,1.0,exact_alias,Sea Serpent,pending_konami_verification,1024,RGB,e349e32bf0ff9cc719daf5b6cbe914dcbde182820fcadd58b86730e38e557fe0,1024,28103028,,,thehungtd_drive_original,https://drive.usercontent.google.com/download?id=1s5IUcEwzw4LtJ-ZOr6rwtKMNF9CQ7enS&export=download&authuser=0&confirm=t,2026-08-31T18:25:56+00:00,selected_pending_image_and_caption_qa,1200,https://lh3.googleusercontent.com/sitesv/AG8ngQU5J0dilqYQGatYMGxURYzIBVqSzPBJ59-MXdsb-XMAwBse8o-la_sotjRpBVexKD5hhBT--k0Rxu_bMjBss1no9B7xwWo7XBvLeTkkKuR2n8ERN4CnVp7--T6srs9m5V-1PPnRdIhhfoi9i8N09vxAqh0CwX6cB2OrT1LG4YmR28RN3A-jCpIHPIqNXBA=s0,thehungtd_full_art,Ignihorse Dragonith,https://sites.google.com/view/thehungtd/latest-artworks/2024/other,https://lh3.googleusercontent.com/sitesv/AG8ngQU5J0dilqYQGatYMGxURYzIBVqSzPBJ59-MXdsb-XMAwBse8o-la_sotjRpBVexKD5hhBT--k0Rxu_bMjBss1no9B7xwWo7XBvLeTkkKuR2n8ERN4CnVp7--T6srs9m5V-1PPnRdIhhfoi9i8N09vxAqh0CwX6cB2OrT1LG4YmR28RN3A-jCpIHPIqNXBA=w1280,272c29b4a11c0c417026088c73316cee09861f950ca30cd445541d3b3bd7073c,1200,,True
,1yDHEfzDKUrRnpGZj-FizlhTUnqH2QPkl,captions/ygo4_0231.json,Monster,"Incredible Ecclesia, the Virtuous",ygo4_0231,966ce6a889d95d39,1yDHEfzDKUrRnpGZj-FizlhTUnqH2QPkl,new_card_first_release,,,images/ygo4_0231.png,passed_automated_decode_dimension_checks,2021-11-04,16493,1.0,exact_alias,Spellcaster,pending_konami_verification,1024,RGB,ba05334bc01252d16dd16f6e7c59fdb4afe2477c7693e78117a6633600ffa2d9,1024,55273560,,,thehungtd_drive_original,https://drive.usercontent.google.com/download?id=1yDHEfzDKUrRnpGZj-FizlhTUnqH2QPkl&export=download&authuser=0&confirm=t,2026-08-31T18:25:56+00:00,selected_pending_image_and_caption_qa,1200,https://lh3.googleusercontent.com/sitesv/AG8ngQUAvVg6dmUWtvZt0Q73tz1iukg5a9xidEGrWjWRZHB1qoI-hifUf8nETd38j3kb5PnIhXkqSfhEb3zVZQwOEkzBJ305DUq7wE6vkIrRy-WzsyBNsVSRw62f_opjy6dbDZlXDq15M8H5fHG1ajQa5hGQLhVG43zdq3I80v9aI9YthGaOfCk1ILSuNrjd=s0,thehungtd_full_art,"Incredible Ecclesia, the Virtuous 2nd",https://sites.google.com/view/thehungtd/latest-artworks/2024/other,https://lh3.googleusercontent.com/sitesv/AG8ngQUAvVg6dmUWtvZt0Q73tz1iukg5a9xidEGrWjWRZHB1qoI-hifUf8nETd38j3kb5PnIhXkqSfhEb3zVZQwOEkzBJ305DUq7wE6vkIrRy-WzsyBNsVSRw62f_opjy6dbDZlXDq15M8H5fHG1ajQa5hGQLhVG43zdq3I80v9aI9YthGaOfCk1ILSuNrjd=w1280,002b769481bacc7016386916d4e1ffa46796fba3e638ad1fe1dd36bdf10db754,1200,,True
,1d1L_1KEBOaH_JJ3izFwtho7W6obz_aVp,captions/ygo4_0232.json,Monster,"Blazing Cartesia, the Virtuous",ygo4_0232,aba87333335b8fcd,1d1L_1KEBOaH_JJ3izFwtho7W6obz_aVp,new_card_first_release,,,images/ygo4_0232.png,passed_automated_decode_dimension_checks,2022-10-20,17767,1.0,exact_alias,Spellcaster,pending_konami_verification,1024,RGB,f5c60be58a4be1d982dad2f521ea1083c2ddea2b820bb7a696e612686c877f23,1024,95515789,,,thehungtd_drive_original,https://drive.usercontent.google.com/download?id=1d1L_1KEBOaH_JJ3izFwtho7W6obz_aVp&export=download&authuser=0&confirm=t,2026-08-31T18:25:56+00:00,selected_pending_image_and_caption_qa,1200,https://lh3.googleusercontent.com/sitesv/AG8ngQV-lZvHtR-1gdsV0uoGfGNAn_JARcC46Enz6oo4AeDMr4NrpTNoOUO6VF2sFItBVy25BsY3w3R3NXkQIqLs93ahdbp0H5195vmlbVP0yqNxkr8QcLsal8KO3SlvltLCXZVJ3-sb3kVAaw9AyzxVTw-0Mj5szQErK7ZQCXTpfCU4zz_Hg8UBuCpJGdfC4sg=s0,thehungtd_full_art,"Blazing Cartesia, the Virtuous 2nd",https://sites.google.com/view/thehungtd/latest-artworks/2024/other,https://lh3.googleusercontent.com/sitesv/AG8ngQV-lZvHtR-1gdsV0uoGfGNAn_JARcC46Enz6oo4AeDMr4NrpTNoOUO6VF2sFItBVy25BsY3w3R3NXkQIqLs93ahdbp0H5195vmlbVP0yqNxkr8QcLsal8KO3SlvltLCXZVJ3-sb3kVAaw9AyzxVTw-0Mj5szQErK7ZQCXTpfCU4zz_Hg8UBuCpJGdfC4sg=w1280,8fd8ed698bb617ce33c1c945d168354a70c6aaa3549850fbaf48b39721f308b1,1200,,True
,1ci61uU4P4mkj-EHVif2geCZ8iWkZiYIw,captions/ygo4_0233.json,Monster,Magicians of Bonds and Unity,ygo4_0233,d3b9b2c3e860d92e,1ci61uU4P4mkj-EHVif2geCZ8iWkZiYIw,new_card_first_release,,,images/ygo4_0233.png,passed_automated_decode_dimension_checks,2023-07-27,18868,1.0,exact_alias,Spellcaster,pending_konami_verification,1024,RGB,6c11517188ae5986cdf6aea4a13a495bed88be90237fddd4300d7e21a21bdd6c,1024,15845914,,,thehungtd_drive_original,https://drive.usercontent.google.com/download?id=1ci61uU4P4mkj-EHVif2geCZ8iWkZiYIw&export=download&authuser=0&confirm=t,2026-08-31T18:26:04+00:00,selected_pending_image_and_caption_qa,1200,https://lh3.googleusercontent.com/sitesv/AG8ngQVCmwUxxsvcF3Fmmjn3ne-o0AHWiWXHxn5xzFmdELe_G0mfJa7zjbdaXGu1pEjD_Z1_QeEasKOICxzhBhqGq5__2UIjvVViS7a_ttayT_oOpdFoGM08inzn4BPt_-mS4WIz4NS32bJpRqaVOFCNi2wW-BUoosm1d4UkNHUj7WOldDK_wbgdQ5Y7Mr_FOtk=s0,thehungtd_full_art,Magicians of Bonds and Unity 3rd,https://sites.google.com/view/thehungtd/latest-artworks/2024/phantom-nightmare,https://lh3.googleusercontent.com/sitesv/AG8ngQVCmwUxxsvcF3Fmmjn3ne-o0AHWiWXHxn5xzFmdELe_G0mfJa7zjbdaXGu1pEjD_Z1_QeEasKOICxzhBhqGq5__2UIjvVViS7a_ttayT_oOpdFoGM08inzn4BPt_-mS4WIz4NS32bJpRqaVOFCNi2wW-BUoosm1d4UkNHUj7WOldDK_wbgdQ5Y7Mr_FOtk=w1280,b3d38ae5e60576a7e77d0a54a6cf5f4d7bc90dbbb01e78fb28e50259b97924d4,1200,,True
,1ya4WqckuTCZz2hhIPGxEMq-z3z6fER0g,captions/ygo4_0234.json,Monster,Krishnerd Witch,ygo4_0234,0c1989654dd1e031,1ya4WqckuTCZz2hhIPGxEMq-z3z6fER0g,new_card_first_release,,,images/ygo4_0234.png,passed_automated_decode_dimension_checks,2024-04-25,20060,1.0,exact_alias,Spellcaster,pending_konami_verification,1024,RGB,d33ae63ed32880d216dff749e015d40c2a359a2d782ba020d10876731d65ce09,1024,37006702,,,ygoprodeck_identity_fallback,https://images.ygoprodeck.com/images/cards_cropped/37006702.jpg,2026-08-31T18:25:57+00:00,selected_pending_image_and_caption_qa,624,https://lh3.googleusercontent.com/sitesv/AG8ngQXp5AOKBEcH-0kC0spyQ8boW3xoP4n9RXJdKDKqoR7__8AGNvh0UksGaHql0eizGvNUANHFsryi9eymFqazrgYSN_Nqbj9s0UgSurBBsK9QvUuo-T2KVsjpMqVmbj1qp472usznY17vnvpsI3OvHvF-WY3xPzzljVCYUZIzJyZiXzwZpaJ6aby2IfNY37M=s0,thehungtd_full_art,Krishnerd Witch,https://sites.google.com/view/thehungtd/latest-artworks/2024/world-premiere-pack-2024,https://lh3.googleusercontent.com/sitesv/AG8ngQXp5AOKBEcH-0kC0spyQ8boW3xoP4n9RXJdKDKqoR7__8AGNvh0UksGaHql0eizGvNUANHFsryi9eymFqazrgYSN_Nqbj9s0UgSurBBsK9QvUuo-T2KVsjpMqVmbj1qp472usznY17vnvpsI3OvHvF-WY3xPzzljVCYUZIzJyZiXzwZpaJ6aby2IfNY37M=w1280,ec02e24b714ba0cb884fd36670f9c95bc7520d182b160e3243fb2e58da49da08,624,,True
Vaalmonica,1VoQQtyg5KEter0IXsHlrbWrUABCf7QW_,captions/ygo4_0235.json,Monster,Selettrice Vaalmonica,ygo4_0235,43932367d9f17231,1VoQQtyg5KEter0IXsHlrbWrUABCf7QW_,new_card_first_release,,,images/ygo4_0235.png,passed_automated_decode_dimension_checks,2024-04-25,19863,1.0,exact_alias,Spellcaster,pending_konami_verification,1024,RGB,829dcf62c9ff276d669f9d1baf5c2c8ea2ed56ac002a8fb278b569b83f5b2aa6,1024,23093373,,,ygoprodeck_identity_fallback,https://images.ygoprodeck.com/images/cards_cropped/23093373.jpg,2026-08-31T18:26:02+00:00,selected_pending_image_and_caption_qa,624,https://lh3.googleusercontent.com/sitesv/AG8ngQWIkPS7LpCmRFZP10wZevSrwHvmJss0U9HgjcLpoEymI9VyLRKZpXAXItbvBu7GL-7UT2pZI4lD8zXPNaxMMzBGmekSw7JZDyTYrWqcdzXdh2SzaeO9h82WFAlCx-b_ZLa1Gr4ffylYhhHZPf1wS4R5OOMUjY1b3t4x7vX4yjzKK7Q95rvaxwGWOxHr=s0,thehungtd_full_art,Selettrice Vaalmonica,https://sites.google.com/view/thehungtd/latest-artworks/2024/legacy-of-destruction,https://lh3.googleusercontent.com/sitesv/AG8ngQWIkPS7LpCmRFZP10wZevSrwHvmJss0U9HgjcLpoEymI9VyLRKZpXAXItbvBu7GL-7UT2pZI4lD8zXPNaxMMzBGmekSw7JZDyTYrWqcdzXdh2SzaeO9h82WFAlCx-b_ZLa1Gr4ffylYhhHZPf1wS4R5OOMUjY1b3t4x7vX4yjzKK7Q95rvaxwGWOxHr=w1280,42ba547600eab0c82bd98073e7c6516df59792d100d2badf32a63e710a2fb4f2,624,,True
Silent Magician,1_zsF9Ty9DOyUNps1IBUkLUNIEo3TaPVG,captions/ygo4_0236.json,Monster,Silent Magician Zero,ygo4_0236,8d9bd9d8b831b431,1_zsF9Ty9DOyUNps1IBUkLUNIEo3TaPVG,new_card_first_release,,,images/ygo4_0236.png,passed_automated_decode_dimension_checks,2024-04-25,19844,1.0,exact_alias,Spellcaster,pending_konami_verification,1024,RGB,9c72c210b17fdcf5eeddebe7b20ac127ffecc63b421f45e2ce9fe9eee9bdb99c,1024,65726770,,,ygoprodeck_identity_fallback,https://images.ygoprodeck.com/images/cards_cropped/65726770.jpg,2026-08-31T18:26:02+00:00,selected_pending_image_and_caption_qa,624,https://lh3.googleusercontent.com/sitesv/AG8ngQWzl6-Cl_hZKRcWojUT4W9I_FG9tAQLfXfyHvrNhN2sLBnpthTcFQ4alBjyGsPFuHWSjV1uw0ZlTjhUl5bKjF9cRK57gpUSx_oHRbXbMb0ygFO27gPlFFTA_oNh27XQP8Q-YyV_U5gH2y8EbMHku-Qwz8OZXIeoYC_zZSsYL2KvS5uNBmP15PvgfWo_=s0,thehungtd_full_art,Silent Magician Zero,https://sites.google.com/view/thehungtd/latest-artworks/2024/legacy-of-destruction,https://lh3.googleusercontent.com/sitesv/AG8ngQWzl6-Cl_hZKRcWojUT4W9I_FG9tAQLfXfyHvrNhN2sLBnpthTcFQ4alBjyGsPFuHWSjV1uw0ZlTjhUl5bKjF9cRK57gpUSx_oHRbXbMb0ygFO27gPlFFTA_oNh27XQP8Q-YyV_U5gH2y8EbMHku-Qwz8OZXIeoYC_zZSsYL2KvS5uNBmP15PvgfWo_=w1280,0add740a9d44638045ab15f08a24f0b70b7f1d6a1e29031a2a5566dd8a98acb3,624,,True
Snake-Eye,1pSNJTghd-KJhhKYL4OKAhkPqw1lSH--_,captions/ygo4_0237.json,Monster,Snake-Eyes Diabellstar,ygo4_0237,16349898c5471727,1pSNJTghd-KJhhKYL4OKAhkPqw1lSH--_,new_card_first_release,,,images/ygo4_0237.png,passed_automated_decode_dimension_checks,2024-04-25,19852,1.0,exact_alias,Spellcaster,pending_konami_verification,1024,RGB,e9a17184460589c7b70f329f52ba7a0d5b435990491d722c60e4c736bc319f25,1024,27260347,,,ygoprodeck_identity_fallback,https://images.ygoprodeck.com/images/cards_cropped/27260347.jpg,2026-08-31T18:26:02+00:00,selected_pending_image_and_caption_qa,624,https://lh3.googleusercontent.com/sitesv/AG8ngQVCAANBapolSqvHnuanCnjoRQsbPzOPaDTWDQ1ch4hF6ru-fTUdkyw0XoS7zQCls8u257EjJcv7n9_C06JHlOTW1XoPM_0l0VAtzE7Bsg8BqXOGuZZnJn3WGgqF5Xos_KAcciJWAK7yrSjpsW1O5HceO_xP3EvQTiuFyHlACz_W-135gtVg6ADeJpSwReQ=s0,thehungtd_full_art,Snake-Eyes Diabellstar,https://sites.google.com/view/thehungtd/latest-artworks/2024/legacy-of-destruction,https://lh3.googleusercontent.com/sitesv/AG8ngQVCAANBapolSqvHnuanCnjoRQsbPzOPaDTWDQ1ch4hF6ru-fTUdkyw0XoS7zQCls8u257EjJcv7n9_C06JHlOTW1XoPM_0l0VAtzE7Bsg8BqXOGuZZnJn3WGgqF5Xos_KAcciJWAK7yrSjpsW1O5HceO_xP3EvQTiuFyHlACz_W-135gtVg6ADeJpSwReQ=w1280,f0d0319c60b2c38abd36b435750da57b2fb6f9e1fb3b167f0287c79bae6b5508,624,,True
,1r1FMFiRJoKhhcHZw92oY2XwFfs7QYknO,captions/ygo4_0238.json,Monster,Mira Match,ygo4_0238,5d717193510c1c2c,1r1FMFiRJoKhhcHZw92oY2XwFfs7QYknO,new_card_first_release,,,images/ygo4_0238.png,passed_automated_decode_dimension_checks,2024-06-20,19934,1.0,exact_alias,Spellcaster,pending_konami_verification,1024,RGB,227ab9d7f2b5721f1b92efb9ce24954b4e57ad2e57b3e0412ce62337bc62afe4,1024,44201739,,,ygoprodeck_identity_fallback,https://images.ygoprodeck.com/images/cards_cropped/44201739.jpg,2026-08-31T18:25:56+00:00,selected_pending_image_and_caption_qa,624,https://lh3.googleusercontent.com/sitesv/AG8ngQXKjpDshWaYBTLwiO7l4iPAWA_xPfDqHAUO7q_B31tJA5SaI0esUfR_kF1_XUnzV8dSpxovCjFxbghRJRI27ytAu2nrL7L7LusM5nmL4ukO7DnScGTWFu_pSfPg8LarLH4_6b1nd8QsCAwbV7Z5BPe1YKr9kFF7Hwwzj7ly20uLvA8JgBePXEaMDfVN6jY=s0,thehungtd_full_art,Mirah and Matchnoko,https://sites.google.com/view/thehungtd/latest-artworks/2024/other,https://lh3.googleusercontent.com/sitesv/AG8ngQXKjpDshWaYBTLwiO7l4iPAWA_xPfDqHAUO7q_B31tJA5SaI0esUfR_kF1_XUnzV8dSpxovCjFxbghRJRI27ytAu2nrL7L7LusM5nmL4ukO7DnScGTWFu_pSfPg8LarLH4_6b1nd8QsCAwbV7Z5BPe1YKr9kFF7Hwwzj7ly20uLvA8JgBePXEaMDfVN6jY=w1280,3f46d7d4f4f5a4d8ece4fe01c36b5e28c152c1309a9132b63f57d49360d00ad3,624,,True
Allure Queen,1lLPzXEMcd_AbHEt37czvH9IHCTVWqXJP,captions/ygo4_0239.json,Monster,Golden Allure Queen,ygo4_0239,1c65a32ae8ca69ab,1lLPzXEMcd_AbHEt37czvH9IHCTVWqXJP,new_card_first_release,,,images/ygo4_0239.png,passed_automated_decode_dimension_checks,2024-06-22,20414,1.0,exact_alias,Spellcaster,pending_konami_verification,1024,RGB,df46fc8e422ec618e839a79ef29f814ffa5233d9512d540368dd542aafded95b,1024,95937545,,,ygoprodeck_identity_fallback,https://images.ygoprodeck.com/images/cards_cropped/95937545.jpg,2026-08-31T18:26:01+00:00,selected_pending_image_and_caption_qa,624,https://lh3.googleusercontent.com/sitesv/AG8ngQVmXnFHiWr9iRW1jQwZPRhDhle-SUSSk9XgzWufqBvUhuRx9pFkShsNvK6UFMXNH9YRjQhcs2AOFfq8GZlBAybtf_4JZ61qGanYnA1ntm-gBhl3YUqpfrM765gLxcpbPUgD130XD2hkknBwdfIMAlyc2XlnK-io6Ykmwr--N45PFznNt1jJSjbn7kM6=s0,thehungtd_full_art,Golden Allure Queen,https://sites.google.com/view/thehungtd/latest-artworks/2024/animation-chronicle-2024,https://lh3.googleusercontent.com/sitesv/AG8ngQVmXnFHiWr9iRW1jQwZPRhDhle-SUSSk9XgzWufqBvUhuRx9pFkShsNvK6UFMXNH9YRjQhcs2AOFfq8GZlBAybtf_4JZ61qGanYnA1ntm-gBhl3YUqpfrM765gLxcpbPUgD130XD2hkknBwdfIMAlyc2XlnK-io6Ykmwr--N45PFznNt1jJSjbn7kM6=w1280,a95aded07154b1089c86a91642cae3de7c6faa1170a98d8e62792f57b3e4a538,624,,True
,15464375,captions/ygo4_0240.json,Monster,Adularia of the June Moon,ygo4_0240,179bd9d4a6a23153,,new_card_first_release,,,images/ygo4_0240.png,passed_automated_decode_dimension_checks,2023-05-04,17915,1.0,api_identity_exact,Spellcaster,pending_konami_verification,1024,RGB,258a50ff09cfb8d4bc65c7f961978744fe3918cd2290dc60f84636176ae74ac8,1024,15464375,,Replaced passcode 6812770: available artwork was non-square composite,ygoprodeck_cropped_art,https://images.ygoprodeck.com/images/cards_cropped/15464375.jpg,2026-08-31T18:26:10+00:00,selected_pending_image_and_caption_qa,624,https://images.ygoprodeck.com/images/cards_cropped/15464375.jpg,ygoprodeck_cropped_art,Adularia of the June Moon,https://db.ygoprodeck.com/api/v7/cardinfo.php?misc=yes,https://images.ygoprodeck.com/images/cards_cropped/15464375.jpg,ea1bc92af48298c2384d6c4deb27a5d91390a48b68710f90dcb72b27b149885c,624,,True
Performage,1k7p5Jcb53nODa0_aeM6-L3o5J4cehyRZ,captions/ygo4_0241.json,Monster,Performage Shadow Maker,ygo4_0241,66717458e48c2c28,1k7p5Jcb53nODa0_aeM6-L3o5J4cehyRZ,new_card_first_release,,,images/ygo4_0241.png,passed_automated_decode_dimension_checks,2024-06-22,20410,1.0,exact_alias,Spellcaster,pending_konami_verification,1024,RGB,90a5e4eae06d026275cc0f6ef156680c7f536f3a3d472f37ccff4b28d5862f34,1024,69655484,,,thehungtd_drive_original,https://drive.usercontent.google.com/download?id=1k7p5Jcb53nODa0_aeM6-L3o5J4cehyRZ&export=download&authuser=0&confirm=t,2026-08-31T18:26:01+00:00,selected_pending_image_and_caption_qa,1200,https://lh3.googleusercontent.com/sitesv/AG8ngQUVOApeeezSqrPSAhL3gmNkpf12yIicxEFTOQPEUj3b-48ioxSdcxZjvWBDWIHDR0jv0b3MRN-jvzpYPWF0Wxw3XDa3d70MesC6t_SZt66gdtsgosqf2QO5aMCOEVoklTRjzq8H67E_LegGCL7GGZN1QFX8Ns48nsIp7QrjlIuKsVgmNIpeBFSh9pOR=s0,thehungtd_full_art,Performage Shadow Maker,https://sites.google.com/view/thehungtd/latest-artworks/2024/animation-chronicle-2024,https://lh3.googleusercontent.com/sitesv/AG8ngQUVOApeeezSqrPSAhL3gmNkpf12yIicxEFTOQPEUj3b-48ioxSdcxZjvWBDWIHDR0jv0b3MRN-jvzpYPWF0Wxw3XDa3d70MesC6t_SZt66gdtsgosqf2QO5aMCOEVoklTRjzq8H67E_LegGCL7GGZN1QFX8Ns48nsIp7QrjlIuKsVgmNIpeBFSh9pOR=w1280,2665383325505a68078a69c4d1389e04edceb696f38e41efc246833d069bf402,1200,,True
Performage,1MMarNlF5svAf541Dj8vZTWQClj2d-79F,captions/ygo4_0242.json,Monster,Performage Trapeze Witch,ygo4_0242,5bb331640d8d6e9b,1MMarNlF5svAf541Dj8vZTWQClj2d-79F,new_card_first_release,,,images/ygo4_0242.png,passed_automated_decode_dimension_checks,2024-06-22,20409,1.0,exact_alias,Spellcaster,pending_konami_verification,1024,RGB,0113938fd5b88c80f7110ed0f77f65dbdaf13613734a54481074a6985ff5a2ef,1024,33206889,,,thehungtd_drive_original,https://drive.usercontent.google.com/download?id=1MMarNlF5svAf541Dj8vZTWQClj2d-79F&export=download&authuser=0&confirm=t,2026-08-31T18:26:01+00:00,selected_pending_image_and_caption_qa,1200,https://lh3.googleusercontent.com/sitesv/AG8ngQVeVF8amNQKdVYdZoQYSlpVtvk_OckRvu2v03buj3sGnl8OR2bPwAPOJ1aGveSKQx20m1UA6awq7qjyiC2FQ7aEuHKYe8lbM4t3yzZCuAJdWayqIB7r-GC0s4-D6IbgVqZem_1z-2fnokXFz8CVN5K57gBBXhtREyevBKCZP-5JFPxDMQ4XwvU85gitPkw=s0,thehungtd_full_art,Performage Trapeze Witch,https://sites.google.com/view/thehungtd/latest-artworks/2024/animation-chronicle-2024,https://lh3.googleusercontent.com/sitesv/AG8ngQVeVF8amNQKdVYdZoQYSlpVtvk_OckRvu2v03buj3sGnl8OR2bPwAPOJ1aGveSKQx20m1UA6awq7qjyiC2FQ7aEuHKYe8lbM4t3yzZCuAJdWayqIB7r-GC0s4-D6IbgVqZem_1z-2fnokXFz8CVN5K57gBBXhtREyevBKCZP-5JFPxDMQ4XwvU85gitPkw=w1280,f41ffb02f6c16018ac5a9229832d2aec1fa47029add3acbb8acdde8e9bdb9a09,1200,,True
,28776350,captions/ygo4_0243.json,Monster,Akashic Magician,ygo4_0243,1c9c167647075757,,new_card_first_release,,,images/ygo4_0243.png,passed_automated_decode_dimension_checks,2017-10-19,13267,1.0,api_identity_exact,Spellcaster,pending_konami_verification,1024,RGB,7e454fdb186adf81c979e1d4d1d3f76ab839546f43d530062153db00673acd11,1024,28776350,,Replaced passcode 34323367: available artwork was non-square composite,ygoprodeck_cropped_art,https://images.ygoprodeck.com/images/cards_cropped/28776350.jpg,2026-08-31T18:26:10+00:00,selected_pending_image_and_caption_qa,624,https://images.ygoprodeck.com/images/cards_cropped/28776350.jpg,ygoprodeck_cropped_art,Akashic Magician,https://db.ygoprodeck.com/api/v7/cardinfo.php?misc=yes,https://images.ygoprodeck.com/images/cards_cropped/28776350.jpg,271f343667ad7c653ba1e663f6a932dd02ef25589ed0b40dfef3fcea46a30654,624,,True
Invoked,86120752,captions/ygo4_0244.json,Monster,Aleister the Invoker,ygo4_0244,2773735313336945,,new_card_first_release,,,images/ygo4_0244.png,passed_automated_decode_dimension_checks,2017-02-23,12843,1.0,api_identity_exact,Spellcaster,pending_konami_verification,1024,RGB,59716e2885554d85b82d1bbc273a00205a98ad821b00bed117a99961d327ce30,1024,86120752,,Replaced passcode 70417076: available artwork was non-square composite,ygoprodeck_cropped_art,https://images.ygoprodeck.com/images/cards_cropped/86120752.jpg,2026-08-31T18:26:10+00:00,selected_pending_image_and_caption_qa,624,https://images.ygoprodeck.com/images/cards_cropped/86120752.jpg,ygoprodeck_cropped_art,Aleister the Invoker,https://db.ygoprodeck.com/api/v7/cardinfo.php?misc=yes,https://images.ygoprodeck.com/images/cards_cropped/86120752.jpg,271ddbc4723939a05858d53db6f0f8c06edd0151db79c39f0b697f4a44726bac,624,,True
White Forest,1hRgPCyGzzirl4B-lQcaIV2Iub0e5ciDG,captions/ygo4_0245.json,Monster,Astellar of the White Forest,ygo4_0245,1b192f353139b154,1hRgPCyGzzirl4B-lQcaIV2Iub0e5ciDG,new_card_first_release,,,images/ygo4_0245.png,passed_automated_decode_dimension_checks,2024-07-18,20192,1.0,exact_alias,Spellcaster,pending_konami_verification,1024,RGB,f6ebb4f1c8e2c66a0684dce25e679e45c3914864c78dfce16f0aec13fd4d9f88,1024,25592142,,,ygoprodeck_identity_fallback,https://images.ygoprodeck.com/images/cards_cropped/25592142.jpg,2026-08-31T18:26:00+00:00,selected_pending_image_and_caption_qa,624,https://lh3.googleusercontent.com/sitesv/AG8ngQWnHzL4GCCERKr5L7vT024YioPQZMcx8ZQLll97Km8ICkqaRn5pej3ezj0nm6uAsKc5HDI46RDU1nf7-eoaId1w275sxYKXlpGKOLBLFC_s7hTkzfoufMsb6sVVJJNW0u1C9e1S6iWQO1bVMAgtMf8i_4nZJyXI6NW22BjefEdECoj3a77zif0uBg=s0,thehungtd_full_art,Asteria of the White Woods,https://sites.google.com/view/thehungtd/latest-artworks/2024/infinite-forbidden,https://lh3.googleusercontent.com/sitesv/AG8ngQWnHzL4GCCERKr5L7vT024YioPQZMcx8ZQLll97Km8ICkqaRn5pej3ezj0nm6uAsKc5HDI46RDU1nf7-eoaId1w275sxYKXlpGKOLBLFC_s7hTkzfoufMsb6sVVJJNW0u1C9e1S6iWQO1bVMAgtMf8i_4nZJyXI6NW22BjefEdECoj3a77zif0uBg=w1280,38e28a49430006fc92f98c6f0f2c3c2a0b01ecc5e7a13b659343434d9bebaf4e,624,,True
Dark Magician,1EzcRii1jWaj3dr6Rx5uS_L4YYmx29Lm8,captions/ygo4_0246.json,Monster,Dark Magician the Magician of Black Magic,ygo4_0246,70b8bc181934c8d6,1EzcRii1jWaj3dr6Rx5uS_L4YYmx29Lm8,new_card_first_release,,,images/ygo4_0246.png,passed_automated_decode_dimension_checks,2024-07-18,20185,1.0,exact_alias,Spellcaster,pending_konami_verification,1024,RGB,cc8c4eb67a974889fa4513c4cb54d6d3089334ecaaa31f6a316ad6e489f0ef22,1024,342673,,,ygoprodeck_identity_fallback,https://images.ygoprodeck.com/images/cards_cropped/342673.jpg,2026-08-31T18:26:00+00:00,selected_pending_image_and_caption_qa,624,https://lh3.googleusercontent.com/sitesv/AG8ngQUaVHw7xrnwqWrHsnjr1K9oZX-GvQNxTxk_ARdaO9jq17WwDrVXTzjPmoQFeq1b4MY8kT-P4tGPifntwRPDKsyLRmHiSzde08Pfo4N76mNKy6MSMGyOZdujfQRqHtQ8ZPBs8f7XtbBtoP21xZyMqX_I4v0T_efxn4yj_YmJI13oguu-XlMC8S6sPvyGa0Q=s0,thehungtd_full_art,Dark Magician the Ebon Sorcerer,https://sites.google.com/view/thehungtd/latest-artworks/2024/infinite-forbidden,https://lh3.googleusercontent.com/sitesv/AG8ngQUaVHw7xrnwqWrHsnjr1K9oZX-GvQNxTxk_ARdaO9jq17WwDrVXTzjPmoQFeq1b4MY8kT-P4tGPifntwRPDKsyLRmHiSzde08Pfo4N76mNKy6MSMGyOZdujfQRqHtQ8ZPBs8f7XtbBtoP21xZyMqX_I4v0T_efxn4yj_YmJI13oguu-XlMC8S6sPvyGa0Q=w1280,c907f4100633720493c4de5d6fe6c46c1df1b0a8d1ff682730d15a71fa02045b,624,,True
White Forest,1njktrGrO_27M6RakDarqjlfJYoiYevAt,captions/ygo4_0247.json,Monster,Elzette of the White Forest,ygo4_0247,873215464e8ec871,1njktrGrO_27M6RakDarqjlfJYoiYevAt,new_card_first_release,,,images/ygo4_0247.png,passed_automated_decode_dimension_checks,2024-07-18,20193,1.0,exact_alias,Spellcaster,pending_konami_verification,1024,RGB,c098979a62bd43ff0c06b3e15eb4b150a81d9390a9bdfbe948d4a214da5ac5a9,1024,61980241,,,ygoprodeck_identity_fallback,https://images.ygoprodeck.com/images/cards_cropped/61980241.jpg,2026-08-31T18:26:00+00:00,selected_pending_image_and_caption_qa,624,https://lh3.googleusercontent.com/sitesv/AG8ngQVkF2EbhJYNagXV4cybBunfdXE3CUK-pFx8KuE8iaPfLpQ3DVXqQsNHN1zQXNz2UhHXzr-7yyUNBm79fRP-PVX2IwzcDOCzexM98LUne2dfSSPDbO_PTkUmBr6VGYqlvb-i9g9AJvHNqf5zpKdVJCMdWiovYfMag59w6UVd0z8WXmzrw5Eb0GwBi0Mf6o4=s0,thehungtd_full_art,Risette of the White Woods,https://sites.google.com/view/thehungtd/latest-artworks/2024/infinite-forbidden,https://lh3.googleusercontent.com/sitesv/AG8ngQVkF2EbhJYNagXV4cybBunfdXE3CUK-pFx8KuE8iaPfLpQ3DVXqQsNHN1zQXNz2UhHXzr-7yyUNBm79fRP-PVX2IwzcDOCzexM98LUne2dfSSPDbO_PTkUmBr6VGYqlvb-i9g9AJvHNqf5zpKdVJCMdWiovYfMag59w6UVd0z8WXmzrw5Eb0GwBi0Mf6o4=w1280,6276d5ad1c279839772be475da7c29bfc7644ee30d2fad9d882ddc316a92f322,624,,True
White Forest,1fk5QgIn1GdMAWzKSFRCTvsteVwpM5VvL,captions/ygo4_0248.json,Monster,"Rciela, Sinister Soul of the White Forest",ygo4_0248,9898d8dad8dc94a3,1fk5QgIn1GdMAWzKSFRCTvsteVwpM5VvL,new_card_first_release,,,images/ygo4_0248.png,passed_automated_decode_dimension_checks,2024-07-18,20218,1.0,exact_alias,Spellcaster,pending_konami_verification,1024,RGB,edc7cb68a6b060fe8cc2765b3a75f1c07625f46b8b2676ae6bf37af70733791b,1024,77313225,,,ygoprodeck_identity_fallback,https://images.ygoprodeck.com/images/cards_cropped/77313225.jpg,2026-08-31T18:26:00+00:00,selected_pending_image_and_caption_qa,624,https://lh3.googleusercontent.com/sitesv/AG8ngQWTSKSui0P5cz_2Dl8QW25lTgBGjpN9T2KCPNYLzuPqPH8kPgMTj-aOqIgQUeeUKysBuvEKKQw6KUJxEfOINCg1QK_bSkV2D7zfxa-hGkbNno_us-X5PEKP-z0EugiC8adqSwZcE1UQplEMKRkKh-CecrsH24s_3NafOy16Af69CboMGxUW9HZniFMv=s0,thehungtd_full_art,"Rciela, Wicked of the White Woods",https://sites.google.com/view/thehungtd/latest-artworks/2024/infinite-forbidden,https://lh3.googleusercontent.com/sitesv/AG8ngQWTSKSui0P5cz_2Dl8QW25lTgBGjpN9T2KCPNYLzuPqPH8kPgMTj-aOqIgQUeeUKysBuvEKKQw6KUJxEfOINCg1QK_bSkV2D7zfxa-hGkbNno_us-X5PEKP-z0EugiC8adqSwZcE1UQplEMKRkKh-CecrsH24s_3NafOy16Af69CboMGxUW9HZniFMv=w1280,d5512a38679cafa1d320b8220f345907a79c7bda577db12201fb36ac35bbb6ac,624,,True
White Forest,1PRnMvF2rq1mkBV4xIZhRUgctyBagbL5o,captions/ygo4_0249.json,Monster,"Silvera, Wolf Tamer of the White Forest",ygo4_0249,069393988cec4da6,1PRnMvF2rq1mkBV4xIZhRUgctyBagbL5o,new_card_first_release,,,images/ygo4_0249.png,passed_automated_decode_dimension_checks,2024-07-18,20217,1.0,exact_alias,Spellcaster,pending_konami_verification,1024,RGB,2996e91c21d103229b50e88543b6b9ee8fb56b99f1e92c7566b32ce86a6e814d,1024,41924516,,,ygoprodeck_identity_fallback,https://images.ygoprodeck.com/images/cards_cropped/41924516.jpg,2026-08-31T18:26:00+00:00,selected_pending_image_and_caption_qa,624,https://lh3.googleusercontent.com/sitesv/AG8ngQV3HOslPr1ydecwQ8_7-wIUKMfq-gs6QIB_O6PqRMbMHJZj86dBwAUmcGY3VwRctJTWKbGe-qu-Gg9RY4mrT2mgjlCBCTZ-eBIzqU0i-KtCRW2vqtJJtA6R_4_JIpHdEVmUZdvE8cMtC--EK6fyxQuYCpopBZ5Se00mUP_o4nJg0-xizqbtSykBzRpbqYY=s0,thehungtd_full_art,"Silvera, Witchwolf of the White Woods",https://sites.google.com/view/thehungtd/latest-artworks/2024/infinite-forbidden,https://lh3.googleusercontent.com/sitesv/AG8ngQV3HOslPr1ydecwQ8_7-wIUKMfq-gs6QIB_O6PqRMbMHJZj86dBwAUmcGY3VwRctJTWKbGe-qu-Gg9RY4mrT2mgjlCBCTZ-eBIzqU0i-KtCRW2vqtJJtA6R_4_JIpHdEVmUZdvE8cMtC--EK6fyxQuYCpopBZ5Se00mUP_o4nJg0-xizqbtSykBzRpbqYY=w1280,cc5ae10e2ae88c4720a53704170d041325326ff5aaf39dfc012f1223fb76e753,624,,True
Exodia,1_sHzb7IPOuQ2EO9ILkphxCZ5nx_sIddw,captions/ygo4_0250.json,Monster,The Unstoppable Exodia Incarnate,ygo4_0250,8aaa718e8e0e4d96,1_sHzb7IPOuQ2EO9ILkphxCZ5nx_sIddw,new_card_first_release,,,images/ygo4_0250.png,passed_automated_decode_dimension_checks,2024-07-18,20212,1.0,exact_alias,Spellcaster,pending_konami_verification,1024,RGB,8ffb5dd3af5866a57e189a0e5fd2eed1b19226196d5e8b557994f9164c8bf5c8,1024,83257450,,,thehungtd_drive_original,https://drive.usercontent.google.com/download?id=1_sHzb7IPOuQ2EO9ILkphxCZ5nx_sIddw&export=download&authuser=0&confirm=t,2026-08-31T18:26:00+00:00,selected_pending_image_and_caption_qa,1200,https://lh3.googleusercontent.com/sitesv/AG8ngQXiOXy65KgM3cBZ-l_DwucbjXDxZrC_BZ7OIe7XIrFXm5fWo7Qb6blOzk15h5gBmxXZ172iSlMiioAYXJd75TfJNLEGUPxJF_yOONWa-m1plhTp7fiOMi656kunqOG-i3cP8c5czKtQPrYvFbw97cYYiTMhTdhm_SAd-03Ts7SW99e14t8FO6s5TcmWLiU=s0,thehungtd_full_art,The Phantom Exodia Incarnate,https://sites.google.com/view/thehungtd/latest-artworks/2024/infinite-forbidden,https://lh3.googleusercontent.com/sitesv/AG8ngQXiOXy65KgM3cBZ-l_DwucbjXDxZrC_BZ7OIe7XIrFXm5fWo7Qb6blOzk15h5gBmxXZ172iSlMiioAYXJd75TfJNLEGUPxJF_yOONWa-m1plhTp7fiOMi656kunqOG-i3cP8c5czKtQPrYvFbw97cYYiTMhTdhm_SAd-03Ts7SW99e14t8FO6s5TcmWLiU=w1280,28806bf6587b5b6b71b336c93a187104af06dd745f4c71e990afd7dd64fb08d2,1200,,True
Vaalmonica,16UWIO3ge28ERItZHx71e9ghnjE4ZtPpY,captions/ygo4_0251.json,Monster,"Varar, Vaalmonican Concord",ygo4_0251,3383d5d7d3f8949c,16UWIO3ge28ERItZHx71e9ghnjE4ZtPpY,new_card_first_release,,,images/ygo4_0251.png,passed_automated_decode_dimension_checks,2024-07-18,20228,1.0,exact_alias,Spellcaster,pending_konami_verification,1024,RGB,f85a881116f2ce632edd68daf993764e0586c3877f635807a5ed2e33459d9f4c,1024,1340142,,,thehungtd_drive_original,https://drive.usercontent.google.com/download?id=16UWIO3ge28ERItZHx71e9ghnjE4ZtPpY&export=download&authuser=0&confirm=t,2026-08-31T18:26:00+00:00,selected_pending_image_and_caption_qa,1200,https://lh3.googleusercontent.com/sitesv/AG8ngQXtSWMsvrK1F3lupFBw7SWMCwnLt6f5OsSkofc9m9v75qbhTfBK7F_P4yMixLfn83kbzwLy-QCsjpngkpdUcjEcBgmLQ6YtbA7ydQVIEj4TDtr4IR4wVunWjf9voNKjqFhKEYSZxbHyPzkhH6TimRFlnUPMMTi8eiyfqyBREq3eorKvlvx3eISKLlHB9uM=s0,thehungtd_full_art,"Valar, Vaalmonican Hallow Hymn",https://sites.google.com/view/thehungtd/latest-artworks/2024/infinite-forbidden,https://lh3.googleusercontent.com/sitesv/AG8ngQXtSWMsvrK1F3lupFBw7SWMCwnLt6f5OsSkofc9m9v75qbhTfBK7F_P4yMixLfn83kbzwLy-QCsjpngkpdUcjEcBgmLQ6YtbA7ydQVIEj4TDtr4IR4wVunWjf9voNKjqFhKEYSZxbHyPzkhH6TimRFlnUPMMTi8eiyfqyBREq3eorKvlvx3eISKLlHB9uM=w1280,7b1edd17ef6a8860841a3d0a1d96ff8f78d604b90a6f56259152ad17f35a9285,1200,,True
Centur-Ion,1FbVE1S1k-RgzC5Fhnqkit3tCzqAQ-QWq,captions/ygo4_0252.json,Monster,Centur-Ion Primera Primus,ygo4_0252,49537269375a843b,1FbVE1S1k-RgzC5Fhnqkit3tCzqAQ-QWq,new_card_first_release,,,images/ygo4_0252.png,passed_automated_decode_dimension_checks,2024-07-27,20514,1.0,exact_alias,Spellcaster,pending_konami_verification,1024,RGB,40235880768ba651e884a5f97aa3abec690da902843914983a031f89cd33f1bc,1024,8841431,,,ygoprodeck_identity_fallback,https://images.ygoprodeck.com/images/cards_cropped/8841431.jpg,2026-08-31T18:25:58+00:00,selected_pending_image_and_caption_qa,624,https://lh3.googleusercontent.com/sitesv/AG8ngQVlaF-UKttnEpVatuOamG-qIdjJ3hN4tRE3wvqKc6omQI4OacE3h61BgPh9QKjFL8Sj1PfT5b8C4S7oSVtSubxpsWfRmu5VjBoNBL_t9hgsIRmAvyjdGsR5_064da3fFeBZIdhveLq1XeUtLm7iG2wcqHGHm4veonpONee7BcCSspfAgMB8LGn1xBSi=s0,thehungtd_full_art,Centur-Ion Primera Primus,https://sites.google.com/view/thehungtd/latest-artworks/2024/rage-of-the-abyss,https://lh3.googleusercontent.com/sitesv/AG8ngQVlaF-UKttnEpVatuOamG-qIdjJ3hN4tRE3wvqKc6omQI4OacE3h61BgPh9QKjFL8Sj1PfT5b8C4S7oSVtSubxpsWfRmu5VjBoNBL_t9hgsIRmAvyjdGsR5_064da3fFeBZIdhveLq1XeUtLm7iG2wcqHGHm4veonpONee7BcCSspfAgMB8LGn1xBSi=w1280,7dc10536b61e686ef8c87c9afd20138ec1d2794505dab0f9104bedb1a143be14,624,,True
Allure Queen,1xp8xj3EkIGgRFoEdTjl--e8C75JfQjXs,captions/ygo4_0253.json,Monster,Chaos Allure Queen,ygo4_0253,338d99b99716acb9,1xp8xj3EkIGgRFoEdTjl--e8C75JfQjXs,new_card_first_release,,,images/ygo4_0253.png,passed_automated_decode_dimension_checks,2024-07-27,20487,1.0,exact_alias,Spellcaster,pending_konami_verification,1024,RGB,4800f6791c30663ba69544314827bedd2e348b256570d9e7a4cf1e98817939ef,1024,29925614,,,ygoprodeck_identity_fallback,https://images.ygoprodeck.com/images/cards_cropped/29925614.jpg,2026-08-31T18:25:58+00:00,selected_pending_image_and_caption_qa,624,https://lh3.googleusercontent.com/sitesv/AG8ngQWVKgRu4WOatflYCGA-tGTgRg_qS1Zy_vvJuzSldoEQ8LKVpuksV-ncVZ7MMR8_u3yqUqL2rqc6i7Fli9jqQH3Lyl0Ve2XFnwb8U3mVZzhBJMvAH50jt0zUrpm41PunelooUhkDBLTLPo6Km-06OJRIAOq3jVN0vl3gsxz-haCk2G8cF3cD2vcNRg=s0,thehungtd_full_art,Chaotic Allure Queen,https://sites.google.com/view/thehungtd/latest-artworks/2024/rage-of-the-abyss,https://lh3.googleusercontent.com/sitesv/AG8ngQWVKgRu4WOatflYCGA-tGTgRg_qS1Zy_vvJuzSldoEQ8LKVpuksV-ncVZ7MMR8_u3yqUqL2rqc6i7Fli9jqQH3Lyl0Ve2XFnwb8U3mVZzhBJMvAH50jt0zUrpm41PunelooUhkDBLTLPo6Km-06OJRIAOq3jVN0vl3gsxz-haCk2G8cF3cD2vcNRg=w1280,55dfdbfa81139dd61066093e96589093e65c4f7382010e32e913a4059189ede2,624,,True
Charmer,1r0Exwgmezta4Q9CmNkipwZisMSu-lJWw,captions/ygo4_0254.json,Monster,Eria the Water Channeler,ygo4_0254,c3cb9d1733f12908,1r0Exwgmezta4Q9CmNkipwZisMSu-lJWw,new_card_first_release,,,images/ygo4_0254.png,passed_automated_decode_dimension_checks,2024-07-27,20499,1.0,exact_alias,Spellcaster,pending_konami_verification,1024,RGB,28fe1ba578b4ecad6a9ae2580c217d9d4ecf835cf7fb738ce579185f17cc1d28,1024,15746348,,,thehungtd_drive_original,https://drive.usercontent.google.com/download?id=1r0Exwgmezta4Q9CmNkipwZisMSu-lJWw&export=download&authuser=0&confirm=t,2026-08-31T18:25:58+00:00,selected_pending_image_and_caption_qa,1200,https://lh3.googleusercontent.com/sitesv/AG8ngQXuECn_-JQobmwbv6oWU0jfLkEJjnNUL2g9v2zcKWKsh5UYK0edxel7UUOuv2rjzj_AMHpjzNrfW3VFXacH1tNxnjjw8Zf7VxpOXaMJMWOpu1CBUhmEjv6ccaYKEvxshh5meGxDRa7YpjdVkk7Gk2SQ7C37qRl6_eqZpgKsx7wwzHCmAJzgPHj7sULKVhY=s0,thehungtd_full_art,Eria the Water Channeler,https://sites.google.com/view/thehungtd/latest-artworks/2024/rage-of-the-abyss,https://lh3.googleusercontent.com/sitesv/AG8ngQXuECn_-JQobmwbv6oWU0jfLkEJjnNUL2g9v2zcKWKsh5UYK0edxel7UUOuv2rjzj_AMHpjzNrfW3VFXacH1tNxnjjw8Zf7VxpOXaMJMWOpu1CBUhmEjv6ccaYKEvxshh5meGxDRa7YpjdVkk7Gk2SQ7C37qRl6_eqZpgKsx7wwzHCmAJzgPHj7sULKVhY=w1280,1db4ca80e776dda072263542c98e321d3d042ee167d05bf1a4a00a6b37c4fdb8,1200,,True
,1EjHPnu6LGThcnx1DiroRfRhXrpTik83B,captions/ygo4_0255.json,Monster,Metal Illusionist,ygo4_0255,af4f45252c1743e7,1EjHPnu6LGThcnx1DiroRfRhXrpTik83B,new_card_first_release,,,images/ygo4_0255.png,passed_automated_decode_dimension_checks,2024-07-27,20484,1.0,exact_alias,Spellcaster,pending_konami_verification,1024,RGB,9d9474f49ca6ef0e2b9708f99b92e19ebe9c14f5d539ded22f27c80820099995,1024,29157292,,,thehungtd_drive_original,https://drive.usercontent.google.com/download?id=1EjHPnu6LGThcnx1DiroRfRhXrpTik83B&export=download&authuser=0&confirm=t,2026-08-31T18:25:58+00:00,selected_pending_image_and_caption_qa,1200,https://lh3.googleusercontent.com/sitesv/AG8ngQUHdWi97B9XJ-3IqWo7BbNzbMASZin4H9RuKe43kSFV98tek9ffNbmR7V53S1lqS0Ey7BU24M8RlLnQYdLn_Vii2nE53q7JgtObf5AaH-wrnNPQRGHfqjXQSi4eu98EmYPgYxXmFDRV1yXlj_ZBER_chG_TA_dbFFWNcuFjPJpCKVkjPgqMhLEiX8cQ=s0,thehungtd_full_art,Metal Copycat,https://sites.google.com/view/thehungtd/latest-artworks/2024/rage-of-the-abyss,https://lh3.googleusercontent.com/sitesv/AG8ngQUHdWi97B9XJ-3IqWo7BbNzbMASZin4H9RuKe43kSFV98tek9ffNbmR7V53S1lqS0Ey7BU24M8RlLnQYdLn_Vii2nE53q7JgtObf5AaH-wrnNPQRGHfqjXQSi4eu98EmYPgYxXmFDRV1yXlj_ZBER_chG_TA_dbFFWNcuFjPJpCKVkjPgqMhLEiX8cQ=w1280,5b09ae12a130c5fa529671de1f1089a599f6c9b05ffc6b24031d5ceaa0559f88,1200,,True
Invoked,97973962,captions/ygo4_0256.json,Monster,Aleister the Invoker of Madness,ygo4_0256,a4c993cb5b34df8d,,new_card_first_release,,,images/ygo4_0256.png,passed_automated_decode_dimension_checks,2018-08-16,13509,1.0,api_identity_exact,Spellcaster,pending_konami_verification,1024,RGB,80d8ef8b65fc5d4cf285cf40d86f9e74d9d1cedd413fd92bff48513caa4842c3,1024,97973962,,Replaced passcode 92530005: available artwork was non-square composite,ygoprodeck_cropped_art,https://images.ygoprodeck.com/images/cards_cropped/97973962.jpg,2026-08-31T18:26:10+00:00,selected_pending_image_and_caption_qa,624,https://images.ygoprodeck.com/images/cards_cropped/97973962.jpg,ygoprodeck_cropped_art,Aleister the Invoker of Madness,https://db.ygoprodeck.com/api/v7/cardinfo.php?misc=yes,https://images.ygoprodeck.com/images/cards_cropped/97973962.jpg,ce6aa019a659633e98f4a5ea089dd7b59512ffe19ee23cbb63b3f2c67572c0a1,624,,True
,1ZhdIl3kKPET-e8DC-aUPCHrVMf5grjyI,captions/ygo4_0257.json,Monster,Maiden of White,ygo4_0257,3272a3c8c80824a8,1ZhdIl3kKPET-e8DC-aUPCHrVMf5grjyI,new_card_first_release,,,images/ygo4_0257.png,passed_automated_decode_dimension_checks,2024-09-07,20602,1.0,exact_alias,Spellcaster,pending_konami_verification,1024,RGB,232e14b44c50c02eee9c3931541a12d072514c4b2659e2f52ba94208d3981a8f,1024,17947697,,,thehungtd_drive_original,https://drive.usercontent.google.com/download?id=1ZhdIl3kKPET-e8DC-aUPCHrVMf5grjyI&export=download&authuser=0&confirm=t,2026-08-31T18:25:58+00:00,selected_pending_image_and_caption_qa,1200,https://lh3.googleusercontent.com/sitesv/AG8ngQWbAybgFrHFA9fCZb0KW8gyD5f0TJPjCJYJLuziDbXsXdFlUp5MIGoxWZUMI2rnbe9Xn_A0xw_v7-l_eCDhf6Orj2ZYF1Wfh5K-ttySpGJgI09ueIhar34o9ECeNTGo8Blxw52kFqhbIEV0Dct5XMGM4Aov40-LMLt_I3UK0FTtfYSKmxKgZSGALpxz=s0,thehungtd_full_art,Maiden of White,https://sites.google.com/view/thehungtd/latest-artworks/2024/structure-deck-advent-of-the-eyes-of-blue,https://lh3.googleusercontent.com/sitesv/AG8ngQWbAybgFrHFA9fCZb0KW8gyD5f0TJPjCJYJLuziDbXsXdFlUp5MIGoxWZUMI2rnbe9Xn_A0xw_v7-l_eCDhf6Orj2ZYF1Wfh5K-ttySpGJgI09ueIhar34o9ECeNTGo8Blxw52kFqhbIEV0Dct5XMGM4Aov40-LMLt_I3UK0FTtfYSKmxKgZSGALpxz=w1280,6cc4eda7a5291ac66f0c327520c52b29a6dea76c97b166fd856f5dbaa253f38d,1200,,True
Magistus,18dwHHdR4kErvtHpyKpYmXZeURnou8t3X,captions/ygo4_0258.json,Monster,Magistus Chorozo,ygo4_0258,87193bd2191b4483,18dwHHdR4kErvtHpyKpYmXZeURnou8t3X,new_card_first_release,,,images/ygo4_0258.png,passed_automated_decode_dimension_checks,2025-01-23,20471,1.0,exact_alias,Spellcaster,pending_konami_verification,1024,RGB,4341666b0ad44ccaa998bd7f2b82b4b73ed90c4099bccf77eed606fe5fbe7e02,1024,66532962,,,thehungtd_drive_original,https://drive.usercontent.google.com/download?id=18dwHHdR4kErvtHpyKpYmXZeURnou8t3X&export=download&authuser=0&confirm=t,2026-08-31T18:25:56+00:00,selected_pending_image_and_caption_qa,1200,https://lh3.googleusercontent.com/sitesv/AG8ngQU9tCtuVkMsUDjgepg44iMvsf2oWlBFrvX3grstaH3eUwTNGc1Pf2Q7gEGrWCOySkPoMnAE20U5G9Qi1J9D3IU02ix1YWHNtngiAp5RjaI79Gba7gdFTRshlltdCwtsfm6jE08IzeGmBL2RN3RmVTi0RAhtAONdfqZKTM185XdVmT_p9-zmnhb8fXYeF_E=s0,thehungtd_full_art,Magistus Chorozo,https://sites.google.com/view/thehungtd/latest-artworks/2024/other,https://lh3.googleusercontent.com/sitesv/AG8ngQU9tCtuVkMsUDjgepg44iMvsf2oWlBFrvX3grstaH3eUwTNGc1Pf2Q7gEGrWCOySkPoMnAE20U5G9Qi1J9D3IU02ix1YWHNtngiAp5RjaI79Gba7gdFTRshlltdCwtsfm6jE08IzeGmBL2RN3RmVTi0RAhtAONdfqZKTM185XdVmT_p9-zmnhb8fXYeF_E=w1280,d940831ed1dee79cdb80baeb2e25986b39258251fa867ecf395870a573182718,1200,,True
25th Anniversary Monsters,1rNFRGBicuVoK1XZS4vukYTw-fY8bCzIl,captions/ygo4_0259.json,Monster,Paladins of Bonds and Unity,ygo4_0259,4f2369a145cd89cb,1rNFRGBicuVoK1XZS4vukYTw-fY8bCzIl,new_card_first_release,,,images/ygo4_0259.png,passed_automated_decode_dimension_checks,2025-01-23,20818,1.0,exact_alias,Spellcaster,pending_konami_verification,1024,RGB,cbcc35a99ead0888a5c91c7084d1af2e0d4926cb08e7d3726781562580de3fd6,1024,99217226,,,thehungtd_drive_original,https://drive.usercontent.google.com/download?id=1rNFRGBicuVoK1XZS4vukYTw-fY8bCzIl&export=download&authuser=0&confirm=t,2026-08-31T18:25:56+00:00,selected_pending_image_and_caption_qa,1200,https://lh3.googleusercontent.com/sitesv/AG8ngQX0mSTx3Ha1bBPtfika7dietYancLtC14toYGGIXlMbM4uMN4c60vbZub2_luLlY8uRiDglEEOVake2yiwFYFUT0CIyWHJaTxE0h6tNAHMkf50Zhrg43RFFUbgE-LcRXUc7OHk2X6HkxbgKknTWnRnag4BMxLCG5ZJyxAh9Y3i6St4q8-vkWnV0C1Zf=s0,thehungtd_full_art,Paladins of Bonds and Unity,https://sites.google.com/view/thehungtd/latest-artworks/2024/supreme-darkness,https://lh3.googleusercontent.com/sitesv/AG8ngQX0mSTx3Ha1bBPtfika7dietYancLtC14toYGGIXlMbM4uMN4c60vbZub2_luLlY8uRiDglEEOVake2yiwFYFUT0CIyWHJaTxE0h6tNAHMkf50Zhrg43RFFUbgE-LcRXUc7OHk2X6HkxbgKknTWnRnag4BMxLCG5ZJyxAh9Y3i6St4q8-vkWnV0C1Zf=w1280,7dd0eb407f47e85bd56d6adcb9ac87635512756392f4167a4206095d00d57580,1200,,True
Magician Girl,1CuNp1Hlix1tL9EJ3DoLT4Q8mwcYR-Cq1,captions/ygo4_0260.json,Monster,Performapal Sky Magician Girl,ygo4_0260,2d3333cd484d1c25,1CuNp1Hlix1tL9EJ3DoLT4Q8mwcYR-Cq1,new_card_first_release,,,images/ygo4_0260.png,passed_automated_decode_dimension_checks,2025-01-23,20571,1.0,exact_alias,Spellcaster,pending_konami_verification,1024,RGB,26d28b8392b9eb842c69c46d17055cce6749a8f26f13cd6e8be7a1be7edbd790,1024,3859859,,,thehungtd_drive_original,https://drive.usercontent.google.com/download?id=1CuNp1Hlix1tL9EJ3DoLT4Q8mwcYR-Cq1&export=download&authuser=0&confirm=t,2026-08-31T18:25:56+00:00,selected_pending_image_and_caption_qa,1200,https://lh3.googleusercontent.com/sitesv/AG8ngQW9-QX66dXcel3ymHt4OFjXsJ6UUivaeWRMcfR7D_Cg9Ana_vpcebZTR9pWChaE0vEfmTiq6ubrcJwFLRPuYMgyZXWjha5TtYL9VetV_Yv7qiGR8-n8rpNKkK-ZKmNeZyOb01oDMKM0UxgcxEcOoopd9MjlJZ_1IaEgQRQ20aqlN2Ddp_bl9AQ38-LY0kg=s0,thehungtd_full_art,Performapal Sky Magician Girl,https://sites.google.com/view/thehungtd/latest-artworks/2024/other,https://lh3.googleusercontent.com/sitesv/AG8ngQW9-QX66dXcel3ymHt4OFjXsJ6UUivaeWRMcfR7D_Cg9Ana_vpcebZTR9pWChaE0vEfmTiq6ubrcJwFLRPuYMgyZXWjha5TtYL9VetV_Yv7qiGR8-n8rpNKkK-ZKmNeZyOb01oDMKM0UxgcxEcOoopd9MjlJZ_1IaEgQRQ20aqlN2Ddp_bl9AQ38-LY0kg=w1280,dbab18bcef0e1caae79a25a4d826cecd14b76926ea34b11dca10045882052a78,1200,,True
Aleister,57294268,captions/ygo4_0261.json,Monster,Aleister the Reminiscent,ygo4_0261,37a7d39d0e5c5913,,new_card_first_release,,,images/ygo4_0261.png,passed_automated_decode_dimension_checks,2026-07-02,22964,1.0,api_identity_exact,Spellcaster,pending_konami_verification,1024,RGB,d840e76ad57e4f40e43172ac3dd4e3a1c184f7fb48cc5bc598e0f5246ede1df0,1024,57294268,,Replaced passcode 7934362: available artwork was non-square composite,ygoprodeck_cropped_art,https://images.ygoprodeck.com/images/cards_cropped/57294268.jpg,2026-08-31T18:26:10+00:00,selected_pending_image_and_caption_qa,624,https://images.ygoprodeck.com/images/cards_cropped/57294268.jpg,ygoprodeck_cropped_art,Aleister the Reminiscent,https://db.ygoprodeck.com/api/v7/cardinfo.php?misc=yes,https://images.ygoprodeck.com/images/cards_cropped/57294268.jpg,818fe61cd837009544ba499e9afdbc48e557da59a98ef6c9211bab4e243b9c35,624,,True
Performage,1j2RKtYUv0xjfuYiX_3eDX53CAdzyHP6D,captions/ygo4_0262.json,Monster,Performage Trapeze High Magician,ygo4_0262,4d3b3b33519d6b61,1j2RKtYUv0xjfuYiX_3eDX53CAdzyHP6D,new_card_first_release,,,images/ygo4_0262.png,passed_automated_decode_dimension_checks,2025-03-13,20411,1.0,exact_alias,Spellcaster,pending_konami_verification,1024,RGB,b47ee7b49ad120b87a488fe37015fc13153ce023f030d8084108911d17f40c00,1024,6659193,,,thehungtd_drive_original,https://drive.usercontent.google.com/download?id=1j2RKtYUv0xjfuYiX_3eDX53CAdzyHP6D&export=download&authuser=0&confirm=t,2026-08-31T18:26:01+00:00,selected_pending_image_and_caption_qa,1200,https://lh3.googleusercontent.com/sitesv/AG8ngQW06n7WupRsI4l1LQn_9dkMqZ-TskyT7tz_cTMsHp36tdfkIvFwAFlCBRcGBVBQqxInu8UKzT3ITcfCoXhMi7LDGTXPmDnx0FbsWsS7im7nyKbKXY-69sQxmrNniOivg0gKheLh3KXmrnmOYKjlm9co1UTFaoSu-SV2VtQEUDXXVzkZJh25ah-oBkuklVk=s0,thehungtd_full_art,Performage Trapeze High Magician,https://sites.google.com/view/thehungtd/latest-artworks/2024/animation-chronicle-2024,https://lh3.googleusercontent.com/sitesv/AG8ngQW06n7WupRsI4l1LQn_9dkMqZ-TskyT7tz_cTMsHp36tdfkIvFwAFlCBRcGBVBQqxInu8UKzT3ITcfCoXhMi7LDGTXPmDnx0FbsWsS7im7nyKbKXY-69sQxmrNniOivg0gKheLh3KXmrnmOYKjlm9co1UTFaoSu-SV2VtQEUDXXVzkZJh25ah-oBkuklVk=w1280,3bf167b922f795ee0cb2a69a1aa810a163eece569601572d1125b1b83e63e291,1200,,True
Batteryman,44586426,captions/ygo4_0263.json,Monster,Batteryman Solar,ygo4_0263,da6a5a9a9869726b,,new_card_first_release,,,images/ygo4_0263.png,passed_automated_decode_dimension_checks,2018-05-03,13581,1.0,api_identity_exact,Thunder,pending_konami_verification,1024,RGB,809fc228ad3136d1c29f94b69d0fd6890042bf03bf52767f41706fd3062fd058,1024,44586426,,,ygoprodeck_cropped_art,https://images.ygoprodeck.com/images/cards_cropped/44586426.jpg,2026-08-31T18:26:10+00:00,selected_pending_image_and_caption_qa,624,https://images.ygoprodeck.com/images/cards_cropped/44586426.jpg,ygoprodeck_cropped_art,Batteryman Solar,https://db.ygoprodeck.com/api/v7/cardinfo.php?misc=yes,https://images.ygoprodeck.com/images/cards_cropped/44586426.jpg,dc9de5facf17caa2fbed3f71991a2692b2fcf0207a563d541812a9e73335f6fd,624,,True
Thunder Dragon,15291624,captions/ygo4_0264.json,Monster,Thunder Dragon Colossus,ygo4_0264,b35bc9ad9e5ab332,,new_card_first_release,,,images/ygo4_0264.png,passed_automated_decode_dimension_checks,2018-10-18,13923,1.0,api_identity_exact,Thunder,pending_konami_verification,1024,RGB,72f1ce4a4880d0d7714b7eb00fb81ec83be41cb26cbecdf006e51484c985e68e,1024,15291624,,,ygoprodeck_cropped_art,https://images.ygoprodeck.com/images/cards_cropped/15291624.jpg,2026-08-31T18:26:10+00:00,selected_pending_image_and_caption_qa,624,https://images.ygoprodeck.com/images/cards_cropped/15291624.jpg,ygoprodeck_cropped_art,Thunder Dragon Colossus,https://db.ygoprodeck.com/api/v7/cardinfo.php?misc=yes,https://images.ygoprodeck.com/images/cards_cropped/15291624.jpg,20fb2181a74d75a6c49324f89c1c37eadff06942e473fb414b0326c6ff8d0f3a,624,,True
Memento,1_GY3qa7H_VMxdEWdNWbct3xqyj_19SQU,captions/ygo4_0265.json,Monster,Mementotlan Twin Dragon,ygo4_0265,97f9d14d4d398b88,1_GY3qa7H_VMxdEWdNWbct3xqyj_19SQU,new_card_first_release,,,images/ygo4_0265.png,passed_automated_decode_dimension_checks,2024-04-25,19878,1.0,exact_alias,Thunder,pending_konami_verification,1024,RGB,f3e61a87b289d4b551e585cf0900cddc0481ae86a70f0ae7a7ea5d555d175dd9,1024,19181420,,,ygoprodeck_identity_fallback,https://images.ygoprodeck.com/images/cards_cropped/19181420.jpg,2026-08-31T18:26:02+00:00,selected_pending_image_and_caption_qa,624,https://lh3.googleusercontent.com/sitesv/AG8ngQXQm2z7iFek8Yzzx_yP3SgizmJ0FgQdoI1UnPGcv3OwguqzqEOBH-_I0WDTiILXFOR7lM-HX5vMJZjzs0mzEBNKbveVT0ZnB9HA6oQvBjLABvEECe3pKvWZlf1x34bHaInaw2USPGgqglZFL7Dy4rGAUp_0vNfOQJQZJ_W7wkjmC1ZQcQe6OhjCjVS9=s0,thehungtd_full_art,Mementotlan Twin Dragon,https://sites.google.com/view/thehungtd/latest-artworks/2024/legacy-of-destruction,https://lh3.googleusercontent.com/sitesv/AG8ngQXQm2z7iFek8Yzzx_yP3SgizmJ0FgQdoI1UnPGcv3OwguqzqEOBH-_I0WDTiILXFOR7lM-HX5vMJZjzs0mzEBNKbveVT0ZnB9HA6oQvBjLABvEECe3pKvWZlf1x34bHaInaw2USPGgqglZFL7Dy4rGAUp_0vNfOQJQZJ_W7wkjmC1ZQcQe6OhjCjVS9=w1280,24d8a2f07c71fe8482eab930eaabc3a256e0e095ba08c55ab775e3d6e6e80cef,624,,True
,10JchW8KmxCoTGwsGxQ5NTQkkqNXhF5lg,captions/ygo4_0266.json,Monster,Paralyzing Mushroom,ygo4_0266,8a9e6d6111490547,10JchW8KmxCoTGwsGxQ5NTQkkqNXhF5lg,new_card_first_release,,,images/ygo4_0266.png,passed_automated_decode_dimension_checks,2024-07-18,20204,1.0,exact_alias,Thunder,pending_konami_verification,1024,RGB,24dfa6b53ec773c6d33e04dc9a7ff1b3326dc4920d8d70701f6695afb6e5b7c1,1024,22712877,,,ygoprodeck_identity_fallback,https://images.ygoprodeck.com/images/cards_cropped/22712877.jpg,2026-08-31T18:26:00+00:00,selected_pending_image_and_caption_qa,624,https://lh3.googleusercontent.com/sitesv/AG8ngQWmRkWikToT2oyv5pjlMT-a9P10fMh3smvrHTZBmOJkeqKDfgcfmZONi3OvYZum5lgxUz5qQYnbjkMOLI9XP6hde09c0guEmqUwxnkzSSRjdY4CLOQ1vJYiK5WBDZe5svWZxHN_kDrbZT8KMElqhpvBLKTDbV5QM-sNRMDNiVTPaOwqQFbXvvJq6rtn=s0,thehungtd_full_art,Shiivertake,https://sites.google.com/view/thehungtd/latest-artworks/2024/infinite-forbidden,https://lh3.googleusercontent.com/sitesv/AG8ngQWmRkWikToT2oyv5pjlMT-a9P10fMh3smvrHTZBmOJkeqKDfgcfmZONi3OvYZum5lgxUz5qQYnbjkMOLI9XP6hde09c0guEmqUwxnkzSSRjdY4CLOQ1vJYiK5WBDZe5svWZxHN_kDrbZT8KMElqhpvBLKTDbV5QM-sNRMDNiVTPaOwqQFbXvvJq6rtn=w1280,e7aa833c90943e2c64c8a9b46c470c65f8c7e3259a2495459dcf3ff174198db8,624,,True
Ryzeal,1J2buz71-c2xlVnY2fGCV3KIjYtDoRZDN,captions/ygo4_0267.json,Monster,Node Ryzeal,ygo4_0267,1b05356d65315705,1J2buz71-c2xlVnY2fGCV3KIjYtDoRZDN,new_card_first_release,,,images/ygo4_0267.png,passed_automated_decode_dimension_checks,2024-12-05,20573,1.0,exact_alias,Thunder,pending_konami_verification,1024,RGB,d7d5a8a44395d0e34711955496a39967ab1b0cc9bb6e48e4f027213d0b693f16,1024,72238166,,,thehungtd_drive_original,https://drive.usercontent.google.com/download?id=1J2buz71-c2xlVnY2fGCV3KIjYtDoRZDN&export=download&authuser=0&confirm=t,2026-08-31T18:25:59+00:00,selected_pending_image_and_caption_qa,1200,https://lh3.googleusercontent.com/sitesv/AG8ngQWmWlvFiCU6F5a7QSoNc0ZNNuY7pUucoD3rf6rVevfUZZ5BpzTaQ-9nTUhMya7HXGcFHKZ9vx4ZWttth34o0MGOeM7K04bNXs90dpUvGCzIOEpZAr3TucgbGP4HJsjfykvXQm1OS2lyuNAGsE4a0L_UAMwRXAuVkEhq6wMJLqIqXvMwHHMD_8LIE-F3Gy0=s0,thehungtd_full_art,Node Raizeol,https://sites.google.com/view/thehungtd/latest-artworks/2024/deck-build-pack-crossover-breakers,https://lh3.googleusercontent.com/sitesv/AG8ngQWmWlvFiCU6F5a7QSoNc0ZNNuY7pUucoD3rf6rVevfUZZ5BpzTaQ-9nTUhMya7HXGcFHKZ9vx4ZWttth34o0MGOeM7K04bNXs90dpUvGCzIOEpZAr3TucgbGP4HJsjfykvXQm1OS2lyuNAGsE4a0L_UAMwRXAuVkEhq6wMJLqIqXvMwHHMD_8LIE-F3Gy0=w1280,ceac6d79e3b9bee2c8c1cb81ed6bfe3d5630d25c797de46091119856c7f28670,1200,,True
Sky Striker,1lXAovRqqXkS_XPvKTMo9RDdNMpaXFo-3,captions/ygo4_0268.json,Monster,Sky Striker Ace - Roze,ygo4_0268,e6a739795c64280b,1lXAovRqqXkS_XPvKTMo9RDdNMpaXFo-3,new_card_first_release,,,images/ygo4_0268.png,passed_automated_decode_dimension_checks,2020-01-30,14829,1.0,exact_alias,Warrior,pending_konami_verification,1024,RGB,682d6e9fd391161491a3f1cd6973254d3cf7ee9091c459e296a629204bc9baeb,1024,37351133,,,thehungtd_drive_original,https://drive.usercontent.google.com/download?id=1lXAovRqqXkS_XPvKTMo9RDdNMpaXFo-3&export=download&authuser=0&confirm=t,2026-08-31T18:26:06+00:00,selected_pending_image_and_caption_qa,1200,https://lh3.googleusercontent.com/sitesv/AG8ngQWfs00TTkRuXSxgVBXJ3QWBqFM7xaql1KyUWC5Owt23sxCyTGzeO8yDetdcvo4qABRww5D0XBZGPHZfDizuOJuiWyRsulBz7Dkj1KbynVjqhUkEt169F1nQFr-mENadnxX1yd9Uobp54Rs3qQDKY0Tz8XFSuH-5S1rhrjYdexnYE1RRoivPqDaL4nD581I=s0,thehungtd_full_art,Sky Striker Ace - Roze 2nd,https://sites.google.com/view/thehungtd/latest-artworks/2024/premium-pack-2024,https://lh3.googleusercontent.com/sitesv/AG8ngQWfs00TTkRuXSxgVBXJ3QWBqFM7xaql1KyUWC5Owt23sxCyTGzeO8yDetdcvo4qABRww5D0XBZGPHZfDizuOJuiWyRsulBz7Dkj1KbynVjqhUkEt169F1nQFr-mENadnxX1yd9Uobp54Rs3qQDKY0Tz8XFSuH-5S1rhrjYdexnYE1RRoivPqDaL4nD581I=w1280,1562c7a7dadfbdc8b565c5e282bb4f0a52cc4b187f7658341f29369373322bc0,1200,,True
Flame Swordsman,1KdJoFegVA1fvSkz8RR-ns_8AV6FkbVCV,captions/ygo4_0269.json,Monster,Mirage Swordsman,ygo4_0269,2f0ac33426ab6fce,1KdJoFegVA1fvSkz8RR-ns_8AV6FkbVCV,new_card_first_release,,,images/ygo4_0269.png,passed_automated_decode_dimension_checks,2024-01-18,19726,1.0,exact_alias,Warrior,pending_konami_verification,1024,RGB,bbfbcbcb7474c1156808c33792b0a010d8a3b88b3a20260622cfbe47eac75d2b,1024,73936388,,,ygoprodeck_identity_fallback,https://images.ygoprodeck.com/images/cards_cropped/73936388.jpg,2026-08-31T18:25:57+00:00,selected_pending_image_and_caption_qa,624,https://lh3.googleusercontent.com/sitesv/AG8ngQV5wyNHA4XkXPP60mmFjQ09kv1dsZGBIeGTH5-3M00ICHOo7tfkWB-rcrNjYdLJuKCbxvJcTerl0_IYDddIw5TPfCiHxK8EG_QDGpRSyWnt11sC5Q_9_lRQpnBqS5RKZpSoq_DBOApMBVQI5Aoa2s64OwymnAtUboQ3qSMgJH66bfQMDo85x1Wwxiwmi6o=s0,thehungtd_full_art,Mirage Swordsman,https://sites.google.com/view/thehungtd/latest-artworks/2024/world-premiere-pack-2024,https://lh3.googleusercontent.com/sitesv/AG8ngQV5wyNHA4XkXPP60mmFjQ09kv1dsZGBIeGTH5-3M00ICHOo7tfkWB-rcrNjYdLJuKCbxvJcTerl0_IYDddIw5TPfCiHxK8EG_QDGpRSyWnt11sC5Q_9_lRQpnBqS5RKZpSoq_DBOApMBVQI5Aoa2s64OwymnAtUboQ3qSMgJH66bfQMDo85x1Wwxiwmi6o=w1280,d34bef4e4e935bcaae53f5d93f2da017cb810ffbfe029fd230a6f613c6ad6e3d,624,,True
Flame Swordsman,183FDT6AuWEdwnvuN1VpCq9UvunP8qDsd,captions/ygo4_0270.json,Monster,Ultimate Flame Swordsman,ygo4_0270,65a4d0e333aaa811,183FDT6AuWEdwnvuN1VpCq9UvunP8qDsd,new_card_first_release,,,images/ygo4_0270.png,passed_automated_decode_dimension_checks,2024-01-18,19727,1.0,exact_alias,Warrior,pending_konami_verification,1024,RGB,70cd57bdea6061b3049830816cc84e25dd2780ef71ad9329799c028a59d377de,1024,324483,,,ygoprodeck_identity_fallback,https://images.ygoprodeck.com/images/cards_cropped/324483.jpg,2026-08-31T18:26:04+00:00,selected_pending_image_and_caption_qa,624,https://lh3.googleusercontent.com/sitesv/AG8ngQUo0RWFMm7SLVMbaC2rcq4Z-btCwfQOLazQ1DAT-WMX2KD--iBaazNf0b2g2FMaArStv_6enclG9lI7V8f53VzvmEaPACugAps-jr5bDxjm7pPTWqHSWUx1rr8u785FKIXf9CHe979EsDcl_coq03GJlZDNbYGATN3kGu41yhCfon-M5hAeKT45UwHhyfI=s0,thehungtd_full_art,Ultimate Flame Swordsman,https://sites.google.com/view/thehungtd/latest-artworks/2024/maze-of-millennia,https://lh3.googleusercontent.com/sitesv/AG8ngQUo0RWFMm7SLVMbaC2rcq4Z-btCwfQOLazQ1DAT-WMX2KD--iBaazNf0b2g2FMaArStv_6enclG9lI7V8f53VzvmEaPACugAps-jr5bDxjm7pPTWqHSWUx1rr8u785FKIXf9CHe979EsDcl_coq03GJlZDNbYGATN3kGu41yhCfon-M5hAeKT45UwHhyfI=w1280,01470fe942aaa5f1ecb646e53175625e4c17348e7d9cbb0ee06a1b15af943239,624,,True
Flame Swordsman,1ZL0Dp1emxMLHFUXMZClSavWsOx7vwjfL,captions/ygo4_0271.json,Monster,Ultimate Flame Swordsman,ygo4_0271,65a4d0e333aaa811,1ZL0Dp1emxMLHFUXMZClSavWsOx7vwjfL,new_card_first_release,,,images/ygo4_0271.png,passed_automated_decode_dimension_checks,2024-01-18,19727,1.0,exact_alias,Warrior,pending_konami_verification,1024,RGB,70cd57bdea6061b3049830816cc84e25dd2780ef71ad9329799c028a59d377de,1024,324483,,,ygoprodeck_identity_fallback,https://images.ygoprodeck.com/images/cards_cropped/324483.jpg,2026-08-31T18:25:57+00:00,selected_pending_image_and_caption_qa,624,https://lh3.googleusercontent.com/sitesv/AG8ngQXYZGAAAdPnZeRNV4u3hMS1MSgrib5al_TyYrgw9J_aKFO16S-VDttaKcckJloSWajAIFRvyID02xPUxWJCM8fg5NJhedSsrCpJsQMZEJo4LAtke3WezJa2yAQCYDsmxCyz2R_KQjS-o-tqDXjDOUti74bWdyoRTuTMdRMui_2YONLDjSixiRRASi_Fq9o=s0,thehungtd_full_art,Ultimate Flame Swordsman,https://sites.google.com/view/thehungtd/latest-artworks/2024/world-premiere-pack-2024,https://lh3.googleusercontent.com/sitesv/AG8ngQXYZGAAAdPnZeRNV4u3hMS1MSgrib5al_TyYrgw9J_aKFO16S-VDttaKcckJloSWajAIFRvyID02xPUxWJCM8fg5NJhedSsrCpJsQMZEJo4LAtke3WezJa2yAQCYDsmxCyz2R_KQjS-o-tqDXjDOUti74bWdyoRTuTMdRMui_2YONLDjSixiRRASi_Fq9o=w1280,01470fe942aaa5f1ecb646e53175625e4c17348e7d9cbb0ee06a1b15af943239,624,,True
Goblin,15IkI5zhy8kCW9szsc5mh8ubnjjdS6u3-,captions/ygo4_0272.json,Monster,Goblin Freefall Squad,ygo4_0272,3ab191868e9868f6,15IkI5zhy8kCW9szsc5mh8ubnjjdS6u3-,new_card_first_release,,,images/ygo4_0272.png,passed_automated_decode_dimension_checks,2024-02-08,19485,1.0,exact_alias,Warrior,pending_konami_verification,1024,RGB,123b6f465bda2b29478b63528ecbaee74b3bbdcf455804db2a53cb94bd7cdd76,1024,85123771,,,ygoprodeck_identity_fallback,https://images.ygoprodeck.com/images/cards_cropped/85123771.jpg,2026-08-31T18:26:04+00:00,selected_pending_image_and_caption_qa,624,https://lh3.googleusercontent.com/sitesv/AG8ngQV0Y99fDRrwUNDemkIGlcd9nFZJAWgfj38Fbq0v6chug6I1s2QnOmvOnEXHf2Qr1T0S-ZeBubsAlpOYWEC1U64ohfhm_bMMUfsNFfRP6iKX66u2hdGa9Qsh88Xe75ml6oe227QsquZOG41Wea_XPTpdnhxKx8dDnH5kXgiicdSxYUeyCln3Ie0Bq0xu=s0,thehungtd_full_art,Goblin Paratrooper Squad,https://sites.google.com/view/thehungtd/latest-artworks/2024/phantom-nightmare,https://lh3.googleusercontent.com/sitesv/AG8ngQV0Y99fDRrwUNDemkIGlcd9nFZJAWgfj38Fbq0v6chug6I1s2QnOmvOnEXHf2Qr1T0S-ZeBubsAlpOYWEC1U64ohfhm_bMMUfsNFfRP6iKX66u2hdGa9Qsh88Xe75ml6oe227QsquZOG41Wea_XPTpdnhxKx8dDnH5kXgiicdSxYUeyCln3Ie0Bq0xu=w1280,030bc09bb3e13267e7843c39e734cf92e5cffdb3edbde52026381bd3f553ca41,624,,True
Silent Swordsman,1SCsvy3A0_YjbJHtcBC1QNCHiQWeCwLUk,captions/ygo4_0273.json,Monster,Silent Swordsman Zero,ygo4_0273,d37371f87933a01a,1SCsvy3A0_YjbJHtcBC1QNCHiQWeCwLUk,new_card_first_release,,,images/ygo4_0273.png,passed_automated_decode_dimension_checks,2024-04-25,19843,1.0,exact_alias,Warrior,pending_konami_verification,1024,RGB,55d040bac06575fadd8333814c3e59bdba1fca53e7f3c1a77b2428c744681a9b,1024,39321065,,,ygoprodeck_identity_fallback,https://images.ygoprodeck.com/images/cards_cropped/39321065.jpg,2026-08-31T18:26:02+00:00,selected_pending_image_and_caption_qa,624,https://lh3.googleusercontent.com/sitesv/AG8ngQVg_YnAtvgeC4VG1GPUzDRSj6QxR8oF-DCkIcreZy_vnVTecCI9lXtOfnJtwKhemhZUs1feKc_gD1Dos9EIlJ1vWJDBpOIq5psmkWP0sV_WrPcNp0Y_HOkdBjOf0hIq3AnWAnXgXuJ-EgNVF5ORflPXafxuhO1dfVjA9Mf52YXN0f0WBZ3yiL7Ej7cGq4A=s0,thehungtd_full_art,Silent Swordsman Zero,https://sites.google.com/view/thehungtd/latest-artworks/2024/legacy-of-destruction,https://lh3.googleusercontent.com/sitesv/AG8ngQVg_YnAtvgeC4VG1GPUzDRSj6QxR8oF-DCkIcreZy_vnVTecCI9lXtOfnJtwKhemhZUs1feKc_gD1Dos9EIlJ1vWJDBpOIq5psmkWP0sV_WrPcNp0Y_HOkdBjOf0hIq3AnWAnXgXuJ-EgNVF5ORflPXafxuhO1dfVjA9Mf52YXN0f0WBZ3yiL7Ej7cGq4A=w1280,48d2e871e1b16f8577c0b867eb20c7c75ad7a751fea175931fb0dcad4e4f8e8a,624,,True
,1BA4tit_E1yrbLEuvcU12VmurGPulPT8G,captions/ygo4_0274.json,Monster,Ace★Spades Speculation,ygo4_0274,c484a511712941d5,1BA4tit_E1yrbLEuvcU12VmurGPulPT8G,new_card_first_release,,,images/ygo4_0274.png,passed_automated_decode_dimension_checks,2024-06-20,19935,1.0,exact_alias,Warrior,pending_konami_verification,1024,RGB,e1b067b6bf41387c5dc9b2f5203cfb7c5b23d5f57852cc97538b1ab067f4ade1,1024,10796448,,,ygoprodeck_identity_fallback,https://images.ygoprodeck.com/images/cards_cropped/10796448.jpg,2026-08-31T18:25:56+00:00,selected_pending_image_and_caption_qa,624,https://lh3.googleusercontent.com/sitesv/AG8ngQWsAXXg0sPv54q6bO6bZu1DyFT0qDBo4JnjEIM3DiTheclTO05u8QmSX8wkGCf5s23dImohc4XMBQEEXyfZ0kdVh5WUr56K9be4-6yZ-w5geJvFi62LNEvJ4CXxWllmus_Mc5oL2ENqGUMIn62zG7bQCvHCfW9GDqm41cWpk6Qz93VW7zC2oNPuds6GMIQ=s0,thehungtd_full_art,A★Speculation,https://sites.google.com/view/thehungtd/latest-artworks/2024/other,https://lh3.googleusercontent.com/sitesv/AG8ngQWsAXXg0sPv54q6bO6bZu1DyFT0qDBo4JnjEIM3DiTheclTO05u8QmSX8wkGCf5s23dImohc4XMBQEEXyfZ0kdVh5WUr56K9be4-6yZ-w5geJvFi62LNEvJ4CXxWllmus_Mc5oL2ENqGUMIn62zG7bQCvHCfW9GDqm41cWpk6Qz93VW7zC2oNPuds6GMIQ=w1280,45ac48fb0ba7f4f07f8c8565210c195bab212e15bec61807f8fb253f779fd451,624,,True
Toy,10DWZmBseCQdoRSE6Hn2TXHVN2q0nL1Cj,captions/ygo4_0275.json,Monster,Toy Soldier,ygo4_0275,cd461333732c262e,10DWZmBseCQdoRSE6Hn2TXHVN2q0nL1Cj,new_card_first_release,,,images/ygo4_0275.png,passed_automated_decode_dimension_checks,2024-06-20,6791,1.0,exact_alias,Warrior,pending_konami_verification,1024,RGB,bf9d66a7bb9fe45453bf96c11339ac5117114c6027c23e5140f54544d80d08bf,1024,65504487,,,thehungtd_drive_original,https://drive.usercontent.google.com/download?id=10DWZmBseCQdoRSE6Hn2TXHVN2q0nL1Cj&export=download&authuser=0&confirm=t,2026-08-31T18:26:06+00:00,selected_pending_image_and_caption_qa,1200,https://lh3.googleusercontent.com/sitesv/AG8ngQWroqIGcB1pFxzXqRmERoQGIPhChG547kUmg0sbS4jFaMni1t4xMLfYTk4hiEBHzqA5YLi8No1FYuWRECbR7Z8C6iBGvrbt09PJX9yyE-QGvFz3zmXEAijDJQ9tGzz-ZBnWxPUfW2eRBx2CyAt8Z8JSDTY_kG1J8Dij2BPKhnyAaB3Fev_3IIrmrVTP=s0,thehungtd_full_art,Toy Soldier,https://sites.google.com/view/thehungtd/latest-artworks/2024/premium-pack-2024,https://lh3.googleusercontent.com/sitesv/AG8ngQWroqIGcB1pFxzXqRmERoQGIPhChG547kUmg0sbS4jFaMni1t4xMLfYTk4hiEBHzqA5YLi8No1FYuWRECbR7Z8C6iBGvrbt09PJX9yyE-QGvFz3zmXEAijDJQ9tGzz-ZBnWxPUfW2eRBx2CyAt8Z8JSDTY_kG1J8Dij2BPKhnyAaB3Fev_3IIrmrVTP=w1280,ce530e14867cb3fad170114200df626bf2bc7628c54911f01559432d47a01185,1200,,True
Clear,1eKO4B38Gid99Xnyj2g9beV9OiL_uBZyj,captions/ygo4_0276.json,Monster,Clear Vicious Knight,ygo4_0276,9737256159444579,1eKO4B38Gid99Xnyj2g9beV9OiL_uBZyj,new_card_first_release,,,images/ygo4_0276.png,passed_automated_decode_dimension_checks,2024-06-22,20396,1.0,exact_alias,Warrior,pending_konami_verification,1024,RGB,7d640a8bbaea6a849d73a54c3b30a1fe45155c65661e7d2bd996dbb644d0d08f,1024,70095046,,,ygoprodeck_identity_fallback,https://images.ygoprodeck.com/images/cards_cropped/70095046.jpg,2026-08-31T18:26:01+00:00,selected_pending_image_and_caption_qa,624,https://lh3.googleusercontent.com/sitesv/AG8ngQUw783XSHPHkUOjuWGKC_1-5kuCM6WJvPCBwDefML9ht6QrCrJDYJqdAo8vk2d2tAG3MZCul7fhOQTqypzzssLdrmCfz8Dsmw-rUd8OILjYhYqYLJzLXDo7tPsMmsJV27aOZ7DAHCa3fN_sWIsIMS95FDse_RkACkMzzbvhM7UInhqyhmaGbHyg5yKDU9A=s0,thehungtd_full_art,Clear Vicious Knight,https://sites.google.com/view/thehungtd/latest-artworks/2024/animation-chronicle-2024,https://lh3.googleusercontent.com/sitesv/AG8ngQUw783XSHPHkUOjuWGKC_1-5kuCM6WJvPCBwDefML9ht6QrCrJDYJqdAo8vk2d2tAG3MZCul7fhOQTqypzzssLdrmCfz8Dsmw-rUd8OILjYhYqYLJzLXDo7tPsMmsJV27aOZ7DAHCa3fN_sWIsIMS95FDse_RkACkMzzbvhM7UInhqyhmaGbHyg5yKDU9A=w1280,8b91ac38cc744f907a583a9c2f84240a1e804ab36887956ee05df3fea1442518,624,,True
Millennium,1k3wjQGhY_Diuoc6Vb5qcng4rIvkSXEzV,captions/ygo4_0277.json,Monster,Shield of the Millennium Dynasty,ygo4_0277,1515cccc4d691b4d,1k3wjQGhY_Diuoc6Vb5qcng4rIvkSXEzV,new_card_first_release,,,images/ygo4_0277.png,passed_automated_decode_dimension_checks,2024-07-18,20182,1.0,exact_alias,Warrior,pending_konami_verification,1024,RGB,9d39d3053265dfdd3091711d18dced20bfeee05d73630c9d692291503232b26e,1024,1164211,,,thehungtd_drive_original,https://drive.usercontent.google.com/download?id=1k3wjQGhY_Diuoc6Vb5qcng4rIvkSXEzV&export=download&authuser=0&confirm=t,2026-08-31T18:26:00+00:00,selected_pending_image_and_caption_qa,1200,https://lh3.googleusercontent.com/sitesv/AG8ngQVqx4RPjydRs9XObr1QsKYspe4UE5B0Zeq8tFhHe8o2Z2xGJFbxzsE34pBj3z87ttQnI-UjmAxKhSE_nriS4uYcIYnjA9fXvCQFJCrFnW-BmwZKAUZQdDlP1H3xl7lwDGJoCqCFg9bXp2_zRpbCdZlPm_Y6_ynWR_4xOWQwAZpv_tI-FLLg8d_6QGmA=s0,thehungtd_full_art,Shield of the Millennium Dynasty,https://sites.google.com/view/thehungtd/latest-artworks/2024/infinite-forbidden,https://lh3.googleusercontent.com/sitesv/AG8ngQVqx4RPjydRs9XObr1QsKYspe4UE5B0Zeq8tFhHe8o2Z2xGJFbxzsE34pBj3z87ttQnI-UjmAxKhSE_nriS4uYcIYnjA9fXvCQFJCrFnW-BmwZKAUZQdDlP1H3xl7lwDGJoCqCFg9bXp2_zRpbCdZlPm_Y6_ynWR_4xOWQwAZpv_tI-FLLg8d_6QGmA=w1280,9c027c78e7ae32ff154491b28ea55ff29592c51d9305d45892156b6900791d3d,1200,,True
Six Samurai,1dl0jKfGtT-cdFqsXavapUsTfwE0dbkpS,captions/ygo4_0278.json,Monster,Anarchist Monk of the Six Samurai,ygo4_0278,d9c9420d2566b437,1dl0jKfGtT-cdFqsXavapUsTfwE0dbkpS,new_card_first_release,,,images/ygo4_0278.png,passed_automated_decode_dimension_checks,2024-07-27,20495,1.0,exact_alias,Warrior,pending_konami_verification,1024,RGB,fe52d3b12cff7aa005cbc61ee740cab79a2e43ab1d8a3ffb33fdd92233e30320,1024,80570228,,,thehungtd_drive_original,https://drive.usercontent.google.com/download?id=1dl0jKfGtT-cdFqsXavapUsTfwE0dbkpS&export=download&authuser=0&confirm=t,2026-08-31T18:25:58+00:00,selected_pending_image_and_caption_qa,1200,https://lh3.googleusercontent.com/sitesv/AG8ngQXDIevG8s7SpXyptpHMO9BK2vLJD-Bz9TqzwnxBfP_tJP2IpqWFnjkynKHoc8RQGTWXfhCJgeeiGD-EKfV1BSb3NPEjwBzFtnmTPlk5ktoR7PS9uC0glnUuH7dnZjGNHjBdkf063eLepeltpug-Egi0nitHWlGI9Q_saapVNuA7ugZ1WC22tMt5MhFS38I=s0,thehungtd_full_art,Anarchist Monk of the Six Samurai,https://sites.google.com/view/thehungtd/latest-artworks/2024/rage-of-the-abyss,https://lh3.googleusercontent.com/sitesv/AG8ngQXDIevG8s7SpXyptpHMO9BK2vLJD-Bz9TqzwnxBfP_tJP2IpqWFnjkynKHoc8RQGTWXfhCJgeeiGD-EKfV1BSb3NPEjwBzFtnmTPlk5ktoR7PS9uC0glnUuH7dnZjGNHjBdkf063eLepeltpug-Egi0nitHWlGI9Q_saapVNuA7ugZ1WC22tMt5MhFS38I=w1280,b6b7f194f36cf7c5627b335a4d6d0d75b9750f380508e6b1c3c5599fb3197508,1200,,True
Six Samurai,1bKXJ-E51dRYp-0dZUJaV9-pLhVd_xh1j,captions/ygo4_0279.json,Monster,Legendary Lord Six Samurai - Enishi,ygo4_0279,10194f376b6989cd,1bKXJ-E51dRYp-0dZUJaV9-pLhVd_xh1j,new_card_first_release,,,images/ygo4_0279.png,passed_automated_decode_dimension_checks,2024-07-27,20516,1.0,exact_alias,Warrior,pending_konami_verification,1024,RGB,a54ce7b7443690bd6599ea4140dbddce354dce798a8b21fa7a4e0c2cc4e0e35b,1024,70634245,,,thehungtd_drive_original,https://drive.usercontent.google.com/download?id=1bKXJ-E51dRYp-0dZUJaV9-pLhVd_xh1j&export=download&authuser=0&confirm=t,2026-08-31T18:25:58+00:00,selected_pending_image_and_caption_qa,1200,https://lh3.googleusercontent.com/sitesv/AG8ngQXhlQKjoLlelKDAqCrY792q0eY-iE4TY6wgKfUTcg2i5_ILhO8ajEwO-VMLkHHHvw5K7KtjO79636ucv2Ht870a7j0paHib9aUUw-nmpVF6onisXj81LcF68W2JH6vIKubVIYafms8SIBKk_iY0hoFyh2VC3ayGdCOHSq-TCwcEOWsuRyIlNWMlig=s0,thehungtd_full_art,Legendary Klesha Six Samurai - Enishi,https://sites.google.com/view/thehungtd/latest-artworks/2024/rage-of-the-abyss,https://lh3.googleusercontent.com/sitesv/AG8ngQXhlQKjoLlelKDAqCrY792q0eY-iE4TY6wgKfUTcg2i5_ILhO8ajEwO-VMLkHHHvw5K7KtjO79636ucv2Ht870a7j0paHib9aUUw-nmpVF6onisXj81LcF68W2JH6vIKubVIYafms8SIBKk_iY0hoFyh2VC3ayGdCOHSq-TCwcEOWsuRyIlNWMlig=w1280,da70a443d254b52d93af4717da88ae63e54a3a794f1b128ce9fd92ab33e2e4dc,1200,,True
Six Samurai,1_wx9QM0Du0t9ZiECkMlO5SDOlRgTshXY,captions/ygo4_0280.json,Monster,Legendary Lord Six Samurai - Shi En,ygo4_0280,8e44e82264f46c59,1_wx9QM0Du0t9ZiECkMlO5SDOlRgTshXY,new_card_first_release,,,images/ygo4_0280.png,passed_automated_decode_dimension_checks,2024-07-27,20515,1.0,exact_alias,Warrior,pending_konami_verification,1024,RGB,32b370d34b81684e085a0c7066ae7017710c26f475f0dcc8d6ac668272618909,1024,34235530,,,thehungtd_drive_original,https://drive.usercontent.google.com/download?id=1_wx9QM0Du0t9ZiECkMlO5SDOlRgTshXY&export=download&authuser=0&confirm=t,2026-08-31T18:25:58+00:00,selected_pending_image_and_caption_qa,1200,https://lh3.googleusercontent.com/sitesv/AG8ngQWBSQ9N1BMlWJ0wY4Ckxq11Pat_4QTVqdG63Vc1e0RIVvxXL-ysrEZUcJ3rzaY8evphjkuviJD0jQ1ZnYtM97fVUPRd1Ind6qii4oYaIoVQQLAhSpq0HcicjzoPIDjoeIHU0JN4CXox1qUCkT-xKptbOAuYs-OxkZvT0grVBBnzbR0ArudkFcLaqdj-YjA=s0,thehungtd_full_art,Legendary Klesha Six Samurai - Shi En,https://sites.google.com/view/thehungtd/latest-artworks/2024/rage-of-the-abyss,https://lh3.googleusercontent.com/sitesv/AG8ngQWBSQ9N1BMlWJ0wY4Ckxq11Pat_4QTVqdG63Vc1e0RIVvxXL-ysrEZUcJ3rzaY8evphjkuviJD0jQ1ZnYtM97fVUPRd1Ind6qii4oYaIoVQQLAhSpq0HcicjzoPIDjoeIHU0JN4CXox1qUCkT-xKptbOAuYs-OxkZvT0grVBBnzbR0ArudkFcLaqdj-YjA=w1280,f5b3d1811c5a76be08794b1e423a0c0825e99d83f343db0ea69b30e327fe74c8,1200,,True
Six Samurai,1bUfMd6XRuOO07AMd6YrPfSjIQSPInbLI,captions/ygo4_0281.json,Monster,Tactical Trainer of the Six Samurai,ygo4_0281,353959d2ccc4c151,1bUfMd6XRuOO07AMd6YrPfSjIQSPInbLI,new_card_first_release,,,images/ygo4_0281.png,passed_automated_decode_dimension_checks,2024-07-27,20496,1.0,exact_alias,Warrior,pending_konami_verification,1024,RGB,e6fa6aa7f472bf8eb8c66375b41206e0dabe157daae1920eadaf7a18b479f284,1024,16968936,,,thehungtd_drive_original,https://drive.usercontent.google.com/download?id=1bUfMd6XRuOO07AMd6YrPfSjIQSPInbLI&export=download&authuser=0&confirm=t,2026-08-31T18:25:58+00:00,selected_pending_image_and_caption_qa,1200,https://lh3.googleusercontent.com/sitesv/AG8ngQXq-NF67Kdmbb-VZQUzdB2KTQ-RX9bhO95QhsuPejyjGOCIe64aGHj605PidOO_yZCjYwxNhFMSJuI8Lcal0K2M_Ht1asKAiojK-zMNfpf6DsZvGlbdBP4fyiEsMjCfnQDhgqcz5FtDT0-m_Nv88Bn7oCx5Divt3Gs302S2z0vKfKROTXjXV2m272wsjd0=s0,thehungtd_full_art,Instructor of the Six Samurai,https://sites.google.com/view/thehungtd/latest-artworks/2024/rage-of-the-abyss,https://lh3.googleusercontent.com/sitesv/AG8ngQXq-NF67Kdmbb-VZQUzdB2KTQ-RX9bhO95QhsuPejyjGOCIe64aGHj605PidOO_yZCjYwxNhFMSJuI8Lcal0K2M_Ht1asKAiojK-zMNfpf6DsZvGlbdBP4fyiEsMjCfnQDhgqcz5FtDT0-m_Nv88Bn7oCx5Divt3Gs302S2z0vKfKROTXjXV2m272wsjd0=w1280,58f98eb78cc0f531206909aa70e66ab721cb9a26f58ce54aaef374523b503cfc,1200,,True
Mimighoul,1iAM_0xRAbR2LmLiIS0Ed9c_9bNjskgY6,captions/ygo4_0282.json,Monster,Mimighoul Armor,ygo4_0282,85c5ad289a0b4a85,1iAM_0xRAbR2LmLiIS0Ed9c_9bNjskgY6,new_card_first_release,,,images/ygo4_0282.png,passed_automated_decode_dimension_checks,2024-10-10,20714,1.0,exact_alias,Warrior,pending_konami_verification,1024,RGB,3b798bc6fb4a0d28bd72f5fc1942ba679595c679322d416f71ea85233f104de0,1024,11677278,,,thehungtd_drive_original,https://drive.usercontent.google.com/download?id=1iAM_0xRAbR2LmLiIS0Ed9c_9bNjskgY6&export=download&authuser=0&confirm=t,2026-08-31T18:25:58+00:00,selected_pending_image_and_caption_qa,1200,https://lh3.googleusercontent.com/sitesv/AG8ngQUz-5BRFJrgxFuzRFrEQwdrSMdQ0VFpW2iQeUn8twVRCJIi977jjdlIKVo5mIhOTDn9lb7xziAwZFIUW4oA3b_Lw4-E4asjLN-L6AYwo_VPBK6dVZUvUceq4whGv4gQRkL0WRQjRYGbTwGK7pmVz27qZ43F9VCIJ2lG5PRctXKPadDMRViOKGlyT4FB=s0,thehungtd_full_art,Mimighoul Armor,https://sites.google.com/view/thehungtd/latest-artworks/2024/rage-of-the-abyss,https://lh3.googleusercontent.com/sitesv/AG8ngQUz-5BRFJrgxFuzRFrEQwdrSMdQ0VFpW2iQeUn8twVRCJIi977jjdlIKVo5mIhOTDn9lb7xziAwZFIUW4oA3b_Lw4-E4asjLN-L6AYwo_VPBK6dVZUvUceq4whGv4gQRkL0WRQjRYGbTwGK7pmVz27qZ43F9VCIJ2lG5PRctXKPadDMRViOKGlyT4FB=w1280,74a5de4a73f4c4f6410d62edf81db301175962475aedacb49f1be17784e56441,1200,,True
Argostars,1hOXSLoaqNqUR4xBiPYpTOkj9mY4TE_ri,captions/ygo4_0283.json,Monster,Argostars - Glorious Adra,ygo4_0283,36b074ca5ab6a869,1hOXSLoaqNqUR4xBiPYpTOkj9mY4TE_ri,new_card_first_release,,,images/ygo4_0283.png,passed_automated_decode_dimension_checks,2025-01-17,20749,1.0,exact_alias,Warrior,pending_konami_verification,1024,RGB,ec3fbb7272e4138b1d7d69cfa8e87c9d109dfacd58a603f9c00eeeb1bc89f0dd,1024,91438674,,,thehungtd_drive_original,https://drive.usercontent.google.com/download?id=1hOXSLoaqNqUR4xBiPYpTOkj9mY4TE_ri&export=download&authuser=0&confirm=t,2026-08-31T18:25:56+00:00,selected_pending_image_and_caption_qa,1200,https://lh3.googleusercontent.com/sitesv/AG8ngQUyTWIz1Ypfy4MfQLxd7gxfz_670rarSoYJmbxtTQLdEG_BiMLCwnFyHgGavVdqyhLHCSJQOexOu87z6DMDncODzmEKz5XVFJRy8B2u7ciTnZvofAzkGxw0zlbG4b1hwwnXnwtQBV6LfzbHu3Bie50BgqrGQUokKgzf7eladkCpOhb7krIaZS0R1PQKqYI=s0,thehungtd_full_art,ARG☆S - Adra the Laurels,https://sites.google.com/view/thehungtd/latest-artworks/2024/supreme-darkness,https://lh3.googleusercontent.com/sitesv/AG8ngQUyTWIz1Ypfy4MfQLxd7gxfz_670rarSoYJmbxtTQLdEG_BiMLCwnFyHgGavVdqyhLHCSJQOexOu87z6DMDncODzmEKz5XVFJRy8B2u7ciTnZvofAzkGxw0zlbG4b1hwwnXnwtQBV6LfzbHu3Bie50BgqrGQUokKgzf7eladkCpOhb7krIaZS0R1PQKqYI=w1280,6f08a8099e7f53fa449941788ae908a5d0b582b399c568a111588aa216fe4ad1,1200,,True
,1yBC0JbrDy_4sNIiNtUQ4yGMy_dC27aXw,captions/ygo4_0284.json,Monster,Eclipse Twins,ygo4_0284,766609454f0bb258,1yBC0JbrDy_4sNIiNtUQ4yGMy_dC27aXw,new_card_first_release,,,images/ygo4_0284.png,passed_automated_decode_dimension_checks,2025-01-23,20784,1.0,exact_alias,Warrior,pending_konami_verification,1024,RGB,f414bdc4e76fd41cc5e7574658d468471a5065f13e2bbcf506927f90f0d9a99f,1024,45852939,,,thehungtd_drive_original,https://drive.usercontent.google.com/download?id=1yBC0JbrDy_4sNIiNtUQ4yGMy_dC27aXw&export=download&authuser=0&confirm=t,2026-08-31T18:25:56+00:00,selected_pending_image_and_caption_qa,1200,https://lh3.googleusercontent.com/sitesv/AG8ngQXVVzcmv5AM8g8Q1g4ZAGFuAE2TLUrKjSDP7PWUWeJEcz3YWrB8DcWB5OeONWBiTSwpHNuZAlnemGeZE7hr532w2YXeV8pWOG04Q7njZ5pu74YSsy0KOWz51TOAPoLGxitlP-tDITWwr7D2S-lHnRlaV_Ml-1WjKBFLAGImGqh1ZDOSzDDfu-8hi6Zb=s0,thehungtd_full_art,Twins of the Eclipse,https://sites.google.com/view/thehungtd/latest-artworks/2024/supreme-darkness,https://lh3.googleusercontent.com/sitesv/AG8ngQXVVzcmv5AM8g8Q1g4ZAGFuAE2TLUrKjSDP7PWUWeJEcz3YWrB8DcWB5OeONWBiTSwpHNuZAlnemGeZE7hr532w2YXeV8pWOG04Q7njZ5pu74YSsy0KOWz51TOAPoLGxitlP-tDITWwr7D2S-lHnRlaV_Ml-1WjKBFLAGImGqh1ZDOSzDDfu-8hi6Zb=w1280,5d665af79d6356a74a08eeb06549023c66572e4b1189748f7c7402e4238e0baa,1200,,True
Raidraptor,10qmRyKsl-qWKZWkMrsnG2NuC8-PHcimQ,captions/ygo4_0285.json,Monster,Raidraptor - Bloom Vulture,ygo4_0285,ce4e63693a4a0d0c,10qmRyKsl-qWKZWkMrsnG2NuC8-PHcimQ,new_card_first_release,,,images/ygo4_0285.png,passed_automated_decode_dimension_checks,2024-02-08,19460,1.0,exact_alias,Winged Beast,pending_konami_verification,1024,RGB,01eefdb194fad64461e97dde78c3d51adcf433e13e10269393f2b771817e3691,1024,25191307,,,ygoprodeck_identity_fallback,https://images.ygoprodeck.com/images/cards_cropped/25191307.jpg,2026-08-31T18:26:04+00:00,selected_pending_image_and_caption_qa,624,https://lh3.googleusercontent.com/sitesv/AG8ngQXkEom2YNFix-BPQQkVBAyP78SLPzVenpBj-8v1oBKLs0eiAxp-20mW_yaJdEo3z0Yqr5qezWK4hxLa_yKZfcoI8lezTTEqvDEt4G9z_0aYgjLFjdDGoroUCkdqbN370KZuyNOmOiFfJO1BoSffN0Wmcnb4rvsmJawRG6rCkpRjRiUzJaUySZ9ExbJSKK4=s0,thehungtd_full_art,Raidraptor - Bloom Vulture,https://sites.google.com/view/thehungtd/latest-artworks/2024/phantom-nightmare,https://lh3.googleusercontent.com/sitesv/AG8ngQXkEom2YNFix-BPQQkVBAyP78SLPzVenpBj-8v1oBKLs0eiAxp-20mW_yaJdEo3z0Yqr5qezWK4hxLa_yKZfcoI8lezTTEqvDEt4G9z_0aYgjLFjdDGoroUCkdqbN370KZuyNOmOiFfJO1BoSffN0Wmcnb4rvsmJawRG6rCkpRjRiUzJaUySZ9ExbJSKK4=w1280,71cf971acfb7ffdc4c86bbe18a63553d5077196295e5b444640eb2cd2a5b5ead,624,,True
Raidraptor,1w_pgpcm6cTjEC_xc5unctbg9RALxDSvu,captions/ygo4_0286.json,Monster,Raidraptor - Brave Strix,ygo4_0286,978296cf8e8c2e29,1w_pgpcm6cTjEC_xc5unctbg9RALxDSvu,new_card_first_release,,,images/ygo4_0286.png,passed_automated_decode_dimension_checks,2024-02-08,19501,1.0,exact_alias,Winged Beast,pending_konami_verification,1024,RGB,0e43b557f89ef99d7f957850b35e72063a8d242909046ff0ca2460ceae4045a6,1024,8617563,,,ygoprodeck_identity_fallback,https://images.ygoprodeck.com/images/cards_cropped/8617563.jpg,2026-08-31T18:26:04+00:00,selected_pending_image_and_caption_qa,624,https://lh3.googleusercontent.com/sitesv/AG8ngQWYoxbcag5UtyHlbRhfNmpnRAfS6ySfaAhmhSG8kSRKc4KDiWtRVng3_fYmZx7LWZ0lbfo2fVC-rcFY3OXjt9Ju56OpcrP8uXhi9p93Eg0c0S4eP6DlJ5n3eoinEurBGyl7Nrddfu0S9McEH1_3P4cZu8o_oZUWXteZ9LyiZlQkY0kXaQNw-oleDu0iLcM=s0,thehungtd_full_art,Raidraptor - Brave Strix,https://sites.google.com/view/thehungtd/latest-artworks/2024/phantom-nightmare,https://lh3.googleusercontent.com/sitesv/AG8ngQWYoxbcag5UtyHlbRhfNmpnRAfS6ySfaAhmhSG8kSRKc4KDiWtRVng3_fYmZx7LWZ0lbfo2fVC-rcFY3OXjt9Ju56OpcrP8uXhi9p93Eg0c0S4eP6DlJ5n3eoinEurBGyl7Nrddfu0S9McEH1_3P4cZu8o_oZUWXteZ9LyiZlQkY0kXaQNw-oleDu0iLcM=w1280,e686ed93829ef875b79459a24775b7522585a823ccb2dd9db6aefa00a5bd5ffb,624,,True
Raidraptor,1FY09huHelHV55ZhS749CeK3g5fzZ1Fz-,captions/ygo4_0287.json,Monster,Raidraptor - Noir Lanius,ygo4_0287,e2d1e4f59b333366,1FY09huHelHV55ZhS749CeK3g5fzZ1Fz-,new_card_first_release,,,images/ygo4_0287.png,passed_automated_decode_dimension_checks,2024-02-08,19459,1.0,exact_alias,Winged Beast,pending_konami_verification,1024,RGB,6c036206a9812d630590e0a5c14452118bd03bb5342829b85419b78dad31eb36,1024,99707692,,,ygoprodeck_identity_fallback,https://images.ygoprodeck.com/images/cards_cropped/99707692.jpg,2026-08-31T18:26:04+00:00,selected_pending_image_and_caption_qa,624,https://lh3.googleusercontent.com/sitesv/AG8ngQVM5dp7iznl0A5WGcszL6yLWpgfMftF-GWlQaXoNegVKgIK7S23P3Xzy827oAnS9Uo1Jfg0naSDDz14s2h0266ZIO9ijuFpxcAGMgPlBjTqGHgJadXRFll3m0jTogDP3lh5IoTLLsLtrtkfyOeY6xR1GafT6d9ClvyjWcmE9_OFxMCVAWwzpMVaWaPO=s0,thehungtd_full_art,Raidraptor - Noir Lanius,https://sites.google.com/view/thehungtd/latest-artworks/2024/phantom-nightmare,https://lh3.googleusercontent.com/sitesv/AG8ngQVM5dp7iznl0A5WGcszL6yLWpgfMftF-GWlQaXoNegVKgIK7S23P3Xzy827oAnS9Uo1Jfg0naSDDz14s2h0266ZIO9ijuFpxcAGMgPlBjTqGHgJadXRFll3m0jTogDP3lh5IoTLLsLtrtkfyOeY6xR1GafT6d9ClvyjWcmE9_OFxMCVAWwzpMVaWaPO=w1280,c4c5171ff365b1d1b389df7ad3c8399b4477422c5774173af8dc88dc0efc6294,624,,True
Raidraptor,1VTWPtlfpOsk1Ubg-NOpmUQJIzX39FHBZ,captions/ygo4_0288.json,Monster,Raidraptor - Rising Rebellion Falcon,ygo4_0288,2b331654f4686b51,1VTWPtlfpOsk1Ubg-NOpmUQJIzX39FHBZ,new_card_first_release,,,images/ygo4_0288.png,passed_automated_decode_dimension_checks,2024-02-08,19500,1.0,exact_alias,Winged Beast,pending_konami_verification,1024,RGB,226d4d86bc9740a24f03a2574add8d445d7568e2d69f302b9c6d61f544177d16,1024,71222868,,,ygoprodeck_identity_fallback,https://images.ygoprodeck.com/images/cards_cropped/71222868.jpg,2026-08-31T18:26:04+00:00,selected_pending_image_and_caption_qa,624,https://lh3.googleusercontent.com/sitesv/AG8ngQX2SkRSpYqNE7ks1il5ryTZeBLi4Y1gUlcIv5VA7FGYUPEaQ6sgnpKWTt8SxBJk-YuR7ZdeTAD4ljpFjR9RYQyZLOBpmYDGupOABhZAGU0_E7TxlF_uHxKu-5ZX8PfM9b5N5YiVRF9zv0K9xyAmawqKACOIfx7NEbGdBko_JGW_fzX32ikvg1_ui9xhmag=s0,thehungtd_full_art,Raidraptor - Rising Rebellion Falcon,https://sites.google.com/view/thehungtd/latest-artworks/2024/phantom-nightmare,https://lh3.googleusercontent.com/sitesv/AG8ngQX2SkRSpYqNE7ks1il5ryTZeBLi4Y1gUlcIv5VA7FGYUPEaQ6sgnpKWTt8SxBJk-YuR7ZdeTAD4ljpFjR9RYQyZLOBpmYDGupOABhZAGU0_E7TxlF_uHxKu-5ZX8PfM9b5N5YiVRF9zv0K9xyAmawqKACOIfx7NEbGdBko_JGW_fzX32ikvg1_ui9xhmag=w1280,4ebca1586fd901d10112fb089ac2993c0deba8923d4809b7a1f66ba5fdd3ffa9,624,,True
Ice Barrier,1TSc7F1POERzn3okMA3iYX0Dagn_9Yxx6,captions/ygo4_0289.json,Monster,"Georgius, Swordman of the Ice Barrier",ygo4_0289,c759fa6279cd8581,1TSc7F1POERzn3okMA3iYX0Dagn_9Yxx6,new_card_first_release,,,images/ygo4_0289.png,passed_automated_decode_dimension_checks,2024-06-20,19620,1.0,exact_alias,Winged Beast,pending_konami_verification,1024,RGB,fc45834a5c380743ca1249509e0b098e8d85888ccf7d9b9cf3628d0c9b7e8ecc,1024,32991027,,,ygoprodeck_identity_fallback,https://images.ygoprodeck.com/images/cards_cropped/32991027.jpg,2026-08-31T18:26:06+00:00,selected_pending_image_and_caption_qa,624,https://lh3.googleusercontent.com/sitesv/AG8ngQXKDpbcY0WZbnlgxGYOwatpvfrHWWnm1gpfuS15ubTtvkHTkVV7xppx-ttjFZzkzZt0Smshdwi-hR1sBrUvADA7yqCG8pfNkioGvEPPVu2Dy6ajauj3p3L05JZbRzE2uFkDOTb5yDBUApXVDzig4KmY6r_g-65wLiI4H0LLo9A1s9hFydnkeiABtV4Baqg=s0,thehungtd_full_art,"Georgius, Swordsman of the Ice Barrier",https://sites.google.com/view/thehungtd/latest-artworks/2024/terminal-world,https://lh3.googleusercontent.com/sitesv/AG8ngQXKDpbcY0WZbnlgxGYOwatpvfrHWWnm1gpfuS15ubTtvkHTkVV7xppx-ttjFZzkzZt0Smshdwi-hR1sBrUvADA7yqCG8pfNkioGvEPPVu2Dy6ajauj3p3L05JZbRzE2uFkDOTb5yDBUApXVDzig4KmY6r_g-65wLiI4H0LLo9A1s9hFydnkeiABtV4Baqg=w1280,1b16ea555e14f034953979d5ad25bf1bb400454ac003cd4273beddfe3262b440,624,,True
Mulcharmy,1UplkrgoZ9JG7jEOjcbu9HGCB_AIvBb2l,captions/ygo4_0290.json,Monster,Mulcharmy Fuwalos,ygo4_0290,0cceac2cf3721ad4,1UplkrgoZ9JG7jEOjcbu9HGCB_AIvBb2l,new_card_first_release,,,images/ygo4_0290.png,passed_automated_decode_dimension_checks,2024-07-27,20500,1.0,exact_alias,Winged Beast,pending_konami_verification,1024,RGB,bbbb8ddc5d963ae1094a80a8c965677cf5cd3573325e6c2a74434bd3e020de57,1024,42141493,,,thehungtd_drive_original,https://drive.usercontent.google.com/download?id=1UplkrgoZ9JG7jEOjcbu9HGCB_AIvBb2l&export=download&authuser=0&confirm=t,2026-08-31T18:25:58+00:00,selected_pending_image_and_caption_qa,1200,https://lh3.googleusercontent.com/sitesv/AG8ngQWRKmG-nooEM0YqYl1FQ9ip5OnCv0jOCRxp7gJzynUABf_EvlBn1AdfRlv8L9Knt_PUhXbowp6KUM4n2zP2Z-Hen9rhVD7GdgTag7qSxK2cOUebE4TorZidzQ9pMsq99dfkwvynJgepL98ROlQ66hmWXN0XKmOWitYqsQFR1jaxV4lhdTlNbcjedrNz=s0,thehungtd_full_art,Mulcharmy Fuwaross,https://sites.google.com/view/thehungtd/latest-artworks/2024/rage-of-the-abyss,https://lh3.googleusercontent.com/sitesv/AG8ngQWRKmG-nooEM0YqYl1FQ9ip5OnCv0jOCRxp7gJzynUABf_EvlBn1AdfRlv8L9Knt_PUhXbowp6KUM4n2zP2Z-Hen9rhVD7GdgTag7qSxK2cOUebE4TorZidzQ9pMsq99dfkwvynJgepL98ROlQ66hmWXN0XKmOWitYqsQFR1jaxV4lhdTlNbcjedrNz=w1280,5000c08e50638b3edeb4250ccd7e81416dd6758e5c53a50d008eb6d4c23d1a61,1200,,True
Yang Zing,65536818,captions/ygo4_0291.json,Monster,"Denglong, First of the Yang Zing",ygo4_0291,491c38c971f56534,,new_card_first_release,,,images/ygo4_0291.png,passed_automated_decode_dimension_checks,2016-11-03,12638,1.0,api_identity_exact,Wyrm,pending_konami_verification,1024,RGB,22c3ce5452464b62c03c77443d4e6fad0a71713f44f60f3acd8c83ab016ec88b,1024,65536818,,,ygoprodeck_cropped_art,https://images.ygoprodeck.com/images/cards_cropped/65536818.jpg,2026-08-31T18:26:10+00:00,selected_pending_image_and_caption_qa,624,https://images.ygoprodeck.com/images/cards_cropped/65536818.jpg,ygoprodeck_cropped_art,"Denglong, First of the Yang Zing",https://db.ygoprodeck.com/api/v7/cardinfo.php?misc=yes,https://images.ygoprodeck.com/images/cards_cropped/65536818.jpg,25db291f9a2feb31dadaa38124b4f814935bc95274fc9433ffb33f9415c3bcc0,624,,True
,1FZBH6QZj7jLDwFUYW5db9MGCqZvhsfRq,captions/ygo4_0292.json,Monster,"Varudras, the Final Bringer of the End Times",ygo4_0292,99f8e87819719323,1FZBH6QZj7jLDwFUYW5db9MGCqZvhsfRq,new_card_first_release,,,images/ygo4_0292.png,passed_automated_decode_dimension_checks,2024-04-25,19886,1.0,exact_alias,Wyrm,pending_konami_verification,1024,RGB,6c0b6028d91ca0bbc60a1037c3530b7563f51fbe4d242e3d5316a1b60c5cb378,1024,70636044,,,ygoprodeck_identity_fallback,https://images.ygoprodeck.com/images/cards_cropped/70636044.jpg,2026-08-31T18:26:02+00:00,selected_pending_image_and_caption_qa,624,https://lh3.googleusercontent.com/sitesv/AG8ngQXooWnrUVSVEHTfIMMCt4fjE_CxCQ2ixIvCouAPRP8UwHraPJub194FFBfrNU9uGBxTvLO8GvU9Rrv_2h_25AIgw5QdIHa_cqfmA6q9SYjUDMFuK3JPbsqmqGX8pYBWicXDtH5S_JUD5uLtIE1ABoZtpcqGy7LY7zQPqTNCcl4Wf1tWvo7Yr4BvobLDgG4=s0,thehungtd_full_art,Decanelogue - Valdrath,https://sites.google.com/view/thehungtd/latest-artworks/2024/legacy-of-destruction,https://lh3.googleusercontent.com/sitesv/AG8ngQXooWnrUVSVEHTfIMMCt4fjE_CxCQ2ixIvCouAPRP8UwHraPJub194FFBfrNU9uGBxTvLO8GvU9Rrv_2h_25AIgw5QdIHa_cqfmA6q9SYjUDMFuK3JPbsqmqGX8pYBWicXDtH5S_JUD5uLtIE1ABoZtpcqGy7LY7zQPqTNCcl4Wf1tWvo7Yr4BvobLDgG4=w1280,e797ca7f0e4b26af31db8c1ac8f94b70a4cba5e28d90b8d89cfd9ac4e4260e23,624,,True
Ritual Beast,1HE2eCjU4hO9SBPmuRcNNHr8FYuQM1Lt3,captions/ygo4_0293.json,Monster,Ritual Beast Ulti-Nochiudrago,ygo4_0293,2f0aded8b29c526c,1HE2eCjU4hO9SBPmuRcNNHr8FYuQM1Lt3,new_card_first_release,,,images/ygo4_0293.png,passed_automated_decode_dimension_checks,2024-06-20,19632,1.0,exact_alias,Wyrm,pending_konami_verification,1024,RGB,25f188b997c7a86e1bd64690474ddfcb769abc206553af7528dd05d8601ac530,1024,69718652,,,ygoprodeck_identity_fallback,https://images.ygoprodeck.com/images/cards_cropped/69718652.jpg,2026-08-31T18:26:06+00:00,selected_pending_image_and_caption_qa,624,https://lh3.googleusercontent.com/sitesv/AG8ngQXxdUTW6_1mLWN3rfziFBWkadjcZWXWyKIisZlwmgjOJHYXYkgZmbEaMC_jsV5p5FthWqiEg6hk8JTfXalw5gwUwRmZXfHbFzjmPVuMUPgbhfZBYRObJWCc9mMVvnSyMwIdwolck0vqIfZxDas3J1aU3ZDR0yxPy-bDqZ2_C3phUlWNRVJxq3RYvy5_XcA=s0,thehungtd_full_art,Ritual Beast Ulti-Nochiudrago,https://sites.google.com/view/thehungtd/latest-artworks/2024/terminal-world,https://lh3.googleusercontent.com/sitesv/AG8ngQXxdUTW6_1mLWN3rfziFBWkadjcZWXWyKIisZlwmgjOJHYXYkgZmbEaMC_jsV5p5FthWqiEg6hk8JTfXalw5gwUwRmZXfHbFzjmPVuMUPgbhfZBYRObJWCc9mMVvnSyMwIdwolck0vqIfZxDas3J1aU3ZDR0yxPy-bDqZ2_C3phUlWNRVJxq3RYvy5_XcA=w1280,be6bfe8b11a9648de8f58fcab6d0e995e5e5ece0fa2a6c7fa6eaa635e950bca3,624,,True
Tenyi,1CPD3ycaltkEGeOqNwCamm1XM0Vuduf1d,captions/ygo4_0294.json,Monster,Tenyi Spirit - Mula Adhara,ygo4_0294,1e63e68744b0d0d1,1CPD3ycaltkEGeOqNwCamm1XM0Vuduf1d,new_card_first_release,,,images/ygo4_0294.png,passed_automated_decode_dimension_checks,2025-01-23,20779,1.0,exact_alias,Wyrm,pending_konami_verification,1024,RGB,03e0506f82deacfcac204bee7e6c39dda9f995e1c758f84989adae087742dafb,1024,73121813,,,thehungtd_drive_original,https://drive.usercontent.google.com/download?id=1CPD3ycaltkEGeOqNwCamm1XM0Vuduf1d&export=download&authuser=0&confirm=t,2026-08-31T18:25:56+00:00,selected_pending_image_and_caption_qa,1200,https://lh3.googleusercontent.com/sitesv/AG8ngQXxGwmvcWk4Y2v8E_DeXxPblVmfNvKmd4S_37SHq4_56dXGtvAw9-npykXC6xFy6cKy7kAeLuk9Vz0lsNF8G0IArZSvHlNLqYStnJFF1xzAMjWBwmZh4o0ub739hFN4tYF3PR57-e8zOLp6jRfTP9BjSxq5FZ0fMhXMtAH1TeFGHn73OcAE2YxnIj4VFO0=s0,thehungtd_full_art,Tenyi Spirit - Mula Adhara,https://sites.google.com/view/thehungtd/latest-artworks/2024/supreme-darkness,https://lh3.googleusercontent.com/sitesv/AG8ngQXxGwmvcWk4Y2v8E_DeXxPblVmfNvKmd4S_37SHq4_56dXGtvAw9-npykXC6xFy6cKy7kAeLuk9Vz0lsNF8G0IArZSvHlNLqYStnJFF1xzAMjWBwmZh4o0ub739hFN4tYF3PR57-e8zOLp6jRfTP9BjSxq5FZ0fMhXMtAH1TeFGHn73OcAE2YxnIj4VFO0=w1280,62436a17dca3bc4ad5da94eae117da2da77d56d0c8d09543f8639315f87656c9,1200,,True
Tenyi,129EB1iHhcjuIeTdPVvrlhjZI7ZbwVyJL,captions/ygo4_0295.json,Monster,Tenyi Spirit - Suruya,ygo4_0295,61644aca7c66765e,129EB1iHhcjuIeTdPVvrlhjZI7ZbwVyJL,new_card_first_release,,,images/ygo4_0295.png,passed_automated_decode_dimension_checks,2025-01-23,20760,1.0,exact_alias,Wyrm,pending_konami_verification,1024,RGB,14782a5fba4ab57bb6b60c0cddf54d97f7e265ea15e65e26fac462f04e797491,1024,52854600,,,thehungtd_drive_original,https://drive.usercontent.google.com/download?id=129EB1iHhcjuIeTdPVvrlhjZI7ZbwVyJL&export=download&authuser=0&confirm=t,2026-08-31T18:25:56+00:00,selected_pending_image_and_caption_qa,1200,https://lh3.googleusercontent.com/sitesv/AG8ngQVY3k5Qx2hPPtBH6adddaj_GOAk-K6vjJ-fBCt1SCLqvXdVrrrXglS3BSHHEtBfPPvxXWZN2Td7X-tZUmZMJwNFuhsP-GPOJpbDVQ7U6ipTeAsGV9d3e0HDzZKkN8Bes9ydXA6kw3p98H9_7PFey4bETRda4bf5wOJLuALGKbeRijdb1Fhb4Hw7guOWXwE=s0,thehungtd_full_art,Tenyi Spirit - Surya,https://sites.google.com/view/thehungtd/latest-artworks/2024/supreme-darkness,https://lh3.googleusercontent.com/sitesv/AG8ngQVY3k5Qx2hPPtBH6adddaj_GOAk-K6vjJ-fBCt1SCLqvXdVrrrXglS3BSHHEtBfPPvxXWZN2Td7X-tZUmZMJwNFuhsP-GPOJpbDVQ7U6ipTeAsGV9d3e0HDzZKkN8Bes9ydXA6kw3p98H9_7PFey4bETRda4bf5wOJLuALGKbeRijdb1Fhb4Hw7guOWXwE=w1280,64dcf244cfab5701fe06d85ee0c7868176eb1e763349b6634c11de5e5a3b75c0,1200,,True
,1uflXplvK_zJe0saEVWsv7-pYnQ3f0cZ0,captions/ygo4_0296.json,Monster,Procession of the Tea Jar,ygo4_0296,2fe9012662e8c8db,1uflXplvK_zJe0saEVWsv7-pYnQ3f0cZ0,new_card_first_release,,,images/ygo4_0296.png,passed_automated_decode_dimension_checks,2024-02-08,19486,1.0,exact_alias,Zombie,pending_konami_verification,1024,RGB,b0f49b4e5f2ff22c3715be17c94a098ef2b9444566c35499ea9ca4fec17efc44,1024,12612470,,,ygoprodeck_identity_fallback,https://images.ygoprodeck.com/images/cards_cropped/12612470.jpg,2026-08-31T18:26:04+00:00,selected_pending_image_and_caption_qa,624,https://lh3.googleusercontent.com/sitesv/AG8ngQUQNgQyEnt7CiRYuv6MUIMCqgJwX3gkVggUfA5cyNxTNlo1SK3Ae0MAYgf55RLLhbevNSPfNuu94iKWaBUBmgEl_VsLF7jzbqpU1bAty-JhPvmvi-ezGCNYV0-XoLIuvoxhQTpV571kHbewFasetzDYbDnelF2Ayv9kXnDNwYuvFCnNhb7h_azJdV8NjQs=s0,thehungtd_full_art,Douyou Chatsubou,https://sites.google.com/view/thehungtd/latest-artworks/2024/phantom-nightmare,https://lh3.googleusercontent.com/sitesv/AG8ngQUQNgQyEnt7CiRYuv6MUIMCqgJwX3gkVggUfA5cyNxTNlo1SK3Ae0MAYgf55RLLhbevNSPfNuu94iKWaBUBmgEl_VsLF7jzbqpU1bAty-JhPvmvi-ezGCNYV0-XoLIuvoxhQTpV571kHbewFasetzDYbDnelF2Ayv9kXnDNwYuvFCnNhb7h_azJdV8NjQs=w1280,37be75150484ac58672b764cebe1f749e051725d502b23b59727b4b3edc29a55,624,,True
Wight,1DKgvWlDKaG_UEZd16o30XC9QYKn7RdJg,captions/ygo4_0297.json,Monster,Wightlord,ygo4_0297,594b4f4f4b696342,1DKgvWlDKaG_UEZd16o30XC9QYKn7RdJg,new_card_first_release,,,images/ygo4_0297.png,passed_automated_decode_dimension_checks,2024-04-25,19866,1.0,exact_alias,Zombie,pending_konami_verification,1024,RGB,5ef1988ce8bd3503a96d094b758b2b1dd2d897b5b3addbcbc58a48c28b92265f,1024,22970795,,,ygoprodeck_identity_fallback,https://images.ygoprodeck.com/images/cards_cropped/22970795.jpg,2026-08-31T18:26:02+00:00,selected_pending_image_and_caption_qa,624,https://lh3.googleusercontent.com/sitesv/AG8ngQXsCHzv-NCJC822q9lNb2zdn3bky7JAPVkVcNCbyieTispFKtWB1pr5-SbPT9fAIsFNNbAkapzygXDt55aIQ2jDwr9sLqYrLQ42zVdtlz_yHAFBk7uiRllKvSxzzzVvLsVsYnrH_PllPVni567kov1qZbuY__oV7lEO4BG_2YwGEz-WrBOC2qKFurcrFWk=s0,thehungtd_full_art,Wightsworn,https://sites.google.com/view/thehungtd/latest-artworks/2024/legacy-of-destruction,https://lh3.googleusercontent.com/sitesv/AG8ngQXsCHzv-NCJC822q9lNb2zdn3bky7JAPVkVcNCbyieTispFKtWB1pr5-SbPT9fAIsFNNbAkapzygXDt55aIQ2jDwr9sLqYrLQ42zVdtlz_yHAFBk7uiRllKvSxzzzVvLsVsYnrH_PllPVni567kov1qZbuY__oV7lEO4BG_2YwGEz-WrBOC2qKFurcrFWk=w1280,8ebfbba1e6ac8f31abf679293cfbc3b1f1e6d895536aad597a8db0055d6ffabe,624,,True
Mimighoul,1g9ndCUJpO197GGs3ik3K_ael-ifbKmeH,captions/ygo4_0298.json,Monster,Mimighoul Master,ygo4_0298,6d920f9ad2e1f1e1,1g9ndCUJpO197GGs3ik3K_ael-ifbKmeH,new_card_first_release,,,images/ygo4_0298.png,passed_automated_decode_dimension_checks,2024-07-18,20428,1.0,exact_alias,Zombie,pending_konami_verification,1024,RGB,7eac98a4e46a93c200c02be05ca1411a7b1f64213b0b0bafa78ff38ad5ab905e,1024,55537983,,,thehungtd_drive_original,https://drive.usercontent.google.com/download?id=1g9ndCUJpO197GGs3ik3K_ael-ifbKmeH&export=download&authuser=0&confirm=t,2026-08-31T18:26:00+00:00,selected_pending_image_and_caption_qa,1200,https://lh3.googleusercontent.com/sitesv/AG8ngQUrsJp-I1I6OGH-R4UJb00z6GOaaEFHq1Qw8EZQq6iTrc9U1RNodB_Pndpp2KJAqOT2JN7sNOCtt3pUESqT_giPKuS1jf3j3rtxDupNu5fl5GL8qeDyP2GTHl1zdmoSCh5BiiLd7ua3ZZq2ZZDl37BKiA-VqRGQItzfD0rvMemFJvgfpMgllzylLc4zpkM=s0,thehungtd_full_art,Mimighoul Master,https://sites.google.com/view/thehungtd/latest-artworks/2024/infinite-forbidden,https://lh3.googleusercontent.com/sitesv/AG8ngQUrsJp-I1I6OGH-R4UJb00z6GOaaEFHq1Qw8EZQq6iTrc9U1RNodB_Pndpp2KJAqOT2JN7sNOCtt3pUESqT_giPKuS1jf3j3rtxDupNu5fl5GL8qeDyP2GTHl1zdmoSCh5BiiLd7ua3ZZq2ZZDl37BKiA-VqRGQItzfD0rvMemFJvgfpMgllzylLc4zpkM=w1280,d7df956d2f421ce4ed2d8718b097553b50893d1383207ff6c551a38298830e93,1200,,True
,1q386OrSexUPoKvnEry9dRSGqvdkUdVIy,captions/ygo4_0299.json,Monster,"Flying Mary, the Wandering Ghost Ship",ygo4_0299,19455d255b59d921,1q386OrSexUPoKvnEry9dRSGqvdkUdVIy,new_card_first_release,,,images/ygo4_0299.png,passed_automated_decode_dimension_checks,2024-07-27,20523,1.0,exact_alias,Zombie,pending_konami_verification,1024,RGB,f90688716a0a142bc75700a648ee5a680741713ad92ec09d2e23975b22abb7dd,1024,95784714,,,thehungtd_drive_original,https://drive.usercontent.google.com/download?id=1q386OrSexUPoKvnEry9dRSGqvdkUdVIy&export=download&authuser=0&confirm=t,2026-08-31T18:25:58+00:00,selected_pending_image_and_caption_qa,1200,https://lh3.googleusercontent.com/sitesv/AG8ngQUaR1KKsbCeJJshNR-vMTSacCh1SP_qsFjxA4yPYODeVIAD2MEHHTatFjYn-86Y4KzCj3qMQChcwSDX84dxh_4vyWMrfOzKobsqXfmo2H1ZjZFe67ppnO1VRmGzmVybm3coPd4-TcCnvYulUKYPcjVmov4ksuWmRruuqjWYAn6ZlB27AnYI7E4sOfobXRU=s0,thehungtd_full_art,Flying Mary,https://sites.google.com/view/thehungtd/latest-artworks/2024/rage-of-the-abyss,https://lh3.googleusercontent.com/sitesv/AG8ngQUaR1KKsbCeJJshNR-vMTSacCh1SP_qsFjxA4yPYODeVIAD2MEHHTatFjYn-86Y4KzCj3qMQChcwSDX84dxh_4vyWMrfOzKobsqXfmo2H1ZjZFe67ppnO1VRmGzmVybm3coPd4-TcCnvYulUKYPcjVmov4ksuWmRruuqjWYAn6ZlB27AnYI7E4sOfobXRU=w1280,a783071d0dc4163e780ab2e2bb8f0fb1ac7daf72ab23f8900a25d3d55fbc2b81,1200,,True
,1P5sV85a7a8u1L0PkmQjd6QI03U2NsKuI,captions/ygo4_0300.json,Monster,Wandering Titan of Tartarus,ygo4_0300,ded4e0f8cac7e5cf,1P5sV85a7a8u1L0PkmQjd6QI03U2NsKuI,new_card_first_release,,,images/ygo4_0300.png,passed_automated_decode_dimension_checks,2024-07-27,20497,1.0,exact_alias,Zombie,pending_konami_verification,1024,RGB,1b889e02445813a4e1aa5692a3fb97e4b43e87069193fb4b3264e08998aa491a,1024,43363035,,,thehungtd_drive_original,https://drive.usercontent.google.com/download?id=1P5sV85a7a8u1L0PkmQjd6QI03U2NsKuI&export=download&authuser=0&confirm=t,2026-08-31T18:25:58+00:00,selected_pending_image_and_caption_qa,1200,https://lh3.googleusercontent.com/sitesv/AG8ngQXi2vdw4MMnpByaAzQdjP1cuKIwHwrG4ya_EIRhM2m1o396w_CSSEdoypVQijrXJ-GaxzuBU1M0ewZRy9SMev1mx5cn5caoLjkSuNna-rNneXN3y9PbqVYJNB5u7j0BxeQGVp_XoinYRK8OW2zQrq1GzCDwPPyqqUdsQVrnSam_mbFs4CNBBlqztikKfUM=s0,thehungtd_full_art,Transient Titan of Tartarus,https://sites.google.com/view/thehungtd/latest-artworks/2024/rage-of-the-abyss,https://lh3.googleusercontent.com/sitesv/AG8ngQXi2vdw4MMnpByaAzQdjP1cuKIwHwrG4ya_EIRhM2m1o396w_CSSEdoypVQijrXJ-GaxzuBU1M0ewZRy9SMev1mx5cn5caoLjkSuNna-rNneXN3y9PbqVYJNB5u7j0BxeQGVp_XoinYRK8OW2zQrq1GzCDwPPyqqUdsQVrnSam_mbFs4CNBBlqztikKfUM=w1280,ea0d0151ea3fd1c9253848abf55e4446bc167c163e9b5819ddb934bd8470ceb7,1200,,True
Constellar,4820694,captions/ygo4_0301.json,Spell,Constellar Tempest,ygo4_0301,2f0f8e2b6d671b8d,,new_card_first_release,,,images/ygo4_0301.png,passed_automated_decode_dimension_checks,2016-11-03,11454,1.0,api_identity_exact,,pending_konami_verification,1024,RGB,bf248e9e895f4796007ab6b1395a96958e0de0d4927d1960dd9a0e6bf97899eb,1024,4820694,,,ygoprodeck_cropped_art,https://images.ygoprodeck.com/images/cards_cropped/4820694.jpg,2026-08-31T18:26:10+00:00,selected_pending_image_and_caption_qa,624,https://images.ygoprodeck.com/images/cards_cropped/4820694.jpg,ygoprodeck_cropped_art,Constellar Tempest,https://db.ygoprodeck.com/api/v7/cardinfo.php?misc=yes,https://images.ygoprodeck.com/images/cards_cropped/4820694.jpg,2212007802cb3c30f1a39308d7ac4d92ca1513a9a6e27cca89d5eda5699b4cee,624,Continuous,True
Abyss Actor,86578200,captions/ygo4_0302.json,Spell,Abyss Prop - Wild Wagon,ygo4_0302,c16c6d370d193173,,new_card_first_release,,,images/ygo4_0302.png,passed_automated_decode_dimension_checks,2016-11-17,12720,1.0,api_identity_exact,,pending_konami_verification,1024,RGB,be47e048c57502090efe6af72e31f4da3253f344395226a11ff1b19e82ae6e07,1024,86578200,,,ygoprodeck_cropped_art,https://images.ygoprodeck.com/images/cards_cropped/86578200.jpg,2026-08-31T18:26:10+00:00,selected_pending_image_and_caption_qa,624,https://images.ygoprodeck.com/images/cards_cropped/86578200.jpg,ygoprodeck_cropped_art,Abyss Prop - Wild Wagon,https://db.ygoprodeck.com/api/v7/cardinfo.php?misc=yes,https://images.ygoprodeck.com/images/cards_cropped/86578200.jpg,d7d69dfb5d2ddbad4a180b933ab3043639bac74ad6dc90545541ef6e65dbd102,624,Continuous,True
D/D,45974017,captions/ygo4_0303.json,Spell,Dark Contract with the Yamimakai,ygo4_0303,0f0e0e331ab70b1b,,new_card_first_release,,,images/ygo4_0303.png,passed_automated_decode_dimension_checks,2017-01-19,12230,1.0,api_identity_exact,,pending_konami_verification,1024,RGB,6b211b0676b963709beade92175a489c14accd7e3ce79d5491f2a56f0d9a1f78,1024,45974017,,,ygoprodeck_cropped_art,https://images.ygoprodeck.com/images/cards_cropped/45974017.jpg,2026-08-31T18:26:10+00:00,selected_pending_image_and_caption_qa,624,https://images.ygoprodeck.com/images/cards_cropped/45974017.jpg,ygoprodeck_cropped_art,Dark Contract with the Yamimakai,https://db.ygoprodeck.com/api/v7/cardinfo.php?misc=yes,https://images.ygoprodeck.com/images/cards_cropped/45974017.jpg,3956adbb7d4150ca5ce68a258ace8078191ed04a2acdd754402c88a1cfe3c670,624,Continuous,True
D/D,60168186,captions/ygo4_0304.json,Spell,Dark Contract with the Entities,ygo4_0304,0006d34d63213038,,new_card_first_release,,,images/ygo4_0304.png,passed_automated_decode_dimension_checks,2017-02-09,12867,1.0,api_identity_exact,,pending_konami_verification,1024,RGB,a1cbd1840a3138212b59443a41cf9e21fd690b846ce333c71aa47ab3a7029b92,1024,60168186,,,ygoprodeck_cropped_art,https://images.ygoprodeck.com/images/cards_cropped/60168186.jpg,2026-08-31T18:26:10+00:00,selected_pending_image_and_caption_qa,624,https://images.ygoprodeck.com/images/cards_cropped/60168186.jpg,ygoprodeck_cropped_art,Dark Contract with the Entities,https://db.ygoprodeck.com/api/v7/cardinfo.php?misc=yes,https://images.ygoprodeck.com/images/cards_cropped/60168186.jpg,a6a45182eedf7d81ba8c921be1b965471a10cdd27664ac53aa7ef5e0c6bc09e4,624,Continuous,True
Flame Swordsman,1d0iMncm5DNFyrRl9hQhi8pVLkYzrGYP0,captions/ygo4_0305.json,Spell,Flame Swordsrealm,ygo4_0305,0f713131639d5117,1d0iMncm5DNFyrRl9hQhi8pVLkYzrGYP0,new_card_first_release,,,images/ygo4_0305.png,passed_automated_decode_dimension_checks,2024-01-18,19729,1.0,exact_alias,,pending_konami_verification,1024,RGB,b756777aa8f95ed1361604b2aaa613eee2908852f3384e150375b9c9a4596237,1024,73714736,,,ygoprodeck_identity_fallback,https://images.ygoprodeck.com/images/cards_cropped/73714736.jpg,2026-08-31T18:25:57+00:00,selected_pending_image_and_caption_qa,624,https://lh3.googleusercontent.com/sitesv/AG8ngQUxch7Lhc8dB9mDsGXWPmZ3Ftsq28YQN5IIehHg70srYk_LBTCqGbPaq89gB4NuAN5feUV8h5bE6q-0ExfLrmRPYHA33hlekj6MXcMJmsZSO1G723cbyjR8a0IKR5H0ZkAVTDhMF0NVSv1dS8YfSk3aFJU141PJnGwhv_aw5yYZtAu-5xsPUbjvVsrh=s0,thehungtd_full_art,Flame Swordsrealm,https://sites.google.com/view/thehungtd/latest-artworks/2024/world-premiere-pack-2024,https://lh3.googleusercontent.com/sitesv/AG8ngQUxch7Lhc8dB9mDsGXWPmZ3Ftsq28YQN5IIehHg70srYk_LBTCqGbPaq89gB4NuAN5feUV8h5bE6q-0ExfLrmRPYHA33hlekj6MXcMJmsZSO1G723cbyjR8a0IKR5H0ZkAVTDhMF0NVSv1dS8YfSk3aFJU141PJnGwhv_aw5yYZtAu-5xsPUbjvVsrh=w1280,29814953be5abde05503a1ce7ae8b536ab1d206490dfc2e7c895be5bf524255b,624,Continuous,True
Raidraptor,1YEj7aX0_N2VyGkF3u5F61TShnceTjbYx,captions/ygo4_0306.json,Spell,Raidraptor - Roost,ygo4_0306,d9c9250d03074519,1YEj7aX0_N2VyGkF3u5F61TShnceTjbYx,new_card_first_release,,,images/ygo4_0306.png,passed_automated_decode_dimension_checks,2024-02-08,19512,1.0,exact_alias,,pending_konami_verification,1024,RGB,5bbe54287811c8b9c1b5a8998c07ded2e9f13ca69a05c4772e3c94203c091b38,1024,64049553,,,ygoprodeck_identity_fallback,https://images.ygoprodeck.com/images/cards_cropped/64049553.jpg,2026-08-31T18:26:04+00:00,selected_pending_image_and_caption_qa,624,https://lh3.googleusercontent.com/sitesv/AG8ngQUAotCQ95RZ51_YggTyNUojG9LuJ60Ob6cCJA2x7h24dvX77CKoQWheupYP2Zk3n50ldRljW1KoN0M7ktg7we798ufEs5i9M8EoK5MYXnpFGN--1JZ-JBiEWZe-5fzKFaky6P12Yr0br9rcUjkDwdGqToERl8G8Vwgazbmht6eR8OO31hmQzWOaXhOHRyM=s0,thehungtd_full_art,Raidraptor - Roost,https://sites.google.com/view/thehungtd/latest-artworks/2024/phantom-nightmare,https://lh3.googleusercontent.com/sitesv/AG8ngQUAotCQ95RZ51_YggTyNUojG9LuJ60Ob6cCJA2x7h24dvX77CKoQWheupYP2Zk3n50ldRljW1KoN0M7ktg7we798ufEs5i9M8EoK5MYXnpFGN--1JZ-JBiEWZe-5fzKFaky6P12Yr0br9rcUjkDwdGqToERl8G8Vwgazbmht6eR8OO31hmQzWOaXhOHRyM=w1280,676029e96e8cc816cb8c2501394867f7a2b9d255c17ffcb9eb3c7452a365a038,624,Continuous,True
,1JKbmqkVDcPm5bMunTWxAgwsQqWPn6L7X,captions/ygo4_0307.json,Spell,Sunset Beat,ygo4_0307,8086c454070f0707,1JKbmqkVDcPm5bMunTWxAgwsQqWPn6L7X,new_card_first_release,,,images/ygo4_0307.png,passed_automated_decode_dimension_checks,2024-02-08,19831,1.0,exact_alias,,pending_konami_verification,1024,RGB,a1e0f96a88902c29c060bdec9d85de51ca4f2d8cc69a06c0912284cecde82136,1024,42510430,,,ygoprodeck_identity_fallback,https://images.ygoprodeck.com/images/cards_cropped/42510430.jpg,2026-08-31T18:25:57+00:00,selected_pending_image_and_caption_qa,624,https://lh3.googleusercontent.com/sitesv/AG8ngQUMItoG28ZlW2ctwPnq1vJAdsZscBYENShLehN16NAq3SspvFIP4nvOUzAIADBlZ0M0ktASmSlWxI4b1F4TKYquSCwxHlrIdc4Xq6Yy9ZI5dhxtb-pgXkCU1I3umnEJaSHqxlgqWa_pdVPuJrvvXc5BJzBuYliea_2jcmnOLneqPnv-OL_ehjbnmCvLmLw=s0,thehungtd_full_art,Sunset Beat,https://sites.google.com/view/thehungtd/latest-artworks/2024/world-premiere-pack-2024,https://lh3.googleusercontent.com/sitesv/AG8ngQUMItoG28ZlW2ctwPnq1vJAdsZscBYENShLehN16NAq3SspvFIP4nvOUzAIADBlZ0M0ktASmSlWxI4b1F4TKYquSCwxHlrIdc4Xq6Yy9ZI5dhxtb-pgXkCU1I3umnEJaSHqxlgqWa_pdVPuJrvvXc5BJzBuYliea_2jcmnOLneqPnv-OL_ehjbnmCvLmLw=w1280,fca8ce817dae10d9929d946b76961e1a9e1838a67d3254bd87c275a5ceeb0a77,624,Continuous,True
White,1fG9j8IOWkmeJSzqxL_CrVaefLQPdDRiA,captions/ygo4_0308.json,Spell,White Reincarnation,ygo4_0308,c9c5c6e2abb99bc9,1fG9j8IOWkmeJSzqxL_CrVaefLQPdDRiA,new_card_first_release,,,images/ygo4_0308.png,passed_automated_decode_dimension_checks,2024-02-08,19513,1.0,exact_alias,,pending_konami_verification,1024,RGB,e788a075a69adc2e1d15ce85b42d0ee9a4fec5cec8067caa37e2eef8a7d16d38,1024,91434208,,,ygoprodeck_identity_fallback,https://images.ygoprodeck.com/images/cards_cropped/91434208.jpg,2026-08-31T18:26:04+00:00,selected_pending_image_and_caption_qa,624,https://lh3.googleusercontent.com/sitesv/AG8ngQUGTRTUAFhEiPW1cyVLhcPrPhva7UhG222qDCV09q5bEVFFeIoeIWUlrK8iEzogm0k2WdIkQz4XgTY7sd6nwaSTCWTJhQ9P5-Crf6GOeevRmK1WgNck5CQJzHdLIUI57O2Amij6ho7KVlsGmGD-VGknOfgIkEDRl8Lmx0qijh3afSkIkXcKuRHkgGB4qGo=s0,thehungtd_full_art,White Reincarnation,https://sites.google.com/view/thehungtd/latest-artworks/2024/phantom-nightmare,https://lh3.googleusercontent.com/sitesv/AG8ngQUGTRTUAFhEiPW1cyVLhcPrPhva7UhG222qDCV09q5bEVFFeIoeIWUlrK8iEzogm0k2WdIkQz4XgTY7sd6nwaSTCWTJhQ9P5-Crf6GOeevRmK1WgNck5CQJzHdLIUI57O2Amij6ho7KVlsGmGD-VGknOfgIkEDRl8Lmx0qijh3afSkIkXcKuRHkgGB4qGo=w1280,faf59ad302a0af83c6c690030c8ab0cbd8935f94739e4c59daf1e992dc7c392c,624,Continuous,True
Ancient Gear,1PMjfeWRWIUftoZ8s73pe6X0DhR6uKKap,captions/ygo4_0309.json,Spell,Ancient Gear Advance,ygo4_0309,84064ecf6959f837,1PMjfeWRWIUftoZ8s73pe6X0DhR6uKKap,new_card_first_release,,,images/ygo4_0309.png,passed_automated_decode_dimension_checks,2024-04-25,19896,1.0,exact_alias,,pending_konami_verification,1024,RGB,969ed9ca7b7cdbdd9923ebaee20e5e9962d31e57cb618b8209cdd7dedce45b33,1024,4064925,,,ygoprodeck_identity_fallback,https://images.ygoprodeck.com/images/cards_cropped/4064925.jpg,2026-08-31T18:26:02+00:00,selected_pending_image_and_caption_qa,624,https://lh3.googleusercontent.com/sitesv/AG8ngQVYhKjxz3ubWaBWU3MMC0Tvrlq7a89YTzC3c6rKBISYiOf9c97-wDe1Z47fy2TGyHbBR-bFvQIuiq94fe_0jee8P9EclqeH2n_q5OlxTEKLj0Y7M8XRRwiWt6GlsNUasdriAvRBna0crOnOWumBPJMtn48ZCMAiCfEYYC2bzG3rCwio8AWkTCba_w=s0,thehungtd_full_art,Ancient Gear Advance,https://sites.google.com/view/thehungtd/latest-artworks/2024/legacy-of-destruction,https://lh3.googleusercontent.com/sitesv/AG8ngQVYhKjxz3ubWaBWU3MMC0Tvrlq7a89YTzC3c6rKBISYiOf9c97-wDe1Z47fy2TGyHbBR-bFvQIuiq94fe_0jee8P9EclqeH2n_q5OlxTEKLj0Y7M8XRRwiWt6GlsNUasdriAvRBna0crOnOWumBPJMtn48ZCMAiCfEYYC2bzG3rCwio8AWkTCba_w=w1280,f849d0e6b4c6abfcbd8ff14ce44bf48e78cb7e51f839c972bebff4ddc1d51591,624,Continuous,True
Shining Sarcophagus,1oUDjzILY4UVS-wj6wwajp4v__HbJGkhA,captions/ygo4_0310.json,Spell,Shining Sarcophagus,ygo4_0310,3bb386c9478cd863,1oUDjzILY4UVS-wj6wwajp4v__HbJGkhA,new_card_first_release,,,images/ygo4_0310.png,passed_automated_decode_dimension_checks,2024-04-25,19892,1.0,exact_alias,,pending_konami_verification,1024,RGB,d88337ba59cade0f364aea45c726ab22b1c1b85c2fccc3d9b17695d561e27bfc,1024,79791878,,,ygoprodeck_identity_fallback,https://images.ygoprodeck.com/images/cards_cropped/79791878.jpg,2026-08-31T18:26:02+00:00,selected_pending_image_and_caption_qa,624,https://lh3.googleusercontent.com/sitesv/AG8ngQXGhAHvNnAonWJTSUxH1EWIUlog_6T4ASvTPYs6Ho3zQkAA6Nv24t8Y9O73Td6-MecyNRZKBEza2i-Je-X9zalLwRdMW6Kq_fT8OVhLgbV94e9b1t8jxDopt9ubD2rXHMMGLyNCrJnXfb6o7zNeR9ymLxB0m47YIsJVypzPcOMvWtFmRWRz9fuooG_WMVc=s0,thehungtd_full_art,Gold Sarcophagus of Light,https://sites.google.com/view/thehungtd/latest-artworks/2024/legacy-of-destruction,https://lh3.googleusercontent.com/sitesv/AG8ngQXGhAHvNnAonWJTSUxH1EWIUlog_6T4ASvTPYs6Ho3zQkAA6Nv24t8Y9O73Td6-MecyNRZKBEza2i-Je-X9zalLwRdMW6Kq_fT8OVhLgbV94e9b1t8jxDopt9ubD2rXHMMGLyNCrJnXfb6o7zNeR9ymLxB0m47YIsJVypzPcOMvWtFmRWRz9fuooG_WMVc=w1280,50f15b737b44e2290f0e87484d4581296f00c8aa37cf820eec53de92be57ba9e,624,Continuous,True
,1c8jWRS9bAuZ40sj1b9jMtyR2_PH1aULT,captions/ygo4_0311.json,Spell,Gathering Light,ygo4_0311,2f2f1d0f1f0f1d56,1c8jWRS9bAuZ40sj1b9jMtyR2_PH1aULT,new_card_first_release,,,images/ygo4_0311.png,passed_automated_decode_dimension_checks,2024-06-20,19744,1.0,exact_alias,,pending_konami_verification,1024,RGB,360cfd4ac6fc1ecfc2bda8864f7d7f60a093ae4bfb4a4afe83889ac54d4b0a8a,1024,69802283,,,ygoprodeck_identity_fallback,https://images.ygoprodeck.com/images/cards_cropped/69802283.jpg,2026-08-31T18:26:06+00:00,selected_pending_image_and_caption_qa,624,https://lh3.googleusercontent.com/sitesv/AG8ngQXaYzZhieSqMUARetXTsKVRzRN6YsD2djqofgWAH3BZbQzUPF8TY8GvQhLotwXZHs8PQpBoJ-p-_6RKXoBhZROVptHCsL0bAIKFp5NxScirrO5fKYl2sD-R8ojbgGjU6lvvBCdee4GWvsgyg82y5ysH10Jebyp1f6jmZu0FUfeRZeLSSMagAyU1RUq7GL8=s0,thehungtd_full_art,Gathering Light,https://sites.google.com/view/thehungtd/latest-artworks/2024/premium-pack-2024,https://lh3.googleusercontent.com/sitesv/AG8ngQXaYzZhieSqMUARetXTsKVRzRN6YsD2djqofgWAH3BZbQzUPF8TY8GvQhLotwXZHs8PQpBoJ-p-_6RKXoBhZROVptHCsL0bAIKFp5NxScirrO5fKYl2sD-R8ojbgGjU6lvvBCdee4GWvsgyg82y5ysH10Jebyp1f6jmZu0FUfeRZeLSSMagAyU1RUq7GL8=w1280,31acca896642998d20853be64ffd2fe535004da9adf11c555bca13d2341aea50,624,Continuous,True
Ritual Beast,1O7_PUF69MRWwsVCz50nrW21flnhWxkoi,captions/ygo4_0312.json,Spell,Ritual Beast Inheritance,ygo4_0312,a3a30d079326636d,1O7_PUF69MRWwsVCz50nrW21flnhWxkoi,new_card_first_release,,,images/ygo4_0312.png,passed_automated_decode_dimension_checks,2024-06-20,19634,1.0,exact_alias,,pending_konami_verification,1024,RGB,d9a6e2ea735494cccb5c85debfa80752bc7baa0f1e2ff02fcbeec11d7bef2047,1024,22501005,,,ygoprodeck_identity_fallback,https://images.ygoprodeck.com/images/cards_cropped/22501005.jpg,2026-08-31T18:26:06+00:00,selected_pending_image_and_caption_qa,624,https://lh3.googleusercontent.com/sitesv/AG8ngQVGYcRDVdzXIsTi64tXLhm7f3NocmTJ29eWbdTBaAzoilbQWZm-HUD6UstRooedPMqBvg9pYsUDkyAdXwTPe2j48FnhpEFqMyBqVqdURjftVDSmwYLoIGU-pSXYMZPcIjUq7-V0MpI044kkY6wccYfJcnA_SkKmsInL7q2aaGasgGF2twzxw0BMosRHIwM=s0,thehungtd_full_art,Ritual Beast Inheritance,https://sites.google.com/view/thehungtd/latest-artworks/2024/terminal-world,https://lh3.googleusercontent.com/sitesv/AG8ngQVGYcRDVdzXIsTi64tXLhm7f3NocmTJ29eWbdTBaAzoilbQWZm-HUD6UstRooedPMqBvg9pYsUDkyAdXwTPe2j48FnhpEFqMyBqVqdURjftVDSmwYLoIGU-pSXYMZPcIjUq7-V0MpI044kkY6wccYfJcnA_SkKmsInL7q2aaGasgGF2twzxw0BMosRHIwM=w1280,4c7e020f75a693a7089c069ccbe6ca4ef34e278674c81aa6944f3df4a3953336,624,Continuous,True
Void,1aWIqTw-L1_hMOZ-6-4P2astCyK5VIYmd,captions/ygo4_0313.json,Spell,Void Breach,ygo4_0313,f07949494d0b0fe8,1aWIqTw-L1_hMOZ-6-4P2astCyK5VIYmd,new_card_first_release,,,images/ygo4_0313.png,passed_automated_decode_dimension_checks,2024-06-20,19630,1.0,exact_alias,,pending_konami_verification,1024,RGB,4bafedaa360c3c6c55ae083d491922302a4a1b1920ba7937137e2cb3a2fdaa4a,1024,96235944,,,ygoprodeck_identity_fallback,https://images.ygoprodeck.com/images/cards_cropped/96235944.jpg,2026-08-31T18:26:06+00:00,selected_pending_image_and_caption_qa,624,https://lh3.googleusercontent.com/sitesv/AG8ngQVtazFYspzxL9TiTHsIXcELArVT77CTy4cYApSIAi1UB05gI2MgQVwAZaIDcwJKKRf5g-l2jWJW_AVfmXtK-m0n-BDecb2tXAGo5L-2aQ91m1IufpQaSzyIVSb8hkESDXcF1a1n5mGeUolAIT3TP9mTYB-wtHE6d5WTrYB7-FGLF5jbKBZVqWxc4STj=s0,thehungtd_full_art,Void Barrier,https://sites.google.com/view/thehungtd/latest-artworks/2024/terminal-world,https://lh3.googleusercontent.com/sitesv/AG8ngQVtazFYspzxL9TiTHsIXcELArVT77CTy4cYApSIAi1UB05gI2MgQVwAZaIDcwJKKRf5g-l2jWJW_AVfmXtK-m0n-BDecb2tXAGo5L-2aQ91m1IufpQaSzyIVSb8hkESDXcF1a1n5mGeUolAIT3TP9mTYB-wtHE6d5WTrYB7-FGLF5jbKBZVqWxc4STj=w1280,f94b707c6e4889eb0d30f3dc00c514e52b31f8b82d4878a12354906fb74d067f,624,Continuous,True
,1-cZDVsl3H14-khbMC0lTwofJiodHJI5c,captions/ygo4_0314.json,Spell,Allure Dance,ygo4_0314,014141c14b21261c,1-cZDVsl3H14-khbMC0lTwofJiodHJI5c,new_card_first_release,,,images/ygo4_0314.png,passed_automated_decode_dimension_checks,2024-06-22,20416,1.0,exact_alias,,pending_konami_verification,1024,RGB,814c19044c148ef55f66d1f5974be1bb39516ecabb6ff9b2bdef432138953751,1024,68316358,,,ygoprodeck_identity_fallback,https://images.ygoprodeck.com/images/cards_cropped/68316358.jpg,2026-08-31T18:26:01+00:00,selected_pending_image_and_caption_qa,624,https://lh3.googleusercontent.com/sitesv/AG8ngQU5obawyf_OZisj5lG0o4YdRXRRwc2V4vZZ7fHHVWl41bQujdzQzUlYBg3JyolXqafkCUyMpDDhrIDioLRt5sUHCPpy910eAdQr-c9aZ2JLupvotmGuTpzOlCSua3mYVKujZOjsojT4EFPmSdzfg4qgZLA4jqFz8HmeyrYItC-AtVQysKzfgv381_cUljA=s0,thehungtd_full_art,Allure Dance,https://sites.google.com/view/thehungtd/latest-artworks/2024/animation-chronicle-2024,https://lh3.googleusercontent.com/sitesv/AG8ngQU5obawyf_OZisj5lG0o4YdRXRRwc2V4vZZ7fHHVWl41bQujdzQzUlYBg3JyolXqafkCUyMpDDhrIDioLRt5sUHCPpy910eAdQr-c9aZ2JLupvotmGuTpzOlCSua3mYVKujZOjsojT4EFPmSdzfg4qgZLA4jqFz8HmeyrYItC-AtVQysKzfgv381_cUljA=w1280,2213b3777556ba9e88fe2af85847b9d025ea64b7d29b574db2ae46feb1196358,624,Continuous,True
Clear,1OiGaYbCATNDW5pJPnIhXRRjbCUajDHwp,captions/ygo4_0315.json,Spell,Clear Wall,ygo4_0315,0d1fb6b1dced71fc,1OiGaYbCATNDW5pJPnIhXRRjbCUajDHwp,new_card_first_release,,,images/ygo4_0315.png,passed_automated_decode_dimension_checks,2024-06-22,20397,1.0,exact_alias,,pending_konami_verification,1024,RGB,f957de47e1567f33e1764b026ab9beca458be31fae4a7123c508cec418c808ec,1024,6089145,,,ygoprodeck_identity_fallback,https://images.ygoprodeck.com/images/cards_cropped/6089145.jpg,2026-08-31T18:26:01+00:00,selected_pending_image_and_caption_qa,624,https://lh3.googleusercontent.com/sitesv/AG8ngQX_IuVY7Osxa2ts1ReO3MXW8dZT0fQealzlRQRxSrdh7gHZCmQzNJVAjIZk5V_15ZSAo9B1bv1kX6Aoj93TDNhFirEXXNtR5at1WRvZejKdjlYstqY-NH66PQSgY085eVGSqR2_dEsAWGqOu6ZNXALOG9N1yJxeJZZHC05EnQM4EgTB183P6FIv4swszNs=s0,thehungtd_full_art,Clear Wall,https://sites.google.com/view/thehungtd/latest-artworks/2024/animation-chronicle-2024,https://lh3.googleusercontent.com/sitesv/AG8ngQX_IuVY7Osxa2ts1ReO3MXW8dZT0fQealzlRQRxSrdh7gHZCmQzNJVAjIZk5V_15ZSAo9B1bv1kX6Aoj93TDNhFirEXXNtR5at1WRvZejKdjlYstqY-NH66PQSgY085eVGSqR2_dEsAWGqOu6ZNXALOG9N1yJxeJZZHC05EnQM4EgTB183P6FIv4swszNs=w1280,01e6647da16ac65ced2a5763a133436c8c793b5cef40c408b9cb127476cb1391,624,Continuous,True
,1pqgmyDPoBkZwK2fGBn9-bb53mrrkOWiC,captions/ygo4_0316.json,Spell,That's 10!,ygo4_0316,464a26ae89c12121,1pqgmyDPoBkZwK2fGBn9-bb53mrrkOWiC,new_card_first_release,,,images/ygo4_0316.png,passed_automated_decode_dimension_checks,2024-07-18,20246,1.0,exact_alias,,pending_konami_verification,1024,RGB,39b0ed5f4bc1fc5d26811af8e0ec8a21a6ceaeddd86939a17f8c6ee35fade712,1024,97223101,,,thehungtd_drive_original,https://drive.usercontent.google.com/download?id=1pqgmyDPoBkZwK2fGBn9-bb53mrrkOWiC&export=download&authuser=0&confirm=t,2026-08-31T18:26:00+00:00,selected_pending_image_and_caption_qa,1200,https://lh3.googleusercontent.com/sitesv/AG8ngQUWf6Hku35MRXZLtAOXPQsQjXe70Uy52q4KijVahyvoRirwhRNp48U3E0hQ1pfFjiPg8SAAalc7W8MfTjoYR8MmlGjX0iNnoGQQ71hQ_ev-E-J6Cwt7KgwletvYmdznjsB1p60AdfOjmGWSxQI5iurW_xtnI17nU4fOWhgqpyghFyxBm27UAIj6y6At-HQ=s0,thehungtd_full_art,BBS - Be Back Site,https://sites.google.com/view/thehungtd/latest-artworks/2024/infinite-forbidden,https://lh3.googleusercontent.com/sitesv/AG8ngQUWf6Hku35MRXZLtAOXPQsQjXe70Uy52q4KijVahyvoRirwhRNp48U3E0hQ1pfFjiPg8SAAalc7W8MfTjoYR8MmlGjX0iNnoGQQ71hQ_ev-E-J6Cwt7KgwletvYmdznjsB1p60AdfOjmGWSxQI5iurW_xtnI17nU4fOWhgqpyghFyxBm27UAIj6y6At-HQ=w1280,caca23b0f227c13c9bcba8957fcd105574d094926b0b58c9a444586efe804be4,1200,Continuous,True
Sinful Spoils,1hTiF8sEEymVkAkoGyqYfSQXwjwmj8SF7,captions/ygo4_0317.json,Spell,Deception of the Sinful Spoils,ygo4_0317,8e2465cfd7973395,1hTiF8sEEymVkAkoGyqYfSQXwjwmj8SF7,new_card_first_release,,,images/ygo4_0317.png,passed_automated_decode_dimension_checks,2024-07-27,20531,1.0,exact_alias,,pending_konami_verification,1024,RGB,297beaf385b9e3242336c7f5c9466692cd40ab16f4c53e6edcf42405a30124f5,1024,66328392,,,thehungtd_drive_original,https://drive.usercontent.google.com/download?id=1hTiF8sEEymVkAkoGyqYfSQXwjwmj8SF7&export=download&authuser=0&confirm=t,2026-08-31T18:25:58+00:00,selected_pending_image_and_caption_qa,1200,https://lh3.googleusercontent.com/sitesv/AG8ngQV7SF8_04gQ2-HAJICwbQ_AgqSpVrsiwtwGI0a8Y3draDTg-wyFBIECPubem7Vq9QzauBBllHejwxstrgCAT6VSGiuTZ0IumdLELtcPjwtgByh8INzWxEcBNhjbvKkdozd4Uq8uq0xgl2fPswxLQLqEq4gbTH5gqNg7_Dt8ejNHIHSQ5WqsVlZ3T3aNStE=s0,thehungtd_full_art,Sinful Spoils Deception,https://sites.google.com/view/thehungtd/latest-artworks/2024/rage-of-the-abyss,https://lh3.googleusercontent.com/sitesv/AG8ngQV7SF8_04gQ2-HAJICwbQ_AgqSpVrsiwtwGI0a8Y3draDTg-wyFBIECPubem7Vq9QzauBBllHejwxstrgCAT6VSGiuTZ0IumdLELtcPjwtgByh8INzWxEcBNhjbvKkdozd4Uq8uq0xgl2fPswxLQLqEq4gbTH5gqNg7_Dt8ejNHIHSQ5WqsVlZ3T3aNStE=w1280,8efac9e25ad122f3409a284a5b595922ea7a8a72d41df0e819ca035f5cefc4b9,1200,Continuous,True
Primite,1mPC2Fyu2FJJDF7KFED1c6qQFLvurgDUE,captions/ygo4_0318.json,Spell,Primite Lordly Lode,ygo4_0318,0b0f0d2d0bda7dec,1mPC2Fyu2FJJDF7KFED1c6qQFLvurgDUE,new_card_first_release,,,images/ygo4_0318.png,passed_automated_decode_dimension_checks,2024-07-27,20534,1.0,exact_alias,,pending_konami_verification,1024,RGB,4157e6c231f830aa99464afa1cdb56deff79a7fe0233239b64bdc2fda1408aea,1024,56506740,,,thehungtd_drive_original,https://drive.usercontent.google.com/download?id=1mPC2Fyu2FJJDF7KFED1c6qQFLvurgDUE&export=download&authuser=0&confirm=t,2026-08-31T18:25:58+00:00,selected_pending_image_and_caption_qa,1200,https://lh3.googleusercontent.com/sitesv/AG8ngQXweUnIdEjeXAtUe3beukWlUl2G-3VdtxZhnUJ52iopauSkmCAcLflj496XBZueYBzvDAyOSzCHhjzPxgb46MaxLJ1cyN5BJrTcSDO_Uut0mvGQREoQZl5k1X-ro-S18GI2L3dS_g0hK0E-Qgs71ZbrFESkyHmkEDc7tMd3lJZHZbolY4c8RX1T1WcXENo=s0,thehungtd_full_art,Primoredial Imperialode,https://sites.google.com/view/thehungtd/latest-artworks/2024/rage-of-the-abyss,https://lh3.googleusercontent.com/sitesv/AG8ngQXweUnIdEjeXAtUe3beukWlUl2G-3VdtxZhnUJ52iopauSkmCAcLflj496XBZueYBzvDAyOSzCHhjzPxgb46MaxLJ1cyN5BJrTcSDO_Uut0mvGQREoQZl5k1X-ro-S18GI2L3dS_g0hK0E-Qgs71ZbrFESkyHmkEDc7tMd3lJZHZbolY4c8RX1T1WcXENo=w1280,052426110091d074714508d93a8da21ea0383b2b402f63b716c40e3d8fd5be14,1200,Continuous,True
Sangen,1jCOydBhNMet050KmAx7N8aIjJof--5Mg,captions/ygo4_0319.json,Spell,Sangen Furo,ygo4_0319,21276f6f1f4d2e3f,1jCOydBhNMet050KmAx7N8aIjJof--5Mg,new_card_first_release,,,images/ygo4_0319.png,passed_automated_decode_dimension_checks,2024-07-27,20537,1.0,exact_alias,,pending_konami_verification,1024,RGB,e58e08ed921d96fe2842a55c2b2bc902ec719053852223a0a60d68dc0797ab3e,1024,55484152,,,thehungtd_drive_original,https://drive.usercontent.google.com/download?id=1jCOydBhNMet050KmAx7N8aIjJof--5Mg&export=download&authuser=0&confirm=t,2026-08-31T18:25:58+00:00,selected_pending_image_and_caption_qa,1200,https://lh3.googleusercontent.com/sitesv/AG8ngQVmvPvf0LY08jJj41hnHd5JG86QckIhjI2A-lHNI-yaEvS3HSswPsBc5yHAWcW3YwF5OGrQN4kl2cloEXqVeINNUaMqTx-d7-mWdtGfOUQ8uzhwMJNG0uUZe1FCKNnmVtATD1h4xqBAWwc5KYNE84O3h2wbPQnOspQiqdaoh1x8F6VqyajCOwNiENr3nm8=s0,thehungtd_full_art,Sangen Fuuro,https://sites.google.com/view/thehungtd/latest-artworks/2024/rage-of-the-abyss,https://lh3.googleusercontent.com/sitesv/AG8ngQVmvPvf0LY08jJj41hnHd5JG86QckIhjI2A-lHNI-yaEvS3HSswPsBc5yHAWcW3YwF5OGrQN4kl2cloEXqVeINNUaMqTx-d7-mWdtGfOUQ8uzhwMJNG0uUZe1FCKNnmVtATD1h4xqBAWwc5KYNE84O3h2wbPQnOspQiqdaoh1x8F6VqyajCOwNiENr3nm8=w1280,e5d9710261dc736456bdde46cd220e8700dd1ad8d99f707485398825fbb93fc0,1200,Continuous,True
,1H4K37kljC41M-9cDWnfeAn6SiAUUuyVh,captions/ygo4_0320.json,Spell,Token Support,ygo4_0320,8f0343b9b1d0fc18,1H4K37kljC41M-9cDWnfeAn6SiAUUuyVh,new_card_first_release,,,images/ygo4_0320.png,passed_automated_decode_dimension_checks,2024-07-27,20543,1.0,exact_alias,,pending_konami_verification,1024,RGB,fe9f7656ebfa2cf3cc8fdbed0c4b1c76c5abe4091cef2633b244ed879c1a5cdf,1024,53545926,,,thehungtd_drive_original,https://drive.usercontent.google.com/download?id=1H4K37kljC41M-9cDWnfeAn6SiAUUuyVh&export=download&authuser=0&confirm=t,2026-08-31T18:25:58+00:00,selected_pending_image_and_caption_qa,1200,https://lh3.googleusercontent.com/sitesv/AG8ngQWyBIF02DPwRMHKAuJ0mNItp5XnQOIjbW-VXu29_r-IFhDAEwbggFXJ0i4xkYfmEvyYZZamkDSULG_Aer6-q7OdTrPzamYi_J8f-U3D9jmULRJca7mjqDz137zhX8ORzWdvVhEsDM4RbrkKVAhJ5fwrQh6gLzLqYaBwIdR35GmauKoKErGm8Oe43ng45ug=s0,thehungtd_full_art,Token Alliance,https://sites.google.com/view/thehungtd/latest-artworks/2024/rage-of-the-abyss,https://lh3.googleusercontent.com/sitesv/AG8ngQWyBIF02DPwRMHKAuJ0mNItp5XnQOIjbW-VXu29_r-IFhDAEwbggFXJ0i4xkYfmEvyYZZamkDSULG_Aer6-q7OdTrPzamYi_J8f-U3D9jmULRJca7mjqDz137zhX8ORzWdvVhEsDM4RbrkKVAhJ5fwrQh6gLzLqYaBwIdR35GmauKoKErGm8Oe43ng45ug=w1280,6e18e265109295923a7f664cdfbb12e7ba67277ff0bed953dcd602008c208c1c,1200,Continuous,True
Mimighoul,1Wz7Lf-tCVMI7LAJjeq-bygJzm_VplGNi,captions/ygo4_0321.json,Spell,Mimighoul Charm,ygo4_0321,363a794d5873a64d,1Wz7Lf-tCVMI7LAJjeq-bygJzm_VplGNi,new_card_first_release,,,images/ygo4_0321.png,passed_automated_decode_dimension_checks,2024-10-04,20720,1.0,exact_alias,,pending_konami_verification,1024,RGB,5cf48d14a645343912d9df17026d7c96696a8272a89c71ee6f43cd2473dc6139,1024,55733143,,,thehungtd_drive_original,https://drive.usercontent.google.com/download?id=1Wz7Lf-tCVMI7LAJjeq-bygJzm_VplGNi&export=download&authuser=0&confirm=t,2026-08-31T18:25:58+00:00,selected_pending_image_and_caption_qa,1200,https://lh3.googleusercontent.com/sitesv/AG8ngQVq08CoZ3MoAsOjcJRlXU6eomOt1FZRo8v7D2N1ek-YRhsYcpuLlbQyUNUeNUqxhz8Kzmks_5GjlPRnojsg6Qjzxxc8z2um_ldnB9LuD85XBkLitISyfypyUOUZjLzx4rWsF9ZChPxQ9ue5uoCjLzhze2F2vr3ltw2m2m-Pz9_f1mGcQUubwBUIeeXP=s0,thehungtd_full_art,Mimighoul Charm,https://sites.google.com/view/thehungtd/latest-artworks/2024/rage-of-the-abyss,https://lh3.googleusercontent.com/sitesv/AG8ngQVq08CoZ3MoAsOjcJRlXU6eomOt1FZRo8v7D2N1ek-YRhsYcpuLlbQyUNUeNUqxhz8Kzmks_5GjlPRnojsg6Qjzxxc8z2um_ldnB9LuD85XBkLitISyfypyUOUZjLzx4rWsF9ZChPxQ9ue5uoCjLzhze2F2vr3ltw2m2m-Pz9_f1mGcQUubwBUIeeXP=w1280,eeab31effd02e43c7013229e9306ed2782872af23a4df759a8eb21ada5c565c2,1200,Continuous,True
Crystron,1AmEYhn5EVBjWd9DJ-SyP362TVez5RsUn,captions/ygo4_0322.json,Spell,Crystron Inclusion,ygo4_0322,21a717333b31334b,1AmEYhn5EVBjWd9DJ-SyP362TVez5RsUn,new_card_first_release,,,images/ygo4_0322.png,passed_automated_decode_dimension_checks,2025-01-23,20798,1.0,exact_alias,,pending_konami_verification,1024,RGB,48c4638491e1d6fa2b1a828b84b65c17164ef3c4adfc90900a5c8d9f4f0c316c,1024,31552317,,,thehungtd_drive_original,https://drive.usercontent.google.com/download?id=1AmEYhn5EVBjWd9DJ-SyP362TVez5RsUn&export=download&authuser=0&confirm=t,2026-08-31T18:25:56+00:00,selected_pending_image_and_caption_qa,1200,https://lh3.googleusercontent.com/sitesv/AG8ngQUC0Vh6mjnGGy2vaq0Z-5FTyHLHjB7naVIXqIwbFL-tElXs72YE0cNo9ZeiYp-tSUQAVrdrjRDNWRxc4X2wtsT6R553ceSABitv5qgSOPKGZZtsU4NOiQzabykUBLF2zlrhMgi45UvOYxtWLuQDmJfIgwALh7sqTa4cKHryJYNKwOb1yngjP-R2e4vNheQ=s0,thehungtd_full_art,Crystron Inclusion,https://sites.google.com/view/thehungtd/latest-artworks/2024/supreme-darkness,https://lh3.googleusercontent.com/sitesv/AG8ngQUC0Vh6mjnGGy2vaq0Z-5FTyHLHjB7naVIXqIwbFL-tElXs72YE0cNo9ZeiYp-tSUQAVrdrjRDNWRxc4X2wtsT6R553ceSABitv5qgSOPKGZZtsU4NOiQzabykUBLF2zlrhMgi45UvOYxtWLuQDmJfIgwALh7sqTa4cKHryJYNKwOb1yngjP-R2e4vNheQ=w1280,4a7da9e76a5dba1479deafad63b760f2fce55627c724d32f4dee641e85bf98b2,1200,Continuous,True
Materiactor,1Q-zmp60kaU0PbGXwqHrDTBxPBetv8YSY,captions/ygo4_0323.json,Spell,Materiactor Meltdown,ygo4_0323,2f3bd757270f1b47,1Q-zmp60kaU0PbGXwqHrDTBxPBetv8YSY,new_card_first_release,,,images/ygo4_0323.png,passed_automated_decode_dimension_checks,2025-01-23,20796,1.0,exact_alias,,pending_konami_verification,1024,RGB,d1634c1ae34b6d5cc9a2723180eb64cbaf1d45acd597a4d9bad18887413eaaa4,1024,38669664,,,thehungtd_drive_original,https://drive.usercontent.google.com/download?id=1Q-zmp60kaU0PbGXwqHrDTBxPBetv8YSY&export=download&authuser=0&confirm=t,2026-08-31T18:25:56+00:00,selected_pending_image_and_caption_qa,1200,https://lh3.googleusercontent.com/sitesv/AG8ngQX93A_qIjUbB0Vv4eB-rSO0ThZ8ETYqkEhXeK8G1LV1z9kUT2MRabG6h0UgMqKJNPgu0OX4bp7jOY-NGNOkhRtEdA_hLyxmG_-FtXGQdmBhMKYN3dcGnCV0qbo_PsvrA5UIl1jQXHs_mByW8orHW49Woq61v4scQcwX1ugEq01PPZUyPhmRA6VM7229qP0=s0,thehungtd_full_art,Materiactor Meltdown,https://sites.google.com/view/thehungtd/latest-artworks/2024/supreme-darkness,https://lh3.googleusercontent.com/sitesv/AG8ngQX93A_qIjUbB0Vv4eB-rSO0ThZ8ETYqkEhXeK8G1LV1z9kUT2MRabG6h0UgMqKJNPgu0OX4bp7jOY-NGNOkhRtEdA_hLyxmG_-FtXGQdmBhMKYN3dcGnCV0qbo_PsvrA5UIl1jQXHs_mByW8orHW49Woq61v4scQcwX1ugEq01PPZUyPhmRA6VM7229qP0=w1280,e65c6710a55846ad2aae8367d27e5f506691a4137387ee4409c12c944160f3f6,1200,Continuous,True
,1dI_jpMtlTo3N_J_PrCrkb17eewiaR62d,captions/ygo4_0324.json,Spell,Ocean of Regeneration,ygo4_0324,0f4d4f93170f0f0f,1dI_jpMtlTo3N_J_PrCrkb17eewiaR62d,new_card_first_release,,,images/ygo4_0324.png,passed_automated_decode_dimension_checks,2025-03-13,20392,1.0,exact_alias,,pending_konami_verification,1024,RGB,56ee014a56c44ffbe31795dbf75d095981db4cab95f84b0c40d54953cff8a3aa,1024,44728989,,,thehungtd_drive_original,https://drive.usercontent.google.com/download?id=1dI_jpMtlTo3N_J_PrCrkb17eewiaR62d&export=download&authuser=0&confirm=t,2026-08-31T18:26:01+00:00,selected_pending_image_and_caption_qa,1200,https://lh3.googleusercontent.com/sitesv/AG8ngQXL9_KaBUEPEwefmjQnpgruSxJ0ZxKJ7e53fI39ut2A4d95a0S_lNZMb8BIHL6enjdxuYZsRg1CKtF4oAo2stcuLC_6QVfBJp-QV3-okwNF0mVN66kGCKVhySTubklAir1dOWxPk5EAF6CCTvB-8j88R3QM60dyGEQOzXsJkO5yARdzf2Fl--GxZEUJxXs=s0,thehungtd_full_art,Ocean of Regeneration,https://sites.google.com/view/thehungtd/latest-artworks/2024/animation-chronicle-2024,https://lh3.googleusercontent.com/sitesv/AG8ngQXL9_KaBUEPEwefmjQnpgruSxJ0ZxKJ7e53fI39ut2A4d95a0S_lNZMb8BIHL6enjdxuYZsRg1CKtF4oAo2stcuLC_6QVfBJp-QV3-okwNF0mVN66kGCKVhySTubklAir1dOWxPk5EAF6CCTvB-8j88R3QM60dyGEQOzXsJkO5yARdzf2Fl--GxZEUJxXs=w1280,0c99b0c68ee12880b1308c43216553e9b2f14ee7a377663de7e9599fe76c4a1a,1200,Continuous,True
Predaplant,14463695,captions/ygo4_0325.json,Spell,Predapruning,ygo4_0325,6d9d5a4c055495ae,,new_card_first_release,,,images/ygo4_0325.png,passed_automated_decode_dimension_checks,2017-02-23,12838,1.0,api_identity_exact,,pending_konami_verification,1024,RGB,6450ed8dea8b5cac84dcfb52df06fab26d437cdba33469259512c8c23b33d933,1024,14463695,,,ygoprodeck_cropped_art,https://images.ygoprodeck.com/images/cards_cropped/14463695.jpg,2026-08-31T18:26:10+00:00,selected_pending_image_and_caption_qa,624,https://images.ygoprodeck.com/images/cards_cropped/14463695.jpg,ygoprodeck_cropped_art,Predapruning,https://db.ygoprodeck.com/api/v7/cardinfo.php?misc=yes,https://images.ygoprodeck.com/images/cards_cropped/14463695.jpg,64d4fc6b1236405a07d5dfa294df31c773708c4182928ed4577e670adf9f768c,624,Equip,True
Phantasm Spiral,48308134,captions/ygo4_0326.json,Spell,Phantasm Spiral Crash,ygo4_0326,4f25694c45564843,,new_card_first_release,,,images/ygo4_0326.png,passed_automated_decode_dimension_checks,2017-05-04,12971,1.0,api_identity_exact,,pending_konami_verification,1024,RGB,d07aad9caa3f5ee5524780a675154af353ef28eb3915d39d272ffe09d4dfd65f,1024,48308134,,,ygoprodeck_cropped_art,https://images.ygoprodeck.com/images/cards_cropped/48308134.jpg,2026-08-31T18:26:10+00:00,selected_pending_image_and_caption_qa,624,https://images.ygoprodeck.com/images/cards_cropped/48308134.jpg,ygoprodeck_cropped_art,Phantasm Spiral Crash,https://db.ygoprodeck.com/api/v7/cardinfo.php?misc=yes,https://images.ygoprodeck.com/images/cards_cropped/48308134.jpg,858b34e7f81e6d783afc897a3fe1ec8e97e2baa324e1adeaf89ba797e0506a67,624,Equip,True
Phantasm Spiral,75702749,captions/ygo4_0327.json,Spell,Phantasm Spiral Grip,ygo4_0327,8acb737118150aba,,new_card_first_release,,,images/ygo4_0327.png,passed_automated_decode_dimension_checks,2017-05-04,12972,1.0,api_identity_exact,,pending_konami_verification,1024,RGB,1039cd0c028b4edee8cf26cec5105f5bebe8c5677069d65e2e65cc0f3a0ffa80,1024,75702749,,,ygoprodeck_cropped_art,https://images.ygoprodeck.com/images/cards_cropped/75702749.jpg,2026-08-31T18:26:10+00:00,selected_pending_image_and_caption_qa,624,https://images.ygoprodeck.com/images/cards_cropped/75702749.jpg,ygoprodeck_cropped_art,Phantasm Spiral Grip,https://db.ygoprodeck.com/api/v7/cardinfo.php?misc=yes,https://images.ygoprodeck.com/images/cards_cropped/75702749.jpg,5be3ebbec53f43634f42b5a2f56e5c493638b13c4a8e7110c6e5b24ba63c6418,624,Equip,True
Phantasm Spiral,1197847,captions/ygo4_0328.json,Spell,Phantasm Spiral Wave,ygo4_0328,4d272e1a5c66b238,,new_card_first_release,,,images/ygo4_0328.png,passed_automated_decode_dimension_checks,2017-05-04,12973,1.0,api_identity_exact,,pending_konami_verification,1024,RGB,9b8a306c777f9efced35805c3a1543b80bc3cbd9e6453bfce3d4404843465f5b,1024,1197847,,,ygoprodeck_cropped_art,https://images.ygoprodeck.com/images/cards_cropped/1197847.jpg,2026-08-31T18:26:10+00:00,selected_pending_image_and_caption_qa,624,https://images.ygoprodeck.com/images/cards_cropped/1197847.jpg,ygoprodeck_cropped_art,Phantasm Spiral Wave,https://db.ygoprodeck.com/api/v7/cardinfo.php?misc=yes,https://images.ygoprodeck.com/images/cards_cropped/1197847.jpg,16b569ca1f2ba2147ec28add3bbbd5e21d568ec43b0329745d61f8514c7b2340,624,Equip,True
SPYRAL,73828446,captions/ygo4_0329.json,Spell,SPYRAL GEAR - Fully Armed,ygo4_0329,e010b0784859301a,,new_card_first_release,,,images/ygo4_0329.png,passed_automated_decode_dimension_checks,2017-05-04,13027,1.0,api_identity_exact,,pending_konami_verification,1024,RGB,7cf4055b842c2dcee40dc45b7e6342b93754a50b5493772939582ae509172638,1024,73828446,,,ygoprodeck_cropped_art,https://images.ygoprodeck.com/images/cards_cropped/73828446.jpg,2026-08-31T18:26:10+00:00,selected_pending_image_and_caption_qa,624,https://images.ygoprodeck.com/images/cards_cropped/73828446.jpg,ygoprodeck_cropped_art,SPYRAL GEAR - Fully Armed,https://db.ygoprodeck.com/api/v7/cardinfo.php?misc=yes,https://images.ygoprodeck.com/images/cards_cropped/73828446.jpg,712b38c430a63992569ba5979a97aeb95ef3e791a50c179f3f1da8cd457addce,624,Equip,True
Flame Swordsman,1wxA1BxXXkdvvIdvAAko61HJmpxKUCNvn,captions/ygo4_0330.json,Spell,Salamandra Fusion,ygo4_0330,a46dcedb594f6e78,1wxA1BxXXkdvvIdvAAko61HJmpxKUCNvn,new_card_first_release,,,images/ygo4_0330.png,passed_automated_decode_dimension_checks,2024-01-18,19730,1.0,exact_alias,,pending_konami_verification,1024,RGB,158abbb09798d06c0bfb1cb18363634f0e4a838897b8fd2b94fbc36392f47537,1024,9102835,,,ygoprodeck_identity_fallback,https://images.ygoprodeck.com/images/cards_cropped/9102835.jpg,2026-08-31T18:25:57+00:00,selected_pending_image_and_caption_qa,624,https://lh3.googleusercontent.com/sitesv/AG8ngQU7I041B3fmqN8PcFLU9z8xKIyY77J4sPl_dMbq9xdkV2kmzHsLhLdkEybEy2hmNOZBz-UFS8Ty-Kk7iGilnubMkZGzQfnF1djxxgUNIsxD_oUv8vpTfR-Z-TsjdC_K_OKULS1xaGLxfmFLcLZ289SPXbekuQGa477DdAsGlACBq7ulFZozfVahamJlULw=s0,thehungtd_full_art,Salamandra Fusion,https://sites.google.com/view/thehungtd/latest-artworks/2024/world-premiere-pack-2024,https://lh3.googleusercontent.com/sitesv/AG8ngQU7I041B3fmqN8PcFLU9z8xKIyY77J4sPl_dMbq9xdkV2kmzHsLhLdkEybEy2hmNOZBz-UFS8Ty-Kk7iGilnubMkZGzQfnF1djxxgUNIsxD_oUv8vpTfR-Z-TsjdC_K_OKULS1xaGLxfmFLcLZ289SPXbekuQGa477DdAsGlACBq7ulFZozfVahamJlULw=w1280,80d939125913683777f19598bbaf0fca8a3d8022ddcd5cdab4bab336669d4a87,624,Equip,True
,1vEIXLqoD3bxU-gpchl_S3X66qpRcX_ES,captions/ygo4_0331.json,Spell,Soul Fist,ygo4_0331,03094997375f1d26,1vEIXLqoD3bxU-gpchl_S3X66qpRcX_ES,new_card_first_release,,,images/ygo4_0331.png,passed_automated_decode_dimension_checks,2024-06-22,20413,1.0,exact_alias,,pending_konami_verification,1024,RGB,02a345f2a982a593d75d4dfd63233933d6b3cdea507be5036d37cd9526df9fc3,1024,69533836,,,thehungtd_drive_original,https://drive.usercontent.google.com/download?id=1vEIXLqoD3bxU-gpchl_S3X66qpRcX_ES&export=download&authuser=0&confirm=t,2026-08-31T18:26:01+00:00,selected_pending_image_and_caption_qa,1200,https://lh3.googleusercontent.com/sitesv/AG8ngQVxYOF-BpXqZPQ2hDy4SzP5O9JuIT6-cs0AeAqZt0Eok8stNALphQMmupbiCQUPrtjxBAvPdexM5kX7Fr454M_OAlyYtJKWPhAhzwzkLSABhgIa4TqX0r0EeuzWufzmudbHW9Ug-zlNlYbbDzqnDPF-dq8xN-iV5IcfPY3IBXdJkpD4mvQDDIeSBV8t-_I=s0,thehungtd_full_art,Soul Fist,https://sites.google.com/view/thehungtd/latest-artworks/2024/animation-chronicle-2024,https://lh3.googleusercontent.com/sitesv/AG8ngQVxYOF-BpXqZPQ2hDy4SzP5O9JuIT6-cs0AeAqZt0Eok8stNALphQMmupbiCQUPrtjxBAvPdexM5kX7Fr454M_OAlyYtJKWPhAhzwzkLSABhgIa4TqX0r0EeuzWufzmudbHW9Ug-zlNlYbbDzqnDPF-dq8xN-iV5IcfPY3IBXdJkpD4mvQDDIeSBV8t-_I=w1280,c2856ac5d2b3e30a82041658e044224d595afd2cba8429d7a252cc3ec13ee345,1200,Equip,True
Abyss-,1VVgIh9a3gVJZux3QZJp0oDalXOqGAv_f,captions/ygo4_0332.json,Spell,Abyss-sting Triaina,ygo4_0332,8286040e476b9f3f,1VVgIh9a3gVJZux3QZJp0oDalXOqGAv_f,new_card_first_release,,,images/ygo4_0332.png,passed_automated_decode_dimension_checks,2024-07-27,20538,1.0,exact_alias,,pending_konami_verification,1024,RGB,703a577000227d84af52395ab7e987128e762c44a2db80bb98843af8d8b230fb,1024,81878201,,,thehungtd_drive_original,https://drive.usercontent.google.com/download?id=1VVgIh9a3gVJZux3QZJp0oDalXOqGAv_f&export=download&authuser=0&confirm=t,2026-08-31T18:25:58+00:00,selected_pending_image_and_caption_qa,1200,https://lh3.googleusercontent.com/sitesv/AG8ngQVl-XZ9fLQhKtracC-2Fy_uBRQt0iJEvLIXAruka59wNophptmi1ILfXa9q5jGy6oCvuOcjQGneMXwuQZqgmgLQzAidoiFsFph7rhTBl0XxnSv4t9EqNW7K5QLVXZmKHSm2kxxhrQU_TYeBP1DXACx7pLBHWO09IRYKb06RUn8972vVE8R4yTjRHk-xKNg=s0,thehungtd_full_art,Abyss-sting of Triaina,https://sites.google.com/view/thehungtd/latest-artworks/2024/rage-of-the-abyss,https://lh3.googleusercontent.com/sitesv/AG8ngQVl-XZ9fLQhKtracC-2Fy_uBRQt0iJEvLIXAruka59wNophptmi1ILfXa9q5jGy6oCvuOcjQGneMXwuQZqgmgLQzAidoiFsFph7rhTBl0XxnSv4t9EqNW7K5QLVXZmKHSm2kxxhrQU_TYeBP1DXACx7pLBHWO09IRYKb06RUn8972vVE8R4yTjRHk-xKNg=w1280,7046bc7ba6ce6e20f2b796ad091a6a63a9f4e0d5bbb03e84fbfaba86d5557fad,1200,Equip,True
Xyz,1C35drRxblgI7jO8jSfA7-oNf0BxgcT5g,captions/ygo4_0333.json,Spell,Reincarnation Unveiling Mail,ygo4_0333,665594aa7171b313,1C35drRxblgI7jO8jSfA7-oNf0BxgcT5g,new_card_first_release,,,images/ygo4_0333.png,passed_automated_decode_dimension_checks,2024-07-27,20525,1.0,exact_alias,,pending_konami_verification,1024,RGB,6e0c292b50707adce269701e828d6e3263246d715518bd422604756b3f0b5ec2,1024,68663427,,,thehungtd_drive_original,https://drive.usercontent.google.com/download?id=1C35drRxblgI7jO8jSfA7-oNf0BxgcT5g&export=download&authuser=0&confirm=t,2026-08-31T18:25:58+00:00,selected_pending_image_and_caption_qa,1200,https://lh3.googleusercontent.com/sitesv/AG8ngQUEvaTTtHIr_32OeOQaWkdcV3JhT2U4lykjPpSDJDftnpyhoZWT3GHz22d9yvtTyb8o0U5hBnDS8pfcUfVSy-lHxJ9mthvqQMAhTSNvXKhSUmwatctq5a9LngddIlLKM2y8asGdupt7wpJJdPEHky1swM4Hu6P9swL9lCtn2iAgEx27CfttIgJZy1j_rZw=s0,thehungtd_full_art,Reincarnate Unveil Mail,https://sites.google.com/view/thehungtd/latest-artworks/2024/rage-of-the-abyss,https://lh3.googleusercontent.com/sitesv/AG8ngQUEvaTTtHIr_32OeOQaWkdcV3JhT2U4lykjPpSDJDftnpyhoZWT3GHz22d9yvtTyb8o0U5hBnDS8pfcUfVSy-lHxJ9mthvqQMAhTSNvXKhSUmwatctq5a9LngddIlLKM2y8asGdupt7wpJJdPEHky1swM4Hu6P9swL9lCtn2iAgEx27CfttIgJZy1j_rZw=w1280,78e87d4271cd1b9fa91d33287be5ba9ef021550d80ef365c7a8fd0f69fdf83d7,1200,Equip,True
Wedju,1ORGMS7ryoG1Rsde_S1LTtjb0ekltSRgx,captions/ygo4_0334.json,Spell,Grief Tablet,ygo4_0334,1f136d4dcc8e52c1,1ORGMS7ryoG1Rsde_S1LTtjb0ekltSRgx,new_card_first_release,,,images/ygo4_0334.png,passed_automated_decode_dimension_checks,2025-03-13,20388,1.0,exact_alias,,pending_konami_verification,1024,RGB,6b66e3ab6a74c2ee1abbbedf199996ec11da79539b7b2ca85244c64135314b70,1024,18046862,,,ygoprodeck_identity_fallback,https://images.ygoprodeck.com/images/cards_cropped/18046862.jpg,2026-08-31T18:26:01+00:00,selected_pending_image_and_caption_qa,624,https://lh3.googleusercontent.com/sitesv/AG8ngQULl72DfK-MtHtu1PrR9swlnwWVVdYa-izlqdhpjugS-n5SQU4BXnB4tvmHbR_cDErQWQxkqfLxEeybn_av7bNQbYNZNGilnOMS0ggfBA0BuvAZYIqlWbVBSU_4Ab-LKRmCSEZxABO9GzW2Sos6aoNqbdQjgzDHRXvVtgbf9KTadw2SZAi_l5JJKgII=s0,thehungtd_full_art,Grief Tablet,https://sites.google.com/view/thehungtd/latest-artworks/2024/animation-chronicle-2024,https://lh3.googleusercontent.com/sitesv/AG8ngQULl72DfK-MtHtu1PrR9swlnwWVVdYa-izlqdhpjugS-n5SQU4BXnB4tvmHbR_cDErQWQxkqfLxEeybn_av7bNQbYNZNGilnOMS0ggfBA0BuvAZYIqlWbVBSU_4Ab-LKRmCSEZxABO9GzW2Sos6aoNqbdQjgzDHRXvVtgbf9KTadw2SZAi_l5JJKgII=w1280,b96ba36b9aee5d9f31f382f29f7e4f3aec49a797297fd676c4235e3b5788e2d4,624,Equip,True
,1AIHl9MkVKPsIWncLOcjkSSwwp-dxTc1X,captions/ygo4_0335.json,Spell,Spirit Illusion,ygo4_0335,3be294d0e0d0e92e,1AIHl9MkVKPsIWncLOcjkSSwwp-dxTc1X,new_card_first_release,,,images/ygo4_0335.png,passed_automated_decode_dimension_checks,2025-03-13,20390,1.0,exact_alias,,pending_konami_verification,1024,RGB,1b158d314a8ca5c21cc214a21a480d55b3b9ee75486a6c1f4782bd8082b960a8,1024,71939275,,,thehungtd_drive_original,https://drive.usercontent.google.com/download?id=1AIHl9MkVKPsIWncLOcjkSSwwp-dxTc1X&export=download&authuser=0&confirm=t,2026-08-31T18:26:01+00:00,selected_pending_image_and_caption_qa,1200,https://lh3.googleusercontent.com/sitesv/AG8ngQUWmXKS0IzsAgh6Mu91Emsw201dXyzPUlViKyPfqpc16Su2PzIU1YmVM6yctoiVnmxxfhr9Dy29RVc7cU3pXAyR3LOotxHn6-97HS7rxIhRflznUsMadablp5qV4cD5KEOI5-UcEBNdMa4Tka32kJIet_p0XjRfluMTVmy5dAXhlDoNLZvS075WS7ZOP7c=s0,thehungtd_full_art,Spirit Illusion,https://sites.google.com/view/thehungtd/latest-artworks/2024/animation-chronicle-2024,https://lh3.googleusercontent.com/sitesv/AG8ngQUWmXKS0IzsAgh6Mu91Emsw201dXyzPUlViKyPfqpc16Su2PzIU1YmVM6yctoiVnmxxfhr9Dy29RVc7cU3pXAyR3LOotxHn6-97HS7rxIhRflznUsMadablp5qV4cD5KEOI5-UcEBNdMa4Tka32kJIet_p0XjRfluMTVmy5dAXhlDoNLZvS075WS7ZOP7c=w1280,515b1c4c22ef6a7f5d878637febe057334deb01a3d45e3ed97fe25339722b94e,1200,Equip,True
Spirit Message,16625614,captions/ygo4_0336.json,Spell,Dark Sanctuary,ygo4_0336,6d8d8c553333630e,,new_card_first_release,,,images/ygo4_0336.png,passed_automated_decode_dimension_checks,2016-09-15,12572,1.0,api_identity_exact,,pending_konami_verification,1024,RGB,43e6e8bcd495255d60ad6485226d981a89082c4b7bfee48f871556e8f38eb170,1024,16625614,,,ygoprodeck_cropped_art,https://images.ygoprodeck.com/images/cards_cropped/16625614.jpg,2026-08-31T18:26:10+00:00,selected_pending_image_and_caption_qa,624,https://images.ygoprodeck.com/images/cards_cropped/16625614.jpg,ygoprodeck_cropped_art,Dark Sanctuary,https://db.ygoprodeck.com/api/v7/cardinfo.php?misc=yes,https://images.ygoprodeck.com/images/cards_cropped/16625614.jpg,84f3a0a0a19866fb0f24c0ea49082f70d9ed8adff15db90f0cd38295d1929b93,624,Field,True
Magnet,4740489,captions/ygo4_0337.json,Spell,Magnetic Field,ygo4_0337,8b224dcb1793d64f,,new_card_first_release,,,images/ygo4_0337.png,passed_automated_decode_dimension_checks,2016-10-20,12578,1.0,api_identity_exact,,pending_konami_verification,1024,RGB,63aff64ead22742c797329ee5ebc809e2997aefd5ab4610c28fa5d5c61c5b3ee,1024,4740489,,,ygoprodeck_cropped_art,https://images.ygoprodeck.com/images/cards_cropped/4740489.jpg,2026-08-31T18:26:10+00:00,selected_pending_image_and_caption_qa,624,https://images.ygoprodeck.com/images/cards_cropped/4740489.jpg,ygoprodeck_cropped_art,Magnetic Field,https://db.ygoprodeck.com/api/v7/cardinfo.php?misc=yes,https://images.ygoprodeck.com/images/cards_cropped/4740489.jpg,107aac5dbd8ca869a408b98e65254d88423ae4ea86ec96088c600b5a7af71916,624,Field,True
Symphonic Warrior,75304793,captions/ygo4_0338.json,Spell,Symph Amplifire,ygo4_0338,7791961d1576f4ac,,new_card_first_release,,,images/ygo4_0338.png,passed_automated_decode_dimension_checks,2017-02-09,11610,1.0,api_identity_exact,,pending_konami_verification,1024,RGB,6250e6fe996dc8e3a6d9f8de90edbaa0d64660a2b9a10fc715b72cedeb1f0e43,1024,75304793,,,ygoprodeck_cropped_art,https://images.ygoprodeck.com/images/cards_cropped/75304793.jpg,2026-08-31T18:26:10+00:00,selected_pending_image_and_caption_qa,624,https://images.ygoprodeck.com/images/cards_cropped/75304793.jpg,ygoprodeck_cropped_art,Symph Amplifire,https://db.ygoprodeck.com/api/v7/cardinfo.php?misc=yes,https://images.ygoprodeck.com/images/cards_cropped/75304793.jpg,ef04c83e21b52205366c58a6ecb03c804b15f33555a8e88879eda59d8bd7ba5f,624,Field,True
Invoked,47679935,captions/ygo4_0339.json,Spell,Magical Meltdown,ygo4_0339,27664c94312b8ee1,,new_card_first_release,,,images/ygo4_0339.png,passed_automated_decode_dimension_checks,2017-02-23,12851,1.0,api_identity_exact,,pending_konami_verification,1024,RGB,86a799d9645a5e324c03d89018c2d2b6de936fa6068f85c97b677574c5f3eadb,1024,47679935,,,ygoprodeck_cropped_art,https://images.ygoprodeck.com/images/cards_cropped/47679935.jpg,2026-08-31T18:26:10+00:00,selected_pending_image_and_caption_qa,624,https://images.ygoprodeck.com/images/cards_cropped/47679935.jpg,ygoprodeck_cropped_art,Magical Meltdown,https://db.ygoprodeck.com/api/v7/cardinfo.php?misc=yes,https://images.ygoprodeck.com/images/cards_cropped/47679935.jpg,5b9943761b8b7de70a57e5f6062f15be9d3490bdbcaacceb1ab3b475954b47e6,624,Field,True
Sacred Beast,13301895,captions/ygo4_0340.json,Spell,Fallen Paradise,ygo4_0340,676e2d1c68290d8b,,new_card_first_release,,,images/ygo4_0340.png,passed_automated_decode_dimension_checks,2017-03-30,12904,1.0,api_identity_exact,,pending_konami_verification,1024,RGB,8b5a82d7bff3a2e3c3bcb92a9189cf73360f288b72a0044f57a2f991562c3588,1024,13301895,,,ygoprodeck_cropped_art,https://images.ygoprodeck.com/images/cards_cropped/13301895.jpg,2026-08-31T18:26:10+00:00,selected_pending_image_and_caption_qa,624,https://images.ygoprodeck.com/images/cards_cropped/13301895.jpg,ygoprodeck_cropped_art,Fallen Paradise,https://db.ygoprodeck.com/api/v7/cardinfo.php?misc=yes,https://images.ygoprodeck.com/images/cards_cropped/13301895.jpg,8a9df7bb7df439a6d9c93da0148916091145174f249bbad4e34bd3ed6d2e16dd,624,Field,True
Ashened,1BeWpytpAagTZGOudMTkqYfh-KQ7yv49K,captions/ygo4_0341.json,Spell,"Obsidim, the Ashened City",ygo4_0341,8b3b5f4b9b19173f,1BeWpytpAagTZGOudMTkqYfh-KQ7yv49K,new_card_first_release,,,images/ygo4_0341.png,passed_automated_decode_dimension_checks,2024-02-08,19839,1.0,exact_alias,,pending_konami_verification,1024,RGB,10183c1522d256b451dd73629d95cdd02d83eb1abe0f6049050f61ecf74ab637,1024,3055018,,,ygoprodeck_identity_fallback,https://images.ygoprodeck.com/images/cards_cropped/3055018.jpg,2026-08-31T18:26:04+00:00,selected_pending_image_and_caption_qa,624,https://lh3.googleusercontent.com/sitesv/AG8ngQX5BEvrKBEDhc7asnQWkIvddl0GZPTVmnTA_Q8ypiRDZsx3zUkJ9SwInLm3pEv3nIKP3wjyHNw_4gk9XEk-ZWHRq1e9yVfB5oYfTUNrH_ZBO58K2Wc-bxQ4M-ch8pnZ6RsLGBm3CkcRNETyfzlH0GA70D2_StYwyMLPizZjL4zok01NrsPDc0vfCms67PM=s0,thehungtd_full_art,"Obsidim, the Ashened City",https://sites.google.com/view/thehungtd/latest-artworks/2024/phantom-nightmare,https://lh3.googleusercontent.com/sitesv/AG8ngQX5BEvrKBEDhc7asnQWkIvddl0GZPTVmnTA_Q8ypiRDZsx3zUkJ9SwInLm3pEv3nIKP3wjyHNw_4gk9XEk-ZWHRq1e9yVfB5oYfTUNrH_ZBO58K2Wc-bxQ4M-ch8pnZ6RsLGBm3CkcRNETyfzlH0GA70D2_StYwyMLPizZjL4zok01NrsPDc0vfCms67PM=w1280,fde05dee126afa64c1b1f577de0a333788539db5de2a9380490ddc7772af33a1,624,Field,True
Ashened,1WWKxqNziyzcuzSZdIOwj_PlINHzwwGmM,captions/ygo4_0342.json,Spell,"Obsidim, the Ashened City",ygo4_0342,8b3b5f4b9b99173f,1WWKxqNziyzcuzSZdIOwj_PlINHzwwGmM,new_card_first_release,,,images/ygo4_0342.png,passed_automated_decode_dimension_checks,2024-02-08,19839,1.0,exact_alias,,pending_konami_verification,1024,RGB,a094df8b21f884763be38fce179089e5856b7c2fdd3e340a0b2649addc9ff13a,1024,3055018,,,thehungtd_drive_original,https://drive.usercontent.google.com/download?id=1WWKxqNziyzcuzSZdIOwj_PlINHzwwGmM&export=download&authuser=0&confirm=t,2026-08-31T18:25:57+00:00,selected_pending_image_and_caption_qa,1200,https://lh3.googleusercontent.com/sitesv/AG8ngQWQKfXzCPICcGTjnax2lqtDmliNaA6q-5LhtKz7Ted_rVy1PuaZsAreu0BP7x1wAoRAlCQMmEk-pjijvqCE1BFj5m5dObVY8A2q-KUEOM6_2ZYLTmPI5jriZ5KCK0CMvo2pN1DF_Q6w7lvKHvImKsayTDi9f-LMqgpvh3C96DtUYoKw-WFSiq4esE-yn0g=s0,thehungtd_full_art,"Obsidim, the Ashened City",https://sites.google.com/view/thehungtd/latest-artworks/2024/world-premiere-pack-2024,https://lh3.googleusercontent.com/sitesv/AG8ngQWQKfXzCPICcGTjnax2lqtDmliNaA6q-5LhtKz7Ted_rVy1PuaZsAreu0BP7x1wAoRAlCQMmEk-pjijvqCE1BFj5m5dObVY8A2q-KUEOM6_2ZYLTmPI5jriZ5KCK0CMvo2pN1DF_Q6w7lvKHvImKsayTDi9f-LMqgpvh3C96DtUYoKw-WFSiq4esE-yn0g=w1280,0e3feb3af0edc486131c7874de9af1365f3bb9c911317778d6f73ea095a88f29,1200,Field,True
,1FI4jd06z9Ewt5NGWN5qpKG48QyLya1OR,captions/ygo4_0343.json,Spell,Multi-Universe,ygo4_0343,aaa4d00aaaabf313,1FI4jd06z9Ewt5NGWN5qpKG48QyLya1OR,new_card_first_release,,,images/ygo4_0343.png,passed_automated_decode_dimension_checks,2024-04-25,20062,1.0,exact_alias,,pending_konami_verification,1024,RGB,240db1747e058326b15e2dad183ad51a834d23bfe0efbb8f2157fc783af42a97,1024,885016,,,ygoprodeck_identity_fallback,https://images.ygoprodeck.com/images/cards_cropped/885016.jpg,2026-08-31T18:25:57+00:00,selected_pending_image_and_caption_qa,624,https://lh3.googleusercontent.com/sitesv/AG8ngQU6WNV_4NS1MyIcG7mH2QShAkH4ua0mIoom-JffH8Fsw1zf7uNYqPtq8fzy848Osh64q9gUQjXhtww5BDlopS5_zZon7A4co54Z0IdNcEBKAQI5_rsk1aAFYUDNC989pin3JMhWCMH-BU9wzFqBWnKcAVeouyUwrIpF2v0XSpq-9c6UNpYInd7uca0CIQo=s0,thehungtd_full_art,Multi-Universe,https://sites.google.com/view/thehungtd/latest-artworks/2024/world-premiere-pack-2024,https://lh3.googleusercontent.com/sitesv/AG8ngQU6WNV_4NS1MyIcG7mH2QShAkH4ua0mIoom-JffH8Fsw1zf7uNYqPtq8fzy848Osh64q9gUQjXhtww5BDlopS5_zZon7A4co54Z0IdNcEBKAQI5_rsk1aAFYUDNC989pin3JMhWCMH-BU9wzFqBWnKcAVeouyUwrIpF2v0XSpq-9c6UNpYInd7uca0CIQo=w1280,48fc17c64d356685b960ff3805c2ba474a038daef4f4c6db2180152c8258af78,624,Field,True
,1qLUA5k5KFEzMmTi5npPuv5Ei_RiQOAxF,captions/ygo4_0344.json,Spell,Nightmare Throne,ygo4_0344,64189cb6b30bccec,1qLUA5k5KFEzMmTi5npPuv5Ei_RiQOAxF,new_card_first_release,,,images/ygo4_0344.png,passed_automated_decode_dimension_checks,2024-04-25,19902,1.0,exact_alias,,pending_konami_verification,1024,RGB,dd13e3797c2bf87a974fbab7ffde8ecca4e43e65529f95a855eef7bac0837aa8,1024,93729896,,,ygoprodeck_identity_fallback,https://images.ygoprodeck.com/images/cards_cropped/93729896.jpg,2026-08-31T18:26:02+00:00,selected_pending_image_and_caption_qa,624,https://lh3.googleusercontent.com/sitesv/AG8ngQWR3yMr08UnXySEWWyYfR2ZJAcNluBNyAFHh9cMDRT0EzB-ybPLpwEwjvx_ZCQCo_FTqFmtfJbx7aXI7rOKE5KKd39wTmcfUEgv6_ELNBCoAEldZQmYhhjC-TbH0vc_gmBfwl6jity1H9lxxefb_9_wWfEvYAVAbFIw8jZrW0lU8APVkIE3szZ8cFemLLA=s0,thehungtd_full_art,Nightmare Throne,https://sites.google.com/view/thehungtd/latest-artworks/2024/legacy-of-destruction,https://lh3.googleusercontent.com/sitesv/AG8ngQWR3yMr08UnXySEWWyYfR2ZJAcNluBNyAFHh9cMDRT0EzB-ybPLpwEwjvx_ZCQCo_FTqFmtfJbx7aXI7rOKE5KKd39wTmcfUEgv6_ELNBCoAEldZQmYhhjC-TbH0vc_gmBfwl6jity1H9lxxefb_9_wWfEvYAVAbFIw8jZrW0lU8APVkIE3szZ8cFemLLA=w1280,0569d8fb6027325e14b24c713832aac53d9aaf30143fce008c6a0b5e635383ca,624,Field,True
,10nRvJlwkxeI6vK4JkDLYhLBKOsKq7jCC,captions/ygo4_0345.json,Spell,Allure Palace,ygo4_0345,4d4d71558e2b2f33,10nRvJlwkxeI6vK4JkDLYhLBKOsKq7jCC,new_card_first_release,,,images/ygo4_0345.png,passed_automated_decode_dimension_checks,2024-06-22,20415,1.0,exact_alias,,pending_konami_verification,1024,RGB,cc35ebc4082539925d56964df78cee2b87d3166775ce701314fef3c09674f27a,1024,31322640,,,ygoprodeck_identity_fallback,https://images.ygoprodeck.com/images/cards_cropped/31322640.jpg,2026-08-31T18:26:01+00:00,selected_pending_image_and_caption_qa,624,https://lh3.googleusercontent.com/sitesv/AG8ngQW6wJtGyLK5pDni3tOjHfCjj96pxVTXRs1JmGBz_rjh2Xr6ODIX-3hW_-HGxerEAphjohhuqdlzucayQFhj7unKKlEd2opK5_SmCgb0RWuufrs_0ysXX19NKp3y5yi1-SyzbUMsUak0iZaqB69UBWq44T5hXwW3j7cSUzJGCiWcYTIMqrkQTZ3lZqOOkR4=s0,thehungtd_full_art,Allure Palace,https://sites.google.com/view/thehungtd/latest-artworks/2024/animation-chronicle-2024,https://lh3.googleusercontent.com/sitesv/AG8ngQW6wJtGyLK5pDni3tOjHfCjj96pxVTXRs1JmGBz_rjh2Xr6ODIX-3hW_-HGxerEAphjohhuqdlzucayQFhj7unKKlEd2opK5_SmCgb0RWuufrs_0ysXX19NKp3y5yi1-SyzbUMsUak0iZaqB69UBWq44T5hXwW3j7cSUzJGCiWcYTIMqrkQTZ3lZqOOkR4=w1280,1969f268d2c4ac3ac5e2b165d8b3bab3f26e5ec3c639474a0a0451a3ef94bf66,624,Field,True
,1t7oy-eoYOQ1nDAU2_u1l05Ol98U2DLA0,captions/ygo4_0346.json,Spell,Mansion of the Dreadful Dolls,ygo4_0346,1b9f332b69820a0d,1t7oy-eoYOQ1nDAU2_u1l05Ol98U2DLA0,new_card_first_release,,,images/ygo4_0346.png,passed_automated_decode_dimension_checks,2024-07-18,20235,1.0,exact_alias,,pending_konami_verification,1024,RGB,5f7fbf8f3e5c5f6ebf5a254b2953e34287a9d92f7047f5ab63d2bc8f72c0dfe8,1024,36890111,,,ygoprodeck_identity_fallback,https://images.ygoprodeck.com/images/cards_cropped/36890111.jpg,2026-08-31T18:26:00+00:00,selected_pending_image_and_caption_qa,624,https://lh3.googleusercontent.com/sitesv/AG8ngQUZ2CXKcRdRpHyhv3bE-B-kng_emR7nBOQzlWXJAUDf0wCge3Bay7hKNvIlOxzGLkVv2y5RtkElrKJlJ26a4bdJUcCMxLN0ODv536P3zjMUfsKQ-kCNAPdQTw0WoYJEO3vmhIpXiNiDt5ddrBbJ7vfmF_ToHRhBbuNn4A_Nj6vp_spVSj-wIYtS2GWL4u0=s0,thehungtd_full_art,Mansion of the Underworld Dolls,https://sites.google.com/view/thehungtd/latest-artworks/2024/infinite-forbidden,https://lh3.googleusercontent.com/sitesv/AG8ngQUZ2CXKcRdRpHyhv3bE-B-kng_emR7nBOQzlWXJAUDf0wCge3Bay7hKNvIlOxzGLkVv2y5RtkElrKJlJ26a4bdJUcCMxLN0ODv536P3zjMUfsKQ-kCNAPdQTw0WoYJEO3vmhIpXiNiDt5ddrBbJ7vfmF_ToHRhBbuNn4A_Nj6vp_spVSj-wIYtS2GWL4u0=w1280,a2da90f7ac3e9ff278bbabbf3e10663da72ff62acc7a0a552bdc45b68fdd4fa9,624,Field,True
Mimighoul,1WktKvscnBrcFFNGXgP7BfKP4mZF0QJ5I,captions/ygo4_0347.json,Spell,Mimighoul Dungeon,ygo4_0347,474626a5b33347c3,1WktKvscnBrcFFNGXgP7BfKP4mZF0QJ5I,new_card_first_release,,,images/ygo4_0347.png,passed_automated_decode_dimension_checks,2024-07-18,20432,1.0,exact_alias,,pending_konami_verification,1024,RGB,bc360aa0be1212ed3acc9b685ed840f80b57124e4d3ff7eb8fde24d286202cf8,1024,86809440,,,thehungtd_drive_original,https://drive.usercontent.google.com/download?id=1WktKvscnBrcFFNGXgP7BfKP4mZF0QJ5I&export=download&authuser=0&confirm=t,2026-08-31T18:26:00+00:00,selected_pending_image_and_caption_qa,1200,https://lh3.googleusercontent.com/sitesv/AG8ngQUCFvLEwJHWv0R6pMYuxqrNeNVsZcK7DpQPaXW31OlwOWr7t7C7ND65q9AO3SRJPEDvE_G3QFjPMH7kjSdJ9jR0bnI7Pu8kCxa-mPySFsb8L0d5C2jdlIzsWKnsKMu3a6iuqik6DaQiaSp58owhdI8Yzwl0WS2ewifMmo_617ca92PSYbkYSOIdrWO9Tes=s0,thehungtd_full_art,Mimighoul Dungeon,https://sites.google.com/view/thehungtd/latest-artworks/2024/infinite-forbidden,https://lh3.googleusercontent.com/sitesv/AG8ngQUCFvLEwJHWv0R6pMYuxqrNeNVsZcK7DpQPaXW31OlwOWr7t7C7ND65q9AO3SRJPEDvE_G3QFjPMH7kjSdJ9jR0bnI7Pu8kCxa-mPySFsb8L0d5C2jdlIzsWKnsKMu3a6iuqik6DaQiaSp58owhdI8Yzwl0WS2ewifMmo_617ca92PSYbkYSOIdrWO9Tes=w1280,3d4cc47aa54a2b494275a7b158dedb73135f5222d9b90a74014e62f62f0fb598,1200,Field,True
Wedju,1x1sAeAshX0cP9On09CLJ6JHOYGB9H2eh,captions/ygo4_0348.json,Spell,Wedju Temple,ygo4_0348,0f3447092b2fa391,1x1sAeAshX0cP9On09CLJ6JHOYGB9H2eh,new_card_first_release,,,images/ygo4_0348.png,passed_automated_decode_dimension_checks,2024-07-18,20233,1.0,exact_alias,,pending_konami_verification,1024,RGB,56e8655b0a56a2388b92e9d1ba3e047d8bd868e43c4a2fa859ace93190576f02,1024,63017368,,,thehungtd_drive_original,https://drive.usercontent.google.com/download?id=1x1sAeAshX0cP9On09CLJ6JHOYGB9H2eh&export=download&authuser=0&confirm=t,2026-08-31T18:26:00+00:00,selected_pending_image_and_caption_qa,1200,https://lh3.googleusercontent.com/sitesv/AG8ngQU2nY2CGYkyXU7SllDo9qhLgZt3-xo7WZvFk33X1_MvvPU9veQqsZ6Uxsug_tkyAwq0QVr7ggAq4cxUrks-HKj0BVI9JS28_1ijYVts47y8unZwy7DfvXalWEl2X4xpQkt-riqnv-YGPG96tqlfZwkWEj6r_GE3VtPV2_virS-XpYVlENImXSptMBd1hUc=s0,thehungtd_full_art,Shrine of Wedju,https://sites.google.com/view/thehungtd/latest-artworks/2024/infinite-forbidden,https://lh3.googleusercontent.com/sitesv/AG8ngQU2nY2CGYkyXU7SllDo9qhLgZt3-xo7WZvFk33X1_MvvPU9veQqsZ6Uxsug_tkyAwq0QVr7ggAq4cxUrks-HKj0BVI9JS28_1ijYVts47y8unZwy7DfvXalWEl2X4xpQkt-riqnv-YGPG96tqlfZwkWEj6r_GE3VtPV2_virS-XpYVlENImXSptMBd1hUc=w1280,7ba241b69eda6d3ce1373f5e8ac697ee3f5de82043e4e7ff0671bd6539e89874,1200,Field,True
Tenyi,1BN_qlJzAOVJtEToN3qINx3pzSNAE-b4g,captions/ygo4_0349.json,Spell,Tenyinfinity,ygo4_0349,1fe7663733b28003,1BN_qlJzAOVJtEToN3qINx3pzSNAE-b4g,new_card_first_release,,,images/ygo4_0349.png,passed_automated_decode_dimension_checks,2025-01-23,20799,1.0,exact_alias,,pending_konami_verification,1024,RGB,f061e8f1f7280ab65be203c30233879b8d700cfe8e8fa24c7f2c9edd6575e352,1024,77946022,,,thehungtd_drive_original,https://drive.usercontent.google.com/download?id=1BN_qlJzAOVJtEToN3qINx3pzSNAE-b4g&export=download&authuser=0&confirm=t,2026-08-31T18:25:56+00:00,selected_pending_image_and_caption_qa,1200,https://lh3.googleusercontent.com/sitesv/AG8ngQUqCI-BbQ7ufSitdeP5uJRO9wT2Oo_vc5qXtKukWfgB3NVE9y0PCuKzupuQYG9_I_D4l2G1bhgCF1y2afEDLhJ1p225IcsRVqgDHlMqj1LEkHLHeF-kSU-IdnnO6gcQArYr3NgAmARbH-SCtzzG8qYsdX2PxwutHKGJFEABHp7mN1nLCvijtkm4k2uAABE=s0,thehungtd_full_art,Eternal Perfection of the Tenyi,https://sites.google.com/view/thehungtd/latest-artworks/2024/supreme-darkness,https://lh3.googleusercontent.com/sitesv/AG8ngQUqCI-BbQ7ufSitdeP5uJRO9wT2Oo_vc5qXtKukWfgB3NVE9y0PCuKzupuQYG9_I_D4l2G1bhgCF1y2afEDLhJ1p225IcsRVqgDHlMqj1LEkHLHeF-kSU-IdnnO6gcQArYr3NgAmARbH-SCtzzG8qYsdX2PxwutHKGJFEABHp7mN1nLCvijtkm4k2uAABE=w1280,a67d94fe0243c2c28943877d4773557e6a579136c48e9710148aa5d721d4b45a,1200,Field,True
Magician,37803970,captions/ygo4_0350.json,Spell,Amazing Pendulum,ygo4_0350,d6b13373b2b6f18c,,new_card_first_release,,,images/ygo4_0350.png,passed_automated_decode_dimension_checks,2016-11-03,12643,1.0,api_identity_exact,,pending_konami_verification,1024,RGB,05e34d7cefa3523836a2a00d5cdc68af1f790470f2a64ecf6f48cf8d002b5fd6,1024,37803970,,,ygoprodeck_cropped_art,https://images.ygoprodeck.com/images/cards_cropped/37803970.jpg,2026-08-31T18:26:10+00:00,selected_pending_image_and_caption_qa,624,https://images.ygoprodeck.com/images/cards_cropped/37803970.jpg,ygoprodeck_cropped_art,Amazing Pendulum,https://db.ygoprodeck.com/api/v7/cardinfo.php?misc=yes,https://images.ygoprodeck.com/images/cards_cropped/37803970.jpg,694588de786f0e970ff7d86bda40a20355eb70b11e96b799267b97aacf3ca026,624,Normal,True
Flower Cardian,30786387,captions/ygo4_0351.json,Spell,Flower Stacking,ygo4_0351,0f8f17492d174b74,,new_card_first_release,,,images/ygo4_0351.png,passed_automated_decode_dimension_checks,2016-11-03,12645,1.0,api_identity_exact,,pending_konami_verification,1024,RGB,5b6d482564a62172527e928ca00b7ed2cfc2ddafbc756dc58609b9abb2a4d910,1024,30786387,,,ygoprodeck_cropped_art,https://images.ygoprodeck.com/images/cards_cropped/30786387.jpg,2026-08-31T18:26:10+00:00,selected_pending_image_and_caption_qa,624,https://images.ygoprodeck.com/images/cards_cropped/30786387.jpg,ygoprodeck_cropped_art,Flower Stacking,https://db.ygoprodeck.com/api/v7/cardinfo.php?misc=yes,https://images.ygoprodeck.com/images/cards_cropped/30786387.jpg,b2d437e8608609b029d7129683fd28412dca8f574b2fddc56089df7ea3a6b967,624,Normal,True
Flower Cardian,66171432,captions/ygo4_0352.json,Spell,Super Koi Koi,ygo4_0352,cf4d4d69bab9a24e,,new_card_first_release,,,images/ygo4_0352.png,passed_automated_decode_dimension_checks,2016-11-03,12646,1.0,api_identity_exact,,pending_konami_verification,1024,RGB,758fe180a7364b12148d0c407b785b075c911ade28547db85a95b9d1d1096155,1024,66171432,,,ygoprodeck_cropped_art,https://images.ygoprodeck.com/images/cards_cropped/66171432.jpg,2026-08-31T18:26:10+00:00,selected_pending_image_and_caption_qa,624,https://images.ygoprodeck.com/images/cards_cropped/66171432.jpg,ygoprodeck_cropped_art,Super Koi Koi,https://db.ygoprodeck.com/api/v7/cardinfo.php?misc=yes,https://images.ygoprodeck.com/images/cards_cropped/66171432.jpg,3945038cebe5edab7b12a8a0d9597686e4c556204b654d5bf93bf25badb1c71c,624,Normal,True
Aroma,12h_3Ksf_Pp8_VHYNr4ewaQx6NW2_Jvvq,captions/ygo4_0353.json,Spell,Aroma Blend,ygo4_0353,b1e6cbdccc92c2c3,12h_3Ksf_Pp8_VHYNr4ewaQx6NW2_Jvvq,new_card_first_release,,,images/ygo4_0353.png,passed_automated_decode_dimension_checks,2024-02-08,19523,1.0,exact_alias,,pending_konami_verification,1024,RGB,f16efe752351c228ac738e10684ca631404e8118b780a1825b07fdb6e5d1e9ad,1024,25861589,,,ygoprodeck_identity_fallback,https://images.ygoprodeck.com/images/cards_cropped/25861589.jpg,2026-08-31T18:26:04+00:00,selected_pending_image_and_caption_qa,624,https://lh3.googleusercontent.com/sitesv/AG8ngQUQnBdlE7c1OiCikH44hWGuV8HfUWL6eg2omZchBwHFuonY_QitEy7z2XEwVYUNJ3cZpph8FCEauJOoSmnY-FerpqoIsqmXrOa8dyE-RsZ2AGlPs-tuCV3H7Da2sLPO1eGjMHfC54370ncHoqHpF7UsLqkUA_b_TmvdhdxG0-5fsMICX2Vh5HZ5lUZuteg=s0,thehungtd_full_art,Aroma Blend,https://sites.google.com/view/thehungtd/latest-artworks/2024/phantom-nightmare,https://lh3.googleusercontent.com/sitesv/AG8ngQUQnBdlE7c1OiCikH44hWGuV8HfUWL6eg2omZchBwHFuonY_QitEy7z2XEwVYUNJ3cZpph8FCEauJOoSmnY-FerpqoIsqmXrOa8dyE-RsZ2AGlPs-tuCV3H7Da2sLPO1eGjMHfC54370ncHoqHpF7UsLqkUA_b_TmvdhdxG0-5fsMICX2Vh5HZ5lUZuteg=w1280,f54ea52ea58c9d4f62c40b3f130c265777c60d5e691d5c83d225aefcf8c10be3,624,Normal,True
,1AqrBpnXyI71Wr0bRuPrkHYMnxDpcZVGd,captions/ygo4_0354.json,Spell,Flock Together,ygo4_0354,3147da2c4c6c6932,1AqrBpnXyI71Wr0bRuPrkHYMnxDpcZVGd,new_card_first_release,,,images/ygo4_0354.png,passed_automated_decode_dimension_checks,2024-02-08,19527,1.0,exact_alias,,pending_konami_verification,1024,RGB,51f645d0d5cdad30ee416a21b03f50f1f09a1fe628212d5c0f7828beea15f0d8,1024,50134646,,,thehungtd_drive_original,https://drive.usercontent.google.com/download?id=1AqrBpnXyI71Wr0bRuPrkHYMnxDpcZVGd&export=download&authuser=0&confirm=t,2026-08-31T18:26:04+00:00,selected_pending_image_and_caption_qa,1200,https://lh3.googleusercontent.com/sitesv/AG8ngQXuSqWYF9bcjH-f3BjWs0hP24Lv0XZhV2IjI5i1pZRIq1Kf4DSVpUuXs5oXl1j--wp3w5rzdAVDUKUFUuDy9O6E93z3mC-2cTqLXIiEGMqZtYFos3KFwigUDAwdia_kHqDGCNGSEoQhNeczB1VV1URxqs_YB1IH3-3r0ecOxrqKLwGLKGW1WNH0GQFiYD8=s0,thehungtd_full_art,White-Eye Pressure,https://sites.google.com/view/thehungtd/latest-artworks/2024/phantom-nightmare,https://lh3.googleusercontent.com/sitesv/AG8ngQXuSqWYF9bcjH-f3BjWs0hP24Lv0XZhV2IjI5i1pZRIq1Kf4DSVpUuXs5oXl1j--wp3w5rzdAVDUKUFUuDy9O6E93z3mC-2cTqLXIiEGMqZtYFos3KFwigUDAwdia_kHqDGCNGSEoQhNeczB1VV1URxqs_YB1IH3-3r0ecOxrqKLwGLKGW1WNH0GQFiYD8=w1280,852f51db776bdd057911e07cb9c2e152b7e87a0ae0cdd3727a87b32122614bbd,1200,Normal,True
Goblin,1nw5tU-6xkCqAP2c7wEn0l25FUm1Mn8l4,captions/ygo4_0355.json,Spell,Goblin Biker Grand Entrance,ygo4_0355,176371d52525191a,1nw5tU-6xkCqAP2c7wEn0l25FUm1Mn8l4,new_card_first_release,,,images/ygo4_0355.png,passed_automated_decode_dimension_checks,2024-02-08,19516,1.0,exact_alias,,pending_konami_verification,1024,RGB,48d0b64d54fdf0e438426aa1fb16d788877e01869590dc490133d101592c8395,1024,90711610,,,ygoprodeck_identity_fallback,https://images.ygoprodeck.com/images/cards_cropped/90711610.jpg,2026-08-31T18:26:04+00:00,selected_pending_image_and_caption_qa,624,https://lh3.googleusercontent.com/sitesv/AG8ngQX-KAtaq5C_r6asp3MFlAB61JLcCV3iohlavnC1TYDwSslv0THeCKg0FKAy6S5kLQVloVdht-9dxpPYf8fH0Wity3lIxWtg9yM3h_qPsOpM1ohTI51eAFHQ02BsJD32zRcGm1SmOKvUAlz7Rr1dTFB4Wr1aMGSxiPSkynAWacNAdqfvY6fZztH-lECbow0=s0,thehungtd_full_art,Grand Arrival of the Goblin Riders,https://sites.google.com/view/thehungtd/latest-artworks/2024/phantom-nightmare,https://lh3.googleusercontent.com/sitesv/AG8ngQX-KAtaq5C_r6asp3MFlAB61JLcCV3iohlavnC1TYDwSslv0THeCKg0FKAy6S5kLQVloVdht-9dxpPYf8fH0Wity3lIxWtg9yM3h_qPsOpM1ohTI51eAFHQ02BsJD32zRcGm1SmOKvUAlz7Rr1dTFB4Wr1aMGSxiPSkynAWacNAdqfvY6fZztH-lECbow0=w1280,f2e879656d4deb199cf2f18bb5dee83f4b5bef89731091b7ac5cb0945081af87,624,Normal,True
,1oPsbLxcnZc1FCR4O5fheOe-YG5ATSdZV,captions/ygo4_0356.json,Spell,Mutamorphosis,ygo4_0356,260e2f0919736a8c,1oPsbLxcnZc1FCR4O5fheOe-YG5ATSdZV,new_card_first_release,,,images/ygo4_0356.png,passed_automated_decode_dimension_checks,2024-02-08,19525,1.0,exact_alias,,pending_konami_verification,1024,RGB,01069fc1bc8d80030088e2f9db5bbd71fc2d5795bf3c3708ac26ae442fceddef,1024,88654892,,,ygoprodeck_identity_fallback,https://images.ygoprodeck.com/images/cards_cropped/88654892.jpg,2026-08-31T18:26:04+00:00,selected_pending_image_and_caption_qa,624,https://lh3.googleusercontent.com/sitesv/AG8ngQX56-uswhIoZfMy6uZ1QjyBdXgAzlTClKQSRMEGrqh1m_zNVBNR9zXxP6zDyhp1aIzbSxfY5nwjVXCBDWj8u2E9ZkXsdLxhLje9wqLXtnhXSixjOC1Tp0GPMhcvSb7fPxOSCkA46h1XMbdqhADK3Q_u5ALCgRON22hBrys4RXFARLGlV1jpzvacu11_UyE=s0,thehungtd_full_art,Back Mutation,https://sites.google.com/view/thehungtd/latest-artworks/2024/phantom-nightmare,https://lh3.googleusercontent.com/sitesv/AG8ngQX56-uswhIoZfMy6uZ1QjyBdXgAzlTClKQSRMEGrqh1m_zNVBNR9zXxP6zDyhp1aIzbSxfY5nwjVXCBDWj8u2E9ZkXsdLxhLje9wqLXtnhXSixjOC1Tp0GPMhcvSb7fPxOSCkA46h1XMbdqhADK3Q_u5ALCgRON22hBrys4RXFARLGlV1jpzvacu11_UyE=w1280,c2722331c5636dde791ddeca2033ad3acfea446674486b75b7d6df7a87b8cf0f,624,Normal,True
Ashened,1f2Kp8WcI2IecDtxk3CisxO3QvvgNbBdq,captions/ygo4_0357.json,Spell,Extinguishing the Ashened,ygo4_0357,390f2369713939c6,1f2Kp8WcI2IecDtxk3CisxO3QvvgNbBdq,new_card_first_release,,,images/ygo4_0357.png,passed_automated_decode_dimension_checks,2024-04-25,20071,1.0,exact_alias,,pending_konami_verification,1024,RGB,d856336a6be6f7ba691653998d90d1ad09ba1909394d57e9d1c187be1660767b,1024,98828338,,,ygoprodeck_identity_fallback,https://images.ygoprodeck.com/images/cards_cropped/98828338.jpg,2026-08-31T18:26:02+00:00,selected_pending_image_and_caption_qa,624,https://lh3.googleusercontent.com/sitesv/AG8ngQUp6YKSxcqAohKZt3ToFcwJWxpvBOWCP8F_rQikVTMtUHSxvlXmf1_ssDTpG4ipDvrlT7Xiqya0PnaEdptGJNPgR8Kr2EFXW4ZfleJJpz2UzZMH5JzDagGrl3VEgSJ4fgq7qnaV3Dk9clZcCdiYrY0BlIkbfOvLVOb5bbk7XuB22Vv3mXTvFAII_HVZjLk=s0,thehungtd_full_art,Extinguishing the Ashened,https://sites.google.com/view/thehungtd/latest-artworks/2024/legacy-of-destruction,https://lh3.googleusercontent.com/sitesv/AG8ngQUp6YKSxcqAohKZt3ToFcwJWxpvBOWCP8F_rQikVTMtUHSxvlXmf1_ssDTpG4ipDvrlT7Xiqya0PnaEdptGJNPgR8Kr2EFXW4ZfleJJpz2UzZMH5JzDagGrl3VEgSJ4fgq7qnaV3Dk9clZcCdiYrY0BlIkbfOvLVOb5bbk7XuB22Vv3mXTvFAII_HVZjLk=w1280,f0c1e6c47e959b4f5b1cf91a53cd85141036ff46f1ee70ce22827e0cbf4f75fa,624,Normal,True
Ashened,1qKqPOYrSXQsYQpgtzOZkUKMbllXhzi8J,captions/ygo4_0358.json,Spell,Extinguishing the Ashened,ygo4_0358,390f2369713939c6,1qKqPOYrSXQsYQpgtzOZkUKMbllXhzi8J,new_card_first_release,,,images/ygo4_0358.png,passed_automated_decode_dimension_checks,2024-04-25,20071,1.0,exact_alias,,pending_konami_verification,1024,RGB,d856336a6be6f7ba691653998d90d1ad09ba1909394d57e9d1c187be1660767b,1024,98828338,,,ygoprodeck_identity_fallback,https://images.ygoprodeck.com/images/cards_cropped/98828338.jpg,2026-08-31T18:25:57+00:00,selected_pending_image_and_caption_qa,624,https://lh3.googleusercontent.com/sitesv/AG8ngQVQUayqpMrHv0VWA4oj0iOrgiD24gTuzY4eB_kgK1o-4ugQjGVFijnhak-rtyhT8UqKa7leOdoYD6pb3PKeQqc7gLzmWSthresBbnWwdS3f8HNkkJvc2f-_p5N7fPGL963nlS8oXaVrZBYki5t-JI2Gp8FVdCqavih6dcpRW8vt7PIO3-criWv7xjJf=s0,thehungtd_full_art,Extinguishing the Ashened,https://sites.google.com/view/thehungtd/latest-artworks/2024/world-premiere-pack-2024,https://lh3.googleusercontent.com/sitesv/AG8ngQVQUayqpMrHv0VWA4oj0iOrgiD24gTuzY4eB_kgK1o-4ugQjGVFijnhak-rtyhT8UqKa7leOdoYD6pb3PKeQqc7gLzmWSthresBbnWwdS3f8HNkkJvc2f-_p5N7fPGL963nlS8oXaVrZBYki5t-JI2Gp8FVdCqavih6dcpRW8vt7PIO3-criWv7xjJf=w1280,f0c1e6c47e959b4f5b1cf91a53cd85141036ff46f1ee70ce22827e0cbf4f75fa,624,Normal,True
Melodious,1g9uaueimF1GffxmMAI9AaNEDbLs_NAWY,captions/ygo4_0359.json,Spell,Melodious Concerto,ygo4_0359,27252647c7a70f0b,1g9uaueimF1GffxmMAI9AaNEDbLs_NAWY,new_card_first_release,,,images/ygo4_0359.png,passed_automated_decode_dimension_checks,2024-04-25,19897,1.0,exact_alias,,pending_konami_verification,1024,RGB,1501719cad93728f67e0b0477508e35179e042984a63b43d415f212cb3e00bda,1024,31458630,,,ygoprodeck_identity_fallback,https://images.ygoprodeck.com/images/cards_cropped/31458630.jpg,2026-08-31T18:26:02+00:00,selected_pending_image_and_caption_qa,624,https://lh3.googleusercontent.com/sitesv/AG8ngQUXfRbovmHOFJEXNLEES93R0ja0iBYN7zgGdyaaaieVHRGjUqPl--rrVPUg-1KPkRdCR1I28D_e1p69oyZfCMznx6dV9iYqF_uBpBqfaBuGp0BztR5yJIzmDIQEDGWIbIHzKDKAOXFBKdWpJvtyO9SV0xrbWdUngJFcYWQtTokBQdTgOrUTCUMaU0M8lLE=s0,thehungtd_full_art,Melodious Concerto,https://sites.google.com/view/thehungtd/latest-artworks/2024/legacy-of-destruction,https://lh3.googleusercontent.com/sitesv/AG8ngQUXfRbovmHOFJEXNLEES93R0ja0iBYN7zgGdyaaaieVHRGjUqPl--rrVPUg-1KPkRdCR1I28D_e1p69oyZfCMznx6dV9iYqF_uBpBqfaBuGp0BztR5yJIzmDIQEDGWIbIHzKDKAOXFBKdWpJvtyO9SV0xrbWdUngJFcYWQtTokBQdTgOrUTCUMaU0M8lLE=w1280,758f60a0cc15020edaac0b609f6eeac406db67a4535bbba44db88604bd3965e3,624,Normal,True
Vaalmonica,10oIl5T4PpWsfiMRKFOtBd3cwfG23bhn9,captions/ygo4_0360.json,Spell,Vaalmonica Disarmonia,ygo4_0360,a48292c4e4e5e46b,10oIl5T4PpWsfiMRKFOtBd3cwfG23bhn9,new_card_first_release,,,images/ygo4_0360.png,passed_automated_decode_dimension_checks,2024-04-25,19907,1.0,exact_alias,,pending_konami_verification,1024,RGB,32f3d573067905e7752bc5cad72fdb32205ba1b8cf4285c7b500a4dd597dd020,1024,65496951,,,ygoprodeck_identity_fallback,https://images.ygoprodeck.com/images/cards_cropped/65496951.jpg,2026-08-31T18:26:02+00:00,selected_pending_image_and_caption_qa,624,https://lh3.googleusercontent.com/sitesv/AG8ngQUNveVugBINSqhfijKzqvpHkkwYzTi0WNyBR0Imo4Ifwvjm3i8Iw4GBx9xgMsUdyx_jasjzllLWje58JewkXMSYiJnQkD_AWcNBwcpxookqNITYMLtGS4nDank2R2PkXH9YztJ6b6kbkxQbopgLoeeuiMXxuigTLjdxIsg5-boIlyb_MxZMlZLUCFGlYnk=s0,thehungtd_full_art,Vaalmonica Disarmonia,https://sites.google.com/view/thehungtd/latest-artworks/2024/legacy-of-destruction,https://lh3.googleusercontent.com/sitesv/AG8ngQUNveVugBINSqhfijKzqvpHkkwYzTi0WNyBR0Imo4Ifwvjm3i8Iw4GBx9xgMsUdyx_jasjzllLWje58JewkXMSYiJnQkD_AWcNBwcpxookqNITYMLtGS4nDank2R2PkXH9YztJ6b6kbkxQbopgLoeeuiMXxuigTLjdxIsg5-boIlyb_MxZMlZLUCFGlYnk=w1280,0b4d2b69934c6ef80597b2b42add85fd495a90a840332753b424eeba69a9d20f,624,Normal,True
Seventh,1N6KIw5o1QW2s9XnrqQYWw1AeL7TSiyUi,captions/ygo4_0361.json,Spell,Seventh Tachyon,ygo4_0361,fa3c1f87078ecae9,1N6KIw5o1QW2s9XnrqQYWw1AeL7TSiyUi,new_card_first_release,,,images/ygo4_0361.png,passed_automated_decode_dimension_checks,2024-05-25,20282,1.0,exact_alias,,pending_konami_verification,1024,RGB,de82692cb8ed894aef883772b0a7597e4743985580e54d42a69598e2d43c3b7a,1024,7477101,,,thehungtd_drive_original,https://drive.usercontent.google.com/download?id=1N6KIw5o1QW2s9XnrqQYWw1AeL7TSiyUi&export=download&authuser=0&confirm=t,2026-08-31T18:26:01+00:00,selected_pending_image_and_caption_qa,1200,https://lh3.googleusercontent.com/sitesv/AG8ngQV1RevhwppU_wxfDtDoTUp53DnCQ56xlAajTjuECsZR8mbhxbUKok4amJW2hMBWSqmrMJtG_MVS8Xxdh_RQRXziYTRU-k4UemHTllJ4beCuj_ePgMrrTOIap2F-80ePE42jRX_7Lm3l1KiVfQoUGiiVwrgGQu1p6AMNllIOhj0Fimv1r6h21_jwn5j5arw=s0,thehungtd_full_art,Seventh Tachyon,https://sites.google.com/view/thehungtd/latest-artworks/2024/duelist-pack-duelists-of-brilliance,https://lh3.googleusercontent.com/sitesv/AG8ngQV1RevhwppU_wxfDtDoTUp53DnCQ56xlAajTjuECsZR8mbhxbUKok4amJW2hMBWSqmrMJtG_MVS8Xxdh_RQRXziYTRU-k4UemHTllJ4beCuj_ePgMrrTOIap2F-80ePE42jRX_7Lm3l1KiVfQoUGiiVwrgGQu1p6AMNllIOhj0Fimv1r6h21_jwn5j5arw=w1280,f06abf72fa51982ce996355af280df88ec5f31e9e9b54443ea95b63c5541145c,1200,Normal,True
,1elxb-jeinuxVIniw9DkV7qEWzTOz1aKM,captions/ygo4_0362.json,Spell,Union Activation,ygo4_0362,9f87a3d1d993b3e7,1elxb-jeinuxVIniw9DkV7qEWzTOz1aKM,new_card_first_release,,,images/ygo4_0362.png,passed_automated_decode_dimension_checks,2024-05-25,20289,1.0,exact_alias,,pending_konami_verification,1024,RGB,491389e976f3d4455e5b04a3d3fe87e99b5f5eee198c4c381b9780492a84d5fe,1024,38527680,,,thehungtd_drive_original,https://drive.usercontent.google.com/download?id=1elxb-jeinuxVIniw9DkV7qEWzTOz1aKM&export=download&authuser=0&confirm=t,2026-08-31T18:26:01+00:00,selected_pending_image_and_caption_qa,1200,https://lh3.googleusercontent.com/sitesv/AG8ngQWwBbM2EYVuQZdHTt9PEVwyXPGvquB4tR_kLMBJHZlgqzv_w2GxIWjNXgdO6_o-9VfgZZtF8R1nRfK3l482yPxDo-b4BBk6wpvHm9p3Sskln3alAGMzUJ6a5wOUsM3a2xaOYNe17z64bq4YCF-dQ3vI95HvTd07X4yxJJjiQ5ic8n8ET27__TkM_eQHxyc=s0,thehungtd_full_art,Union Activation,https://sites.google.com/view/thehungtd/latest-artworks/2024/duelist-pack-duelists-of-brilliance,https://lh3.googleusercontent.com/sitesv/AG8ngQWwBbM2EYVuQZdHTt9PEVwyXPGvquB4tR_kLMBJHZlgqzv_w2GxIWjNXgdO6_o-9VfgZZtF8R1nRfK3l482yPxDo-b4BBk6wpvHm9p3Sskln3alAGMzUJ6a5wOUsM3a2xaOYNe17z64bq4YCF-dQ3vI95HvTd07X4yxJJjiQ5ic8n8ET27__TkM_eQHxyc=w1280,99f376233f79c533852a5dccfda6870b36acde7544c26c2ce2fd01f3a809ed7e,1200,Normal,True
,1c70NmnuGiEzxmCm-d1Vn4MNDGRpDtOT6,captions/ygo4_0363.json,Spell,Oil,ygo4_0363,c3735809ac6665c1,1c70NmnuGiEzxmCm-d1Vn4MNDGRpDtOT6,new_card_first_release,,,images/ygo4_0363.png,passed_automated_decode_dimension_checks,2024-06-20,7054,1.0,exact_alias,,pending_konami_verification,1024,RGB,bc310887ea381eaf57af9e3c66db9a5e2194ea1b3515d4ffe35862cbbaef8344,1024,74055055,,,ygoprodeck_identity_fallback,https://images.ygoprodeck.com/images/cards_cropped/74055055.jpg,2026-08-31T18:26:06+00:00,selected_pending_image_and_caption_qa,624,https://lh3.googleusercontent.com/sitesv/AG8ngQXeYOIbE4qy7Im4GdwzkzIWt6zTTz26bw7Ju3wVJq6TaV2YZNZ8WJHczeUa2kj_EtzcbXG3oVRfPElD4GpDKzB8ctifiHKjGNACFFK7_OMD_au0Azcn8LmEi0wFPl4-nS0xx1_JQvu33w0HygVk8RMbMnCdMmVrPIdxKNVy7f5dKUl-AbK3iF8wMWkM=s0,thehungtd_full_art,Oil,https://sites.google.com/view/thehungtd/latest-artworks/2024/premium-pack-2024,https://lh3.googleusercontent.com/sitesv/AG8ngQXeYOIbE4qy7Im4GdwzkzIWt6zTTz26bw7Ju3wVJq6TaV2YZNZ8WJHczeUa2kj_EtzcbXG3oVRfPElD4GpDKzB8ctifiHKjGNACFFK7_OMD_au0Azcn8LmEi0wFPl4-nS0xx1_JQvu33w0HygVk8RMbMnCdMmVrPIdxKNVy7f5dKUl-AbK3iF8wMWkM=w1280,8a4ecee59c40310b0db4548b41aa660daa5ff32fb4762338c4648c2501f90864,624,Normal,True
Void,1th9HxbxPP68DdJqkvHrCutzrqpxIOlFG,captions/ygo4_0364.json,Spell,Void Reignition,ygo4_0364,1b9f131b9257c909,1th9HxbxPP68DdJqkvHrCutzrqpxIOlFG,new_card_first_release,,,images/ygo4_0364.png,passed_automated_decode_dimension_checks,2024-06-20,19629,1.0,exact_alias,,pending_konami_verification,1024,RGB,b4e2eefcdff7891fd31d8e296ce095d2b18088584b02c582da2a6499cb1a297a,1024,60830240,,,ygoprodeck_identity_fallback,https://images.ygoprodeck.com/images/cards_cropped/60830240.jpg,2026-08-31T18:26:06+00:00,selected_pending_image_and_caption_qa,624,https://lh3.googleusercontent.com/sitesv/AG8ngQUaZTOxzPnLD2u53ypHzDFRF1IKE1wZHPhtVsmEkVxP8LrG3nvS0Dd4YTTt9TfjH6FZSKvq44WXEmiLseUW8z9B9Az5e2A_Tjtya92O5mQdxPY_U6P6TkA-OIjxoWdpuTv_EbUKcxJPwdfHXMsAivHpvdr0LTfH552r5TuRhoP9vDjiO3m-_L9JqAENLMc=s0,thehungtd_full_art,Void Blaze-Up,https://sites.google.com/view/thehungtd/latest-artworks/2024/terminal-world,https://lh3.googleusercontent.com/sitesv/AG8ngQUaZTOxzPnLD2u53ypHzDFRF1IKE1wZHPhtVsmEkVxP8LrG3nvS0Dd4YTTt9TfjH6FZSKvq44WXEmiLseUW8z9B9Az5e2A_Tjtya92O5mQdxPY_U6P6TkA-OIjxoWdpuTv_EbUKcxJPwdfHXMsAivHpvdr0LTfH552r5TuRhoP9vDjiO3m-_L9JqAENLMc=w1280,381daf1bc275f65956fcf44d6f68086c8b1bea7dbab6e3a84518ad62e8310439,624,Normal,True
White Forest,1WtpZWKfGIR932c5ajXl20e5i1bJR_G18,captions/ygo4_0365.json,Spell,Beware the White Forest,ygo4_0365,a25295b3531586cc,1WtpZWKfGIR932c5ajXl20e5i1bJR_G18,new_card_first_release,,,images/ygo4_0365.png,passed_automated_decode_dimension_checks,2024-07-18,20238,1.0,exact_alias,,pending_konami_verification,1024,RGB,42034d7fa26acf031c49d3745553fa750b254729f064ff6629588603d2775ed7,1024,35778533,,,ygoprodeck_identity_fallback,https://images.ygoprodeck.com/images/cards_cropped/35778533.jpg,2026-08-31T18:26:00+00:00,selected_pending_image_and_caption_qa,624,https://lh3.googleusercontent.com/sitesv/AG8ngQWhP1T4eIotMXlQKYZzxLs1v-I3ILltgc3sDjSsU0-8tp-EzGbUEdKJ_WeDVtTBP_kTtsrBRB-P96N_u5jzw6i8TDq0jk2oLkBp1deWCkezrGe-0G8jP2J1peOY5qtFPpchy4pJubITSExU-RKOdCR0_bjf8gXsjAjSmPdSf1n-ADikMiUocjrulWxDvmA=s0,thehungtd_full_art,Beware the White Woods,https://sites.google.com/view/thehungtd/latest-artworks/2024/infinite-forbidden,https://lh3.googleusercontent.com/sitesv/AG8ngQWhP1T4eIotMXlQKYZzxLs1v-I3ILltgc3sDjSsU0-8tp-EzGbUEdKJ_WeDVtTBP_kTtsrBRB-P96N_u5jzw6i8TDq0jk2oLkBp1deWCkezrGe-0G8jP2J1peOY5qtFPpchy4pJubITSExU-RKOdCR0_bjf8gXsjAjSmPdSf1n-ADikMiUocjrulWxDvmA=w1280,295d6c619bd67df50d790b7fd018907d85df000a6b4a96bf3506fa9cd1223d8b,624,Normal,True
Fiendsmith,1mHaZO2ZUif9_3jwiQus_ZRU0wzDYywdW,captions/ygo4_0366.json,Spell,Fiendsmith's Tract,ygo4_0366,2c6ea73fcfc76f3e,1mHaZO2ZUif9_3jwiQus_ZRU0wzDYywdW,new_card_first_release,,,images/ygo4_0366.png,passed_automated_decode_dimension_checks,2024-07-18,20240,1.0,exact_alias,,pending_konami_verification,1024,RGB,9b392e014279a672bf5d17a6783335357320c8c66d35b07b2d3c84615b54dfab,1024,98567237,,,ygoprodeck_identity_fallback,https://images.ygoprodeck.com/images/cards_cropped/98567237.jpg,2026-08-31T18:26:00+00:00,selected_pending_image_and_caption_qa,624,https://lh3.googleusercontent.com/sitesv/AG8ngQUb3fPYaQnRRd_ODF37aqkAs82JSbke0ap2mcl6d7YKPSwlB5MQK92JaJS3X9ORGRj3xKqRHJQDvC_fQGg1PXpfl13RPZ0FDv2VF2svUfeH9zSAOqkbD2XsE-ZoZDOjRjPZGx1icsPcyFlOzHlJlW3ECwtiglRZb-WfUub9QXv03fLHvxs8iLzP1XUCxfw=s0,thehungtd_full_art,Fiendsmith Tractus,https://sites.google.com/view/thehungtd/latest-artworks/2024/infinite-forbidden,https://lh3.googleusercontent.com/sitesv/AG8ngQUb3fPYaQnRRd_ODF37aqkAs82JSbke0ap2mcl6d7YKPSwlB5MQK92JaJS3X9ORGRj3xKqRHJQDvC_fQGg1PXpfl13RPZ0FDv2VF2svUfeH9zSAOqkbD2XsE-ZoZDOjRjPZGx1icsPcyFlOzHlJlW3ECwtiglRZb-WfUub9QXv03fLHvxs8iLzP1XUCxfw=w1280,e3e46e995f97cba4f8ee1b6b0d9cc3003fd3567eb5bf52f0ad72cdbfba60092b,624,Normal,True
Millennium,1K4zEKpkvJ7kPcr778r_VPpE5ssepl9Or,captions/ygo4_0367.json,Spell,Millennium Ankh,ygo4_0367,491b173117175fca,1K4zEKpkvJ7kPcr778r_VPpE5ssepl9Or,new_card_first_release,,,images/ygo4_0367.png,passed_automated_decode_dimension_checks,2024-07-18,20232,1.0,exact_alias,,pending_konami_verification,1024,RGB,cd6bacc62d05870f3bfb8b05bc98e8bb72149223a1165b4d36d6de5fb0df5376,1024,37613663,,,thehungtd_drive_original,https://drive.usercontent.google.com/download?id=1K4zEKpkvJ7kPcr778r_VPpE5ssepl9Or&export=download&authuser=0&confirm=t,2026-08-31T18:26:00+00:00,selected_pending_image_and_caption_qa,1200,https://lh3.googleusercontent.com/sitesv/AG8ngQVnFkkdvZheJuKWVry-j8-jp1tgk-ExeKhw4S-Dgx3H1K3g5KyhgJUsUM1p87pGaP7xBJo9rUj1J-quzj1mF-Y6VrXN6LXvRyOC1QK4uXVjTmvyDUnkpw1VHxLIhsqt2VBL08j7zK12dxH4yFYRqPtDk0_fgeP8SQ9x6TjenDQZP3Aadcec1xNBF-ZafKI=s0,thehungtd_full_art,Millennium Cross,https://sites.google.com/view/thehungtd/latest-artworks/2024/infinite-forbidden,https://lh3.googleusercontent.com/sitesv/AG8ngQVnFkkdvZheJuKWVry-j8-jp1tgk-ExeKhw4S-Dgx3H1K3g5KyhgJUsUM1p87pGaP7xBJo9rUj1J-quzj1mF-Y6VrXN6LXvRyOC1QK4uXVjTmvyDUnkpw1VHxLIhsqt2VBL08j7zK12dxH4yFYRqPtDk0_fgeP8SQ9x6TjenDQZP3Aadcec1xNBF-ZafKI=w1280,c327f5d04fb877b9d78ec5a9ac84e94bce545482c88b0f98300aee56ac86929c,1200,Normal,True
Mimighoul,1Zck5U2yMl_MuclO3fCCHvmPHdBR7MMgN,captions/ygo4_0368.json,Spell,Mimighoul Maker,ygo4_0368,1f1f8d82d3378bd7,1Zck5U2yMl_MuclO3fCCHvmPHdBR7MMgN,new_card_first_release,,,images/ygo4_0368.png,passed_automated_decode_dimension_checks,2024-07-18,20433,1.0,exact_alias,,pending_konami_verification,1024,RGB,9e94d10b6bfbc8f1d20f2ad461376660111ac1e15e8b10056c1a4d5e5d239a5a,1024,13204145,,,thehungtd_drive_original,https://drive.usercontent.google.com/download?id=1Zck5U2yMl_MuclO3fCCHvmPHdBR7MMgN&export=download&authuser=0&confirm=t,2026-08-31T18:26:00+00:00,selected_pending_image_and_caption_qa,1200,https://lh3.googleusercontent.com/sitesv/AG8ngQUyUX_Q5ReYoEjv2i96TO2K4-0-0_8BBRExG_m76pZj9oZA-JvunJFfmU0LIaJccEVZgZlr9Ll40Ut8w9w16LbEmpCq1aRrB74b6KrUYNMueTKQRRFZWjM4tSsuRoVPbZb3XZo2EQWOJcyJtBoUrtiuvzx5SBun8tz9RZ2e5t3tr4Le-mYjIf7gl9pslb8=s0,thehungtd_full_art,Mimighoul Maker,https://sites.google.com/view/thehungtd/latest-artworks/2024/infinite-forbidden,https://lh3.googleusercontent.com/sitesv/AG8ngQUyUX_Q5ReYoEjv2i96TO2K4-0-0_8BBRExG_m76pZj9oZA-JvunJFfmU0LIaJccEVZgZlr9Ll40Ut8w9w16LbEmpCq1aRrB74b6KrUYNMueTKQRRFZWjM4tSsuRoVPbZb3XZo2EQWOJcyJtBoUrtiuvzx5SBun8tz9RZ2e5t3tr4Le-mYjIf7gl9pslb8=w1280,b5e2ecaa834db8082d9e7c444c21e560e96d2a9f1fc8a04d60bb61a60576e680,1200,Normal,True
White Forest,1dZQfY49_sH0ZRKWm3H7x0GBiVbmGM_IN,captions/ygo4_0369.json,Spell,Tales of the White Forest,ygo4_0369,9516335d4d8f8e4c,1dZQfY49_sH0ZRKWm3H7x0GBiVbmGM_IN,new_card_first_release,,,images/ygo4_0369.png,passed_automated_decode_dimension_checks,2024-07-18,20237,1.0,exact_alias,,pending_konami_verification,1024,RGB,77a63f3dc5279b793e5e442fa0854bf6505ded0711ec7551db24899c78a25d71,1024,99289828,,,ygoprodeck_identity_fallback,https://images.ygoprodeck.com/images/cards_cropped/99289828.jpg,2026-08-31T18:26:00+00:00,selected_pending_image_and_caption_qa,624,https://lh3.googleusercontent.com/sitesv/AG8ngQWjsuc18Sat6WDkc6xUGd-T1dQJaG_YpuwKHa9kNoUIdvLdGurjLsXy-91YfbOlv2xWB_JJijXX5fh8702DFCRNWYtfwLadAStEWOuc3hEsVKQLHjV6s5C90GFaV-nXutP5sKqPN-Mufe6SqHe4C83A9ddFQEB0-1VN1Ff2_36r11CcSdIF7_KmnGxcMx4=s0,thehungtd_full_art,Legend of the White Woods,https://sites.google.com/view/thehungtd/latest-artworks/2024/infinite-forbidden,https://lh3.googleusercontent.com/sitesv/AG8ngQWjsuc18Sat6WDkc6xUGd-T1dQJaG_YpuwKHa9kNoUIdvLdGurjLsXy-91YfbOlv2xWB_JJijXX5fh8702DFCRNWYtfwLadAStEWOuc3hEsVKQLHjV6s5C90GFaV-nXutP5sKqPN-Mufe6SqHe4C83A9ddFQEB0-1VN1Ff2_36r11CcSdIF7_KmnGxcMx4=w1280,6cb23e3a536fb06bf164a17006807a3e039d06e4058e7ad371a7cabc8c5ff4e9,624,Normal,True
Aqua Jet,15277KIsYCPKsMlHALO__U-VHHFAyTTGV,captions/ygo4_0370.json,Spell,Aqua Jet Surface,ygo4_0370,28da4af0e189256f,15277KIsYCPKsMlHALO__U-VHHFAyTTGV,new_card_first_release,,,images/ygo4_0370.png,passed_automated_decode_dimension_checks,2024-07-27,20524,1.0,exact_alias,,pending_konami_verification,1024,RGB,65adece9d3ce04bbf30e48ea191d0d5d5075af90c2ec606fda86f6b0a07798cd,1024,32278723,,,thehungtd_drive_original,https://drive.usercontent.google.com/download?id=15277KIsYCPKsMlHALO__U-VHHFAyTTGV&export=download&authuser=0&confirm=t,2026-08-31T18:25:58+00:00,selected_pending_image_and_caption_qa,1200,https://lh3.googleusercontent.com/sitesv/AG8ngQX_T06EJ68-_ZFg_HD2eaJRTTfusjStzsVEcI0GBa6P_bhTfwrz2egIgAIu8PO5JdvsDVh0mdnOLWv-w4RcDA0RVRoVqGvU0yKb6cUqQnURBxxHcZuq5qLKBdAKz1YdyGrfZzk27I6ZOzcGLgzsdj_MnZxIl4LgPiNlNnqi5uVRnVISOjckrJUoSkHh=s0,thehungtd_full_art,Surface Aqua Jet,https://sites.google.com/view/thehungtd/latest-artworks/2024/rage-of-the-abyss,https://lh3.googleusercontent.com/sitesv/AG8ngQX_T06EJ68-_ZFg_HD2eaJRTTfusjStzsVEcI0GBa6P_bhTfwrz2egIgAIu8PO5JdvsDVh0mdnOLWv-w4RcDA0RVRoVqGvU0yKb6cUqQnURBxxHcZuq5qLKBdAKz1YdyGrfZzk27I6ZOzcGLgzsdj_MnZxIl4LgPiNlNnqi5uVRnVISOjckrJUoSkHh=w1280,583b6c36fd450c98a6e0ff6f3a132f5e156becaca92ecc07fbfaa2f11f772bb9,1200,Normal,True
,1D78iGkovnTUKFB97rVfvGcf892DOPgaJ,captions/ygo4_0371.json,Spell,Armed Rebeellion,ygo4_0371,52c8b979d2e2e0c4,1D78iGkovnTUKFB97rVfvGcf892DOPgaJ,new_card_first_release,,,images/ygo4_0371.png,passed_automated_decode_dimension_checks,2024-07-27,20527,1.0,exact_alias,,pending_konami_verification,1024,RGB,6f4e16890e9b47b2566c9dbd1ce54f4da792eec2494073b893facef3906f3c66,1024,21056275,,,thehungtd_drive_original,https://drive.usercontent.google.com/download?id=1D78iGkovnTUKFB97rVfvGcf892DOPgaJ&export=download&authuser=0&confirm=t,2026-08-31T18:25:58+00:00,selected_pending_image_and_caption_qa,1200,https://lh3.googleusercontent.com/sitesv/AG8ngQXl2F-GwecW8oitYiyV1mpwIE95Ejg90n6gs4WLHfFcqChCC3fUiVSNUAFCPEGA15bGu8HebAC6aYNg6T4qt3mlev5Iynj9eB8vM-I93bVqRa1lkA6G2-ivqwhWZ1RTdIyteINv6rIC-HmJ7ys2X3XDDx9Na0z1Z3nnKIE1CLeKF1bIVjPRjIOOfOZvbs8=s0,thehungtd_full_art,Armament Swarm,https://sites.google.com/view/thehungtd/latest-artworks/2024/rage-of-the-abyss,https://lh3.googleusercontent.com/sitesv/AG8ngQXl2F-GwecW8oitYiyV1mpwIE95Ejg90n6gs4WLHfFcqChCC3fUiVSNUAFCPEGA15bGu8HebAC6aYNg6T4qt3mlev5Iynj9eB8vM-I93bVqRa1lkA6G2-ivqwhWZ1RTdIyteINv6rIC-HmJ7ys2X3XDDx9Na0z1Z3nnKIE1CLeKF1bIVjPRjIOOfOZvbs8=w1280,facbb3200d32c058c0302f3ff4cc1f2883ce7f749e96819c6b1fc9f3574e1278,1200,Normal,True
,1KbqJQ7whAB3x-CrOt-PKxIHiNelCtaDv,captions/ygo4_0372.json,Spell,Firestorms Over Atlantis,ygo4_0372,23a3471e0d4b6f36,1KbqJQ7whAB3x-CrOt-PKxIHiNelCtaDv,new_card_first_release,,,images/ygo4_0372.png,passed_automated_decode_dimension_checks,2024-07-27,20542,1.0,exact_alias,,pending_konami_verification,1024,RGB,b82db5e86b5ff933f089f6d6e3693e418ad85ac2aa73e2936b92413d9d005d5f,1024,17151328,,,thehungtd_drive_original,https://drive.usercontent.google.com/download?id=1KbqJQ7whAB3x-CrOt-PKxIHiNelCtaDv&export=download&authuser=0&confirm=t,2026-08-31T18:25:58+00:00,selected_pending_image_and_caption_qa,1200,https://lh3.googleusercontent.com/sitesv/AG8ngQWodDEkzLn1ldTgQIGjexk3JJA7t00K4sNIOUgUBSx-v2rRnuIntAzLXNkQMOzFCL70HK8dEVTFthbGsB14PLplESYsGIXKbIeytbDjkOQCJujPW_hLlGEsvuj60rhP0f9scK5EmfVOrnIiceeVtgNRWQTzU2-nYKHtxdqCSU1INaHhDGao-iQAmk3m=s0,thehungtd_full_art,Turmoil of Sea and Flames,https://sites.google.com/view/thehungtd/latest-artworks/2024/rage-of-the-abyss,https://lh3.googleusercontent.com/sitesv/AG8ngQWodDEkzLn1ldTgQIGjexk3JJA7t00K4sNIOUgUBSx-v2rRnuIntAzLXNkQMOzFCL70HK8dEVTFthbGsB14PLplESYsGIXKbIeytbDjkOQCJujPW_hLlGEsvuj60rhP0f9scK5EmfVOrnIiceeVtgNRWQTzU2-nYKHtxdqCSU1INaHhDGao-iQAmk3m=w1280,960124ff1f4eb8ebf311112617118e48daaee7136ba427082165f5eca4e6a236,1200,Normal,True
,1oDJWa_Q0CSwDNZ6Yyjbt4bYbghj6tGIB,captions/ygo4_0373.json,Spell,Incoming Machine!,ygo4_0373,6745d6b89db29c1b,1oDJWa_Q0CSwDNZ6Yyjbt4bYbghj6tGIB,new_card_first_release,,,images/ygo4_0373.png,passed_automated_decode_dimension_checks,2024-07-27,20526,1.0,exact_alias,,pending_konami_verification,1024,RGB,7ae06147d2751e69b9c3f73d23789a749cd0c242098f212c8caeb8c2dd70e7bc,1024,94661166,,,thehungtd_drive_original,https://drive.usercontent.google.com/download?id=1oDJWa_Q0CSwDNZ6Yyjbt4bYbghj6tGIB&export=download&authuser=0&confirm=t,2026-08-31T18:25:58+00:00,selected_pending_image_and_caption_qa,1200,https://lh3.googleusercontent.com/sitesv/AG8ngQXx9245J-J2swsAdUMU4U3paGfTBYECkxyteM8vszk867D_J83NU5bRiO6BKx0ArSnKpeIXsafL68UgwCkNN0MgNoU7MJr1ba5bziktZIYM8RFkG1zcBu42TN46V7YZwO3Oq-LvNv5pl5vKwTU8Y_aD10KSiFMxeMs27efgzDpo0zH4VdrdH2Mpiu21qu0=s0,thehungtd_full_art,Approaching Machine,https://sites.google.com/view/thehungtd/latest-artworks/2024/rage-of-the-abyss,https://lh3.googleusercontent.com/sitesv/AG8ngQXx9245J-J2swsAdUMU4U3paGfTBYECkxyteM8vszk867D_J83NU5bRiO6BKx0ArSnKpeIXsafL68UgwCkNN0MgNoU7MJr1ba5bziktZIYM8RFkG1zcBu42TN46V7YZwO3Oq-LvNv5pl5vKwTU8Y_aD10KSiFMxeMs27efgzDpo0zH4VdrdH2Mpiu21qu0=w1280,5a379efb6483993ede19b61017d2464f0f37af57b8a60bd38adf8b7d69b486ae,1200,Normal,True
Morganite,1umbkXJY2mWVRc2ZOkqaU5WYTvY33Qkqi,captions/ygo4_0374.json,Spell,Succumbing-Song Morganite,ygo4_0374,1697134f7977bbad,1umbkXJY2mWVRc2ZOkqaU5WYTvY33Qkqi,new_card_first_release,,,images/ygo4_0374.png,passed_automated_decode_dimension_checks,2024-07-27,20541,1.0,exact_alias,,pending_konami_verification,1024,RGB,86c5233fc3e21d2bf05662ccebadf8682ea6afb3d841f588edec387d7dcd677b,1024,81756619,,,ygoprodeck_identity_fallback,https://images.ygoprodeck.com/images/cards_cropped/81756619.jpg,2026-08-31T18:25:58+00:00,selected_pending_image_and_caption_qa,624,https://lh3.googleusercontent.com/sitesv/AG8ngQXBnqodD8Ly-W5ZlShtptm_GgE889mnxbkxsG0OMfOVEOPkRN5PMQQbk7Ps5IdtXbpWQhWDB-l7BeCzqcPDF3QMZ-OgI31NQg-eJbn-32uvOer7-gV8Kq_L1S6acAJot4-ey6j1ws5EDqsH0grVq9-1MBs-jE2UJijWTv5RheLrx3DQ5UCgl7EL2CgzjhM=s0,thehungtd_full_art,End-Exalting Morganite,https://sites.google.com/view/thehungtd/latest-artworks/2024/rage-of-the-abyss,https://lh3.googleusercontent.com/sitesv/AG8ngQXBnqodD8Ly-W5ZlShtptm_GgE889mnxbkxsG0OMfOVEOPkRN5PMQQbk7Ps5IdtXbpWQhWDB-l7BeCzqcPDF3QMZ-OgI31NQg-eJbn-32uvOer7-gV8Kq_L1S6acAJot4-ey6j1ws5EDqsH0grVq9-1MBs-jE2UJijWTv5RheLrx3DQ5UCgl7EL2CgzjhM=w1280,c73890aaa2e0f5368051a5decf37bbf3dad0ab49a10ef63f33c5b6a98ac3b37a,624,Normal,True
Azamina,1Uazo1lR5fhN2HGvkHlzcep6WEjFWlrL7,captions/ygo4_0375.json,Spell,The Hallowed Azamina,ygo4_0375,0307332b33562d3a,1Uazo1lR5fhN2HGvkHlzcep6WEjFWlrL7,new_card_first_release,,,images/ygo4_0375.png,passed_automated_decode_dimension_checks,2024-07-27,20529,1.0,exact_alias,,pending_konami_verification,1024,RGB,cdbc0372d17f7988b89845dc6d9220b5d726a22d5088697db2d87484f6fb1144,1024,94845588,,,thehungtd_drive_original,https://drive.usercontent.google.com/download?id=1Uazo1lR5fhN2HGvkHlzcep6WEjFWlrL7&export=download&authuser=0&confirm=t,2026-08-31T18:25:58+00:00,selected_pending_image_and_caption_qa,1200,https://lh3.googleusercontent.com/sitesv/AG8ngQW_AxaqfAW1p6-qolD78mYffefxXXEBEaCu-epm42wWko0tmJvgan84g1n_eRG8wlerM0gctCNAuAJfMda6pIKuQkw_6D8E4SN2Cf0OZ8A0ITQ3AD_EOP9q5E9JwMT1oGMy04MdZIL0L7GBmfGYBWWGAcF9GNUSK4HMOhClEzLYTlykDvvwAmm2S2P5=s0,thehungtd_full_art,Sacred Azamina,https://sites.google.com/view/thehungtd/latest-artworks/2024/rage-of-the-abyss,https://lh3.googleusercontent.com/sitesv/AG8ngQW_AxaqfAW1p6-qolD78mYffefxXXEBEaCu-epm42wWko0tmJvgan84g1n_eRG8wlerM0gctCNAuAJfMda6pIKuQkw_6D8E4SN2Cf0OZ8A0ITQ3AD_EOP9q5E9JwMT1oGMy04MdZIL0L7GBmfGYBWWGAcF9GNUSK4HMOhClEzLYTlykDvvwAmm2S2P5=w1280,1c077df514940ba2bc103d810158d4de5b7d57231c808fcdee610b3fc57db3bc,1200,Normal,True
Polymerization,1jJ6CvJyfnZFwL-FmWlgPTHRif97i4tg8,captions/ygo4_0376.json,Spell,Heavy Polymerization,ygo4_0376,034f4f0f0f1f4f37,1jJ6CvJyfnZFwL-FmWlgPTHRif97i4tg8,new_card_first_release,,,images/ygo4_0376.png,passed_automated_decode_dimension_checks,2024-09-19,20437,1.0,exact_alias,,pending_konami_verification,1024,RGB,3f4ec28cd6f147e2d3c3e4f27e832b62482172c82f03ce6a4b1a8e33bf6be5d5,1024,58570206,,,thehungtd_drive_original,https://drive.usercontent.google.com/download?id=1jJ6CvJyfnZFwL-FmWlgPTHRif97i4tg8&export=download&authuser=0&confirm=t,2026-08-31T18:25:57+00:00,selected_pending_image_and_caption_qa,1200,https://lh3.googleusercontent.com/sitesv/AG8ngQWXrc3hMbxlYaI0Cyr2fAY8k1PK_7dvmGCORI5rYR0zs1iAIBHG8gtryJu26bS4VjUSwipw0Mt0G_SJWYCG87BZJnAcmPRQcVC3XIjiNjXkSxMlg0JgvqEEVJOVCToksVdLuVWNrZqjwKbQWrGKa71jvxZdXUPMbkjBrtHvIuOTWKCxsrKrp-Sanux89DM=s0,thehungtd_full_art,Heavy Polymerization,https://sites.google.com/view/thehungtd/latest-artworks/2024/world-premiere-pack-2024,https://lh3.googleusercontent.com/sitesv/AG8ngQWXrc3hMbxlYaI0Cyr2fAY8k1PK_7dvmGCORI5rYR0zs1iAIBHG8gtryJu26bS4VjUSwipw0Mt0G_SJWYCG87BZJnAcmPRQcVC3XIjiNjXkSxMlg0JgvqEEVJOVCToksVdLuVWNrZqjwKbQWrGKa71jvxZdXUPMbkjBrtHvIuOTWKCxsrKrp-Sanux89DM=w1280,2d2fa7bbdc587806ab4ea66641583d6db8d03be1e315433e0fc28452b4ff02ea,1200,Normal,True
Mimighoul,1j5DxzGMCvTKEDYbeLTkVDPZb1aV00UIE,captions/ygo4_0377.json,Spell,Mimighoul Fork,ygo4_0377,15173727653b1f27,1j5DxzGMCvTKEDYbeLTkVDPZb1aV00UIE,new_card_first_release,,,images/ygo4_0377.png,passed_automated_decode_dimension_checks,2024-10-10,20719,1.0,exact_alias,,pending_konami_verification,1024,RGB,1232b65c69befd5991fb4165500bb9ca5b21e60a07f8249dbed8fb2ac56bdce9,1024,19338434,,,thehungtd_drive_original,https://drive.usercontent.google.com/download?id=1j5DxzGMCvTKEDYbeLTkVDPZb1aV00UIE&export=download&authuser=0&confirm=t,2026-08-31T18:25:58+00:00,selected_pending_image_and_caption_qa,1200,https://lh3.googleusercontent.com/sitesv/AG8ngQVVuO5kDBGvo4iJusuYwmqgVctnsKfRPEI5gOtUg9-Do6uc4MzS6UUCAj_un2XGOVRhnJcxeJ7IGGkmWl8mJWt8yt7tiITRpyu4_4c8f4C54IMyFBixVJmzcL7863eiZWR8rHj4KmTpFiYbd-cQyDa5QS_hOoGofOf8xpXc77pxXZZCfLyiLLhCBEqprIs=s0,thehungtd_full_art,Mimighoul Fork,https://sites.google.com/view/thehungtd/latest-artworks/2024/rage-of-the-abyss,https://lh3.googleusercontent.com/sitesv/AG8ngQVVuO5kDBGvo4iJusuYwmqgVctnsKfRPEI5gOtUg9-Do6uc4MzS6UUCAj_un2XGOVRhnJcxeJ7IGGkmWl8mJWt8yt7tiITRpyu4_4c8f4C54IMyFBixVJmzcL7863eiZWR8rHj4KmTpFiYbd-cQyDa5QS_hOoGofOf8xpXc77pxXZZCfLyiLLhCBEqprIs=w1280,8592897cbe014a5ac3ddfc61a77fc810469bb9caa40e020dd1d5a1d5c8ff1ce9,1200,Normal,True
Contact,1uX7JpJoDTWHTjp-QF0RGvcCCIZwuyoA3,captions/ygo4_0378.json,Spell,Dark Contact,ygo4_0378,795596b6d34aced5,1uX7JpJoDTWHTjp-QF0RGvcCCIZwuyoA3,new_card_first_release,,,images/ygo4_0378.png,passed_automated_decode_dimension_checks,2025-01-23,20788,1.0,exact_alias,,pending_konami_verification,1024,RGB,da231c89024ac4f70eaea4e3196276a39ea4b5124f021b224b9aa0b7170c26d8,1024,77124096,,,thehungtd_drive_original,https://drive.usercontent.google.com/download?id=1uX7JpJoDTWHTjp-QF0RGvcCCIZwuyoA3&export=download&authuser=0&confirm=t,2026-08-31T18:25:56+00:00,selected_pending_image_and_caption_qa,1200,https://lh3.googleusercontent.com/sitesv/AG8ngQUWtbIZk4JaanGoc1oxOsD5G8PMnYJNhiYod_NnLUj6mEGAiaW8yj3AJvxIqciO91aTjv1sdV9zi5K7_d__Rz6Z66tblno3oZZH6gNG85AoUXXm-_WMYL4RqBj2kqkcxqxovatJaN1o4mxW4ISx6_OyeNx2JOMzqQfAJeAXnjSXHoP8rjPREic78I1jkyI=s0,thehungtd_full_art,Dark Contact,https://sites.google.com/view/thehungtd/latest-artworks/2024/supreme-darkness,https://lh3.googleusercontent.com/sitesv/AG8ngQUWtbIZk4JaanGoc1oxOsD5G8PMnYJNhiYod_NnLUj6mEGAiaW8yj3AJvxIqciO91aTjv1sdV9zi5K7_d__Rz6Z66tblno3oZZH6gNG85AoUXXm-_WMYL4RqBj2kqkcxqxovatJaN1o4mxW4ISx6_OyeNx2JOMzqQfAJeAXnjSXHoP8rjPREic78I1jkyI=w1280,c1ae3a38518331fc34a2870e89d3bfdc01fcd256d983a21ea4875a5b1d016928,1200,Normal,True
,1XtL9Q7LkZlymItZFFN7ImsbNk17SOvNI,captions/ygo4_0379.json,Spell,Evil Assault,ygo4_0379,8f3165e5612a2933,1XtL9Q7LkZlymItZFFN7ImsbNk17SOvNI,new_card_first_release,,,images/ygo4_0379.png,passed_automated_decode_dimension_checks,2025-01-23,20789,1.0,exact_alias,,pending_konami_verification,1024,RGB,d0be7da50e6b8b7dd48d759ddadf3dddf7bf5462fdbe103de3f85cb824f13a47,1024,3519195,,,thehungtd_drive_original,https://drive.usercontent.google.com/download?id=1XtL9Q7LkZlymItZFFN7ImsbNk17SOvNI&export=download&authuser=0&confirm=t,2026-08-31T18:25:56+00:00,selected_pending_image_and_caption_qa,1200,https://lh3.googleusercontent.com/sitesv/AG8ngQWYAfJ47_HWQ_7r2gl0DP3w73y05yLBMuY89aNITKYVN8EZczfmCo0IQjwEREAhx-6Pl-diEEPoLhUf-jo4wT-0FcJGJFxIKpNWF3KUVbUMCKyId3xTErVtg5ZDVitoYG4-bHLBtciToIER1xZ5YnkLboxbNoJSfAPqkZZMyZryKVzNMVabfRu3_zUsUTI=s0,thehungtd_full_art,Evil Assault,https://sites.google.com/view/thehungtd/latest-artworks/2024/supreme-darkness,https://lh3.googleusercontent.com/sitesv/AG8ngQWYAfJ47_HWQ_7r2gl0DP3w73y05yLBMuY89aNITKYVN8EZczfmCo0IQjwEREAhx-6Pl-diEEPoLhUf-jo4wT-0FcJGJFxIKpNWF3KUVbUMCKyId3xTErVtg5ZDVitoYG4-bHLBtciToIER1xZ5YnkLboxbNoJSfAPqkZZMyZryKVzNMVabfRu3_zUsUTI=w1280,f47a517399163a05c93b6da8f579a1b0f4c228862b0493feda0493b48a8f7790,1200,Normal,True
,18XcMr_qCbFjTU6A7dD_nBWTd55O1lyGW,captions/ygo4_0380.json,Spell,Roar of the Blue-Eyed Dragons,ygo4_0380,2ba60e4e171371e8,18XcMr_qCbFjTU6A7dD_nBWTd55O1lyGW,new_card_first_release,,,images/ygo4_0380.png,passed_automated_decode_dimension_checks,2025-02-13,20605,1.0,exact_alias,,pending_konami_verification,1024,RGB,492960a86e2cf1c785754c365da561f61f3ea23f05a12961c024a5a4f0fbcb25,1024,17725109,,,thehungtd_drive_original,https://drive.usercontent.google.com/download?id=18XcMr_qCbFjTU6A7dD_nBWTd55O1lyGW&export=download&authuser=0&confirm=t,2026-08-31T18:25:58+00:00,selected_pending_image_and_caption_qa,1200,https://lh3.googleusercontent.com/sitesv/AG8ngQV7hjJo4YASBrMY-WNQbYTGiQNkLKK-KWEdvzOvOSMsN5YC2Xhoz4BnX9YjNWASoHHFBURJ9699vpfS0fpDAVJPR6o3j6OYviSXx_Xr63B-nu-lWDrTAzwbdgRm-NyB8YAhcCM6i3tQziyQ1OlIHBZ3cCjkyR4H33lD_jnuf6F8D9U05T-CGVVWgXXe=s0,thehungtd_full_art,Saga of the Blue-Eyed Dragon,https://sites.google.com/view/thehungtd/latest-artworks/2024/structure-deck-advent-of-the-eyes-of-blue,https://lh3.googleusercontent.com/sitesv/AG8ngQV7hjJo4YASBrMY-WNQbYTGiQNkLKK-KWEdvzOvOSMsN5YC2Xhoz4BnX9YjNWASoHHFBURJ9699vpfS0fpDAVJPR6o3j6OYviSXx_Xr63B-nu-lWDrTAzwbdgRm-NyB8YAhcCM6i3tQziyQ1OlIHBZ3cCjkyR4H33lD_jnuf6F8D9U05T-CGVVWgXXe=w1280,56f4298a58ba051e1f5c705e128fba6094f01432916c9b4270a576b9127bfe67,1200,Normal,True
with Eyes of Blue,1mnNHIeUcJd_Qmqi00ns8wgTyRegvL6xn,captions/ygo4_0381.json,Spell,Wishes for Eyes of Blue,ygo4_0381,26e169accd9b1232,1mnNHIeUcJd_Qmqi00ns8wgTyRegvL6xn,new_card_first_release,,,images/ygo4_0381.png,passed_automated_decode_dimension_checks,2025-02-13,20604,1.0,exact_alias,,pending_konami_verification,1024,RGB,fc3612775555369b612f4043fe2ed6f8c65a9d275419016a0ae2039f804c6df5,1024,80326401,,,thehungtd_drive_original,https://drive.usercontent.google.com/download?id=1mnNHIeUcJd_Qmqi00ns8wgTyRegvL6xn&export=download&authuser=0&confirm=t,2026-08-31T18:25:58+00:00,selected_pending_image_and_caption_qa,1200,https://lh3.googleusercontent.com/sitesv/AG8ngQWWFzGBceYPxnac7AI8lk4ESKZUgM62Hum1ck5Xv0LlkNGC_eJDT9Wgw6ioGqyRH05i7O65TywGlAzyEVCUIqhgCs2mffLPeVPIdD7V0IRkSfbjnXKLp_KhNSCD_PdX4sb_27Xa9iCyfZMxjKqKOzm-q7gI6M3lul49nEbfEZ0KqTJhcuLFZHttcxKTqKE=s0,thehungtd_full_art,Prayers with Eyes of Blue,https://sites.google.com/view/thehungtd/latest-artworks/2024/structure-deck-advent-of-the-eyes-of-blue,https://lh3.googleusercontent.com/sitesv/AG8ngQWWFzGBceYPxnac7AI8lk4ESKZUgM62Hum1ck5Xv0LlkNGC_eJDT9Wgw6ioGqyRH05i7O65TywGlAzyEVCUIqhgCs2mffLPeVPIdD7V0IRkSfbjnXKLp_KhNSCD_PdX4sb_27Xa9iCyfZMxjKqKOzm-q7gI6M3lul49nEbfEZ0KqTJhcuLFZHttcxKTqKE=w1280,c90cbb968705bfd1c92ea4da78b23865e9fd8437c3439a0a7ee6471ec245050e,1200,Normal,True
Fusion,1Z5PIQDBeS4UEh-wFWEB8cajhCnVTRVhL,captions/ygo4_0382.json,Spell,Double Fusion,ygo4_0382,45accc445199899b,1Z5PIQDBeS4UEh-wFWEB8cajhCnVTRVhL,new_card_first_release,,,images/ygo4_0382.png,passed_automated_decode_dimension_checks,2025-09-25,20949,1.0,exact_alias,,pending_konami_verification,1024,RGB,2a12ed2d01c11e80ae6156b97e192183c82b01063a28c835de514a58bd6288f6,1024,10218411,,,thehungtd_drive_original,https://drive.usercontent.google.com/download?id=1Z5PIQDBeS4UEh-wFWEB8cajhCnVTRVhL&export=download&authuser=0&confirm=t,2026-08-31T18:25:56+00:00,selected_pending_image_and_caption_qa,1200,https://lh3.googleusercontent.com/sitesv/AG8ngQU1vve_bJAdKkb4grqZwI4xb6ZW-XRyLAWSuraHMBpXZxNWSTFNaFfVypp-MGdX6Qer8UI8_8InUVT2Z6Sc2eTgjgowmkLH5NOo2DOhPiyyS0novbDI46g4G1_AMdi4NSE0QU7jV0FF_O4sqGi11tubWFKVlWbdDpZn3EiSN09RvkIIRdQmT62Aa5ncxog=s0,thehungtd_full_art,Double Fusion,https://sites.google.com/view/thehungtd/latest-artworks/2024/other,https://lh3.googleusercontent.com/sitesv/AG8ngQU1vve_bJAdKkb4grqZwI4xb6ZW-XRyLAWSuraHMBpXZxNWSTFNaFfVypp-MGdX6Qer8UI8_8InUVT2Z6Sc2eTgjgowmkLH5NOo2DOhPiyyS0novbDI46g4G1_AMdi4NSE0QU7jV0FF_O4sqGi11tubWFKVlWbdDpZn3EiSN09RvkIIRdQmT62Aa5ncxog=w1280,c080bcd6a78a24730b69189066b18f16ee488047df72593e4e04dea51cf2a3ce,1200,Normal,True
Alien,91231901,captions/ygo4_0383.json,Spell,"""A"" Cell Recombination Device",ygo4_0383,c14f4f3b321a991d,,new_card_first_release,,,images/ygo4_0383.png,passed_automated_decode_dimension_checks,2016-11-03,12653,1.0,api_identity_exact,,pending_konami_verification,1024,RGB,d953fb2d3b46582c5f06852827abbf2a4c86c1a6bf06587b63316e631536126a,1024,91231901,,,ygoprodeck_cropped_art,https://images.ygoprodeck.com/images/cards_cropped/91231901.jpg,2026-08-31T18:26:10+00:00,selected_pending_image_and_caption_qa,624,https://images.ygoprodeck.com/images/cards_cropped/91231901.jpg,ygoprodeck_cropped_art,"""A"" Cell Recombination Device",https://db.ygoprodeck.com/api/v7/cardinfo.php?misc=yes,https://images.ygoprodeck.com/images/cards_cropped/91231901.jpg,18a3c24ee2e59867d75eabb567562b16c4d41abcb5846d88c7a9ea7fd492e59d,624,Quick-Play,True
Igknight,38848158,captions/ygo4_0384.json,Spell,Igknights Unite,ygo4_0384,ab1676b9999d9692,,new_card_first_release,,,images/ygo4_0384.png,passed_automated_decode_dimension_checks,2016-11-03,12651,1.0,api_identity_exact,,pending_konami_verification,1024,RGB,1c40359c6de6f300cbf753bd65fb62218c7a797b1723d82962a2aecd57548d0c,1024,38848158,,,ygoprodeck_cropped_art,https://images.ygoprodeck.com/images/cards_cropped/38848158.jpg,2026-08-31T18:26:10+00:00,selected_pending_image_and_caption_qa,624,https://images.ygoprodeck.com/images/cards_cropped/38848158.jpg,ygoprodeck_cropped_art,Igknights Unite,https://db.ygoprodeck.com/api/v7/cardinfo.php?misc=yes,https://images.ygoprodeck.com/images/cards_cropped/38848158.jpg,9a5ab7cdd8426df5a0f2bcb5ec62b05f07e4b5b9cedd3add6dbbc112c8516b54,624,Quick-Play,True
Flame Swordsman,1Vc8MuMeLGEjemEV3oF8MylMKjBihl9Lh,captions/ygo4_0385.json,Spell,Fighting Flame Sword,ygo4_0385,3179393bb274696c,1Vc8MuMeLGEjemEV3oF8MylMKjBihl9Lh,new_card_first_release,,,images/ygo4_0385.png,passed_automated_decode_dimension_checks,2024-01-18,19731,1.0,exact_alias,,pending_konami_verification,1024,RGB,f9b23e320c3c27b9d4322853ff169348b6edefccd1f3d1d898d0ba14dccea28b,1024,35697544,,,ygoprodeck_identity_fallback,https://images.ygoprodeck.com/images/cards_cropped/35697544.jpg,2026-08-31T18:25:57+00:00,selected_pending_image_and_caption_qa,624,https://lh3.googleusercontent.com/sitesv/AG8ngQWZNNU_6d0zHp4BQkjwGkfGLu9218iw_O4EhgMpdf15-DS4pu2wGlFghusAg6FTRK0vSMBABgBBeCUtjg0rSrLpbpGGF4QmJHPlq5pCm9vhsHc3oZ1A_mbo2s_LALyN41evFclnV-2X3B_koDKKh-oBS6JH8heYP8tJvMLT-Mh8cs0uzmscRzNdxE_ugIA=s0,thehungtd_full_art,Fighting Flame Sword,https://sites.google.com/view/thehungtd/latest-artworks/2024/world-premiere-pack-2024,https://lh3.googleusercontent.com/sitesv/AG8ngQWZNNU_6d0zHp4BQkjwGkfGLu9218iw_O4EhgMpdf15-DS4pu2wGlFghusAg6FTRK0vSMBABgBBeCUtjg0rSrLpbpGGF4QmJHPlq5pCm9vhsHc3oZ1A_mbo2s_LALyN41evFclnV-2X3B_koDKKh-oBS6JH8heYP8tJvMLT-Mh8cs0uzmscRzNdxE_ugIA=w1280,9eea9f9c973e55978168111d0490e6ef7ecd14d1e051fedb185867d9d12e6e86,624,Quick-Play,True
,16CsP0PXp36B416PT18fXKQzA9d9LsYHn,captions/ygo4_0386.json,Spell,Awakening of Veidos,ygo4_0386,194f6d3a13071677,16CsP0PXp36B416PT18fXKQzA9d9LsYHn,new_card_first_release,,,images/ygo4_0386.png,passed_automated_decode_dimension_checks,2024-02-08,19840,1.0,exact_alias,,pending_konami_verification,1024,RGB,08db66b9edcf5b2bfdc7ac18349607f65534a64dad4774c1fbb24829b9e29f07,1024,30453613,,,ygoprodeck_identity_fallback,https://images.ygoprodeck.com/images/cards_cropped/30453613.jpg,2026-08-31T18:26:04+00:00,selected_pending_image_and_caption_qa,624,https://lh3.googleusercontent.com/sitesv/AG8ngQVdvpqoBTLCYXE8k0JZnImTYyUAuLY4OKWUtJBrxwattHe95_ZyvfEOuDcD7LidhKnRjI6fNxZcFFOOgLhzfIbNkp0IQ9m16nFnVjwbP89xnvZ2mFGyQJ8l-eYnWDkrD-T3iQ_zH-xk_n849Cynj3XL_Xa-0hVFGOfpgU1eBbxQHvDFpnicNq3mPtXeL7o=s0,thehungtd_full_art,Awakening of Veidos,https://sites.google.com/view/thehungtd/latest-artworks/2024/phantom-nightmare,https://lh3.googleusercontent.com/sitesv/AG8ngQVdvpqoBTLCYXE8k0JZnImTYyUAuLY4OKWUtJBrxwattHe95_ZyvfEOuDcD7LidhKnRjI6fNxZcFFOOgLhzfIbNkp0IQ9m16nFnVjwbP89xnvZ2mFGyQJ8l-eYnWDkrD-T3iQ_zH-xk_n849Cynj3XL_Xa-0hVFGOfpgU1eBbxQHvDFpnicNq3mPtXeL7o=w1280,19c435d83eb496aa062771f74b03ecda65c9a9ae27049404fb48d13ae6c2e967,624,Quick-Play,True
,1kV5Y05hjbMhePyok6tfusuWXzdOUh6ni,captions/ygo4_0387.json,Spell,Awakening of Veidos,ygo4_0387,194f6d3a13071677,1kV5Y05hjbMhePyok6tfusuWXzdOUh6ni,new_card_first_release,,,images/ygo4_0387.png,passed_automated_decode_dimension_checks,2024-02-08,19840,1.0,exact_alias,,pending_konami_verification,1024,RGB,08db66b9edcf5b2bfdc7ac18349607f65534a64dad4774c1fbb24829b9e29f07,1024,30453613,,,ygoprodeck_identity_fallback,https://images.ygoprodeck.com/images/cards_cropped/30453613.jpg,2026-08-31T18:25:57+00:00,selected_pending_image_and_caption_qa,624,https://lh3.googleusercontent.com/sitesv/AG8ngQWG-bhQ1cCy11mOklMSiJvOr9PcKDoojb9j2q56Xz-6W7CGIeFZ_sd3GqhYb1BB120ZFIqL0lZaPsianl5MqkBG3TThbrx6bXbyBc8NEFkFXM9wqF0OuxVDessiFPhD6TQj2jonhtPAbPG7hpgahH6Hx_bRlSalI4PsJdcakuHPuhpaqyl-ESpNJrZK=s0,thehungtd_full_art,Awakening of Veidos,https://sites.google.com/view/thehungtd/latest-artworks/2024/world-premiere-pack-2024,https://lh3.googleusercontent.com/sitesv/AG8ngQWG-bhQ1cCy11mOklMSiJvOr9PcKDoojb9j2q56Xz-6W7CGIeFZ_sd3GqhYb1BB120ZFIqL0lZaPsianl5MqkBG3TThbrx6bXbyBc8NEFkFXM9wqF0OuxVDessiFPhD6TQj2jonhtPAbPG7hpgahH6Hx_bRlSalI4PsJdcakuHPuhpaqyl-ESpNJrZK=w1280,19c435d83eb496aa062771f74b03ecda65c9a9ae27049404fb48d13ae6c2e967,624,Quick-Play,True
Snake-Eye,1f3ItgSGdFptVwU92Y6cRVxX5qxnlRwjz,captions/ygo4_0388.json,Spell,Dramatic Snake-Eye Chase,ygo4_0388,d224202b4521c39d,1f3ItgSGdFptVwU92Y6cRVxX5qxnlRwjz,new_card_first_release,,,images/ygo4_0388.png,passed_automated_decode_dimension_checks,2024-02-08,19517,1.0,exact_alias,,pending_konami_verification,1024,RGB,a34a44ba82a874ab4a00e038f304cde485f51fe211f01391957a75bd9780f893,1024,26700718,,,ygoprodeck_identity_fallback,https://images.ygoprodeck.com/images/cards_cropped/26700718.jpg,2026-08-31T18:26:04+00:00,selected_pending_image_and_caption_qa,624,https://lh3.googleusercontent.com/sitesv/AG8ngQVoZHh1LgVspYwlK11OoI8xKFDpOetSd8xmXtT3YxURwf79bWKUn0PcTShVJ0mAO3bghzUA4cA16YyLv5tyPhk7u6NiBqaMiVrVlvXuI7W-RtMIR4qccFo-18S5_jjRx2hhvzB42G-__sGrPQox09MkHYoJdtEzmO1uoW9HI7hcDPDKRc-DM25aRj1CQS4=s0,thehungtd_full_art,Snake-Eye Dramatic Chase,https://sites.google.com/view/thehungtd/latest-artworks/2024/phantom-nightmare,https://lh3.googleusercontent.com/sitesv/AG8ngQVoZHh1LgVspYwlK11OoI8xKFDpOetSd8xmXtT3YxURwf79bWKUn0PcTShVJ0mAO3bghzUA4cA16YyLv5tyPhk7u6NiBqaMiVrVlvXuI7W-RtMIR4qccFo-18S5_jjRx2hhvzB42G-__sGrPQox09MkHYoJdtEzmO1uoW9HI7hcDPDKRc-DM25aRj1CQS4=w1280,09735d1ba230a154c5d53e9a9e7f613d18ea355e0ff062b0d93f12fedf914da7,624,Quick-Play,True
Earthbound,1CHQ-r9EXPNf3v63jBpFtUyJ799Pmmj3P,captions/ygo4_0389.json,Spell,Earthbound Fusion,ygo4_0389,07531949cc633386,1CHQ-r9EXPNf3v63jBpFtUyJ799Pmmj3P,new_card_first_release,,,images/ygo4_0389.png,passed_automated_decode_dimension_checks,2024-02-08,19519,1.0,exact_alias,,pending_konami_verification,1024,RGB,c3f20b55bd6ba64a8395b434eaf8d7a420451dec188ebe98b3ad88f8b5a782c8,1024,99599062,,,ygoprodeck_identity_fallback,https://images.ygoprodeck.com/images/cards_cropped/99599062.jpg,2026-08-31T18:26:04+00:00,selected_pending_image_and_caption_qa,624,https://lh3.googleusercontent.com/sitesv/AG8ngQUF6QRYID4guGi5T_54_MUcGVV5f4v88ILKQ3Do6B72FwFwdIdWKAWmevpu4JwMLE_Z2VwKatwfMOcI-jdBOLT01lZ4VmNHlHyWB-B7w5Rw5D3gLGoFOqFqr-iOPX9xYlP_j6TXdX7N1bGaYer5lxRelFENZdyVbIJxh1s5UwS7ZCOuzpUy7Yi7mqXC=s0,thehungtd_full_art,Earthbound Fusion,https://sites.google.com/view/thehungtd/latest-artworks/2024/phantom-nightmare,https://lh3.googleusercontent.com/sitesv/AG8ngQUF6QRYID4guGi5T_54_MUcGVV5f4v88ILKQ3Do6B72FwFwdIdWKAWmevpu4JwMLE_Z2VwKatwfMOcI-jdBOLT01lZ4VmNHlHyWB-B7w5Rw5D3gLGoFOqFqr-iOPX9xYlP_j6TXdX7N1bGaYer5lxRelFENZdyVbIJxh1s5UwS7ZCOuzpUy7Yi7mqXC=w1280,bdf1007ccda7ea4a238e8b0801b4af7673311b7ec50c916f4c69a459daa9c648,624,Quick-Play,True
Shining Sarcophagus,1z5nQb7SIi777JEXa5QJ93dpQ0iF891o3,captions/ygo4_0390.json,Spell,Future Silence,ygo4_0390,0b4b571bdbf333f3,1z5nQb7SIi777JEXa5QJ93dpQ0iF891o3,new_card_first_release,,,images/ygo4_0390.png,passed_automated_decode_dimension_checks,2024-04-25,19895,1.0,exact_alias,,pending_konami_verification,1024,RGB,12174ff97d35f256b3dde6b75107f9f9142612c9835259c635a6c67e11fc4251,1024,78679226,,,ygoprodeck_identity_fallback,https://images.ygoprodeck.com/images/cards_cropped/78679226.jpg,2026-08-31T18:26:02+00:00,selected_pending_image_and_caption_qa,624,https://lh3.googleusercontent.com/sitesv/AG8ngQU0TX7QwiMtrGo65A9Qy7B2MXtbmVtwJ7eeTFT3N4nUXRolVPkOlTmKlFa9GPtJxbiogdUvafe7M8Zmg1t147cFUts7C3VTHbs0js23MOWtaZAI7kcggrndLRwZ3reoLBYtE8vbjFui7aU7z4tUdnJRKJci7Dafqj5hc6BoXhcgi7KCoGu40-0WjKbaytY=s0,thehungtd_full_art,Silence Towards the Future,https://sites.google.com/view/thehungtd/latest-artworks/2024/legacy-of-destruction,https://lh3.googleusercontent.com/sitesv/AG8ngQU0TX7QwiMtrGo65A9Qy7B2MXtbmVtwJ7eeTFT3N4nUXRolVPkOlTmKlFa9GPtJxbiogdUvafe7M8Zmg1t147cFUts7C3VTHbs0js23MOWtaZAI7kcggrndLRwZ3reoLBYtE8vbjFui7aU7z4tUdnJRKJci7Dafqj5hc6BoXhcgi7KCoGu40-0WjKbaytY=w1280,e504216015f21b4048b36193168a19bc2866f144c6e063ce9678ccb992bcaa11,624,Quick-Play,True
Ashened,1JEFZw97LEcnkFa_cPaW8l52Q6aKseGU0,captions/ygo4_0391.json,Spell,Rekindling the Ashened,ygo4_0391,cb7d1b3d27c19111,1JEFZw97LEcnkFa_cPaW8l52Q6aKseGU0,new_card_first_release,,,images/ygo4_0391.png,passed_automated_decode_dimension_checks,2024-04-25,20070,1.0,exact_alias,,pending_konami_verification,1024,RGB,ff23545751b4efc9919196e27d29d30cec7dbb640094c2a34aa2654e117b6f26,1024,61434639,,,ygoprodeck_identity_fallback,https://images.ygoprodeck.com/images/cards_cropped/61434639.jpg,2026-08-31T18:26:02+00:00,selected_pending_image_and_caption_qa,624,https://lh3.googleusercontent.com/sitesv/AG8ngQW9_5Gpbqucavnbg6q1YkCzzpA4spKKaK54wQDE-11OF8QKWmKuTxWoJhOKMGhsr2MPgGVQJyfRiVNLpK6BQXqzSf4kXN5yo8UCnY17KgbmvYEu_kCRlSinb5hMNo-neV82kv6nCLqaS55qyIQqMO7GpN8vuUtA3UnZw4psoMfv24fyXE99p0wov4v2-Zo=s0,thehungtd_full_art,Rekindling the Ashened,https://sites.google.com/view/thehungtd/latest-artworks/2024/legacy-of-destruction,https://lh3.googleusercontent.com/sitesv/AG8ngQW9_5Gpbqucavnbg6q1YkCzzpA4spKKaK54wQDE-11OF8QKWmKuTxWoJhOKMGhsr2MPgGVQJyfRiVNLpK6BQXqzSf4kXN5yo8UCnY17KgbmvYEu_kCRlSinb5hMNo-neV82kv6nCLqaS55qyIQqMO7GpN8vuUtA3UnZw4psoMfv24fyXE99p0wov4v2-Zo=w1280,5f8cfe28825621871c134e7a63359f7be306d3a5067c0702cfe526adb2f84ad1,624,Quick-Play,True
Ashened,1qqo9pBlTrXD37rrxnCv0GKM9m_hMjZGN,captions/ygo4_0392.json,Spell,Rekindling the Ashened,ygo4_0392,cb7d1b3d27c19111,1qqo9pBlTrXD37rrxnCv0GKM9m_hMjZGN,new_card_first_release,,,images/ygo4_0392.png,passed_automated_decode_dimension_checks,2024-04-25,20070,1.0,exact_alias,,pending_konami_verification,1024,RGB,4d49b957c4538539793e1330f3326a5dede861cf7eaad6ce06f7019406976ef8,1024,61434639,,,thehungtd_drive_original,https://drive.usercontent.google.com/download?id=1qqo9pBlTrXD37rrxnCv0GKM9m_hMjZGN&export=download&authuser=0&confirm=t,2026-08-31T18:25:57+00:00,selected_pending_image_and_caption_qa,1200,https://lh3.googleusercontent.com/sitesv/AG8ngQVwQtm3Dcrlxj3cCpeQv3oNMuLGOK-vBiGfhsi3ssDdv7o9GA9zrKmGqVMnN8LGRp1i-oZWTvpR3i2FiHXf5AIazhZn9dHJ3V69PB0hn85mN4fWaMQlvSCzHDcNtI09onCMTkdVWeJzdm-LfjbG4NtgwiVJgauhlu73ElD3Yh1WqbWXY__T5m12l47H=s0,thehungtd_full_art,Rekindling the Ashened,https://sites.google.com/view/thehungtd/latest-artworks/2024/world-premiere-pack-2024,https://lh3.googleusercontent.com/sitesv/AG8ngQVwQtm3Dcrlxj3cCpeQv3oNMuLGOK-vBiGfhsi3ssDdv7o9GA9zrKmGqVMnN8LGRp1i-oZWTvpR3i2FiHXf5AIazhZn9dHJ3V69PB0hn85mN4fWaMQlvSCzHDcNtI09onCMTkdVWeJzdm-LfjbG4NtgwiVJgauhlu73ElD3Yh1WqbWXY__T5m12l47H=w1280,aea4f46658f6721b64410cc283b4e7599da02f3bb0aade3483b7f1b61e755563,1200,Quick-Play,True
Sangen,1ozjdxILOkrj4kKeidDMR5DuDNWuatajc,captions/ygo4_0393.json,Spell,Sangen Kaimen,ygo4_0393,bd3b987d1f4a9517,1ozjdxILOkrj4kKeidDMR5DuDNWuatajc,new_card_first_release,,,images/ygo4_0393.png,passed_automated_decode_dimension_checks,2024-04-25,19901,1.0,exact_alias,,pending_konami_verification,1024,RGB,9e093032a787718f6e9da3c07bbe582563977afa7f952adf5bf1b1c35ff9dcf3,1024,66730191,,,ygoprodeck_identity_fallback,https://images.ygoprodeck.com/images/cards_cropped/66730191.jpg,2026-08-31T18:26:02+00:00,selected_pending_image_and_caption_qa,624,https://lh3.googleusercontent.com/sitesv/AG8ngQUW_CYcabYOIOyHqUO6zRUcpyaYhCtQ8SOdlJ0ov2cGMI2gg9bmr0AkI_JFZ7Nc2E97aTW8VcIdLX4YCH_HlXsQvI49febD9mMUcVuVqC6ds_rHEJpgpjk8VHdWiA8nyyd8ttkolb9Xn1kisuCH-l3Y6pKIuq4_OFHpVgsEymXGV3l2I2V25a_RZ-okW4I=s0,thehungtd_full_art,Brightfleet Opening,https://sites.google.com/view/thehungtd/latest-artworks/2024/legacy-of-destruction,https://lh3.googleusercontent.com/sitesv/AG8ngQUW_CYcabYOIOyHqUO6zRUcpyaYhCtQ8SOdlJ0ov2cGMI2gg9bmr0AkI_JFZ7Nc2E97aTW8VcIdLX4YCH_HlXsQvI49febD9mMUcVuVqC6ds_rHEJpgpjk8VHdWiA8nyyd8ttkolb9Xn1kisuCH-l3Y6pKIuq4_OFHpVgsEymXGV3l2I2V25a_RZ-okW4I=w1280,a0c155b2de94414e8bb8e49d6547c820669fd1e71f74b22a15a0bcef32f5ff3e,624,Quick-Play,True
Shining Sarcophagus,10Nr0w1b3S7bIR1yj1hglsAyCIqfhWtXF,captions/ygo4_0394.json,Spell,Turn Silence,ygo4_0394,03070eccd8f0f94f,10Nr0w1b3S7bIR1yj1hglsAyCIqfhWtXF,new_card_first_release,,,images/ygo4_0394.png,passed_automated_decode_dimension_checks,2024-04-25,19893,1.0,exact_alias,,pending_konami_verification,1024,RGB,cfd851ed2bc2421dedde5125d5f1848a651391dae8e5544ea0e48d1c05b63db4,1024,5786513,,,ygoprodeck_identity_fallback,https://images.ygoprodeck.com/images/cards_cropped/5786513.jpg,2026-08-31T18:26:02+00:00,selected_pending_image_and_caption_qa,624,https://lh3.googleusercontent.com/sitesv/AG8ngQXx_nXl-DNhSwya-7-ZwyUU5aLSCIPipbobjS_6RjERkU8Qb57pR_hzMbnPYG0kfGD3fJUwXWEWhrpIBUNgdheNC6duVrvldyzVjbburl0xE9FeAoSSlzF0Zf98M4xX_z84geJcaetym2eaEn4mb6crwH3h_13cD3AtHfT-bsOOj_O-lXOpwy5050k9UYk=s0,thehungtd_full_art,Turn Silence,https://sites.google.com/view/thehungtd/latest-artworks/2024/legacy-of-destruction,https://lh3.googleusercontent.com/sitesv/AG8ngQXx_nXl-DNhSwya-7-ZwyUU5aLSCIPipbobjS_6RjERkU8Qb57pR_hzMbnPYG0kfGD3fJUwXWEWhrpIBUNgdheNC6duVrvldyzVjbburl0xE9FeAoSSlzF0Zf98M4xX_z84geJcaetym2eaEn4mb6crwH3h_13cD3AtHfT-bsOOj_O-lXOpwy5050k9UYk=w1280,a136ca9fa51c9b24ee3703c547a3970d6b82e7c3660d8b3ce7b0ccec3b00e72e,624,Quick-Play,True
Vaalmonica,1rxkyQ_3ssxU22I3ylN0kjtJa8uW_hwX7,captions/ygo4_0395.json,Spell,Vaalmonica Invitare,ygo4_0395,8e170f337171332b,1rxkyQ_3ssxU22I3ylN0kjtJa8uW_hwX7,new_card_first_release,,,images/ygo4_0395.png,passed_automated_decode_dimension_checks,2024-04-25,19906,1.0,exact_alias,,pending_konami_verification,1024,RGB,8332c21bcf0988be51d36449fef25034ca7bd478c12117a618ceb2b9bdfbde3f,1024,38491852,,,ygoprodeck_identity_fallback,https://images.ygoprodeck.com/images/cards_cropped/38491852.jpg,2026-08-31T18:26:02+00:00,selected_pending_image_and_caption_qa,624,https://lh3.googleusercontent.com/sitesv/AG8ngQXOyI5w7vqwlpjHOwd2kbRVlui8sMdIzR0PFuhcNCGqegfkqQ9u51O76dXHEBMvzZuPEUnOlssOS1IQHrwa3ETkyMMlgHrgcYwo0n2J79nUceo3DiZOdXpM0RHFWRoJob25n9eYMzH0auLTnSLdd71VUWESngBRhbMdiOsSdkGa3YBOQw4uLgHTKoV_wsA=s0,thehungtd_full_art,Vaalmonica Invitare,https://sites.google.com/view/thehungtd/latest-artworks/2024/legacy-of-destruction,https://lh3.googleusercontent.com/sitesv/AG8ngQXOyI5w7vqwlpjHOwd2kbRVlui8sMdIzR0PFuhcNCGqegfkqQ9u51O76dXHEBMvzZuPEUnOlssOS1IQHrwa3ETkyMMlgHrgcYwo0n2J79nUceo3DiZOdXpM0RHFWRoJob25n9eYMzH0auLTnSLdd71VUWESngBRhbMdiOsSdkGa3YBOQw4uLgHTKoV_wsA=w1280,4899c82982707002e69561033647efadcb6385d30f249ac974b8e267461cf2c3,624,Quick-Play,True
Centur-Ion,1kO97B0he40T2mL4ruJsZMRIGYvehwunY,captions/ygo4_0396.json,Spell,Wake Up Centur-Ion!,ygo4_0396,5d69b2c9697171b3,1kO97B0he40T2mL4ruJsZMRIGYvehwunY,new_card_first_release,,,images/ygo4_0396.png,passed_automated_decode_dimension_checks,2024-04-25,19905,1.0,exact_alias,,pending_konami_verification,1024,RGB,90673ddaafbc155a8a3d1c7a0a43ee0482d528827c2df719c258391f24db4db5,1024,92907248,,,ygoprodeck_identity_fallback,https://images.ygoprodeck.com/images/cards_cropped/92907248.jpg,2026-08-31T18:26:02+00:00,selected_pending_image_and_caption_qa,624,https://lh3.googleusercontent.com/sitesv/AG8ngQVy5HcnofZaZeArfj2IqzTqHjmpUXwFzPxYdOF7Ym9zZRA-qZ0546WSsfjrhA9XK2b19kaW-8A7P6aDnOTBUsqwg9B8sH1fWiWSOTQUsFDfqDoi8yNiUU35yV8InQF8Oc8CfZnwnw1KZxnUScRwTZmN1NV1z8IPCbkrJ2pO3dKMCYdacxX3gxRdyM4Sk_w=s0,thehungtd_full_art,Wake Up Centur-Ion!,https://sites.google.com/view/thehungtd/latest-artworks/2024/legacy-of-destruction,https://lh3.googleusercontent.com/sitesv/AG8ngQVy5HcnofZaZeArfj2IqzTqHjmpUXwFzPxYdOF7Ym9zZRA-qZ0546WSsfjrhA9XK2b19kaW-8A7P6aDnOTBUsqwg9B8sH1fWiWSOTQUsFDfqDoi8yNiUU35yV8InQF8Oc8CfZnwnw1KZxnUScRwTZmN1NV1z8IPCbkrJ2pO3dKMCYdacxX3gxRdyM4Sk_w=w1280,49524524de5f85458fe200cbe00b0af8dd8cb7370850ad222581d1ce65ad2629,624,Quick-Play,True
Rank-Up-Magic,1Kqn4kChFbc3q1yF2vmmrEAvkyu2a67CE,captions/ygo4_0397.json,Spell,Rank-Up-Magic Magical Force,ygo4_0397,a3e8d48e8e8ec4e0,1Kqn4kChFbc3q1yF2vmmrEAvkyu2a67CE,new_card_first_release,,,images/ygo4_0397.png,passed_automated_decode_dimension_checks,2024-06-22,20412,1.0,exact_alias,,pending_konami_verification,1024,RGB,82857294155210ca4cb4f2850f004aef52139e6578dce67e0ff345f46004f08d,1024,32044231,,,thehungtd_drive_original,https://drive.usercontent.google.com/download?id=1Kqn4kChFbc3q1yF2vmmrEAvkyu2a67CE&export=download&authuser=0&confirm=t,2026-08-31T18:26:01+00:00,selected_pending_image_and_caption_qa,1200,https://lh3.googleusercontent.com/sitesv/AG8ngQUL1Oxza6WlP8r1p4mu6lXT7O97uP5ivb7PGiK5A0JTPvdbO-5tfsyY1UlyjYDC0QoUmwCuXcl8DtkfB4ilhUtNeaO7ixq9RTduncn3Gdl5A15MbA2-brR29Z7387PZf9UMDaNpUKLwCMJbLVphXy2RxhugWwiqr9f2KY-NHLwGhOraCiUHvyVCvACFSoQ=s0,thehungtd_full_art,Rank-Up-Magic Magical Force,https://sites.google.com/view/thehungtd/latest-artworks/2024/animation-chronicle-2024,https://lh3.googleusercontent.com/sitesv/AG8ngQUL1Oxza6WlP8r1p4mu6lXT7O97uP5ivb7PGiK5A0JTPvdbO-5tfsyY1UlyjYDC0QoUmwCuXcl8DtkfB4ilhUtNeaO7ixq9RTduncn3Gdl5A15MbA2-brR29Z7387PZf9UMDaNpUKLwCMJbLVphXy2RxhugWwiqr9f2KY-NHLwGhOraCiUHvyVCvACFSoQ=w1280,5d985e0978e5b1afcea3ed90c043eceb0844c11ec756699dd3e283f04b34389d,1200,Quick-Play,True
Light and Darkness Dragon,13aWNm04tu_PR62bOZ2yvyLWBviIKNPCt,captions/ygo4_0398.json,Spell,Dragon's Light and Darkness,ygo4_0398,7fe74c5c939b671c,13aWNm04tu_PR62bOZ2yvyLWBviIKNPCt,new_card_first_release,,,images/ygo4_0398.png,passed_automated_decode_dimension_checks,2024-07-18,20236,1.0,exact_alias,,pending_konami_verification,1024,RGB,b469179fdbf6458712abf78b56342e6a5c65423dea175f7de8d95eec461355c1,1024,63295720,,,ygoprodeck_identity_fallback,https://images.ygoprodeck.com/images/cards_cropped/63295720.jpg,2026-08-31T18:26:00+00:00,selected_pending_image_and_caption_qa,624,https://lh3.googleusercontent.com/sitesv/AG8ngQUt-0I50XZSyUspMeEvARnxfT7id6Aiq52tx5g3EEi-HS_0JSyRNjWt0oKqiOq-fDtUPe8b3Mb85ihS1CygPDYoU183y7CASDbJyItonjIyta7ruql7ye2ew8y_HRz9Hd7ywk5Zk457EiSnAcXjY0aYeguv_r3MLolYK9xtHCU7qlF-zlUfbrLksIb6=s0,thehungtd_full_art,Dragon's Glory of Light and Dark,https://sites.google.com/view/thehungtd/latest-artworks/2024/infinite-forbidden,https://lh3.googleusercontent.com/sitesv/AG8ngQUt-0I50XZSyUspMeEvARnxfT7id6Aiq52tx5g3EEi-HS_0JSyRNjWt0oKqiOq-fDtUPe8b3Mb85ihS1CygPDYoU183y7CASDbJyItonjIyta7ruql7ye2ew8y_HRz9Hd7ywk5Zk457EiSnAcXjY0aYeguv_r3MLolYK9xtHCU7qlF-zlUfbrLksIb6=w1280,f9046c2cbabe7a3ae2ddc3939eadfefe222c57e1a440647f7d2aa4520e3d3c54,624,Quick-Play,True
Emblema,1I43kQLeR4SSf5E0w_6MQG_3WhL0leWUC,captions/ygo4_0399.json,Spell,Emblema Salvation,ygo4_0399,96347be7dcb16593,1I43kQLeR4SSf5E0w_6MQG_3WhL0leWUC,new_card_first_release,,,images/ygo4_0399.png,passed_automated_decode_dimension_checks,2024-07-18,20242,1.0,exact_alias,,pending_konami_verification,1024,RGB,1d904f3263d95c1fe488cd1c5ddb757ff6741dafcda46d030ab01d3237c2dbf0,1024,61950680,,,ygoprodeck_identity_fallback,https://images.ygoprodeck.com/images/cards_cropped/61950680.jpg,2026-08-31T18:26:00+00:00,selected_pending_image_and_caption_qa,624,https://lh3.googleusercontent.com/sitesv/AG8ngQV6ryzsitwnkzbyyV7-fSO9XKJZPLMT9p9ALEPqgZVL5SWFiEZELE98hNiht0fjkjMk6LbFxpGftTKCwqZ5ORV_uJYvH6oQjGf_gq3fsd2IqEsQpkvNCPm2--pz5gcEowVv_4MMzSDrRgF-pdDchioIxkf_ox4_n6cl6OYzDFMEPqcVUp4Yhgjs1UzMzoA=s0,thehungtd_full_art,Emblema Atonement,https://sites.google.com/view/thehungtd/latest-artworks/2024/infinite-forbidden,https://lh3.googleusercontent.com/sitesv/AG8ngQV6ryzsitwnkzbyyV7-fSO9XKJZPLMT9p9ALEPqgZVL5SWFiEZELE98hNiht0fjkjMk6LbFxpGftTKCwqZ5ORV_uJYvH6oQjGf_gq3fsd2IqEsQpkvNCPm2--pz5gcEowVv_4MMzSDrRgF-pdDchioIxkf_ox4_n6cl6OYzDFMEPqcVUp4Yhgjs1UzMzoA=w1280,e165a6f99350be628625b7e8a9d010db7398a8f60d7d465d09f909828aa52242,624,Quick-Play,True
Fiendsmith,1WtL4eJmFelr0gQkJpQeaugvhUtQVFzur,captions/ygo4_0400.json,Spell,Fiendsmith's Sanct,ygo4_0400,9b9b4347292d1519,1WtL4eJmFelr0gQkJpQeaugvhUtQVFzur,new_card_first_release,,,images/ygo4_0400.png,passed_automated_decode_dimension_checks,2024-07-18,20241,1.0,exact_alias,,pending_konami_verification,1024,RGB,03e70354e0c8d3dcecdd87a070528d6a3793c850f4af1bd1bb79eca62c7e9f4a,1024,35552985,,,ygoprodeck_identity_fallback,https://images.ygoprodeck.com/images/cards_cropped/35552985.jpg,2026-08-31T18:26:00+00:00,selected_pending_image_and_caption_qa,624,https://lh3.googleusercontent.com/sitesv/AG8ngQVvGpU4BNin9JzyTST-IBND0Sxb2Hi7iJ58JqSQVwauZuPkT_94BseU1aieZOUYyjvkVOGPx8cejva8lMb7h7cdIOHDOkIMD-K0RN6IY0KvOVam5cL59XNeJiBRTodEvbQKxn7lPScjWBb9DeBDGha9rjxm4DzK5O-Z8gd8M5e2ozS6judQrwQIq0WxNpQ=s0,thehungtd_full_art,Fiendsmith Sanctus,https://sites.google.com/view/thehungtd/latest-artworks/2024/infinite-forbidden,https://lh3.googleusercontent.com/sitesv/AG8ngQVvGpU4BNin9JzyTST-IBND0Sxb2Hi7iJ58JqSQVwauZuPkT_94BseU1aieZOUYyjvkVOGPx8cejva8lMb7h7cdIOHDOkIMD-K0RN6IY0KvOVam5cL59XNeJiBRTodEvbQKxn7lPScjWBb9DeBDGha9rjxm4DzK5O-Z8gd8M5e2ozS6judQrwQIq0WxNpQ=w1280,47aa0ec9793ad19d8154af18b1ea5a4dd167a57c01f2f53c8865fab9168eb18d,624,Quick-Play,True
Sinful Spoils,1mJOHH3iPre5wIDgojkK1f63MLAQG_vUi,captions/ygo4_0401.json,Spell,Susurrus of the Sinful Spoils,ygo4_0401,7b331357363b1e1c,1mJOHH3iPre5wIDgojkK1f63MLAQG_vUi,new_card_first_release,,,images/ygo4_0401.png,passed_automated_decode_dimension_checks,2024-07-18,20239,1.0,exact_alias,,pending_konami_verification,1024,RGB,717b95dc214954f25d401f25b245c24aa80fa94a128fd70204c0e19728e5ce29,1024,62173132,,,ygoprodeck_identity_fallback,https://images.ygoprodeck.com/images/cards_cropped/62173132.jpg,2026-08-31T18:26:00+00:00,selected_pending_image_and_caption_qa,624,https://lh3.googleusercontent.com/sitesv/AG8ngQXbi1VhZzdw2Iu8K8ud1m0DYc53qj2-nsAJbZM_yDbpkLaOCDg4tFkAlEV0LJBevzMevXknznpxQeVDhuQ6v7oyE_WdAIEsd9UPJwuToteuUlS1vCZM1Dgbj3foV76ibxNU_Odk2FyKAbYScP0RSZaTRskTcKisFhwRgCckUoSb7k_gkcGTxy8kxg3CxWY=s0,thehungtd_full_art,Whispers of the Sinful Spoils,https://sites.google.com/view/thehungtd/latest-artworks/2024/infinite-forbidden,https://lh3.googleusercontent.com/sitesv/AG8ngQXbi1VhZzdw2Iu8K8ud1m0DYc53qj2-nsAJbZM_yDbpkLaOCDg4tFkAlEV0LJBevzMevXknznpxQeVDhuQ6v7oyE_WdAIEsd9UPJwuToteuUlS1vCZM1Dgbj3foV76ibxNU_Odk2FyKAbYScP0RSZaTRskTcKisFhwRgCckUoSb7k_gkcGTxy8kxg3CxWY=w1280,08cf8e5a137c1a5dcddb0526a670127c02caa3dad53b93d44a74d41ab984cf0e,624,Quick-Play,True
,1LbHUncF2OqWY06b19q7i3SjJVWKWgVzJ,captions/ygo4_0402.json,Spell,Vesper Girsu,ygo4_0402,4575999e3b33334f,1LbHUncF2OqWY06b19q7i3SjJVWKWgVzJ,new_card_first_release,,,images/ygo4_0402.png,passed_automated_decode_dimension_checks,2024-07-18,20243,1.0,exact_alias,,pending_konami_verification,1024,RGB,7b9e044db3261d0c003619b33c308a2fec083073dfcd02499447b78ee2104d8d,1024,97345699,,,ygoprodeck_identity_fallback,https://images.ygoprodeck.com/images/cards_cropped/97345699.jpg,2026-08-31T18:26:00+00:00,selected_pending_image_and_caption_qa,624,https://lh3.googleusercontent.com/sitesv/AG8ngQUDNJ4GXxMwKT0wwKi_wz7dhRxHAHNgACcBvitIZVF_rc03H1_F0rG-hhu4FSAy72klC0u6EJWPr9brYsgRYFQl8uDCSKmYHRVHU54VB6I_BY6XQUF5cmVd_VZhacWNB7DHAHDb6fSqmn0xsVD4WnevEZCMphJEq1mRJUdF-x_uPLTNBHBc_gl0ikmiXsc=s0,thehungtd_full_art,Vesper Girsu,https://sites.google.com/view/thehungtd/latest-artworks/2024/infinite-forbidden,https://lh3.googleusercontent.com/sitesv/AG8ngQUDNJ4GXxMwKT0wwKi_wz7dhRxHAHNgACcBvitIZVF_rc03H1_F0rG-hhu4FSAy72klC0u6EJWPr9brYsgRYFQl8uDCSKmYHRVHU54VB6I_BY6XQUF5cmVd_VZhacWNB7DHAHDb6fSqmn0xsVD4WnevEZCMphJEq1mRJUdF-x_uPLTNBHBc_gl0ikmiXsc=w1280,552b9ee8caa5b76e4638bb4e7f829f12ac15e2c5e2a18b53f3122650172e3afc,624,Quick-Play,True
Azamina,1S3xE507DcRGDsf7U3F5OzuYmAJIv3VPp,captions/ygo4_0403.json,Spell,Azamina Debtors,ygo4_0403,61968e9831034712,1S3xE507DcRGDsf7U3F5OzuYmAJIv3VPp,new_card_first_release,,,images/ygo4_0403.png,passed_automated_decode_dimension_checks,2024-07-27,20530,1.0,exact_alias,,pending_konami_verification,1024,RGB,61cd2f662688a7c1c9029d85b8a3586fb331bb344d435cf623824b8a05bd85bb,1024,20934683,,,thehungtd_drive_original,https://drive.usercontent.google.com/download?id=1S3xE507DcRGDsf7U3F5OzuYmAJIv3VPp&export=download&authuser=0&confirm=t,2026-08-31T18:25:58+00:00,selected_pending_image_and_caption_qa,1200,https://lh3.googleusercontent.com/sitesv/AG8ngQWzV0-J0apwhFXoqAHHYcb1T1DWwanTGf0NCf-uYc4CJCdJVyIKITjO9YCQN2b4GpcOY_RLpfNkzgDu7lS6YPsyWP1YFQYo068Hn2J5BSDRuQy3agWg0ECaiu7WolOHGkpEGReoLyVFV3mHybf74khO8LEcWh6LDUiBf_rWRGf8xuKGXxzeoiK4FLEYUH4=s0,thehungtd_full_art,Azamina Ofeiletis,https://sites.google.com/view/thehungtd/latest-artworks/2024/rage-of-the-abyss,https://lh3.googleusercontent.com/sitesv/AG8ngQWzV0-J0apwhFXoqAHHYcb1T1DWwanTGf0NCf-uYc4CJCdJVyIKITjO9YCQN2b4GpcOY_RLpfNkzgDu7lS6YPsyWP1YFQYo068Hn2J5BSDRuQy3agWg0ECaiu7WolOHGkpEGReoLyVFV3mHybf74khO8LEcWh6LDUiBf_rWRGf8xuKGXxzeoiK4FLEYUH4=w1280,66b4817d9f188a761cf4f60303d0ecf2085c7695868035879d1471ed82740a07,1200,Quick-Play,True
,1Jx7Dof6GopsYYQj8E53vGporRIttt15L,captions/ygo4_0404.json,Spell,Final Bringer of the End Times,ygo4_0404,a0a1a34e1c146471,1Jx7Dof6GopsYYQj8E53vGporRIttt15L,new_card_first_release,,,images/ygo4_0404.png,passed_automated_decode_dimension_checks,2024-07-27,20540,1.0,exact_alias,,pending_konami_verification,1024,RGB,3a361fc334d71933a21a660dc9aa507968f88bde5653172289773eb18d9ae95b,1024,54261514,,,ygoprodeck_identity_fallback,https://images.ygoprodeck.com/images/cards_cropped/54261514.jpg,2026-08-31T18:25:58+00:00,selected_pending_image_and_caption_qa,624,https://lh3.googleusercontent.com/sitesv/AG8ngQUbTjynxiE5CxAbeyw2b-p2QgKXw68NeGEWLah-wZhKn0QWzFlG_RT1B-RubBMJWeq4EUQvxImgtJKYIArCqmhsOmcO2Yz-pD5LE5NYSHulGvrlwSw7QilzVz39LA_N5htPj3ffP3h_D1iAmjAfUH4RZ1FNCDAsJw-nDfZY1vexM03Hpa-PBxGrOZDBcyE=s0,thehungtd_full_art,Final Bringer's Bellow,https://sites.google.com/view/thehungtd/latest-artworks/2024/rage-of-the-abyss,https://lh3.googleusercontent.com/sitesv/AG8ngQUbTjynxiE5CxAbeyw2b-p2QgKXw68NeGEWLah-wZhKn0QWzFlG_RT1B-RubBMJWeq4EUQvxImgtJKYIArCqmhsOmcO2Yz-pD5LE5NYSHulGvrlwSw7QilzVz39LA_N5htPj3ffP3h_D1iAmjAfUH4RZ1FNCDAsJw-nDfZY1vexM03Hpa-PBxGrOZDBcyE=w1280,75ffe10d3e96abaaba1f8262b08b2eeb1a3eb3a38ea3495badc181a34910dac6,624,Quick-Play,True
Goblin,1LeTMjN00KinsXoe_4SA_Z9NnXnWIXo5f,captions/ygo4_0405.json,Spell,Goblin Biker Grand Breakout,ygo4_0405,364c5abab1f26226,1LeTMjN00KinsXoe_4SA_Z9NnXnWIXo5f,new_card_first_release,,,images/ygo4_0405.png,passed_automated_decode_dimension_checks,2024-07-27,20533,1.0,exact_alias,,pending_konami_verification,1024,RGB,81f4d0de07ffd89b71103974713fe73e200e456f16ada80a90bb34eea6805806,1024,29111045,,,ygoprodeck_identity_fallback,https://images.ygoprodeck.com/images/cards_cropped/29111045.jpg,2026-08-31T18:25:58+00:00,selected_pending_image_and_caption_qa,624,https://lh3.googleusercontent.com/sitesv/AG8ngQUv8Drszc06a9dE1yWlig-gs2Lrm6meYcCXEymHQKRUv1pAy7CzZ8wRZ5QEZEzBAxuJ6S5idYT1YjNV8fJIGhfwrQHKdpVJ3kk6KfBfnZ7UDs-UVs-wc03gRmqCNNYjunYQ0uQR6m4qRM2g833vjgin4XHMiK6GcKJrcgsEkzL5SdCKU03NvSTRewWD=s0,thehungtd_full_art,Goblin Biker Grand Imprisonment,https://sites.google.com/view/thehungtd/latest-artworks/2024/rage-of-the-abyss,https://lh3.googleusercontent.com/sitesv/AG8ngQUv8Drszc06a9dE1yWlig-gs2Lrm6meYcCXEymHQKRUv1pAy7CzZ8wRZ5QEZEzBAxuJ6S5idYT1YjNV8fJIGhfwrQHKdpVJ3kk6KfBfnZ7UDs-UVs-wc03gRmqCNNYjunYQ0uQR6m4qRM2g833vjgin4XHMiK6GcKJrcgsEkzL5SdCKU03NvSTRewWD=w1280,1c814e0965d0f9ef86488dd94a33f539a215e6f07d31cf9fe0486d021394bbe7,624,Quick-Play,True
Primite,13qEXYVMOPE-W3wGTYJLiKm3U-ItZihGC,captions/ygo4_0406.json,Spell,Primite Drillbeam,ygo4_0406,b6edd9dedcac5c33,13qEXYVMOPE-W3wGTYJLiKm3U-ItZihGC,new_card_first_release,,,images/ygo4_0406.png,passed_automated_decode_dimension_checks,2024-07-27,20536,1.0,exact_alias,,pending_konami_verification,1024,RGB,15dc7e3f0e74b0beeacaf662ec3eef28e17b9de90cdba5da9472b2f18412abdb,1024,29095457,,,thehungtd_drive_original,https://drive.usercontent.google.com/download?id=13qEXYVMOPE-W3wGTYJLiKm3U-ItZihGC&export=download&authuser=0&confirm=t,2026-08-31T18:25:58+00:00,selected_pending_image_and_caption_qa,1200,https://lh3.googleusercontent.com/sitesv/AG8ngQXX6rHUX6rd9O6PdSlkmTYZIFJK0Zs2XyPN0eYZKsHV89tf_ZI_IpOc3x7MqwpVcHS6ywmGedlrWMpz9Zn4wvuRtHx020LHIa8rBbrhU3dn4BzCNeWOzo85E2i_kRY8e9Xld7n9vrxKNeG1aypsF5sQ9dFIWef19hb2qN1O2sSGlDmRYf53TY1KJyJY83s=s0,thehungtd_full_art,Primoredial Schiller,https://sites.google.com/view/thehungtd/latest-artworks/2024/rage-of-the-abyss,https://lh3.googleusercontent.com/sitesv/AG8ngQXX6rHUX6rd9O6PdSlkmTYZIFJK0Zs2XyPN0eYZKsHV89tf_ZI_IpOc3x7MqwpVcHS6ywmGedlrWMpz9Zn4wvuRtHx020LHIa8rBbrhU3dn4BzCNeWOzo85E2i_kRY8e9Xld7n9vrxKNeG1aypsF5sQ9dFIWef19hb2qN1O2sSGlDmRYf53TY1KJyJY83s=w1280,66bd69a37e47a9ff6a50493602c26ceb32df194fe2736b9a1e0e7fc13df3695d,1200,Quick-Play,True
Primite,1ovwLjp09ezmtEh45ov6ECbvOPLow8sDM,captions/ygo4_0407.json,Spell,Primite Roar,ygo4_0407,449111c34d5d5373,1ovwLjp09ezmtEh45ov6ECbvOPLow8sDM,new_card_first_release,,,images/ygo4_0407.png,passed_automated_decode_dimension_checks,2024-07-27,20535,1.0,exact_alias,,pending_konami_verification,1024,RGB,f00bbb248403313bd5c21b1d003777ef223676a443a0964025626eabefb68c1f,1024,92501449,,,thehungtd_drive_original,https://drive.usercontent.google.com/download?id=1ovwLjp09ezmtEh45ov6ECbvOPLow8sDM&export=download&authuser=0&confirm=t,2026-08-31T18:25:58+00:00,selected_pending_image_and_caption_qa,1200,https://lh3.googleusercontent.com/sitesv/AG8ngQWSGdMHbB-pxzX_ewl1jf4FErYc4-p0ZXBD2dfrUK3QXwlyc57MIPDXNnMX1a-Bbq9JtS_UBZq4re2w8OkxhSZsSic1xw_1oE7gidB8hGvp4fpPu-Xy11ybZwS2gPpdGqTJQtnX0U3RMhCG3DByOtgMDAWGIhoqOT_GflVHhMk2X6p6AW8oD7Ip2-g9B2U=s0,thehungtd_full_art,Primoredial Tremors,https://sites.google.com/view/thehungtd/latest-artworks/2024/rage-of-the-abyss,https://lh3.googleusercontent.com/sitesv/AG8ngQWSGdMHbB-pxzX_ewl1jf4FErYc4-p0ZXBD2dfrUK3QXwlyc57MIPDXNnMX1a-Bbq9JtS_UBZq4re2w8OkxhSZsSic1xw_1oE7gidB8hGvp4fpPu-Xy11ybZwS2gPpdGqTJQtnX0U3RMhCG3DByOtgMDAWGIhoqOT_GflVHhMk2X6p6AW8oD7Ip2-g9B2U=w1280,5405037ef3a71d3c00a1cd171041cffa92d98539778c6def46b7c1ffb010c0fa,1200,Quick-Play,True
Six Strike,11ptTu6l3GlXKvZbOm83erhazggxkOftC,captions/ygo4_0408.json,Spell,Six Strike - Double Assault,ygo4_0408,85932b230d0d239b,11ptTu6l3GlXKvZbOm83erhazggxkOftC,new_card_first_release,,,images/ygo4_0408.png,passed_automated_decode_dimension_checks,2024-07-27,20539,1.0,exact_alias,,pending_konami_verification,1024,RGB,808031c7b28976b3efc9f65ef8419ffa0ddcbfd46bed019d2960728d1f4c2060,1024,28273805,,,thehungtd_drive_original,https://drive.usercontent.google.com/download?id=11ptTu6l3GlXKvZbOm83erhazggxkOftC&export=download&authuser=0&confirm=t,2026-08-31T18:25:58+00:00,selected_pending_image_and_caption_qa,1200,https://lh3.googleusercontent.com/sitesv/AG8ngQWbBIkUDl7XLcGcgPUmFVMVCM3W7pHhFj-spq7M-J44fBgaVyI3hLIC_HKbBWW1qo3b7jPLHIbLVplAteslxdillUPdKdKmUIIEoSeSJDpwUIewUbaIsNttza4ubzYDyOD5OItRly9GjHqkMcNSxYbCQx5OIfZJ1KfNGhdXTja2TFAX8AACIcfObfAB1U4=s0,thehungtd_full_art,Six Strike - Double Assault,https://sites.google.com/view/thehungtd/latest-artworks/2024/rage-of-the-abyss,https://lh3.googleusercontent.com/sitesv/AG8ngQWbBIkUDl7XLcGcgPUmFVMVCM3W7pHhFj-spq7M-J44fBgaVyI3hLIC_HKbBWW1qo3b7jPLHIbLVplAteslxdillUPdKdKmUIIEoSeSJDpwUIewUbaIsNttza4ubzYDyOD5OItRly9GjHqkMcNSxYbCQx5OIfZJ1KfNGhdXTja2TFAX8AACIcfObfAB1U4=w1280,ec50eb1d927ac5309aef48d6a671f615f9a0e86077d0aed1eceda0f12d7e9769,1200,Quick-Play,True
Diabell,10V455V6ahKx4m5hWsyNmPKlIzSIae35G,captions/ygo4_0409.json,Spell,Like the Diabell,ygo4_0409,68484b4366632426,10V455V6ahKx4m5hWsyNmPKlIzSIae35G,new_card_first_release,,,images/ygo4_0409.png,passed_automated_decode_dimension_checks,2025-01-23,20794,1.0,exact_alias,,pending_konami_verification,1024,RGB,149f8813006289562ce12c6cad7248d81edae773353d07c08e9c85e27b77bb71,1024,65289956,,,thehungtd_drive_original,https://drive.usercontent.google.com/download?id=10V455V6ahKx4m5hWsyNmPKlIzSIae35G&export=download&authuser=0&confirm=t,2026-08-31T18:25:56+00:00,selected_pending_image_and_caption_qa,1200,https://lh3.googleusercontent.com/sitesv/AG8ngQUq7QXdeFvQaiBvbQ9hkk3uHeVloPZzVYlMEd35oAtSIymLdbkWVB3E5fp_zgx_jMmbABXj7vg_wVdKreaxv-LdDa1Y8bSFZ_pvZaX0JUn0GZQneWZ80YQq1SEKEOnYAlT_XQaVqaikPdQ2oQ3jSRBFO9F-Jm4OgcaoRuhMejxGY73amYYcmkIR9nJb=s0,thehungtd_full_art,Like the Diabell,https://sites.google.com/view/thehungtd/latest-artworks/2024/supreme-darkness,https://lh3.googleusercontent.com/sitesv/AG8ngQUq7QXdeFvQaiBvbQ9hkk3uHeVloPZzVYlMEd35oAtSIymLdbkWVB3E5fp_zgx_jMmbABXj7vg_wVdKreaxv-LdDa1Y8bSFZ_pvZaX0JUn0GZQneWZ80YQq1SEKEOnYAlT_XQaVqaikPdQ2oQ3jSRBFO9F-Jm4OgcaoRuhMejxGY73amYYcmkIR9nJb=w1280,863746afdb0c55a01bf0c627dc1be66c1fc86fb5a5f5a22caa23ff41439c2496,1200,Quick-Play,True
Diabell,1MIH5YkfrhVko_KEaoxP4IdoSuWGhBSGj,captions/ygo4_0410.json,Spell,Play the Diabell,ygo4_0410,f3b4b7b7725e68ac,1MIH5YkfrhVko_KEaoxP4IdoSuWGhBSGj,new_card_first_release,,,images/ygo4_0410.png,passed_automated_decode_dimension_checks,2025-01-23,20793,1.0,exact_alias,,pending_konami_verification,1024,RGB,0de396f050e40858a3e88ca483cf7c100da3c5c9db3f9ef1fbdfca435abaf5d8,1024,39881252,,,thehungtd_drive_original,https://drive.usercontent.google.com/download?id=1MIH5YkfrhVko_KEaoxP4IdoSuWGhBSGj&export=download&authuser=0&confirm=t,2026-08-31T18:25:56+00:00,selected_pending_image_and_caption_qa,1200,https://lh3.googleusercontent.com/sitesv/AG8ngQV_v3f16KurQI9SpR6iJF0yoCJXkagUC-64Xc4C_RmseLAFkFHtmnDI-rpm__DHBEIHY5StFCCC0ex94-LoL-1hoGCs3JGdP9kt9oyo6zgugg7aDYq0jD0rTharUSXSKgnf3_j877Uzxiav7Tc_s8qF5DzZCX8rnzvEdYsYigzhs66dSN1tnzsSXR_xIbk=s0,thehungtd_full_art,Play the Diabell,https://sites.google.com/view/thehungtd/latest-artworks/2024/supreme-darkness,https://lh3.googleusercontent.com/sitesv/AG8ngQV_v3f16KurQI9SpR6iJF0yoCJXkagUC-64Xc4C_RmseLAFkFHtmnDI-rpm__DHBEIHY5StFCCC0ex94-LoL-1hoGCs3JGdP9kt9oyo6zgugg7aDYq0jD0rTharUSXSKgnf3_j877Uzxiav7Tc_s8qF5DzZCX8rnzvEdYsYigzhs66dSN1tnzsSXR_xIbk=w1280,fa354882d14e02bee2a9f076e7847630333d64bb964a050d3f48486e2e7335ea,1200,Quick-Play,True
Sinful Spoils,1Kwrhu3w7qQVuzhyR0yfWT3Wmd7XJfUUf,captions/ygo4_0411.json,Spell,Sinful Spoils of the White Forest,ygo4_0411,d41717174f372b0f,1Kwrhu3w7qQVuzhyR0yfWT3Wmd7XJfUUf,new_card_first_release,,,images/ygo4_0411.png,passed_automated_decode_dimension_checks,2025-01-23,20792,1.0,exact_alias,,pending_konami_verification,1024,RGB,119c55bbc565256b52d2d4c64a1b8c03fd8dd55f290ebd2bc123cc052dacaa94,1024,3496543,,,thehungtd_drive_original,https://drive.usercontent.google.com/download?id=1Kwrhu3w7qQVuzhyR0yfWT3Wmd7XJfUUf&export=download&authuser=0&confirm=t,2026-08-31T18:25:56+00:00,selected_pending_image_and_caption_qa,1200,https://lh3.googleusercontent.com/sitesv/AG8ngQU7VbWTCh8ysL_fHke6NqeWLFclj-m24UrIJJs-r8mi-kNEu_nvHg75XDxtb9hsS7Ixg4ZO-GiRZhQb_ZkjxU63-perVZNVkxL6tcNen49ZQjqxcIZ7dOEF_OcTolo11XJb2ZWOinFATipL5q-jNv-4wqh5u4LunGBd793CbsYb9cyqyYl6XnTV9TiqV44=s0,thehungtd_full_art,Sinful Spoils of the White Forest,https://sites.google.com/view/thehungtd/latest-artworks/2024/supreme-darkness,https://lh3.googleusercontent.com/sitesv/AG8ngQU7VbWTCh8ysL_fHke6NqeWLFclj-m24UrIJJs-r8mi-kNEu_nvHg75XDxtb9hsS7Ixg4ZO-GiRZhQb_ZkjxU63-perVZNVkxL6tcNen49ZQjqxcIZ7dOEF_OcTolo11XJb2ZWOinFATipL5q-jNv-4wqh5u4LunGBd793CbsYb9cyqyYl6XnTV9TiqV44=w1280,ff0e31dddbe4a4cb1d9c775fba434ad69035f86ce523422124128a56412d9886,1200,Quick-Play,True
Signature move,1Ft7N92Iq6oyY1COA5vNnMTh76p2YslGO,captions/ygo4_0412.json,Spell,Tachyon Spiral of Destruction,ygo4_0412,7d1b9435120a9685,1Ft7N92Iq6oyY1COA5vNnMTh76p2YslGO,new_card_first_release,,,images/ygo4_0412.png,passed_automated_decode_dimension_checks,2025-03-13,20281,1.0,exact_alias,,pending_konami_verification,1024,RGB,c78b99167b9e6ca18ecacb2894f1868dbfb3ef0860f964b6b6e394df785d745a,1024,71083002,,,thehungtd_drive_original,https://drive.usercontent.google.com/download?id=1Ft7N92Iq6oyY1COA5vNnMTh76p2YslGO&export=download&authuser=0&confirm=t,2026-08-31T18:26:01+00:00,selected_pending_image_and_caption_qa,1200,https://lh3.googleusercontent.com/sitesv/AG8ngQVaOBSSwYDtmqWwHlVzD9ODlp3gDxN24ThyPpsTE6FX6IZQ_aQ2yNVjA9XJ9NzA3n4G8J9kcfh3StqiViclu2kvLDp4Et6ovt_4IVs7Zp5AUC7JBmzkDdLhHE_-WBKRfOvK1_8ElOdnnlPYJAeAouz7ZgovR8UJQDgJvJRMcbT0r9EHeVZqrf-f4x9dpzk=s0,thehungtd_full_art,Tachyon Spiral of Destruction,https://sites.google.com/view/thehungtd/latest-artworks/2024/duelist-pack-duelists-of-brilliance,https://lh3.googleusercontent.com/sitesv/AG8ngQVaOBSSwYDtmqWwHlVzD9ODlp3gDxN24ThyPpsTE6FX6IZQ_aQ2yNVjA9XJ9NzA3n4G8J9kcfh3StqiViclu2kvLDp4Et6ovt_4IVs7Zp5AUC7JBmzkDdLhHE_-WBKRfOvK1_8ElOdnnlPYJAeAouz7ZgovR8UJQDgJvJRMcbT0r9EHeVZqrf-f4x9dpzk=w1280,1ca2de5344757af440330d01294cc92b55180dc352ce6426a4021bb425eb2462,1200,Quick-Play,True
Cyber Angel,11398951,captions/ygo4_0413.json,Spell,Machine Angel Absolute Ritual,ygo4_0413,0f174d5d5528d4a2,,new_card_first_release,,,images/ygo4_0413.png,passed_automated_decode_dimension_checks,2017-02-09,12790,1.0,api_identity_exact,,pending_konami_verification,1024,RGB,056bd09e79a36d9a61374eff35412ea1a629561bb5f2a3fd5b49443725e463bb,1024,11398951,,,ygoprodeck_cropped_art,https://images.ygoprodeck.com/images/cards_cropped/11398951.jpg,2026-08-31T18:26:10+00:00,selected_pending_image_and_caption_qa,624,https://images.ygoprodeck.com/images/cards_cropped/11398951.jpg,ygoprodeck_cropped_art,Machine Angel Absolute Ritual,https://db.ygoprodeck.com/api/v7/cardinfo.php?misc=yes,https://images.ygoprodeck.com/images/cards_cropped/11398951.jpg,1ba13c6cf2fef9a7d0c2e4237071460694ecff0dee6108b4c381b9ab9248d568,624,Ritual,True
Shinobird,73055622,captions/ygo4_0414.json,Spell,Shinobird's Calling,ygo4_0414,4ff0cccccc171721,,new_card_first_release,,,images/ygo4_0414.png,passed_automated_decode_dimension_checks,2017-02-09,12795,1.0,api_identity_exact,,pending_konami_verification,1024,RGB,48bd0798c23f2b82d6c669c3656157a1ef994f8da7832e7be0af52700c805d34,1024,73055622,,,ygoprodeck_cropped_art,https://images.ygoprodeck.com/images/cards_cropped/73055622.jpg,2026-08-31T18:26:10+00:00,selected_pending_image_and_caption_qa,624,https://images.ygoprodeck.com/images/cards_cropped/73055622.jpg,ygoprodeck_cropped_art,Shinobird's Calling,https://db.ygoprodeck.com/api/v7/cardinfo.php?misc=yes,https://images.ygoprodeck.com/images/cards_cropped/73055622.jpg,ec8ba470fb16de4c72d9bd1a4c0e11b24f374e609b40bf11dba341773e9ccdd6,624,Ritual,True
Black Luster Soldier,45948430,captions/ygo4_0415.json,Spell,Super Soldier Synthesis,ygo4_0415,090f0f3313070643,,new_card_first_release,,,images/ygo4_0415.png,passed_automated_decode_dimension_checks,2017-02-09,12797,1.0,api_identity_exact,,pending_konami_verification,1024,RGB,90fdea4549b71ab38b5fd1464021f005bc082840d7d570282e2d5384c08c34c6,1024,45948430,,,ygoprodeck_cropped_art,https://images.ygoprodeck.com/images/cards_cropped/45948430.jpg,2026-08-31T18:26:10+00:00,selected_pending_image_and_caption_qa,624,https://images.ygoprodeck.com/images/cards_cropped/45948430.jpg,ygoprodeck_cropped_art,Super Soldier Synthesis,https://db.ygoprodeck.com/api/v7/cardinfo.php?misc=yes,https://images.ygoprodeck.com/images/cards_cropped/45948430.jpg,a28b32fdaa21057f998598e91c8529c5a01d20c304fd4bf26898492c8690cdc1,624,Ritual,True
Vendread,94666032,captions/ygo4_0416.json,Spell,Revendread Origin,ygo4_0416,d9510c9c0e161b12,,new_card_first_release,,,images/ygo4_0416.png,passed_automated_decode_dimension_checks,2017-08-03,13211,1.0,api_identity_exact,,pending_konami_verification,1024,RGB,44ffd5f94658f8e9f32339df29eefbde5c45d0c5b8f31b8696f87583b90910e9,1024,94666032,,,ygoprodeck_cropped_art,https://images.ygoprodeck.com/images/cards_cropped/94666032.jpg,2026-08-31T18:26:10+00:00,selected_pending_image_and_caption_qa,624,https://images.ygoprodeck.com/images/cards_cropped/94666032.jpg,ygoprodeck_cropped_art,Revendread Origin,https://db.ygoprodeck.com/api/v7/cardinfo.php?misc=yes,https://images.ygoprodeck.com/images/cards_cropped/94666032.jpg,3e58e9ee73bcf35ba02c39a40c1d3fd1f1490275d4f7835dc68ca7e227b7127f,624,Ritual,True
Vendread,7986397,captions/ygo4_0417.json,Spell,Revendread Evolution,ygo4_0417,a1a5921309c96266,,new_card_first_release,,,images/ygo4_0417.png,passed_automated_decode_dimension_checks,2018-05-03,13706,1.0,api_identity_exact,,pending_konami_verification,1024,RGB,a4d600f44f5500dbef5d68f70c7785d7395864b23b8d5b310c37e4cd358fc0bc,1024,7986397,,,ygoprodeck_cropped_art,https://images.ygoprodeck.com/images/cards_cropped/7986397.jpg,2026-08-31T18:26:10+00:00,selected_pending_image_and_caption_qa,624,https://images.ygoprodeck.com/images/cards_cropped/7986397.jpg,ygoprodeck_cropped_art,Revendread Evolution,https://db.ygoprodeck.com/api/v7/cardinfo.php?misc=yes,https://images.ygoprodeck.com/images/cards_cropped/7986397.jpg,9f95926ce7c845825bbfde3de5410e2ac9e47563c9874ddcd4b21e4a3f4c2068,624,Ritual,True
Demise,32828635,captions/ygo4_0418.json,Spell,Cycle of the World,ygo4_0418,ca0a1d95df276357,,new_card_first_release,,,images/ygo4_0418.png,passed_automated_decode_dimension_checks,2018-07-26,13773,1.0,api_identity_exact,,pending_konami_verification,1024,RGB,ad2df74e01f0732e26fc231b518e965e6a361e52f0a51dc3baa4192ab361e5f9,1024,32828635,,,ygoprodeck_cropped_art,https://images.ygoprodeck.com/images/cards_cropped/32828635.jpg,2026-08-31T18:26:10+00:00,selected_pending_image_and_caption_qa,624,https://images.ygoprodeck.com/images/cards_cropped/32828635.jpg,ygoprodeck_cropped_art,Cycle of the World,https://db.ygoprodeck.com/api/v7/cardinfo.php?misc=yes,https://images.ygoprodeck.com/images/cards_cropped/32828635.jpg,ea2fbbf5ec8b826d6ec8e21e9cf0c4cee315fe58f356cd34511a541244152076,624,Ritual,True
Salamangreat,38784726,captions/ygo4_0419.json,Spell,Rise of the Salamangreat,ygo4_0419,0f17072b4dcca686,,new_card_first_release,,,images/ygo4_0419.png,passed_automated_decode_dimension_checks,2018-10-18,13939,1.0,api_identity_exact,,pending_konami_verification,1024,RGB,4a5827a3f466854c86a25bb913aabba92eda81d9670a03beeb64a2477dc73add,1024,38784726,,,ygoprodeck_cropped_art,https://images.ygoprodeck.com/images/cards_cropped/38784726.jpg,2026-08-31T18:26:10+00:00,selected_pending_image_and_caption_qa,624,https://images.ygoprodeck.com/images/cards_cropped/38784726.jpg,ygoprodeck_cropped_art,Rise of the Salamangreat,https://db.ygoprodeck.com/api/v7/cardinfo.php?misc=yes,https://images.ygoprodeck.com/images/cards_cropped/38784726.jpg,1caa2567ff75cc0850bdce08fc186ea257041f03447261bd51bf3eca0fd4bb24,624,Ritual,True
Nephthys,23459650,captions/ygo4_0420.json,Spell,Rebirth of Nephthys,ygo4_0420,aca1a68c8d849319,,new_card_first_release,,,images/ygo4_0420.png,passed_automated_decode_dimension_checks,2018-11-15,14017,1.0,api_identity_exact,,pending_konami_verification,1024,RGB,85e2390c1a8c4654a1dcc055265cab0b6a4585b7f54765bd6e4e377799155c38,1024,23459650,,,ygoprodeck_cropped_art,https://images.ygoprodeck.com/images/cards_cropped/23459650.jpg,2026-08-31T18:26:10+00:00,selected_pending_image_and_caption_qa,624,https://images.ygoprodeck.com/images/cards_cropped/23459650.jpg,ygoprodeck_cropped_art,Rebirth of Nephthys,https://db.ygoprodeck.com/api/v7/cardinfo.php?misc=yes,https://images.ygoprodeck.com/images/cards_cropped/23459650.jpg,be2ed5c7485199de6cc686cbb0845f2d2fa69d3f4931d0aca11845cae2288aaf,624,Ritual,True
PSY-Frame,51053997,captions/ygo4_0421.json,Trap,PSY-Frame Accelerator,ygo4_0421,ecb8be3c6e6f5e37,,new_card_first_release,,,images/ygo4_0421.png,passed_automated_decode_dimension_checks,2016-11-03,12664,1.0,api_identity_exact,,pending_konami_verification,1024,RGB,551befdbd04e1b7a5e6232ebf3f1e9fbd8ad8c59c5a75e9c35ff7b4cbb9727c2,1024,51053997,,,ygoprodeck_cropped_art,https://images.ygoprodeck.com/images/cards_cropped/51053997.jpg,2026-08-31T18:26:10+00:00,selected_pending_image_and_caption_qa,624,https://images.ygoprodeck.com/images/cards_cropped/51053997.jpg,ygoprodeck_cropped_art,PSY-Frame Accelerator,https://db.ygoprodeck.com/api/v7/cardinfo.php?misc=yes,https://images.ygoprodeck.com/images/cards_cropped/51053997.jpg,f2bc4057841c56ea59c5a84b1a3b663fd9c5629f1e336334ca281d03dd1a3b89,624,Continuous,True
Shiranui,78765160,captions/ygo4_0422.json,Trap,Shiranui Style Samsara,ygo4_0422,f18e2367474d6727,,new_card_first_release,,,images/ygo4_0422.png,passed_automated_decode_dimension_checks,2017-02-09,12809,1.0,api_identity_exact,,pending_konami_verification,1024,RGB,6388c7787a9ab454fe69c085890bc7015d1812a039e438b85c9a9172dd089196,1024,78765160,,,ygoprodeck_cropped_art,https://images.ygoprodeck.com/images/cards_cropped/78765160.jpg,2026-08-31T18:26:10+00:00,selected_pending_image_and_caption_qa,624,https://images.ygoprodeck.com/images/cards_cropped/78765160.jpg,ygoprodeck_cropped_art,Shiranui Style Samsara,https://db.ygoprodeck.com/api/v7/cardinfo.php?misc=yes,https://images.ygoprodeck.com/images/cards_cropped/78765160.jpg,c9a4a5e45e26102a0b20bb35f02f4908534fe377a3fe45b5c67654e33f949521,624,Continuous,True
Dinomist,60675348,captions/ygo4_0423.json,Trap,Dinomists Howling,ygo4_0423,4d1b31333789b6ab,,new_card_first_release,,,images/ygo4_0423.png,passed_automated_decode_dimension_checks,2017-05-04,12990,1.0,api_identity_exact,,pending_konami_verification,1024,RGB,30e6666ede806a01cfb64e2420f937333ead878d619f20ce6abb72fac954d053,1024,60675348,,,ygoprodeck_cropped_art,https://images.ygoprodeck.com/images/cards_cropped/60675348.jpg,2026-08-31T18:26:10+00:00,selected_pending_image_and_caption_qa,624,https://images.ygoprodeck.com/images/cards_cropped/60675348.jpg,ygoprodeck_cropped_art,Dinomists Howling,https://db.ygoprodeck.com/api/v7/cardinfo.php?misc=yes,https://images.ygoprodeck.com/images/cards_cropped/60675348.jpg,318d97c4a43abc512cb07cde4b961941740a148411e27f056659a407316453d2,624,Continuous,True
Ashened,113WkIBEI1Ph8GWkdtrzJqcDZqD-0qilh,captions/ygo4_0424.json,Trap,Ashened for Eternity,ygo4_0424,2129466525261b13,113WkIBEI1Ph8GWkdtrzJqcDZqD-0qilh,new_card_first_release,,,images/ygo4_0424.png,passed_automated_decode_dimension_checks,2024-02-08,19841,1.0,exact_alias,,pending_konami_verification,1024,RGB,5d6898f2a0fa0baf54a752211bdcd36ceae3f7a59dbf3e17745d87b059abc62c,1024,66848311,,,ygoprodeck_identity_fallback,https://images.ygoprodeck.com/images/cards_cropped/66848311.jpg,2026-08-31T18:26:04+00:00,selected_pending_image_and_caption_qa,624,https://lh3.googleusercontent.com/sitesv/AG8ngQWmSWirB1IxfhmDyaw2D7n7LMlVccnmUdv6NWaA4CwhPfCCZ4sJWFWoDHCWKnviAjkvRs1_R6bU_kXzgnkiXYVUdMa6PNqcfjzTbZm0zwvV68t8OgnNRLWm-ZpObkWRyzFfCMmLwc755QzJ6OvVzyZc4c_R49RxKYLIQ2xOyWRRgnnlCRCB4K3gkwq8=s0,thehungtd_full_art,Ashened for Eternity,https://sites.google.com/view/thehungtd/latest-artworks/2024/phantom-nightmare,https://lh3.googleusercontent.com/sitesv/AG8ngQWmSWirB1IxfhmDyaw2D7n7LMlVccnmUdv6NWaA4CwhPfCCZ4sJWFWoDHCWKnviAjkvRs1_R6bU_kXzgnkiXYVUdMa6PNqcfjzTbZm0zwvV68t8OgnNRLWm-ZpObkWRyzFfCMmLwc755QzJ6OvVzyZc4c_R49RxKYLIQ2xOyWRRgnnlCRCB4K3gkwq8=w1280,50de31e0018ae38b520a36c1be0feabb761b8987b667fa59f3246e97a06f43df,624,Continuous,True
Ashened,15LsCyxRwy-562nFW5vdC104wCrgVrIxZ,captions/ygo4_0425.json,Trap,Ashened for Eternity,ygo4_0425,2129466525261b13,15LsCyxRwy-562nFW5vdC104wCrgVrIxZ,new_card_first_release,,,images/ygo4_0425.png,passed_automated_decode_dimension_checks,2024-02-08,19841,1.0,exact_alias,,pending_konami_verification,1024,RGB,5d6898f2a0fa0baf54a752211bdcd36ceae3f7a59dbf3e17745d87b059abc62c,1024,66848311,,,ygoprodeck_identity_fallback,https://images.ygoprodeck.com/images/cards_cropped/66848311.jpg,2026-08-31T18:25:57+00:00,selected_pending_image_and_caption_qa,624,https://lh3.googleusercontent.com/sitesv/AG8ngQVekTK6ebhItH9uRPtTM_GKSrYr_amhifpf6vuAdpW_c4SzHQG9glPFwOJz8_-9HHEyh1C5sUUgBcRUfP7AmnbnbDh-E5rrSF-hy6i6TMmhBXE4grK_b01qkw5Nn_rI-d8RJSGmhaRKMOW-GcQsojWV4tkYsKlFTHzU_JWsQgjaQTB0VzASFPecrJEKq-U=s0,thehungtd_full_art,Ashened for Eternity,https://sites.google.com/view/thehungtd/latest-artworks/2024/world-premiere-pack-2024,https://lh3.googleusercontent.com/sitesv/AG8ngQVekTK6ebhItH9uRPtTM_GKSrYr_amhifpf6vuAdpW_c4SzHQG9glPFwOJz8_-9HHEyh1C5sUUgBcRUfP7AmnbnbDh-E5rrSF-hy6i6TMmhBXE4grK_b01qkw5Nn_rI-d8RJSGmhaRKMOW-GcQsojWV4tkYsKlFTHzU_JWsQgjaQTB0VzASFPecrJEKq-U=w1280,50de31e0018ae38b520a36c1be0feabb761b8987b667fa59f3246e97a06f43df,624,Continuous,True
Ancient Gear,1Z4Y4JC4h-eWfodOR2LaNgDtw2BtlrGG5,captions/ygo4_0426.json,Trap,Ancient Gear Duel,ygo4_0426,f6e7eb375b70e0d8,1Z4Y4JC4h-eWfodOR2LaNgDtw2BtlrGG5,new_card_first_release,,,images/ygo4_0426.png,passed_automated_decode_dimension_checks,2024-04-25,19913,1.0,exact_alias,,pending_konami_verification,1024,RGB,30922a8d6c9628558945e3d2001a39c3784f513562692db1d3f997f245c39ae2,1024,53541822,,,ygoprodeck_identity_fallback,https://images.ygoprodeck.com/images/cards_cropped/53541822.jpg,2026-08-31T18:26:02+00:00,selected_pending_image_and_caption_qa,624,https://lh3.googleusercontent.com/sitesv/AG8ngQVLY3wrC_X1L4FashHQaxBvxNzTOIgKFNN5nH6HwJ6ulnfbSEtWHqnJ6i4r9X0ZVfxzaeJiTVDKr9_yAu-gE_EUGwttUWhmzkGfCJ1hj9CL7lXB9JHkMjsS99gjzS8ZNslylEEgHBD1zW62J05AsJBs-XPyM0OwQ34oQtZD4NdOrrt0IQOeXEDLHdqgOxg=s0,thehungtd_full_art,Ancient Gear Duel,https://sites.google.com/view/thehungtd/latest-artworks/2024/legacy-of-destruction,https://lh3.googleusercontent.com/sitesv/AG8ngQVLY3wrC_X1L4FashHQaxBvxNzTOIgKFNN5nH6HwJ6ulnfbSEtWHqnJ6i4r9X0ZVfxzaeJiTVDKr9_yAu-gE_EUGwttUWhmzkGfCJ1hj9CL7lXB9JHkMjsS99gjzS8ZNslylEEgHBD1zW62J05AsJBs-XPyM0OwQ34oQtZD4NdOrrt0IQOeXEDLHdqgOxg=w1280,1d16a43ed1268313033bf00b01c1fa606531898527691b5240e7e9aabf4c35e6,624,Continuous,True
Ashened,1BqxjAePWJkmrdC3zmqRGe_twPKr_SxgH,captions/ygo4_0427.json,Trap,Ashened to Endlessness,ygo4_0427,a9cf1765cd79f016,1BqxjAePWJkmrdC3zmqRGe_twPKr_SxgH,new_card_first_release,,,images/ygo4_0427.png,passed_automated_decode_dimension_checks,2024-04-25,20072,1.0,exact_alias,,pending_konami_verification,1024,RGB,a3c2b3dcd5f158a308e5d5977997876a11bc5638d28d2476f4304ee35bf4bae4,1024,34813443,,,ygoprodeck_identity_fallback,https://images.ygoprodeck.com/images/cards_cropped/34813443.jpg,2026-08-31T18:26:02+00:00,selected_pending_image_and_caption_qa,624,https://lh3.googleusercontent.com/sitesv/AG8ngQWmgBRWtvADPDH-6XKaopY3xBSeGNtA6EEXBz6jn1pSQ60_mJgZPbWg2JcFZd3rP3CneEDemArlYkC-5HzM9RhIxfxeM0pGww8xfcCyvPkrhfA2SOi6MV6R-o44pcNshw7YxTFpSI8e5teUYLZz2p-mwnbFigOto7SXVg1nXkGYFmLTWj__MabQVoOuCeo=s0,thehungtd_full_art,Ashened to Endlessness,https://sites.google.com/view/thehungtd/latest-artworks/2024/legacy-of-destruction,https://lh3.googleusercontent.com/sitesv/AG8ngQWmgBRWtvADPDH-6XKaopY3xBSeGNtA6EEXBz6jn1pSQ60_mJgZPbWg2JcFZd3rP3CneEDemArlYkC-5HzM9RhIxfxeM0pGww8xfcCyvPkrhfA2SOi6MV6R-o44pcNshw7YxTFpSI8e5teUYLZz2p-mwnbFigOto7SXVg1nXkGYFmLTWj__MabQVoOuCeo=w1280,af72eb70433758b919c1edd1157c76a8cb8356de1230199f665688cb86c865ab,624,Continuous,True
Ashened,1m_kMhPav5VfTk2K5KzsMSQ46BTzdJrkW,captions/ygo4_0428.json,Trap,Ashened to Endlessness,ygo4_0428,a9cf1765cd79f016,1m_kMhPav5VfTk2K5KzsMSQ46BTzdJrkW,new_card_first_release,,,images/ygo4_0428.png,passed_automated_decode_dimension_checks,2024-04-25,20072,1.0,exact_alias,,pending_konami_verification,1024,RGB,a3c2b3dcd5f158a308e5d5977997876a11bc5638d28d2476f4304ee35bf4bae4,1024,34813443,,,ygoprodeck_identity_fallback,https://images.ygoprodeck.com/images/cards_cropped/34813443.jpg,2026-08-31T18:25:57+00:00,selected_pending_image_and_caption_qa,624,https://lh3.googleusercontent.com/sitesv/AG8ngQVLDb8yOzeom15BhmVWu3OtokQwcZwXPIRobz2Z76EjTYfPXZ27-CIbxOjkpjJuydd1zplBMw7Y_ILZ4Zq_Z6C9rBHW_ch9qxszO7gCIxGWdb3IrU099B6RrKaLE_5REfzns6GlA4fcMQkPoneAW9yF_1YK1-F4oByl6A6g8Zslrh5sbm1S_G54fNBVTXs=s0,thehungtd_full_art,Ashened to Endlessness,https://sites.google.com/view/thehungtd/latest-artworks/2024/world-premiere-pack-2024,https://lh3.googleusercontent.com/sitesv/AG8ngQVLDb8yOzeom15BhmVWu3OtokQwcZwXPIRobz2Z76EjTYfPXZ27-CIbxOjkpjJuydd1zplBMw7Y_ILZ4Zq_Z6C9rBHW_ch9qxszO7gCIxGWdb3IrU099B6RrKaLE_5REfzns6GlA4fcMQkPoneAW9yF_1YK1-F4oByl6A6g8Zslrh5sbm1S_G54fNBVTXs=w1280,af72eb70433758b919c1edd1157c76a8cb8356de1230199f665688cb86c865ab,624,Continuous,True
Earthbound,1do64VzAC4_JjRZIBWXtiwnG0_SF8POFk,captions/ygo4_0429.json,Trap,Earthbound Resonance,ygo4_0429,301d494c169333cb,1do64VzAC4_JjRZIBWXtiwnG0_SF8POFk,new_card_first_release,,,images/ygo4_0429.png,passed_automated_decode_dimension_checks,2024-06-20,19745,1.0,exact_alias,,pending_konami_verification,1024,RGB,deac5497cfa3e10958d03237b66cd96c986c1622ea9a87e69ad9ce8bbe7043a4,1024,95207988,,,ygoprodeck_identity_fallback,https://images.ygoprodeck.com/images/cards_cropped/95207988.jpg,2026-08-31T18:26:06+00:00,selected_pending_image_and_caption_qa,624,https://lh3.googleusercontent.com/sitesv/AG8ngQVxtalBcXpSGOuXSx2WUat-QEEnfaM8EWmMgpA4AwoOR0lCTgTyl98UmpWRGfDPHX7C4LFRZP313v9KmTunYjFzKK9_BSocvNUhVLvMupeG94oickZ9l4lI-MWFSuWpH3Of1K1RwCXhcKHWo5MYxl3YEqPqAc3rqZ9fNFOfTPmZY_4z30IKPQcm1CgoLCk=s0,thehungtd_full_art,Earthbound Resonance,https://sites.google.com/view/thehungtd/latest-artworks/2024/premium-pack-2024,https://lh3.googleusercontent.com/sitesv/AG8ngQVxtalBcXpSGOuXSx2WUat-QEEnfaM8EWmMgpA4AwoOR0lCTgTyl98UmpWRGfDPHX7C4LFRZP313v9KmTunYjFzKK9_BSocvNUhVLvMupeG94oickZ9l4lI-MWFSuWpH3Of1K1RwCXhcKHWo5MYxl3YEqPqAc3rqZ9fNFOfTPmZY_4z30IKPQcm1CgoLCk=w1280,be174a1b4b8159fe8f55d30f75e3f236f0f136d54f4ab87541993dde1dacab25,624,Continuous,True
Ice Barrier,1yqJjV6yiwiEZ6RcSvlqD7ytosq37ZKqu,captions/ygo4_0430.json,Trap,Frozen Domain of the Ice Barrier,ygo4_0430,7c7c389c9e2e0f7d,1yqJjV6yiwiEZ6RcSvlqD7ytosq37ZKqu,new_card_first_release,,,images/ygo4_0430.png,passed_automated_decode_dimension_checks,2024-06-20,19622,1.0,exact_alias,,pending_konami_verification,1024,RGB,2c3cafbc00120f532c1800449c548fc3ef0e27d44ba1682ab35600ee1bfdea32,1024,35380371,,,ygoprodeck_identity_fallback,https://images.ygoprodeck.com/images/cards_cropped/35380371.jpg,2026-08-31T18:26:06+00:00,selected_pending_image_and_caption_qa,624,https://lh3.googleusercontent.com/sitesv/AG8ngQUYq3zwgAOLIZSLEsE2VPnOvHdYh1vDZpvHtx-XVCe7txsC38j5sh_GGE4_6FTiP9sUvhxdNgoX35bu_mVHJbYHXrB-IOcgpAAeLWZaKCNVn4J9J2e9Iyr77APo8LSq67nFtWkLfavmJgEBge9KA9jSGeR05Ybau8ZAmwxgL5RSHLWIp1k_A5wYrKN83RM=s0,thehungtd_full_art,Frozen Domain Leading to the Ice Barrier,https://sites.google.com/view/thehungtd/latest-artworks/2024/terminal-world,https://lh3.googleusercontent.com/sitesv/AG8ngQUYq3zwgAOLIZSLEsE2VPnOvHdYh1vDZpvHtx-XVCe7txsC38j5sh_GGE4_6FTiP9sUvhxdNgoX35bu_mVHJbYHXrB-IOcgpAAeLWZaKCNVn4J9J2e9Iyr77APo8LSq67nFtWkLfavmJgEBge9KA9jSGeR05Ybau8ZAmwxgL5RSHLWIp1k_A5wYrKN83RM=w1280,0e6ca58d6adfa216d18253612c383de0f4ff261156cd3844655ced9e5fe85a67,624,Continuous,True
Synchro,1zjO_foSRpAD8gtaQ_aqkC0d95qzVJ4bP,captions/ygo4_0431.json,Trap,Synchro Panic,ygo4_0431,4647525c4bd22a69,1zjO_foSRpAD8gtaQ_aqkC0d95qzVJ4bP,new_card_first_release,,,images/ygo4_0431.png,passed_automated_decode_dimension_checks,2024-06-20,19751,1.0,exact_alias,,pending_konami_verification,1024,RGB,5c2877cbd253842e52ea08a8f7cee9a6abd42e249b77e24aecd8360ae9c64ece,1024,83962752,,,ygoprodeck_identity_fallback,https://images.ygoprodeck.com/images/cards_cropped/83962752.jpg,2026-08-31T18:26:06+00:00,selected_pending_image_and_caption_qa,624,https://lh3.googleusercontent.com/sitesv/AG8ngQUgHNMxixJMYiX-bziKI5IVsQiXDecc1mby4ss13Ru9P1WyYK8EA9J8sTK6uapOz6SbhRnmiLzdwfWQbp93jkKdEL77RZFGMcuB-9V2xDrjJh0BeB8K7pdQtrQVBq1AlX06_4hrwgV38lbTCtDCpbvd5ZQiIh7YNvKYazrtQE7f5Po_hblREnBTa7ie=s0,thehungtd_full_art,Synchro Panic,https://sites.google.com/view/thehungtd/latest-artworks/2024/premium-pack-2024,https://lh3.googleusercontent.com/sitesv/AG8ngQUgHNMxixJMYiX-bziKI5IVsQiXDecc1mby4ss13Ru9P1WyYK8EA9J8sTK6uapOz6SbhRnmiLzdwfWQbp93jkKdEL77RZFGMcuB-9V2xDrjJh0BeB8K7pdQtrQVBq1AlX06_4hrwgV38lbTCtDCpbvd5ZQiIh7YNvKYazrtQE7f5Po_hblREnBTa7ie=w1280,0ee1f47f8e776ec896c6dd13b14af28bf21f09dfbb9d6de4da892f7444cc90d8,624,Continuous,True
,1QlXxcQX5871Lydqa9VZs8kjCECU-fp3q,captions/ygo4_0432.json,Trap,Spirit Shield,ygo4_0432,9c1526234723321a,1QlXxcQX5871Lydqa9VZs8kjCECU-fp3q,new_card_first_release,,,images/ygo4_0432.png,passed_automated_decode_dimension_checks,2024-06-22,20391,1.0,exact_alias,,pending_konami_verification,1024,RGB,e395f1271571abb32c787d8bfb280a9c6b00f58999cdcbb276fec511e82d4ba4,1024,8324284,,,thehungtd_drive_original,https://drive.usercontent.google.com/download?id=1QlXxcQX5871Lydqa9VZs8kjCECU-fp3q&export=download&authuser=0&confirm=t,2026-08-31T18:26:01+00:00,selected_pending_image_and_caption_qa,1200,https://lh3.googleusercontent.com/sitesv/AG8ngQULFRNX_Au8SEO2WToFquBNbyhM6cnctXlXGqXcpaTUAQI8OC-34MNGw8Oywg4fpV9jb-jgGyfOcEvm2zDumD-2SvGM4ok_RnVtBqWyo-sddW7EDqEb6jFCTl4HUQ02x9Ei9TIYtmPXSU8055uxOSHR_v4rnJ9BwQQN0jPFFGmpdI6GJwOAz9GrtG4r1ME=s0,thehungtd_full_art,Spirit Shield,https://sites.google.com/view/thehungtd/latest-artworks/2024/animation-chronicle-2024,https://lh3.googleusercontent.com/sitesv/AG8ngQULFRNX_Au8SEO2WToFquBNbyhM6cnctXlXGqXcpaTUAQI8OC-34MNGw8Oywg4fpV9jb-jgGyfOcEvm2zDumD-2SvGM4ok_RnVtBqWyo-sddW7EDqEb6jFCTl4HUQ02x9Ei9TIYtmPXSU8055uxOSHR_v4rnJ9BwQQN0jPFFGmpdI6GJwOAz9GrtG4r1ME=w1280,c9d6eadf3a53942fe8c99a368f1080b487e759b310d019e7dd41e735f61a99bd,1200,Continuous,True
Drytron,1bP1kjLKpfc8U1jZBLOOQ8KVzkFnJ14FU,captions/ygo4_0433.json,Trap,Meteoroa Drytron,ygo4_0433,4d4d6971730f0f27,1bP1kjLKpfc8U1jZBLOOQ8KVzkFnJ14FU,new_card_first_release,,,images/ygo4_0433.png,passed_automated_decode_dimension_checks,2024-07-18,20255,1.0,exact_alias,,pending_konami_verification,1024,RGB,029674b85ce1d648a9a3abe3cb6c8012f357e2667b71b34cbf951437837a3a3f,1024,24166324,,,thehungtd_drive_original,https://drive.usercontent.google.com/download?id=1bP1kjLKpfc8U1jZBLOOQ8KVzkFnJ14FU&export=download&authuser=0&confirm=t,2026-08-31T18:26:00+00:00,selected_pending_image_and_caption_qa,1200,https://lh3.googleusercontent.com/sitesv/AG8ngQUjo-RNCcQsz-rzUKKlAcUd4IOtpqH8hzCXjHTtJ6zQhzUSNfrhamoDuljM3qsFahQP6TGz6ZF6ZB-0JScxDo93UAjEDzk-QIY8viwthnZDHnfHOVCT8t7N7FGC7XJGW1AzwGEgsBkreM_IJ6cCBxR__-CqrZAswg8uM_r-urJNusmiiUc3mZFYhiqbpEc=s0,thehungtd_full_art,Meteoaurora Drytron,https://sites.google.com/view/thehungtd/latest-artworks/2024/infinite-forbidden,https://lh3.googleusercontent.com/sitesv/AG8ngQUjo-RNCcQsz-rzUKKlAcUd4IOtpqH8hzCXjHTtJ6zQhzUSNfrhamoDuljM3qsFahQP6TGz6ZF6ZB-0JScxDo93UAjEDzk-QIY8viwthnZDHnfHOVCT8t7N7FGC7XJGW1AzwGEgsBkreM_IJ6cCBxR__-CqrZAswg8uM_r-urJNusmiiUc3mZFYhiqbpEc=w1280,968e2ae10d14115f1cce2bf3ef11fb04f76598153c1873751abf8f88323cad40,1200,Continuous,True
Trap Monster,1Ointsm2b49l3jwy9MvdMGZryfOw3xCVa,captions/ygo4_0434.json,Trap,Silhouhatte Trick,ygo4_0434,b365ac8c0e2d334b,1Ointsm2b49l3jwy9MvdMGZryfOw3xCVa,new_card_first_release,,,images/ygo4_0434.png,passed_automated_decode_dimension_checks,2024-07-18,20258,1.0,exact_alias,,pending_konami_verification,1024,RGB,693378f13f871a5a27839e2f2fdcd5c7818400fa5250f3f1b2eb353642b94cb3,1024,24440742,,,ygoprodeck_identity_fallback,https://images.ygoprodeck.com/images/cards_cropped/24440742.jpg,2026-08-31T18:26:00+00:00,selected_pending_image_and_caption_qa,624,https://lh3.googleusercontent.com/sitesv/AG8ngQWhoUWUkDebnIHEuE6sjJ3MlpOCEEIFdOUATZ9MWoDPNRQ4duFFlvQbAj4Dfk3oYvLyqv1wkB7iifu-I5CVPDnZa4PKQ1e9QBKnxJzjpDHok4HmXyDOAWZ_VyF1ZhaE9Z2-iE3XuM2m7wFnh4YIixL5e820VZXrhtiSA3kabpBI8N1mG_MTHSp53Trt=s0,thehungtd_full_art,Silhouhatte,https://sites.google.com/view/thehungtd/latest-artworks/2024/infinite-forbidden,https://lh3.googleusercontent.com/sitesv/AG8ngQWhoUWUkDebnIHEuE6sjJ3MlpOCEEIFdOUATZ9MWoDPNRQ4duFFlvQbAj4Dfk3oYvLyqv1wkB7iifu-I5CVPDnZa4PKQ1e9QBKnxJzjpDHok4HmXyDOAWZ_VyF1ZhaE9Z2-iE3XuM2m7wFnh4YIixL5e820VZXrhtiSA3kabpBI8N1mG_MTHSp53Trt=w1280,d9d5a3afb87df9ab869cbfe6b48217b75448e4c4d93955e35a151e24c9509551,624,Continuous,True
Vaalmonica,1la7scAbLPIYD9o06TqVKOSJzsJj5cWdF,captions/ygo4_0435.json,Trap,Vaalmonica Creation,ygo4_0435,3fff3e574b71690f,1la7scAbLPIYD9o06TqVKOSJzsJj5cWdF,new_card_first_release,,,images/ygo4_0435.png,passed_automated_decode_dimension_checks,2024-07-18,20254,1.0,exact_alias,,pending_konami_verification,1024,RGB,236256b72866932d51efdcd3e5b9e465c539d2abdba4c38892611049cb8a9b1e,1024,98167225,,,thehungtd_drive_original,https://drive.usercontent.google.com/download?id=1la7scAbLPIYD9o06TqVKOSJzsJj5cWdF&export=download&authuser=0&confirm=t,2026-08-31T18:26:00+00:00,selected_pending_image_and_caption_qa,1200,https://lh3.googleusercontent.com/sitesv/AG8ngQVScsv8poMa8TNgP_kUF0OmppT0h_yG-duYvQWtRr7YkEymGfdWzGhGxNYHXl36VFEHGU9QkC_XL3tJ94KYyr0npg5ZiR0dVar0airzruU9doPiILWvceeCKpOhsu25qbJ73gNHxOQN2ZIlk4rzz9F6yndafFYoy0H0zLFgb5RFxOTshmNls9gREnspIfQ=s0,thehungtd_full_art,Vaalmonica Creator,https://sites.google.com/view/thehungtd/latest-artworks/2024/infinite-forbidden,https://lh3.googleusercontent.com/sitesv/AG8ngQVScsv8poMa8TNgP_kUF0OmppT0h_yG-duYvQWtRr7YkEymGfdWzGhGxNYHXl36VFEHGU9QkC_XL3tJ94KYyr0npg5ZiR0dVar0airzruU9doPiILWvceeCKpOhsu25qbJ73gNHxOQN2ZIlk4rzz9F6yndafFYoy0H0zLFgb5RFxOTshmNls9gREnspIfQ=w1280,747e6c1eaafd5238478c026e00e88eb6e9bf00183e701c5b7cd7125ebc692ccd,1200,Continuous,True
Goblin,1f5sQpDiiMNEsrSjRAdXVLM2IzFsw_5WA,captions/ygo4_0436.json,Trap,Goblin Biker Grand Crisis,ygo4_0436,26342ca0e26be253,1f5sQpDiiMNEsrSjRAdXVLM2IzFsw_5WA,new_card_first_release,,,images/ygo4_0436.png,passed_automated_decode_dimension_checks,2024-07-27,20551,1.0,exact_alias,,pending_konami_verification,1024,RGB,3bda887b339a3d7721425bb686b8e9e2630853e707dd1da8911fe76f1766dc2c,1024,15094540,,,ygoprodeck_identity_fallback,https://images.ygoprodeck.com/images/cards_cropped/15094540.jpg,2026-08-31T18:25:58+00:00,selected_pending_image_and_caption_qa,624,https://lh3.googleusercontent.com/sitesv/AG8ngQUVG0qg1lGLbfwNHNcJB4l0uuCkbeHHlzyiQ0a4MIdNAVLkDycY_XPd2s8DDWPoJnB2COa8aUqAVfjHy_qe80-IUht_eIw89Bx9JPYBTPK3L7wkRuKx8BrG7QbLv06UV15kMkXtHPsWiJvHJoH5Xj8-JRVY-xlXFFs7MNWqGkUlF5LmB2BS6CwDEcwRsnA=s0,thehungtd_full_art,Goblin Biker Grand Crisis,https://sites.google.com/view/thehungtd/latest-artworks/2024/rage-of-the-abyss,https://lh3.googleusercontent.com/sitesv/AG8ngQUVG0qg1lGLbfwNHNcJB4l0uuCkbeHHlzyiQ0a4MIdNAVLkDycY_XPd2s8DDWPoJnB2COa8aUqAVfjHy_qe80-IUht_eIw89Bx9JPYBTPK3L7wkRuKx8BrG7QbLv06UV15kMkXtHPsWiJvHJoH5Xj8-JRVY-xlXFFs7MNWqGkUlF5LmB2BS6CwDEcwRsnA=w1280,3c88d35fe9dcf169dbeb04996812ca93e172e69c32b40fbcbf6b3129c2dd09be,624,Continuous,True
Ragnaraika,1bz0vQRdCMB9m3mxNBakgS3IOhdl1q5cX,captions/ygo4_0437.json,Trap,Ragnaraika Wisteria of Woe,ygo4_0437,3f61ce4e6939698b,1bz0vQRdCMB9m3mxNBakgS3IOhdl1q5cX,new_card_first_release,,,images/ygo4_0437.png,passed_automated_decode_dimension_checks,2024-07-27,20553,1.0,exact_alias,,pending_konami_verification,1024,RGB,2991b006b6b0cc74fa83e7695c5fb3b472d9005fdc901ba334a91c5fdecb6a9b,1024,77573354,,,thehungtd_drive_original,https://drive.usercontent.google.com/download?id=1bz0vQRdCMB9m3mxNBakgS3IOhdl1q5cX&export=download&authuser=0&confirm=t,2026-08-31T18:25:58+00:00,selected_pending_image_and_caption_qa,1200,https://lh3.googleusercontent.com/sitesv/AG8ngQWhACKh2rJ6HhuQVni9EnvNX3burqJhR1FBs5Z6e6XZrzhVIpftTVqFVKEQBsFXwICzSufdRGAV5z3RXdAYgwvJ72AgcWMqvfFSHaeimCcx7L9L3tBabxnOWxJ5WsHuYKuF4OnIKEqa9EVrcTGKBc3GodA4Hzx0GvMueJBy_I7BcultmgYaOUTAq29I5jQ=s0,thehungtd_full_art,Ragnaraika Bleached Wisteria,https://sites.google.com/view/thehungtd/latest-artworks/2024/rage-of-the-abyss,https://lh3.googleusercontent.com/sitesv/AG8ngQWhACKh2rJ6HhuQVni9EnvNX3burqJhR1FBs5Z6e6XZrzhVIpftTVqFVKEQBsFXwICzSufdRGAV5z3RXdAYgwvJ72AgcWMqvfFSHaeimCcx7L9L3tBabxnOWxJ5WsHuYKuF4OnIKEqa9EVrcTGKBc3GodA4Hzx0GvMueJBy_I7BcultmgYaOUTAq29I5jQ=w1280,851cc0b92454a16badf27028c2defda1def38816ad544ac383bee1458405c217,1200,Continuous,True
Schoolwork,1RxP255teaha18atdK-pHlbcLR5tQzdZD,captions/ygo4_0438.json,Trap,Summer Schoolwork Successful!,ygo4_0438,e98db6dc6c64d476,1RxP255teaha18atdK-pHlbcLR5tQzdZD,new_card_first_release,,,images/ygo4_0438.png,passed_automated_decode_dimension_checks,2024-07-27,20556,1.0,exact_alias,,pending_konami_verification,1024,RGB,321ca10146bd910cd64da2288236b56f21efa56a9c345d2fc63ba247523aba8c,1024,77751766,,,thehungtd_drive_original,https://drive.usercontent.google.com/download?id=1RxP255teaha18atdK-pHlbcLR5tQzdZD&export=download&authuser=0&confirm=t,2026-08-31T18:25:58+00:00,selected_pending_image_and_caption_qa,1200,https://lh3.googleusercontent.com/sitesv/AG8ngQXcVD9TWypzi4Jie_1wOxSiDYKhkz-m5kI7ITYV-VT6ommvH8gbdbodEi7LGbuxiGSZPTQKrA-kQ_pybqJXSgLpYIZ-qDaM0iUpwymDo94Bm7OPOVD6BfjXqP68WE60qIj7v7Q7AQT-d1cPfrFvMpOGdPGBCGABHqrYZfA8I4QU0C545YneWAkHQXHdZmk=s0,thehungtd_full_art,Slapdash Summer Schoolwork Success,https://sites.google.com/view/thehungtd/latest-artworks/2024/rage-of-the-abyss,https://lh3.googleusercontent.com/sitesv/AG8ngQXcVD9TWypzi4Jie_1wOxSiDYKhkz-m5kI7ITYV-VT6ommvH8gbdbodEi7LGbuxiGSZPTQKrA-kQ_pybqJXSgLpYIZ-qDaM0iUpwymDo94Bm7OPOVD6BfjXqP68WE60qIj7v7Q7AQT-d1cPfrFvMpOGdPGBCGABHqrYZfA8I4QU0C545YneWAkHQXHdZmk=w1280,6542ff39bba475d7d93ac84c5454909817ef4195bacfea88374a98f960134ee7,1200,Continuous,True
Crystron,1Tcxvi6H2c2VJUNWJDpuTAr8LshaUWpcj,captions/ygo4_0439.json,Trap,Crystron Cluster,ygo4_0439,26143525249c49b9,1Tcxvi6H2c2VJUNWJDpuTAr8LshaUWpcj,new_card_first_release,,,images/ygo4_0439.png,passed_automated_decode_dimension_checks,2025-01-23,20817,1.0,exact_alias,,pending_konami_verification,1024,RGB,f4797c8aa2c8c89e3a262cb5e2ea777222038ec8091f548ec9bb915822bed036,1024,53829527,,,thehungtd_drive_original,https://drive.usercontent.google.com/download?id=1Tcxvi6H2c2VJUNWJDpuTAr8LshaUWpcj&export=download&authuser=0&confirm=t,2026-08-31T18:25:56+00:00,selected_pending_image_and_caption_qa,1200,https://lh3.googleusercontent.com/sitesv/AG8ngQXE-je8ftSJPQOz8lWYKieAD27n94YA_HnGpJldH4zo7zDMF0Twc8dAA_IsyY3T2NTAUfikjHb1NbDNLlVMjAfInAXP6v_Mab3IKb-3NBUEyMM4TeqEe9OXBhmY5YZsGegLO72fjES621uYFqKmKnc1gCRNwyvLNwomc10gPZ5vf9iza72uTowGRHPm=s0,thehungtd_full_art,Crystron Cluster,https://sites.google.com/view/thehungtd/latest-artworks/2024/supreme-darkness,https://lh3.googleusercontent.com/sitesv/AG8ngQXE-je8ftSJPQOz8lWYKieAD27n94YA_HnGpJldH4zo7zDMF0Twc8dAA_IsyY3T2NTAUfikjHb1NbDNLlVMjAfInAXP6v_Mab3IKb-3NBUEyMM4TeqEe9OXBhmY5YZsGegLO72fjES621uYFqKmKnc1gCRNwyvLNwomc10gPZ5vf9iza72uTowGRHPm=w1280,4bd23c34bdf7daf31ac9fc33978152bcecfc0ee25ddd42b6cb13f35c9eaa61c3,1200,Continuous,True
Graydle,84442536,captions/ygo4_0440.json,Trap,Graydle Combat,ygo4_0440,336ae3c7c23337a4,,new_card_first_release,,,images/ygo4_0440.png,passed_automated_decode_dimension_checks,2016-11-03,12665,1.0,api_identity_exact,,pending_konami_verification,1024,RGB,0e4f0cdb7ea6c6b2bf93c4707960f0274738454c4846239f82b73552c37e0408,1024,84442536,,,ygoprodeck_cropped_art,https://images.ygoprodeck.com/images/cards_cropped/84442536.jpg,2026-08-31T18:26:10+00:00,selected_pending_image_and_caption_qa,624,https://images.ygoprodeck.com/images/cards_cropped/84442536.jpg,ygoprodeck_cropped_art,Graydle Combat,https://db.ygoprodeck.com/api/v7/cardinfo.php?misc=yes,https://images.ygoprodeck.com/images/cards_cropped/84442536.jpg,3daeccc572698f12335a7763c5cac8d8ef003f1cb6d54156d9e66c3f80faf172,624,Counter,True
Roid,70628672,captions/ygo4_0441.json,Trap,Emergeroid Call,ygo4_0441,7033d0f23a73b554,,new_card_first_release,,,images/ygo4_0441.png,passed_automated_decode_dimension_checks,2017-09-07,13187,1.0,api_identity_exact,,pending_konami_verification,1024,RGB,0cb2a33a630105170ee979877d72f6dc71ae04744195b6f42ca2b2a692c4a6e7,1024,70628672,,,ygoprodeck_cropped_art,https://images.ygoprodeck.com/images/cards_cropped/70628672.jpg,2026-08-31T18:26:10+00:00,selected_pending_image_and_caption_qa,624,https://images.ygoprodeck.com/images/cards_cropped/70628672.jpg,ygoprodeck_cropped_art,Emergeroid Call,https://db.ygoprodeck.com/api/v7/cardinfo.php?misc=yes,https://images.ygoprodeck.com/images/cards_cropped/70628672.jpg,a6a73a4dd071e98862dadef5fe4ad3842449b533acc6a2bbad160eb020247ea8,624,Counter,True
Magical Musket,29628180,captions/ygo4_0442.json,Trap,Magical Musket - Last Stand,ygo4_0442,bbe3636146e20c74,,new_card_first_release,,,images/ygo4_0442.png,passed_automated_decode_dimension_checks,2017-11-16,13327,1.0,api_identity_exact,,pending_konami_verification,1024,RGB,3d0c0c352481b72944dc2c006f626d820988ea9d41fea20c6718d522afe44fab,1024,29628180,,,ygoprodeck_cropped_art,https://images.ygoprodeck.com/images/cards_cropped/29628180.jpg,2026-08-31T18:26:10+00:00,selected_pending_image_and_caption_qa,624,https://images.ygoprodeck.com/images/cards_cropped/29628180.jpg,ygoprodeck_cropped_art,Magical Musket - Last Stand,https://db.ygoprodeck.com/api/v7/cardinfo.php?misc=yes,https://images.ygoprodeck.com/images/cards_cropped/29628180.jpg,6c99e40b26bcedba02e962ec8857582c07a3236504b294b680ebee5bcc481ff6,624,Counter,True
Parshath,42444868,captions/ygo4_0443.json,Trap,Rebirth of Parshath,ygo4_0443,676fcf4d2f4d4d46,,new_card_first_release,,,images/ygo4_0443.png,passed_automated_decode_dimension_checks,2018-01-18,13354,1.0,api_identity_exact,,pending_konami_verification,1024,RGB,5a3c6ae05dd739e4fcc92d3214371074b20ddbecd67825feac74c9a3d0eda84a,1024,42444868,,,ygoprodeck_cropped_art,https://images.ygoprodeck.com/images/cards_cropped/42444868.jpg,2026-08-31T18:26:10+00:00,selected_pending_image_and_caption_qa,624,https://images.ygoprodeck.com/images/cards_cropped/42444868.jpg,ygoprodeck_cropped_art,Rebirth of Parshath,https://db.ygoprodeck.com/api/v7/cardinfo.php?misc=yes,https://images.ygoprodeck.com/images/cards_cropped/42444868.jpg,491b7650349f865ea655d27b592d15f3ce8bfae4ba1a0c9bcea10335aba32a22,624,Counter,True
World Legacy,85763457,captions/ygo4_0444.json,Trap,World Legacy's Sorrow,ygo4_0444,1d197d3f2d4d4d37,,new_card_first_release,,,images/ygo4_0444.png,passed_automated_decode_dimension_checks,2018-05-03,13627,1.0,api_identity_exact,,pending_konami_verification,1024,RGB,e7c8ef49c2e63efd73dd5a96c39899604b07add9d28599e636437bd3b54b800f,1024,85763457,,,ygoprodeck_cropped_art,https://images.ygoprodeck.com/images/cards_cropped/85763457.jpg,2026-08-31T18:26:10+00:00,selected_pending_image_and_caption_qa,624,https://images.ygoprodeck.com/images/cards_cropped/85763457.jpg,ygoprodeck_cropped_art,World Legacy's Sorrow,https://db.ygoprodeck.com/api/v7/cardinfo.php?misc=yes,https://images.ygoprodeck.com/images/cards_cropped/85763457.jpg,91f75b4ee0d5535f8f53d88d7e58015021c867b41998e2c3f439e63e1aa642e4,624,Counter,True
Vampire,68688135,captions/ygo4_0445.json,Trap,Vampire Domination,ygo4_0445,0b27369c925a8cd5,,new_card_first_release,,,images/ygo4_0445.png,passed_automated_decode_dimension_checks,2018-05-24,13654,1.0,api_identity_exact,,pending_konami_verification,1024,RGB,2b494f0d31ec04adbebda34769c871e9a17d8821eeca3abeffbecfe7c0f19aff,1024,68688135,,,ygoprodeck_cropped_art,https://images.ygoprodeck.com/images/cards_cropped/68688135.jpg,2026-08-31T18:26:10+00:00,selected_pending_image_and_caption_qa,624,https://images.ygoprodeck.com/images/cards_cropped/68688135.jpg,ygoprodeck_cropped_art,Vampire Domination,https://db.ygoprodeck.com/api/v7/cardinfo.php?misc=yes,https://images.ygoprodeck.com/images/cards_cropped/68688135.jpg,b9e35b563f000baf9a7208fc4fa1e21f5de5abcd5d3d8e6d21056efb11b77ab3,624,Counter,True
Blackwing,80254726,captions/ygo4_0446.json,Trap,Blackbird Close,ygo4_0446,969551708f4d170f,,new_card_first_release,,,images/ygo4_0446.png,passed_automated_decode_dimension_checks,2018-09-27,13856,1.0,api_identity_exact,,pending_konami_verification,1024,RGB,c274114a08ab5cf56e7162067ec096b3fe53da9641719e2627559e649cf7f7b5,1024,80254726,,,ygoprodeck_cropped_art,https://images.ygoprodeck.com/images/cards_cropped/80254726.jpg,2026-08-31T18:26:10+00:00,selected_pending_image_and_caption_qa,624,https://images.ygoprodeck.com/images/cards_cropped/80254726.jpg,ygoprodeck_cropped_art,Blackbird Close,https://db.ygoprodeck.com/api/v7/cardinfo.php?misc=yes,https://images.ygoprodeck.com/images/cards_cropped/80254726.jpg,d1e2782adc764223b4042357196a8fff76ff0d98f05d473c3da285a5764d7a56,624,Counter,True
Evil Eye,79383919,captions/ygo4_0447.json,Trap,Evil Eye Retribution,ygo4_0447,8e6eada0e0635316,,new_card_first_release,,,images/ygo4_0447.png,passed_automated_decode_dimension_checks,2019-03-21,14429,1.0,api_identity_exact,,pending_konami_verification,1024,RGB,1a2b104677e239fecc0188df921876f58d747cbeef9c692cf1a865f72e1872ca,1024,79383919,,,ygoprodeck_cropped_art,https://images.ygoprodeck.com/images/cards_cropped/79383919.jpg,2026-08-31T18:26:10+00:00,selected_pending_image_and_caption_qa,624,https://images.ygoprodeck.com/images/cards_cropped/79383919.jpg,ygoprodeck_cropped_art,Evil Eye Retribution,https://db.ygoprodeck.com/api/v7/cardinfo.php?misc=yes,https://images.ygoprodeck.com/images/cards_cropped/79383919.jpg,7e44297e08de31ee530a215addd4fb5af2e8576f0bb2e2014ef7f9d2f4bf3443,624,Counter,True
Orcust,703897,captions/ygo4_0448.json,Trap,Orcust Crescendo,ygo4_0448,ace8e4e4d0c8890f,,new_card_first_release,,,images/ygo4_0448.png,passed_automated_decode_dimension_checks,2019-05-02,14324,1.0,api_identity_exact,,pending_konami_verification,1024,RGB,9ba87d2524fa296ceccbee740bfdb7ca6e2fa9a123441ef19c88edcdfccf50b4,1024,703897,,,ygoprodeck_cropped_art,https://images.ygoprodeck.com/images/cards_cropped/703897.jpg,2026-08-31T18:26:10+00:00,selected_pending_image_and_caption_qa,624,https://images.ygoprodeck.com/images/cards_cropped/703897.jpg,ygoprodeck_cropped_art,Orcust Crescendo,https://db.ygoprodeck.com/api/v7/cardinfo.php?misc=yes,https://images.ygoprodeck.com/images/cards_cropped/703897.jpg,524d1e7d6d4152f3f6e5c77e4d98103376cc58c70b5a3749085fb7e781e6252c,624,Counter,True
Fire Formation,55538156,captions/ygo4_0449.json,Trap,Ultimate Fire Formation - Sinto,ygo4_0449,273b7656c9ed4d09,,new_card_first_release,,,images/ygo4_0449.png,passed_automated_decode_dimension_checks,2019-08-22,14736,1.0,api_identity_exact,,pending_konami_verification,1024,RGB,b8d0a6cad3f063ac130e91be04f6e88e5b39a9802599f5fd2ff0070a3525bed4,1024,55538156,,,ygoprodeck_cropped_art,https://images.ygoprodeck.com/images/cards_cropped/55538156.jpg,2026-08-31T18:26:10+00:00,selected_pending_image_and_caption_qa,624,https://images.ygoprodeck.com/images/cards_cropped/55538156.jpg,ygoprodeck_cropped_art,Ultimate Fire Formation - Sinto,https://db.ygoprodeck.com/api/v7/cardinfo.php?misc=yes,https://images.ygoprodeck.com/images/cards_cropped/55538156.jpg,bc68cd3040290099f7d92f322a2520a5546f395253524d34b7c9c399efa6e21a,624,Counter,True
Dream Mirror,61459246,captions/ygo4_0450.json,Trap,Dream Mirror Oneiromancy,ygo4_0450,03030b1b0707130f,,new_card_first_release,,,images/ygo4_0450.png,passed_automated_decode_dimension_checks,2019-10-24,14902,1.0,api_identity_exact,,pending_konami_verification,1024,RGB,7e6ea2f0317462a07522e990bc9b8ade1a87f8546d81cd131a5fe9b23cd8bcfb,1024,61459246,,,ygoprodeck_cropped_art,https://images.ygoprodeck.com/images/cards_cropped/61459246.jpg,2026-08-31T18:26:10+00:00,selected_pending_image_and_caption_qa,624,https://images.ygoprodeck.com/images/cards_cropped/61459246.jpg,ygoprodeck_cropped_art,Dream Mirror Oneiromancy,https://db.ygoprodeck.com/api/v7/cardinfo.php?misc=yes,https://images.ygoprodeck.com/images/cards_cropped/61459246.jpg,8c5b7544c537852451812aa75a876fa6114cfc089d7eb0a19beeb99b69dbbc76,624,Counter,True
Time Thief,76587747,captions/ygo4_0451.json,Trap,Time Thief Retrograde,ygo4_0451,df337b4b6b4f2309,,new_card_first_release,,,images/ygo4_0451.png,passed_automated_decode_dimension_checks,2020-01-30,14884,1.0,api_identity_exact,,pending_konami_verification,1024,RGB,f9afdc8b914268d1730704744ecb45653cac856845c2f260ce75ef0d17f071dd,1024,76587747,,,ygoprodeck_cropped_art,https://images.ygoprodeck.com/images/cards_cropped/76587747.jpg,2026-08-31T18:26:10+00:00,selected_pending_image_and_caption_qa,624,https://images.ygoprodeck.com/images/cards_cropped/76587747.jpg,ygoprodeck_cropped_art,Time Thief Retrograde,https://db.ygoprodeck.com/api/v7/cardinfo.php?misc=yes,https://images.ygoprodeck.com/images/cards_cropped/76587747.jpg,96280794798770a26af0579a5ebf3d3e1cad2c60a85ccd40be9cdf089743ee77,624,Counter,True
Adamancipator,45730592,captions/ygo4_0452.json,Trap,Adamancipator Resonance,ygo4_0452,1f9f8f2fab8363b1,,new_card_first_release,,,images/ygo4_0452.png,passed_automated_decode_dimension_checks,2020-04-03,15109,1.0,api_identity_exact,,pending_konami_verification,1024,RGB,29147a1680d9ecc32a343d9b8adc56399ecf57ebe920189bffe05919edca4b9b,1024,45730592,,,ygoprodeck_cropped_art,https://images.ygoprodeck.com/images/cards_cropped/45730592.jpg,2026-08-31T18:26:10+00:00,selected_pending_image_and_caption_qa,624,https://images.ygoprodeck.com/images/cards_cropped/45730592.jpg,ygoprodeck_cropped_art,Adamancipator Resonance,https://db.ygoprodeck.com/api/v7/cardinfo.php?misc=yes,https://images.ygoprodeck.com/images/cards_cropped/45730592.jpg,3133b2520fb369a4834c62f764acc9f8002250a90d17e0593bb5f5e974a1ae80,624,Counter,True
Golden Land,56984514,captions/ygo4_0453.json,Trap,Golden Land Forever!,ygo4_0453,317152737362aaa3,,new_card_first_release,,,images/ygo4_0453.png,passed_automated_decode_dimension_checks,2020-04-03,15131,1.0,api_identity_exact,,pending_konami_verification,1024,RGB,bd1f781ecd0621a6a5bc786bfda6b8b07a1b1edb1e2e979987cdd6cb3104815a,1024,56984514,,,ygoprodeck_cropped_art,https://images.ygoprodeck.com/images/cards_cropped/56984514.jpg,2026-08-31T18:26:10+00:00,selected_pending_image_and_caption_qa,624,https://images.ygoprodeck.com/images/cards_cropped/56984514.jpg,ygoprodeck_cropped_art,Golden Land Forever!,https://db.ygoprodeck.com/api/v7/cardinfo.php?misc=yes,https://images.ygoprodeck.com/images/cards_cropped/56984514.jpg,88f3f0046d13d8fd519b8a91fb5f0ddc24662084689397c6e4cde70c61dc5f29,624,Counter,True
Toon,53094821,captions/ygo4_0454.json,Trap,Toon Terror,ygo4_0454,4c9b8f16178e0f27,,new_card_first_release,,,images/ygo4_0454.png,passed_automated_decode_dimension_checks,2020-06-18,15474,1.0,api_identity_exact,,pending_konami_verification,1024,RGB,39db4bb734c07748a68e496b098e392f64f2fe77afe3c90c5a39eb848fc66f55,1024,53094821,,,ygoprodeck_cropped_art,https://images.ygoprodeck.com/images/cards_cropped/53094821.jpg,2026-08-31T18:26:10+00:00,selected_pending_image_and_caption_qa,624,https://images.ygoprodeck.com/images/cards_cropped/53094821.jpg,ygoprodeck_cropped_art,Toon Terror,https://db.ygoprodeck.com/api/v7/cardinfo.php?misc=yes,https://images.ygoprodeck.com/images/cards_cropped/53094821.jpg,935d618f832f6e6b2622c4b8956c6bae8c9a44c5bf67603fcc26a414bb65a8cc,624,Counter,True
Dragunity,51849216,captions/ygo4_0455.json,Trap,Dragunity Oubliette,ygo4_0455,24448692c6412b85,,new_card_first_release,,,images/ygo4_0455.png,passed_automated_decode_dimension_checks,2021-04-15,15592,1.0,api_identity_exact,,pending_konami_verification,1024,RGB,1ca21a5e026ecc3d4ced3a41369725b6ed9ee2691e7a8c99153d83678018b0a1,1024,51849216,,,ygoprodeck_cropped_art,https://images.ygoprodeck.com/images/cards_cropped/51849216.jpg,2026-08-31T18:26:10+00:00,selected_pending_image_and_caption_qa,624,https://images.ygoprodeck.com/images/cards_cropped/51849216.jpg,ygoprodeck_cropped_art,Dragunity Oubliette,https://db.ygoprodeck.com/api/v7/cardinfo.php?misc=yes,https://images.ygoprodeck.com/images/cards_cropped/51849216.jpg,b1c0ad0cb8819caf3a0a3f71b9b853cbd678958bcdd6c964eae64b3ca226a220,624,Counter,True
Solfachord,92043888,captions/ygo4_0456.json,Trap,Solfachord Formal,ygo4_0456,9b9bc3260e5e4373,,new_card_first_release,,,images/ygo4_0456.png,passed_automated_decode_dimension_checks,2021-04-29,16096,1.0,api_identity_exact,,pending_konami_verification,1024,RGB,8ed49f6e884268c27c32bd3083ff4b008d950c21e4695bfeab2e46f209d4fda1,1024,92043888,,,ygoprodeck_cropped_art,https://images.ygoprodeck.com/images/cards_cropped/92043888.jpg,2026-08-31T18:26:10+00:00,selected_pending_image_and_caption_qa,624,https://images.ygoprodeck.com/images/cards_cropped/92043888.jpg,ygoprodeck_cropped_art,Solfachord Formal,https://db.ygoprodeck.com/api/v7/cardinfo.php?misc=yes,https://images.ygoprodeck.com/images/cards_cropped/92043888.jpg,3d386f044499a08614f7e9339466278155b75e7df4950381b395efbb30e59026,624,Counter,True
,1DoijWmQ9AeVuK7DzCv-X1lU6YMGnCG0u,captions/ygo4_0457.json,Trap,Iron Thunder,ygo4_0457,7171732b8d4d0e8e,1DoijWmQ9AeVuK7DzCv-X1lU6YMGnCG0u,new_card_first_release,,,images/ygo4_0457.png,passed_automated_decode_dimension_checks,2024-02-08,19535,1.0,exact_alias,,pending_konami_verification,1024,RGB,5d99503086a02580564c05320854751baa598f8c7f2d87750155b7426e257a9c,1024,12682213,,,ygoprodeck_identity_fallback,https://images.ygoprodeck.com/images/cards_cropped/12682213.jpg,2026-08-31T18:26:04+00:00,selected_pending_image_and_caption_qa,624,https://lh3.googleusercontent.com/sitesv/AG8ngQWhGdVk_w4IE1OiPi8ZRBux9CzjKsbgo4yeB6cIS5BNrFlveigmiD4ytWmiOVTPlNxRY-N6wT4_JWGfRKzBCIoOAOOess4104Ny9av0oi1v8GA8rdIoa_bGf5ieQIvS0_-bF_MjmfML4w-mjNq2c4zBjPn37RONZeVljVs7e9m4KwxAipmJGuYanGZL=s0,thehungtd_full_art,Iron Thunderhammer,https://sites.google.com/view/thehungtd/latest-artworks/2024/phantom-nightmare,https://lh3.googleusercontent.com/sitesv/AG8ngQWhGdVk_w4IE1OiPi8ZRBux9CzjKsbgo4yeB6cIS5BNrFlveigmiD4ytWmiOVTPlNxRY-N6wT4_JWGfRKzBCIoOAOOess4104Ny9av0oi1v8GA8rdIoa_bGf5ieQIvS0_-bF_MjmfML4w-mjNq2c4zBjPn37RONZeVljVs7e9m4KwxAipmJGuYanGZL=w1280,0c0c93e05e9806bbd2380d85e881a86051945fb10bc435c759b01a865d206f80,624,Counter,True
Vaalmonica,1S-RNq3bM04eKPM8nZMYalpJ7uUEWqzO9,captions/ygo4_0458.json,Trap,Vaalmonica Ereditare,ygo4_0458,cd8d269e1f3e3637,1S-RNq3bM04eKPM8nZMYalpJ7uUEWqzO9,new_card_first_release,,,images/ygo4_0458.png,passed_automated_decode_dimension_checks,2024-07-27,20554,1.0,exact_alias,,pending_konami_verification,1024,RGB,71e4a1af9ca37e0ec4b5888f5cace78ed0a769342d8b22c5e63e2a596b98d764,1024,14972952,,,thehungtd_drive_original,https://drive.usercontent.google.com/download?id=1S-RNq3bM04eKPM8nZMYalpJ7uUEWqzO9&export=download&authuser=0&confirm=t,2026-08-31T18:25:58+00:00,selected_pending_image_and_caption_qa,1200,https://lh3.googleusercontent.com/sitesv/AG8ngQVr8Ao1SMPIMCrGsTwGIPnshqMpef05FxueU7_TIloCvm69UsaqO9OitdWdHRG8suAwl4HT-PJMhQcUb7XuZTK-U2xND1TXGHaAo1UA1D4zpv3dGyCESb5eyXaaAFMLZadjju30e3HFbp-U62QWSXbFiL_D4ZB_nYKwtxBPvlxwjPP7i2hc0i6Aj2zQftE=s0,thehungtd_full_art,Vaalmonica Ereditare,https://sites.google.com/view/thehungtd/latest-artworks/2024/rage-of-the-abyss,https://lh3.googleusercontent.com/sitesv/AG8ngQVr8Ao1SMPIMCrGsTwGIPnshqMpef05FxueU7_TIloCvm69UsaqO9OitdWdHRG8suAwl4HT-PJMhQcUb7XuZTK-U2xND1TXGHaAo1UA1D4zpv3dGyCESb5eyXaaAFMLZadjju30e3HFbp-U62QWSXbFiL_D4ZB_nYKwtxBPvlxwjPP7i2hc0i6Aj2zQftE=w1280,8d1d807ff1ab3beb73e09a48c88e1d383020b576e99307989f5efe8c9a27d204,1200,Counter,True
Materiactor,1FGwL70_LrQAw9K7Ei-KsWMj5JwaPrTFw,captions/ygo4_0459.json,Trap,Materiactor Critical,ygo4_0459,ed49590d2929190b,1FGwL70_LrQAw9K7Ei-KsWMj5JwaPrTFw,new_card_first_release,,,images/ygo4_0459.png,passed_automated_decode_dimension_checks,2025-01-23,20811,1.0,exact_alias,,pending_konami_verification,1024,RGB,fdfd955d49701f94a57d4d0ea19d51e400114c5b05089e666b1cfd0843cb0ad1,1024,64767757,,,thehungtd_drive_original,https://drive.usercontent.google.com/download?id=1FGwL70_LrQAw9K7Ei-KsWMj5JwaPrTFw&export=download&authuser=0&confirm=t,2026-08-31T18:25:56+00:00,selected_pending_image_and_caption_qa,1200,https://lh3.googleusercontent.com/sitesv/AG8ngQVbgDlRW5E32O82poU3yu9-tNbYrUWd1vePis-nRchsV_vYTZi1WivDcTSYmRil98Khx0keau8SegXkqbikXMkdIuFwk2ZTT4Fm27c0TCwC2en29ui9T7pitBeKq3hx7YcGdMODXvsAAnfAY3GiqkT0ENMbnALQ1iQ5IGJOcvrCx0Pd3IqQl0eeXFd3tvw=s0,thehungtd_full_art,Materiactor Critical,https://sites.google.com/view/thehungtd/latest-artworks/2024/supreme-darkness,https://lh3.googleusercontent.com/sitesv/AG8ngQVbgDlRW5E32O82poU3yu9-tNbYrUWd1vePis-nRchsV_vYTZi1WivDcTSYmRil98Khx0keau8SegXkqbikXMkdIuFwk2ZTT4Fm27c0TCwC2en29ui9T7pitBeKq3hx7YcGdMODXvsAAnfAY3GiqkT0ENMbnALQ1iQ5IGJOcvrCx0Pd3IqQl0eeXFd3tvw=w1280,ddbc0894b6ce65ac05f03b864b87fb2c9f49ad35c4d595f6524c0255df564a97,1200,Counter,True
Cipher,99397762,captions/ygo4_0460.json,Trap,Cipher Bit,ygo4_0460,073a52cdaba33371,,new_card_first_release,,,images/ygo4_0460.png,passed_automated_decode_dimension_checks,2016-11-03,12659,1.0,api_identity_exact,,pending_konami_verification,1024,RGB,21cacb277d8965cd53b718570ad03722882e4eb9b7e5572514ed7ecdecabb11a,1024,99397762,,,ygoprodeck_cropped_art,https://images.ygoprodeck.com/images/cards_cropped/99397762.jpg,2026-08-31T18:26:10+00:00,selected_pending_image_and_caption_qa,624,https://images.ygoprodeck.com/images/cards_cropped/99397762.jpg,ygoprodeck_cropped_art,Cipher Bit,https://db.ygoprodeck.com/api/v7/cardinfo.php?misc=yes,https://images.ygoprodeck.com/images/cards_cropped/99397762.jpg,412d749e98fb42b9fa1a46d32600cbe99b3cab338c249ba7fd9ea725635e1798,624,Normal,True
Cipher,63992027,captions/ygo4_0461.json,Trap,Double Cipher,ygo4_0461,32b8f1e2c4530b0d,,new_card_first_release,,,images/ygo4_0461.png,passed_automated_decode_dimension_checks,2016-11-03,12658,1.0,api_identity_exact,,pending_konami_verification,1024,RGB,19f51b6bb749fcdc11746bb3e87d8116de2b0caf28b8d6f94da56caf00f7a0d6,1024,63992027,,,ygoprodeck_cropped_art,https://images.ygoprodeck.com/images/cards_cropped/63992027.jpg,2026-08-31T18:26:10+00:00,selected_pending_image_and_caption_qa,624,https://images.ygoprodeck.com/images/cards_cropped/63992027.jpg,ygoprodeck_cropped_art,Double Cipher,https://db.ygoprodeck.com/api/v7/cardinfo.php?misc=yes,https://images.ygoprodeck.com/images/cards_cropped/63992027.jpg,448ef1d893a651ce5ec10b71ae5d1701559a739736a354a7436cb391736845b2,624,Normal,True
Paleozoic,38761908,captions/ygo4_0462.json,Trap,Paleozoic Dinomischus,ygo4_0462,5c35273931310d0f,,new_card_first_release,,,images/ygo4_0462.png,passed_automated_decode_dimension_checks,2016-11-03,12193,1.0,api_identity_exact,,pending_konami_verification,1024,RGB,b5a281044977c1e94a6b6ee34bcc09eee03935a0a1702be9a813450fc1ad3fe1,1024,38761908,,,ygoprodeck_cropped_art,https://images.ygoprodeck.com/images/cards_cropped/38761908.jpg,2026-08-31T18:26:10+00:00,selected_pending_image_and_caption_qa,624,https://images.ygoprodeck.com/images/cards_cropped/38761908.jpg,ygoprodeck_cropped_art,Paleozoic Dinomischus,https://db.ygoprodeck.com/api/v7/cardinfo.php?misc=yes,https://images.ygoprodeck.com/images/cards_cropped/38761908.jpg,4741aeed607baeea68fb585cbf606e5ef79ad1485a8a028cfb220776e5cec82f,624,Normal,True
Flame Swordsman,18fFZMqICk30Q3CoY8AAuF72-1Ak7Xebf,captions/ygo4_0463.json,Trap,Flame Swordsdance,ygo4_0463,9912664a4a48c9cb,18fFZMqICk30Q3CoY8AAuF72-1Ak7Xebf,new_card_first_release,,,images/ygo4_0463.png,passed_automated_decode_dimension_checks,2024-01-18,19733,1.0,exact_alias,,pending_konami_verification,1024,RGB,32018b5c6f91ed5641f6edb9c537f43fb41007042af74c8584d33639f61e7297,1024,8080257,,,ygoprodeck_identity_fallback,https://images.ygoprodeck.com/images/cards_cropped/8080257.jpg,2026-08-31T18:25:57+00:00,selected_pending_image_and_caption_qa,624,https://lh3.googleusercontent.com/sitesv/AG8ngQXlfHosOb-1iMTJ4QSkObyM_ILqLay6t_l8TLP5NTG0i7syQLAeP0DsgHAp31onqUiQczxAUZeEUd4Xr8Q0fwjSkfDa8RAsbdYbNR6Va44EnQBzJs7ISoBzIz-FsMvSWneQ41h28DEh9_Vud-OxzImh92WWisZC9Fq8AXBodzOTF9T8GvC2KYSVfFaa=s0,thehungtd_full_art,Flame Swordsdance,https://sites.google.com/view/thehungtd/latest-artworks/2024/world-premiere-pack-2024,https://lh3.googleusercontent.com/sitesv/AG8ngQXlfHosOb-1iMTJ4QSkObyM_ILqLay6t_l8TLP5NTG0i7syQLAeP0DsgHAp31onqUiQczxAUZeEUd4Xr8Q0fwjSkfDa8RAsbdYbNR6Va44EnQBzJs7ISoBzIz-FsMvSWneQ41h28DEh9_Vud-OxzImh92WWisZC9Fq8AXBodzOTF9T8GvC2KYSVfFaa=w1280,f782b8ba4f806f8d63545079dec74b089986c0e65d3f216d7d4c3bc493c75c3a,624,Normal,True
Salamandra,1dwoVMJNBwT191B1CgUTkNlzb2zs_g1-S,captions/ygo4_0464.json,Trap,Salamandra with Chain,ygo4_0464,1717634d5d713317,1dwoVMJNBwT191B1CgUTkNlzb2zs_g1-S,new_card_first_release,,,images/ygo4_0464.png,passed_automated_decode_dimension_checks,2024-01-18,19732,1.0,exact_alias,,pending_konami_verification,1024,RGB,fb3883901ccdfdda1a910817802e36646f599fe7fe9a084452e835ed203ca0e4,1024,62091148,,,ygoprodeck_identity_fallback,https://images.ygoprodeck.com/images/cards_cropped/62091148.jpg,2026-08-31T18:25:57+00:00,selected_pending_image_and_caption_qa,624,https://lh3.googleusercontent.com/sitesv/AG8ngQV8vstG7Wq-1x2HSlQ26ccknizrDb4eoDmMF8NmRAKEqU9vZzpiRJ731szQqElSEsd1YC5LYaosnT3pCSiAtJMw36KivpELGyNGn1qXSQBOFjVp703RsUA1nrCpb9Akj6o839fYu9jt57vnWnucokxKq-MLRuHLykv2Vsrt0CHBhnq6XB1R6cKgVmQn=s0,thehungtd_full_art,Salamandra with Chain,https://sites.google.com/view/thehungtd/latest-artworks/2024/world-premiere-pack-2024,https://lh3.googleusercontent.com/sitesv/AG8ngQV8vstG7Wq-1x2HSlQ26ccknizrDb4eoDmMF8NmRAKEqU9vZzpiRJ731szQqElSEsd1YC5LYaosnT3pCSiAtJMw36KivpELGyNGn1qXSQBOFjVp703RsUA1nrCpb9Akj6o839fYu9jt57vnWnucokxKq-MLRuHLykv2Vsrt0CHBhnq6XB1R6cKgVmQn=w1280,f9289d69a12cce43e5e5e9da198c3013ad7e48761478389334634922c7ae81ab,624,Normal,True
Aroma,1gEzh36I3TssNgVCxSzwwiABxjsjseboW,captions/ygo4_0465.json,Trap,Aroma Healing,ygo4_0465,233337ac8e9e333c,1gEzh36I3TssNgVCxSzwwiABxjsjseboW,new_card_first_release,,,images/ygo4_0465.png,passed_automated_decode_dimension_checks,2024-02-08,19532,1.0,exact_alias,,pending_konami_verification,1024,RGB,e0984db071d65ac5bdb58336cb914939519d3f56654619b25ae271dca6ec18a1,1024,12804701,,,ygoprodeck_identity_fallback,https://images.ygoprodeck.com/images/cards_cropped/12804701.jpg,2026-08-31T18:26:04+00:00,selected_pending_image_and_caption_qa,624,https://lh3.googleusercontent.com/sitesv/AG8ngQVud-uIgMAxZ0cnx0d_IpzAb3jdqIHtN5RrmGqd3Lj2dZkBuqlLcwGD2ZvgBSjBbw3PK8eO7uPyl1hfepZuBKZVr7ofNhUPVsKCfumQh9U8PiW16Tnt8u8Ahe1RonD5cEti7fHZ0Km7ee6EaVJ-PGSKNCTnQdaAZ9x9rnLgd4R7dYA_Z_xi5G1buYPsnJ4=s0,thehungtd_full_art,Aroma Healing,https://sites.google.com/view/thehungtd/latest-artworks/2024/phantom-nightmare,https://lh3.googleusercontent.com/sitesv/AG8ngQVud-uIgMAxZ0cnx0d_IpzAb3jdqIHtN5RrmGqd3Lj2dZkBuqlLcwGD2ZvgBSjBbw3PK8eO7uPyl1hfepZuBKZVr7ofNhUPVsKCfumQh9U8PiW16Tnt8u8Ahe1RonD5cEti7fHZ0Km7ee6EaVJ-PGSKNCTnQdaAZ9x9rnLgd4R7dYA_Z_xi5G1buYPsnJ4=w1280,67107cf37d6a7ed5d3794d5479af63c5b2db895a2eecfd9051654933e0168130,624,Normal,True
Raidraptor,12_W33tOyO2ZWG6_-x9CHv2F6MdqJAKjb,captions/ygo4_0466.json,Trap,Raidraptor - Glorious Bright,ygo4_0466,0161e199396d933a,12_W33tOyO2ZWG6_-x9CHv2F6MdqJAKjb,new_card_first_release,,,images/ygo4_0466.png,passed_automated_decode_dimension_checks,2024-02-08,19529,1.0,exact_alias,,pending_konami_verification,1024,RGB,fcff1dedf7735b79a59685443b029037a256f55260b3fa4c4953d0a455dc778e,1024,13927359,,,ygoprodeck_identity_fallback,https://images.ygoprodeck.com/images/cards_cropped/13927359.jpg,2026-08-31T18:26:04+00:00,selected_pending_image_and_caption_qa,624,https://lh3.googleusercontent.com/sitesv/AG8ngQWbTmplyrYHyPQWSW-WooIM8-LOT4J1awM9wTJGB-ambb4ABOC4LU6MQzvj4Nao73Te83a6Fj--ErgCe7hXO0HRzfvFuhruAzr08xWm6-RtDllZ2sewwM6B3aiW2XnMyCF2IVsiINytz5oag1UHlXuvl9xMzB6yNaQRWxLhek2lnFO0qlNIuC5Ots-9_3A=s0,thehungtd_full_art,Raidraptor - Barrage,https://sites.google.com/view/thehungtd/latest-artworks/2024/phantom-nightmare,https://lh3.googleusercontent.com/sitesv/AG8ngQWbTmplyrYHyPQWSW-WooIM8-LOT4J1awM9wTJGB-ambb4ABOC4LU6MQzvj4Nao73Te83a6Fj--ErgCe7hXO0HRzfvFuhruAzr08xWm6-RtDllZ2sewwM6B3aiW2XnMyCF2IVsiINytz5oag1UHlXuvl9xMzB6yNaQRWxLhek2lnFO0qlNIuC5Ots-9_3A=w1280,fe670ec2c5067c7d642a7d1a70c59094926053669fa6e0ea65b8176827f19cc1,624,Normal,True
,1lRoME0LWOLqEyvhdtnteNZsRKcfDDtSO,captions/ygo4_0467.json,Trap,Terrors of the Afterroot,ygo4_0467,72669272c78b9fc7,1lRoME0LWOLqEyvhdtnteNZsRKcfDDtSO,new_card_first_release,,,images/ygo4_0467.png,passed_automated_decode_dimension_checks,2024-02-08,19534,1.0,exact_alias,,pending_konami_verification,1024,RGB,12a47e6fd91aef193c42078ce94f625c01c9d6bd543b946b6449969899e800b9,1024,85698115,,,thehungtd_drive_original,https://drive.usercontent.google.com/download?id=1lRoME0LWOLqEyvhdtnteNZsRKcfDDtSO&export=download&authuser=0&confirm=t,2026-08-31T18:26:04+00:00,selected_pending_image_and_caption_qa,1200,https://lh3.googleusercontent.com/sitesv/AG8ngQVSSDjRmYcHYHDtjzBpSAz8mqUUfODMsJz9uMyGicH3MB3ORl7oJmxFkY8t5Ac468kHXBSG5ukZf0i-erxOGpuDRU_A3Zf8jw1iwOY9Mam29omR3z4mUNvhzBSz5JTSvetP2SCfvZ-9l7LwWz84w70uYxP7Q7C_Emjq7NCEhtxRyoNBlg5idm3aluH8ss4=s0,thehungtd_full_art,Terrors of the Netherroot,https://sites.google.com/view/thehungtd/latest-artworks/2024/phantom-nightmare,https://lh3.googleusercontent.com/sitesv/AG8ngQVSSDjRmYcHYHDtjzBpSAz8mqUUfODMsJz9uMyGicH3MB3ORl7oJmxFkY8t5Ac468kHXBSG5ukZf0i-erxOGpuDRU_A3Zf8jw1iwOY9Mam29omR3z4mUNvhzBSz5JTSvetP2SCfvZ-9l7LwWz84w70uYxP7Q7C_Emjq7NCEhtxRyoNBlg5idm3aluH8ss4=w1280,c98dea66f2d572e9b9578902e1a85ba41590c648efd438ae571830476b174366,1200,Normal,True
Toy,1aLSfxmA4Yf1G-uZCv-odefL-bRfPxbEk,captions/ygo4_0468.json,Trap,The Black Goat Laughs,ygo4_0468,3f3f1e2e86050f3b,1aLSfxmA4Yf1G-uZCv-odefL-bRfPxbEk,new_card_first_release,,,images/ygo4_0468.png,passed_automated_decode_dimension_checks,2024-02-08,19533,1.0,exact_alias,,pending_konami_verification,1024,RGB,7775ca36d2555baa0c429b0d693d7173fb51264e7db30530adb8323d54c46712,1024,49299410,,,ygoprodeck_identity_fallback,https://images.ygoprodeck.com/images/cards_cropped/49299410.jpg,2026-08-31T18:26:04+00:00,selected_pending_image_and_caption_qa,624,https://lh3.googleusercontent.com/sitesv/AG8ngQWRt-9FhDFYCML_pffOGoaIqXFGIENW79NLmMuQSOM3spgOpm2kulgQBgkhQ-DGKOJ-vDQopgYOliG0Vr6-1matyIdpUCbxUcfV3H6YPydB4GgbSZwiRfRILXYnGXl-fTgrqwwss0Vj0taQiXZAOsRw9n_sG51eb5QArAzzA0SBfyZc3FchoQiwIoc0opQ=s0,thehungtd_full_art,Rumpel Teufel,https://sites.google.com/view/thehungtd/latest-artworks/2024/phantom-nightmare,https://lh3.googleusercontent.com/sitesv/AG8ngQWRt-9FhDFYCML_pffOGoaIqXFGIENW79NLmMuQSOM3spgOpm2kulgQBgkhQ-DGKOJ-vDQopgYOliG0Vr6-1matyIdpUCbxUcfV3H6YPydB4GgbSZwiRfRILXYnGXl-fTgrqwwss0Vj0taQiXZAOsRw9n_sG51eb5QArAzzA0SBfyZc3FchoQiwIoc0opQ=w1280,186ad4ca2daf5a7b118a0f98828df3981736a828e695bb27bc20b4b8b87e5a54,624,Normal,True
,1VXZtn_JDYhnilpIhiTyXlZ09N4vxvYvT,captions/ygo4_0469.json,Trap,Double Dai,ygo4_0469,3d3d3939393d2c64,1VXZtn_JDYhnilpIhiTyXlZ09N4vxvYvT,new_card_first_release,,,images/ygo4_0469.png,passed_automated_decode_dimension_checks,2024-04-25,20059,1.0,exact_alias,,pending_konami_verification,1024,RGB,11d646ebb4912c44c14a8416e220cd64213a9cf3b508fadef421de9a7a0b03cf,1024,1607603,,,thehungtd_drive_original,https://drive.usercontent.google.com/download?id=1VXZtn_JDYhnilpIhiTyXlZ09N4vxvYvT&export=download&authuser=0&confirm=t,2026-08-31T18:25:57+00:00,selected_pending_image_and_caption_qa,1200,https://lh3.googleusercontent.com/sitesv/AG8ngQWZEl4I2VbbBUzZ2b2escZmLzyniQNRIxDyyV6auuD-dn_jLLKxjZBd61xRom0mx3r051JQIwYYNbBBcP2y66HPpSy6cYbinfnZR5XrDV1bSa-T1BRVs38CUgjngRJhkEU-8_DbIVU175MjnxhBmrOPuoHYcAiU3XaDUxNGGE4bnk4VQWZkRQhZ-p8PNiI=s0,thehungtd_full_art,Double Dai,https://sites.google.com/view/thehungtd/latest-artworks/2024/world-premiere-pack-2024,https://lh3.googleusercontent.com/sitesv/AG8ngQWZEl4I2VbbBUzZ2b2escZmLzyniQNRIxDyyV6auuD-dn_jLLKxjZBd61xRom0mx3r051JQIwYYNbBBcP2y66HPpSy6cYbinfnZR5XrDV1bSa-T1BRVs38CUgjngRJhkEU-8_DbIVU175MjnxhBmrOPuoHYcAiU3XaDUxNGGE4bnk4VQWZkRQhZ-p8PNiI=w1280,c56fa04885d2f793ff8da388ff5bafa0184a839d88bf9bbc0be6b1a1a65bc5e0,1200,Normal,True
Lightsworn,1w17D8dpTTVoBeBdndE-i3J_kT1lik9dE,captions/ygo4_0470.json,Trap,Lightsworn Aegis,ygo4_0470,6436a6de360fbef8,1w17D8dpTTVoBeBdndE-i3J_kT1lik9dE,new_card_first_release,,,images/ygo4_0470.png,passed_automated_decode_dimension_checks,2024-04-25,19918,1.0,exact_alias,,pending_konami_verification,1024,RGB,eca4d34c683cfacf43140cd9ecd477a75bf758f815344a15cc3b8bc584ab6ee7,1024,25218587,,,ygoprodeck_identity_fallback,https://images.ygoprodeck.com/images/cards_cropped/25218587.jpg,2026-08-31T18:26:02+00:00,selected_pending_image_and_caption_qa,624,https://lh3.googleusercontent.com/sitesv/AG8ngQWQu-Rm0eJeKzVZx4MTOQATWMHw_f2DcfPZApbOmDdF5BU1tDKuMcJB9WxwQXE_7drCFSwfOndGQ9h1jaq-aNUnH9JZaG_XyEe5kAm_wqNKLDsG-Q3JdW_9_2fafp5wcakzOBe-kE7Nxd-Kwud4IUta7z2SJFdlx5m4cmrn1SZMk2JJNd65sv8uxI2b=s0,thehungtd_full_art,Lightsworn Aegis,https://sites.google.com/view/thehungtd/latest-artworks/2024/legacy-of-destruction,https://lh3.googleusercontent.com/sitesv/AG8ngQWQu-Rm0eJeKzVZx4MTOQATWMHw_f2DcfPZApbOmDdF5BU1tDKuMcJB9WxwQXE_7drCFSwfOndGQ9h1jaq-aNUnH9JZaG_XyEe5kAm_wqNKLDsG-Q3JdW_9_2fafp5wcakzOBe-kE7Nxd-Kwud4IUta7z2SJFdlx5m4cmrn1SZMk2JJNd65sv8uxI2b=w1280,8649789fe83c7f68c8a512f4ee6bc5c85ec62bbb2f98dc3adc20087f453255a5,624,Normal,True
Mirror Trap,1GfZX6MPowFWxWLct7TvaYars06xq60va,captions/ygo4_0471.json,Trap,Mirage Mirror Force,ygo4_0471,8c0f270f07070f13,1GfZX6MPowFWxWLct7TvaYars06xq60va,new_card_first_release,,,images/ygo4_0471.png,passed_automated_decode_dimension_checks,2024-04-25,19919,1.0,exact_alias,,pending_konami_verification,1024,RGB,db1dfe6bf2aa3f16fcd81f6fd97debed1b4d775f8d58993cec193291a8d18eab,1024,52607696,,,ygoprodeck_identity_fallback,https://images.ygoprodeck.com/images/cards_cropped/52607696.jpg,2026-08-31T18:26:02+00:00,selected_pending_image_and_caption_qa,624,https://lh3.googleusercontent.com/sitesv/AG8ngQXrwyxUsoryxiisTOmQ7JEUxKJVvHR5__Eh0k2vl4oF6yzvbDxl-XD4YMN7-7LAsN8GrLeitfBHlnF9H37-GFCp_vks8mm0MuTH-prsn_M4K4HljR9L0YKBXfdMznadYCzR56IT2OzT45XlTfvkM7HaqMjdoPnJXvDgsfLOZZ2zE_QZdQgb1hTQwfGg-DM=s0,thehungtd_full_art,Mirage Force,https://sites.google.com/view/thehungtd/latest-artworks/2024/legacy-of-destruction,https://lh3.googleusercontent.com/sitesv/AG8ngQXrwyxUsoryxiisTOmQ7JEUxKJVvHR5__Eh0k2vl4oF6yzvbDxl-XD4YMN7-7LAsN8GrLeitfBHlnF9H37-GFCp_vks8mm0MuTH-prsn_M4K4HljR9L0YKBXfdMznadYCzR56IT2OzT45XlTfvkM7HaqMjdoPnJXvDgsfLOZZ2zE_QZdQgb1hTQwfGg-DM=w1280,aa390c0795081a01f0ee2d2bce68e40f4c28578ab4b9d148b6bd2046dbbd00e4,624,Normal,True
,1DfgVxgteG2RvyZDhzXWHsWe9kPjN4R2b,captions/ygo4_0472.json,Trap,Simultaneous Equation Cannons,ygo4_0472,584d0f231307a649,1DfgVxgteG2RvyZDhzXWHsWe9kPjN4R2b,new_card_first_release,,,images/ygo4_0472.png,passed_automated_decode_dimension_checks,2024-04-25,19921,1.0,exact_alias,,pending_konami_verification,1024,RGB,ff96bbb443ec727502233486550d188dea2865f1a08d0f86275caff9abe2ece1,1024,25096909,,,thehungtd_drive_original,https://drive.usercontent.google.com/download?id=1DfgVxgteG2RvyZDhzXWHsWe9kPjN4R2b&export=download&authuser=0&confirm=t,2026-08-31T18:26:02+00:00,selected_pending_image_and_caption_qa,1200,https://lh3.googleusercontent.com/sitesv/AG8ngQVxyc5diEhCHFQJOY8-dgv_it6yP57EDTWSLMTs0flf-mGDPtsNYmtyiS2eqHLnW2XmX5B9319z8ZD2TOQayl0Y8kSak-aakjyMn7CTXbw8WzpO4A2cO-49KCEplnSPCibIV8Rj4-gWkRyU9wBUdjR71-gHhrFO3Fkr7R9K-_NjlkDhraPEBIAG9SO79EM=s0,thehungtd_full_art,Equation System Cannon,https://sites.google.com/view/thehungtd/latest-artworks/2024/legacy-of-destruction,https://lh3.googleusercontent.com/sitesv/AG8ngQVxyc5diEhCHFQJOY8-dgv_it6yP57EDTWSLMTs0flf-mGDPtsNYmtyiS2eqHLnW2XmX5B9319z8ZD2TOQayl0Y8kSak-aakjyMn7CTXbw8WzpO4A2cO-49KCEplnSPCibIV8Rj4-gWkRyU9wBUdjR71-gHhrFO3Fkr7R9K-_NjlkDhraPEBIAG9SO79EM=w1280,4e617eeab9ee7dbd0c761f8465a08bde48d5146f51bba1840f7634d2a2c0e8ed,1200,Normal,True
Sinful Spoils,1aQvVVbmLMjbBz81tT-VvyZRWSGrgvFM9,captions/ygo4_0473.json,Trap,Sinful Spoils Subdual,ygo4_0473,95195a052d4d1a13,1aQvVVbmLMjbBz81tT-VvyZRWSGrgvFM9,new_card_first_release,,,images/ygo4_0473.png,passed_automated_decode_dimension_checks,2024-04-25,19915,1.0,exact_alias,,pending_konami_verification,1024,RGB,d18f33910811915d4671bc4da6005c3966309b6018764cbe3f93e200c26564b2,1024,26334139,,,ygoprodeck_identity_fallback,https://images.ygoprodeck.com/images/cards_cropped/26334139.jpg,2026-08-31T18:26:02+00:00,selected_pending_image_and_caption_qa,624,https://lh3.googleusercontent.com/sitesv/AG8ngQUMYu1uxyBgzet2B2D1MFBKWCBYZiY01yRDGC3lCvm0RmdtXrQndZp_1gYBa5V2It4DRecMT-fexLjmavk58fCXm8R5E6qvdvRUzyTJT8KNeYNhhI-_edHMW9WeDiokevdaOXgTbt3QoHTo_alfKLt8qfoi_rRAJuOkeI9ZmPaKHMNTWvnzLy1xvCc6qp4=s0,thehungtd_full_art,Sinful Spoils Cycle,https://sites.google.com/view/thehungtd/latest-artworks/2024/legacy-of-destruction,https://lh3.googleusercontent.com/sitesv/AG8ngQUMYu1uxyBgzet2B2D1MFBKWCBYZiY01yRDGC3lCvm0RmdtXrQndZp_1gYBa5V2It4DRecMT-fexLjmavk58fCXm8R5E6qvdvRUzyTJT8KNeYNhhI-_edHMW9WeDiokevdaOXgTbt3QoHTo_alfKLt8qfoi_rRAJuOkeI9ZmPaKHMNTWvnzLy1xvCc6qp4=w1280,a0f75ef51316697256aa4cbba3a0191ac3da5c161a66cde4f464318a856e86e0,624,Normal,True
Sinful Spoils,1ZJPMMZOra3ajqHJbhYwsCu2zHdPcsQJo,captions/ygo4_0474.json,Trap,Sinful Spoils of Slumber - Morrian,ygo4_0474,6490c96099c9cc06,1ZJPMMZOra3ajqHJbhYwsCu2zHdPcsQJo,new_card_first_release,,,images/ygo4_0474.png,passed_automated_decode_dimension_checks,2024-04-25,19916,1.0,exact_alias,,pending_konami_verification,1024,RGB,45d63d4468dba24cfbd8ecbd92c6fe86fa9517cc7971ac61feec0bf926dfef67,1024,53329234,,,ygoprodeck_identity_fallback,https://images.ygoprodeck.com/images/cards_cropped/53329234.jpg,2026-08-31T18:26:02+00:00,selected_pending_image_and_caption_qa,624,https://lh3.googleusercontent.com/sitesv/AG8ngQWoosdbB0yDxO6fhFWQLL0tCL0OIQ6VCfZbsUWzTf6C7NEC79BRKI_NedmSEynxPud5IAnSpschNzh--83FfH1Ra7TXjXGx90QQkAUiu9bBmqsCApG3PJ17MHKMQ56IDcN6Ikc0FB0Pw2iD2ee9qv33OS3gz2sKg3dPQ_YVXNxJVEh-W3_eXU8Q0XkZnIg=s0,thehungtd_full_art,Sinful Spoils of Dozing - Morrighan,https://sites.google.com/view/thehungtd/latest-artworks/2024/legacy-of-destruction,https://lh3.googleusercontent.com/sitesv/AG8ngQWoosdbB0yDxO6fhFWQLL0tCL0OIQ6VCfZbsUWzTf6C7NEC79BRKI_NedmSEynxPud5IAnSpschNzh--83FfH1Ra7TXjXGx90QQkAUiu9bBmqsCApG3PJ17MHKMQ56IDcN6Ikc0FB0Pw2iD2ee9qv33OS3gz2sKg3dPQ_YVXNxJVEh-W3_eXU8Q0XkZnIg=w1280,0ef0f4c215f7dd7ecc8b99cc9ccb15d545f080f04bf40659e8f328a6897e9a0e,624,Normal,True
Dominus,1FfvqunoDJSJUp5aUQP1CemX2yyL2MhEu,captions/ygo4_0475.json,Trap,Dominus Purge,ygo4_0475,8322b23074283981,1FfvqunoDJSJUp5aUQP1CemX2yyL2MhEu,new_card_first_release,,,images/ygo4_0475.png,passed_automated_decode_dimension_checks,2024-07-18,20257,1.0,exact_alias,,pending_konami_verification,1024,RGB,d8ea8b2dd50b50be30dc02cb4c9a131e415a5903f71282334991ddfa331e02e5,1024,97045737,,,ygoprodeck_identity_fallback,https://images.ygoprodeck.com/images/cards_cropped/97045737.jpg,2026-08-31T18:26:00+00:00,selected_pending_image_and_caption_qa,624,https://lh3.googleusercontent.com/sitesv/AG8ngQXYup_SJZDfp4FVrJw1jU_RYD3YrJYIxTbhQVOfrIqdkBUTwMML707z-3GA5GQ9lOIairoj6uaAEwxHJuAhQE_Cpu45p_pHUIIyoS41v4ulxPRM2RW0pb5MVUmzf0ihC9rLWOn5Nmj1Dih4yboEYJwXxnXGs6hGDHCMlD2FlmwYvhRIbOA8psAvYn5_gKM=s0,thehungtd_full_art,Dominus Purge,https://sites.google.com/view/thehungtd/latest-artworks/2024/infinite-forbidden,https://lh3.googleusercontent.com/sitesv/AG8ngQXYup_SJZDfp4FVrJw1jU_RYD3YrJYIxTbhQVOfrIqdkBUTwMML707z-3GA5GQ9lOIairoj6uaAEwxHJuAhQE_Cpu45p_pHUIIyoS41v4ulxPRM2RW0pb5MVUmzf0ihC9rLWOn5Nmj1Dih4yboEYJwXxnXGs6hGDHCMlD2FlmwYvhRIbOA8psAvYn5_gKM=w1280,f9fd01dcfd18ca8fca2b31cfc183bb8320298ba205db41c21109b59359243818,624,Normal,True
Fiendsmith,1mCkuZMHi1NJk5qPQNA9f0mHWR3ehqcyj,captions/ygo4_0476.json,Trap,Fiendsmith in Paradise,ygo4_0476,cd1e1c1806614999,1mCkuZMHi1NJk5qPQNA9f0mHWR3ehqcyj,new_card_first_release,,,images/ygo4_0476.png,passed_automated_decode_dimension_checks,2024-07-18,20251,1.0,exact_alias,,pending_konami_verification,1024,RGB,f86dc1d8ee9ac039585ed1b4dd1ed698b50178f791467b652f0aa9e4c669d7bc,1024,99989863,,,ygoprodeck_identity_fallback,https://images.ygoprodeck.com/images/cards_cropped/99989863.jpg,2026-08-31T18:26:00+00:00,selected_pending_image_and_caption_qa,624,https://lh3.googleusercontent.com/sitesv/AG8ngQWi6EXxMIT9eVv-HdyDC4zl2UAuEP06Ct8Kca5jvDalsqfFFiA41q1l6gna-C66xkbaWUbsYRSvWyV0bbb9VAzssWNI_GFWd62iIPRdt0R5Jmx-y9QUTzFNgvbgpNnDWdGCCJ1oPZ_swLkcySE9UXoLYxIUwUYjL3L0mrts9Ke_2QbiWA32dviBKGPU=s0,thehungtd_full_art,Fiendsmith in Paradisum,https://sites.google.com/view/thehungtd/latest-artworks/2024/infinite-forbidden,https://lh3.googleusercontent.com/sitesv/AG8ngQWi6EXxMIT9eVv-HdyDC4zl2UAuEP06Ct8Kca5jvDalsqfFFiA41q1l6gna-C66xkbaWUbsYRSvWyV0bbb9VAzssWNI_GFWd62iIPRdt0R5Jmx-y9QUTzFNgvbgpNnDWdGCCJ1oPZ_swLkcySE9UXoLYxIUwUYjL3L0mrts9Ke_2QbiWA32dviBKGPU=w1280,34e6bbd243d9fd8280d29c052de4fb11180d97c9b9a59a27ba53617515154817,624,Normal,True
Mimighoul,1WIGh-PN9TOU0vhqs9kPTTnKfqDsqQwo1,captions/ygo4_0477.json,Trap,Mimighoul Room,ygo4_0477,cc96a6c89f9a4e64,1WIGh-PN9TOU0vhqs9kPTTnKfqDsqQwo1,new_card_first_release,,,images/ygo4_0477.png,passed_automated_decode_dimension_checks,2024-07-18,20434,1.0,exact_alias,,pending_konami_verification,1024,RGB,a80aba7a409d569eec71936b064ff8f2259fd0a56eecf90d80e9537f6a36d02d,1024,59293853,,,thehungtd_drive_original,https://drive.usercontent.google.com/download?id=1WIGh-PN9TOU0vhqs9kPTTnKfqDsqQwo1&export=download&authuser=0&confirm=t,2026-08-31T18:26:00+00:00,selected_pending_image_and_caption_qa,1200,https://lh3.googleusercontent.com/sitesv/AG8ngQVx1wHBWONH23qN02sYUnm3epN9EIS1_trW_BBGRy_L2PA_igg-2TDXaHzCxjyQm89asFkXaLQWz43xYcG-XsRTap9xeCQaHpStzLsKZRjGQ-dEc6VEAKlbCeK7EofU94g0RW3qDUJBnZ0uW6pOy3nIKapBgxMNs5Sf1Skj8N0TO8t7WXGEbxxmxRBA=s0,thehungtd_full_art,Mimighoul Room,https://sites.google.com/view/thehungtd/latest-artworks/2024/infinite-forbidden,https://lh3.googleusercontent.com/sitesv/AG8ngQVx1wHBWONH23qN02sYUnm3epN9EIS1_trW_BBGRy_L2PA_igg-2TDXaHzCxjyQm89asFkXaLQWz43xYcG-XsRTap9xeCQaHpStzLsKZRjGQ-dEc6VEAKlbCeK7EofU94g0RW3qDUJBnZ0uW6pOy3nIKapBgxMNs5Sf1Skj8N0TO8t7WXGEbxxmxRBA=w1280,a086f8935bbee9b850415bd0942c427c3a8a2799c5220227ae6c0ea22632e0bb,1200,Normal,True
Sangen,1cCPQ11cDnI7dgoCNnbGuZQWMFjMNy4xq,captions/ygo4_0478.json,Trap,Sangen Kaiho,ygo4_0478,0717333bb366d1b3,1cCPQ11cDnI7dgoCNnbGuZQWMFjMNy4xq,new_card_first_release,,,images/ygo4_0478.png,passed_automated_decode_dimension_checks,2024-07-18,20252,1.0,exact_alias,,pending_konami_verification,1024,RGB,62de5652465322746b44c9d7eb3dbbca48e385cc5725fb952129b41b7d9c5d4e,1024,25388971,,,ygoprodeck_identity_fallback,https://images.ygoprodeck.com/images/cards_cropped/25388971.jpg,2026-08-31T18:26:00+00:00,selected_pending_image_and_caption_qa,624,https://lh3.googleusercontent.com/sitesv/AG8ngQVh4nTgIyTkY-ViehZ8u20u9mQXUHIEuS_ciBfcP_qU7MyU15GPcXAhtfrfl4oF3jUjWqiV5Za7swPcjBAf4kIxVdYSjfv8xxKYwD_EjvDwhaPdkVbkjKXpU5ihF8QlurvSX94TE1teE9R2pV3X1cZgRFNXxgWFQGxSeonxoG0p4UDhZDj5PvoNrcKE=s0,thehungtd_full_art,Sangen Kaihou,https://sites.google.com/view/thehungtd/latest-artworks/2024/infinite-forbidden,https://lh3.googleusercontent.com/sitesv/AG8ngQVh4nTgIyTkY-ViehZ8u20u9mQXUHIEuS_ciBfcP_qU7MyU15GPcXAhtfrfl4oF3jUjWqiV5Za7swPcjBAf4kIxVdYSjfv8xxKYwD_EjvDwhaPdkVbkjKXpU5ihF8QlurvSX94TE1teE9R2pV3X1cZgRFNXxgWFQGxSeonxoG0p4UDhZDj5PvoNrcKE=w1280,942cf60f67ddddeea67629036a4fb33736bbc1827a0cf37a85a69af3fd53c25e,624,Normal,True
Puppet,1zohNb7Mz8cs9BrQOYC_Fvgp2589ZgeOY,captions/ygo4_0479.json,Trap,Service Puppet Play,ygo4_0479,a5b8c8e22c4c4ca6,1zohNb7Mz8cs9BrQOYC_Fvgp2589ZgeOY,new_card_first_release,,,images/ygo4_0479.png,passed_automated_decode_dimension_checks,2024-07-18,20249,1.0,exact_alias,,pending_konami_verification,1024,RGB,f13c84a690f622bd4afd05628956445632da75a4fe4d390b00e4adb5934ff64d,1024,36400569,,,ygoprodeck_identity_fallback,https://images.ygoprodeck.com/images/cards_cropped/36400569.jpg,2026-08-31T18:26:00+00:00,selected_pending_image_and_caption_qa,624,https://lh3.googleusercontent.com/sitesv/AG8ngQXuwIwJEMIUmlinm_NbEDr-RvFLr8lXuKQ-4PKKD6AwHf4gLGmaLiWxzonWyG4ahH-TIpsQXvEK5VN4OmtimxqeyQgdntoIHPJQjY9T03FF9EihN6Wq-6onpf_xLAUjVzEA7GOa8-3_7c7cg8PKjoaQOQ-l9r1_L6rloZ3ZpEcPaJ5TxDG6IVEDw9UY=s0,thehungtd_full_art,Servist Puppet,https://sites.google.com/view/thehungtd/latest-artworks/2024/infinite-forbidden,https://lh3.googleusercontent.com/sitesv/AG8ngQXuwIwJEMIUmlinm_NbEDr-RvFLr8lXuKQ-4PKKD6AwHf4gLGmaLiWxzonWyG4ahH-TIpsQXvEK5VN4OmtimxqeyQgdntoIHPJQjY9T03FF9EihN6Wq-6onpf_xLAUjVzEA7GOa8-3_7c7cg8PKjoaQOQ-l9r1_L6rloZ3ZpEcPaJ5TxDG6IVEDw9UY=w1280,8bd87cdc6b64005bf8b229a0b3b2b00193ecb005bff7bf3c87e7b808e35bbe76,624,Normal,True
,1lM_F0oVpmxfNJbZoDFn3AFf9aA5HN7fU,captions/ygo4_0480.json,Trap,Three in One,ygo4_0480,d88c313161e6641f,1lM_F0oVpmxfNJbZoDFn3AFf9aA5HN7fU,new_card_first_release,,,images/ygo4_0480.png,passed_automated_decode_dimension_checks,2024-07-18,20259,1.0,exact_alias,,pending_konami_verification,1024,RGB,17b3e5ca893e9f27249a60287124d3d1fed8688019f7a6e3ea676e2204225c29,1024,50838440,,,thehungtd_drive_original,https://drive.usercontent.google.com/download?id=1lM_F0oVpmxfNJbZoDFn3AFf9aA5HN7fU&export=download&authuser=0&confirm=t,2026-08-31T18:26:00+00:00,selected_pending_image_and_caption_qa,1200,https://lh3.googleusercontent.com/sitesv/AG8ngQX6em2dq8mzlWJjWrC8AVySbocHp8kz-RnipsY46aTf6ekJBz7zOpgZveDvyCQrKwCH_Y0rOMoJrjmDJ7PYw1FeGcGYPZdMH16f9ThM8uOfT8nNhRtIEpB6oap-dyaGlKXZmeHq_3_OIfSKuEotXDX3Pmad5G_UqjdyrwnkgEr5lPhgxwv8BNKOoVBsknc=s0,thehungtd_full_art,Three as One,https://sites.google.com/view/thehungtd/latest-artworks/2024/infinite-forbidden,https://lh3.googleusercontent.com/sitesv/AG8ngQX6em2dq8mzlWJjWrC8AVySbocHp8kz-RnipsY46aTf6ekJBz7zOpgZveDvyCQrKwCH_Y0rOMoJrjmDJ7PYw1FeGcGYPZdMH16f9ThM8uOfT8nNhRtIEpB6oap-dyaGlKXZmeHq_3_OIfSKuEotXDX3Pmad5G_UqjdyrwnkgEr5lPhgxwv8BNKOoVBsknc=w1280,763e5e86fd44daba50e30ce75a58f25bea041ebc10ac13765e1705146cf7df8b,1200,Normal,True
White Forest,1Jk7NCE3LXXhSS8TDjS51BPJiDSBxMvT9,captions/ygo4_0481.json,Trap,Woes of the White Forest,ygo4_0481,5771e8949c9c1c4e,1Jk7NCE3LXXhSS8TDjS51BPJiDSBxMvT9,new_card_first_release,,,images/ygo4_0481.png,passed_automated_decode_dimension_checks,2024-07-18,20250,1.0,exact_alias,,pending_konami_verification,1024,RGB,0bf5dd8a61622a0ccf0ef78cc5c16ec22dc20977755907a31af223ca28bdb3f8,1024,62995268,,,ygoprodeck_identity_fallback,https://images.ygoprodeck.com/images/cards_cropped/62995268.jpg,2026-08-31T18:26:00+00:00,selected_pending_image_and_caption_qa,624,https://lh3.googleusercontent.com/sitesv/AG8ngQVey4jDpoiSktuI48BnWOyjnyE6fu7a-ZdkFx4EL0xJ1_mBN915TPuC_1Pp4otRcbWpNslteA_1Ywm9KbbHWd5bWLn4ycLxxxutwb8My49xMPQeov24_mqV4uKeahaEHqVJEV6abxkO1PLilF_8U6dkgcrNRT5ONGjBepFepZGwnoh-MDJ5jE_xqwWq-20=s0,thehungtd_full_art,Woes of the White Woods,https://sites.google.com/view/thehungtd/latest-artworks/2024/infinite-forbidden,https://lh3.googleusercontent.com/sitesv/AG8ngQVey4jDpoiSktuI48BnWOyjnyE6fu7a-ZdkFx4EL0xJ1_mBN915TPuC_1Pp4otRcbWpNslteA_1Ywm9KbbHWd5bWLn4ycLxxxutwb8My49xMPQeov24_mqV4uKeahaEHqVJEV6abxkO1PLilF_8U6dkgcrNRT5ONGjBepFepZGwnoh-MDJ5jE_xqwWq-20=w1280,ca71b286de5d52eef8ba8f23505381cdaf0083fb5f3d6409e828cedc4149c48f,624,Normal,True
Azamina,14_ZySvwRYDpFtLg-cGYT9QuCOM7AeJNi,captions/ygo4_0482.json,Trap,Azamina Determination,ygo4_0482,9c9c9d0f17160d33,14_ZySvwRYDpFtLg-cGYT9QuCOM7AeJNi,new_card_first_release,,,images/ygo4_0482.png,passed_automated_decode_dimension_checks,2024-07-27,20549,1.0,exact_alias,,pending_konami_verification,1024,RGB,fb301281dbbb11eaa5ed18a498be85f01106aab6117b48c267ea3bcac12fe208,1024,42201897,,,ygoprodeck_identity_fallback,https://images.ygoprodeck.com/images/cards_cropped/42201897.jpg,2026-08-31T18:25:58+00:00,selected_pending_image_and_caption_qa,624,https://lh3.googleusercontent.com/sitesv/AG8ngQUZxlJht2b4I6MHYre1rhQR-x-CMeDVw4heJWC1jdt6oITlGQze9nhCPQLQ1VsAPhWpWjdviodoxDp_I-mRJ5GZht2GhgNQWCxfRXb3l4CADRkHQBtRM3k-jR6n3v0Dk73o9yI-YtMopPohVY5evIDOhyCD2EEbrI-rvgtLJD5roZqsq9OWG_El0jHg=s0,thehungtd_full_art,Azamina Hamartia,https://sites.google.com/view/thehungtd/latest-artworks/2024/rage-of-the-abyss,https://lh3.googleusercontent.com/sitesv/AG8ngQUZxlJht2b4I6MHYre1rhQR-x-CMeDVw4heJWC1jdt6oITlGQze9nhCPQLQ1VsAPhWpWjdviodoxDp_I-mRJ5GZht2GhgNQWCxfRXb3l4CADRkHQBtRM3k-jR6n3v0Dk73o9yI-YtMopPohVY5evIDOhyCD2EEbrI-rvgtLJD5roZqsq9OWG_El0jHg=w1280,2991bba395babe3a4297ce178242c8f470495c29f62f2ffc0b5758e8124d68c6,624,Normal,True
Metalmorph,1QUcMBgRcONTUejGC2INh2LtG61aqa0_7,captions/ygo4_0483.json,Trap,Max Metalmorph,ygo4_0483,320a0c29cf478743,1QUcMBgRcONTUejGC2INh2LtG61aqa0_7,new_card_first_release,,,images/ygo4_0483.png,passed_automated_decode_dimension_checks,2024-07-27,20547,1.0,exact_alias,,pending_konami_verification,1024,RGB,d2a596f05b04d4a91dcc54f5399a8bf9ea042bf6a0700cace4c17e20daaf956a,1024,89812483,,,thehungtd_drive_original,https://drive.usercontent.google.com/download?id=1QUcMBgRcONTUejGC2INh2LtG61aqa0_7&export=download&authuser=0&confirm=t,2026-08-31T18:25:58+00:00,selected_pending_image_and_caption_qa,1200,https://lh3.googleusercontent.com/sitesv/AG8ngQWMjDeGAMDOk1p73S6UHi5O--Vkb2Aoad-WUFMS9YoVsnWAmeSHVhAVfDtsbyBZOzdGLltkj9DIr6coE7wEvAb2tSGrX760H41DTZ1EE4wIFy5IN_lE46B6rTuMhwEyLUARJfSCtuYBx5W7s8g8ZRy6lOnJKOPhaQSYt4mqjL8E5yGs6JedoYAJkXcFF70=s0,thehungtd_full_art,Enhanced Metalmorph,https://sites.google.com/view/thehungtd/latest-artworks/2024/rage-of-the-abyss,https://lh3.googleusercontent.com/sitesv/AG8ngQWMjDeGAMDOk1p73S6UHi5O--Vkb2Aoad-WUFMS9YoVsnWAmeSHVhAVfDtsbyBZOzdGLltkj9DIr6coE7wEvAb2tSGrX760H41DTZ1EE4wIFy5IN_lE46B6rTuMhwEyLUARJfSCtuYBx5W7s8g8ZRy6lOnJKOPhaQSYt4mqjL8E5yGs6JedoYAJkXcFF70=w1280,2cc4e15d0213d07909d140ff67994cecf48a0808afa4cc5b72294892ad72cf33,1200,Normal,True
Primite,1veFvsHGhGx1XjkWg0tCdR-WEC5Msx1sO,captions/ygo4_0484.json,Trap,Primite Howl,ygo4_0484,1f1f636e1d3306a2,1veFvsHGhGx1XjkWg0tCdR-WEC5Msx1sO,new_card_first_release,,,images/ygo4_0484.png,passed_automated_decode_dimension_checks,2024-07-27,20552,1.0,exact_alias,,pending_konami_verification,1024,RGB,2c17182db5218065853bd4f53055d0398dfb60a6b21ce3ec464e87a9daa5ac9c,1024,41488249,,,thehungtd_drive_original,https://drive.usercontent.google.com/download?id=1veFvsHGhGx1XjkWg0tCdR-WEC5Msx1sO&export=download&authuser=0&confirm=t,2026-08-31T18:25:58+00:00,selected_pending_image_and_caption_qa,1200,https://lh3.googleusercontent.com/sitesv/AG8ngQU83Z5q7wT1g1HjXomuGeRylvHmXpNzW7q2kvNjQ-_LkCoCCDId_jP9zLctotwLl4h2ai3dMno_BkaFcl1fzsVPsbqRy7OW1BEomS2xl_1rE_OoOfxXdVNvbjEU77bn_9pYfskjMMA7ACzQ1PR9cCjsucYUfMQBmdETVdVgz9pC8vSXSgffRKWVwq8YmEQ=s0,thehungtd_full_art,Primoredial Opener,https://sites.google.com/view/thehungtd/latest-artworks/2024/rage-of-the-abyss,https://lh3.googleusercontent.com/sitesv/AG8ngQU83Z5q7wT1g1HjXomuGeRylvHmXpNzW7q2kvNjQ-_LkCoCCDId_jP9zLctotwLl4h2ai3dMno_BkaFcl1fzsVPsbqRy7OW1BEomS2xl_1rE_OoOfxXdVNvbjEU77bn_9pYfskjMMA7ACzQ1PR9cCjsucYUfMQBmdETVdVgz9pC8vSXSgffRKWVwq8YmEQ=w1280,c4b14e068e56657d3a025aa784136ecfb65732f9636d9f1a3153ad6ea076186d,1200,Normal,True
Puppet,1MOKw3vbBFot3goJHNmgczC7-LyVJEyNa,captions/ygo4_0485.json,Trap,Puppet Shark,ygo4_0485,43c96a176c123662,1MOKw3vbBFot3goJHNmgczC7-LyVJEyNa,new_card_first_release,,,images/ygo4_0485.png,passed_automated_decode_dimension_checks,2024-07-27,20546,1.0,exact_alias,,pending_konami_verification,1024,RGB,e82337b7a93ca8ca5019cd4bcfd559b67b6031db5e5f7fdd257bf9817efea216,1024,53323475,,,thehungtd_drive_original,https://drive.usercontent.google.com/download?id=1MOKw3vbBFot3goJHNmgczC7-LyVJEyNa&export=download&authuser=0&confirm=t,2026-08-31T18:25:58+00:00,selected_pending_image_and_caption_qa,1200,https://lh3.googleusercontent.com/sitesv/AG8ngQVdZwmwN_qKwggkc2eT72nvfMmhLdFJGRYd99OS-_ZlAG5ZZYBVz49l9RDs7sL1UdR4GCJaTdURIgDCw43rpEFCPaMAKwxkLDc4DHbZBZTYPYlNAkInoOeBofQ-7jkSSoxHsARkc8JA7ZVqkyIfjLg-zX-7qt3G-jhk-cxq_aXEvKZ-4YkmhjxyCPWo=s0,thehungtd_full_art,Puppet Shark Style,https://sites.google.com/view/thehungtd/latest-artworks/2024/rage-of-the-abyss,https://lh3.googleusercontent.com/sitesv/AG8ngQVdZwmwN_qKwggkc2eT72nvfMmhLdFJGRYd99OS-_ZlAG5ZZYBVz49l9RDs7sL1UdR4GCJaTdURIgDCw43rpEFCPaMAKwxkLDc4DHbZBZTYPYlNAkInoOeBofQ-7jkSSoxHsARkc8JA7ZVqkyIfjLg-zX-7qt3G-jhk-cxq_aXEvKZ-4YkmhjxyCPWo=w1280,760e017f9cc6c2a6b02e31dc164d716b4ff6e70fc17bae4e7006b97d1c2d8ca6,1200,Normal,True
Metalmorph,1PkW1Uze25LCLW6NeLpO0hRrk3PB4gAA8,captions/ygo4_0486.json,Trap,Time Engine,ygo4_0486,8ca9a4290782b203,1PkW1Uze25LCLW6NeLpO0hRrk3PB4gAA8,new_card_first_release,,,images/ygo4_0486.png,passed_automated_decode_dimension_checks,2024-07-27,20548,1.0,exact_alias,,pending_konami_verification,1024,RGB,59ae3e34c9a6bcc9b665c2d74f5d4251bc1f71a0101472593c5fd84f68ce5abc,1024,15216188,,,thehungtd_drive_original,https://drive.usercontent.google.com/download?id=1PkW1Uze25LCLW6NeLpO0hRrk3PB4gAA8&export=download&authuser=0&confirm=t,2026-08-31T18:25:58+00:00,selected_pending_image_and_caption_qa,1200,https://lh3.googleusercontent.com/sitesv/AG8ngQXxGqFNUnFHJL9i9In5iRD-l9d808PfeP9kx5Zqzeosi5NlUuVmE5dKC98KWGUdujqqtjmeVrN0Wr0-OnnC4xhqvfdvEUZeXnf9p2pUci4fxBUw3q1UpQtjD9XBgYRi8Z5MxQvYXRii6qgzZYOMZjxMM-PM9pGpWXlxUxnFzfqomAu1yZFyHBHJdGgvQXc=s0,thehungtd_full_art,Time Engine,https://sites.google.com/view/thehungtd/latest-artworks/2024/rage-of-the-abyss,https://lh3.googleusercontent.com/sitesv/AG8ngQXxGqFNUnFHJL9i9In5iRD-l9d808PfeP9kx5Zqzeosi5NlUuVmE5dKC98KWGUdujqqtjmeVrN0Wr0-OnnC4xhqvfdvEUZeXnf9p2pUci4fxBUw3q1UpQtjD9XBgYRi8Z5MxQvYXRii6qgzZYOMZjxMM-PM9pGpWXlxUxnFzfqomAu1yZFyHBHJdGgvQXc=w1280,909222beb1ddd495dd29ab551d7118a859bad07eccdfa6b6dc7f25009f13e52e,1200,Normal,True
Signature move,11ZBQoFWLUZZJtFIcxdYswNRHSuIx4Ocy,captions/ygo4_0487.json,Trap,Virtue Stream,ygo4_0487,bb191d2faf373e3f,11ZBQoFWLUZZJtFIcxdYswNRHSuIx4Ocy,new_card_first_release,,,images/ygo4_0487.png,passed_automated_decode_dimension_checks,2024-07-27,20544,1.0,exact_alias,,pending_konami_verification,1024,RGB,0c6a5fb9f2c3e5167333c874c4e3144d9b0c03dd35f9c0a0a9aced30faa1bd01,1024,80534031,,,thehungtd_drive_original,https://drive.usercontent.google.com/download?id=11ZBQoFWLUZZJtFIcxdYswNRHSuIx4Ocy&export=download&authuser=0&confirm=t,2026-08-31T18:25:58+00:00,selected_pending_image_and_caption_qa,1200,https://lh3.googleusercontent.com/sitesv/AG8ngQXnDcopp7jfJ6F3aAIzohnsGBTroiz_gOAP1eTrKbv75QP171_2mQZIRPfoGTS4RX6xn8_NyVeHH1pz5y8TDNCT9evBt-kp1qCl75MuF_gj3Ib7A0EzoCPBPx27IcF1XjcldxuZlcv6WXQzupojcpT3GwKq4-zGKDho_NeW5eeWTvdiYlKZu7ZNj29x=s0,thehungtd_full_art,Virtue Stream,https://sites.google.com/view/thehungtd/latest-artworks/2024/rage-of-the-abyss,https://lh3.googleusercontent.com/sitesv/AG8ngQXnDcopp7jfJ6F3aAIzohnsGBTroiz_gOAP1eTrKbv75QP171_2mQZIRPfoGTS4RX6xn8_NyVeHH1pz5y8TDNCT9evBt-kp1qCl75MuF_gj3Ib7A0EzoCPBPx27IcF1XjcldxuZlcv6WXQzupojcpT3GwKq4-zGKDho_NeW5eeWTvdiYlKZu7ZNj29x=w1280,520dc33468cb31d6e4c358396692e2dae478f3206be4c0cc41a353c50abba8b4,1200,Normal,True
Xyz,1VnDScujk0tFQf3U9FVPlOSO1aBe7oIPK,captions/ygo4_0488.json,Trap,Xyz Poseidon Splash,ygo4_0488,4d4fceb33b33931f,1VnDScujk0tFQf3U9FVPlOSO1aBe7oIPK,new_card_first_release,,,images/ygo4_0488.png,passed_automated_decode_dimension_checks,2024-07-27,20545,1.0,exact_alias,,pending_konami_verification,1024,RGB,ec8d7fa7848ec79fae548aa7a57172d00db04a57b54b6608f80dfda8b89ab600,1024,16938770,,,thehungtd_drive_original,https://drive.usercontent.google.com/download?id=1VnDScujk0tFQf3U9FVPlOSO1aBe7oIPK&export=download&authuser=0&confirm=t,2026-08-31T18:25:58+00:00,selected_pending_image_and_caption_qa,1200,https://lh3.googleusercontent.com/sitesv/AG8ngQXEr_qhA-97DvFOfhXIHT-TCbJaamjpYl_WtHWcqIdvMdW0WOdds84CldDXJ_ioLS_biyRY858AiV3BCx-bP_BlvhSC1kb3e3RmCquCLYCpd9psJL7-t1fhEq-xw3QhM2ULJ6ZG5eqcgWSznkRHFn_JizjfJet2H5sZYPqn80iqqvNbcAAEEhvmoI1fpg4=s0,thehungtd_full_art,Xyz Poseidon Splash,https://sites.google.com/view/thehungtd/latest-artworks/2024/rage-of-the-abyss,https://lh3.googleusercontent.com/sitesv/AG8ngQXEr_qhA-97DvFOfhXIHT-TCbJaamjpYl_WtHWcqIdvMdW0WOdds84CldDXJ_ioLS_biyRY858AiV3BCx-bP_BlvhSC1kb3e3RmCquCLYCpd9psJL7-t1fhEq-xw3QhM2ULJ6ZG5eqcgWSznkRHFn_JizjfJet2H5sZYPqn80iqqvNbcAAEEhvmoI1fpg4=w1280,d8a89299f24aa453747f4a22c080721a1ff3ef1d48179629ed482fdb8c8018ff,1200,Normal,True
Dominus,1IGPVuEb8oeOqhohEG629_ka_aV2tOSGg,captions/ygo4_0489.json,Trap,Dominus Impulse,ygo4_0489,3515172d2e3b336f,1IGPVuEb8oeOqhohEG629_ka_aV2tOSGg,new_card_first_release,,,images/ygo4_0489.png,passed_automated_decode_dimension_checks,2024-10-10,20555,1.0,exact_alias,,pending_konami_verification,1024,RGB,f96976ad71e058046134bb470e0268fec09eeca932bfb18f3832bfca081fea1c,1024,40366667,,,ygoprodeck_identity_fallback,https://images.ygoprodeck.com/images/cards_cropped/40366667.jpg,2026-08-31T18:25:58+00:00,selected_pending_image_and_caption_qa,624,https://lh3.googleusercontent.com/sitesv/AG8ngQVuNh0aWmBru0k7_nMNCp_1COi6upeY-aeAFNxXaPXaKa_hE9H0vujHWY2XepzLiXaJCgXSfhkT9Ny9lasbMB0IYRS3NyjkjQEgrMvfqf7jQelQVeKafF3BO7JLTcTdS8D61qMv3tJTkLSf1ggK566WJYDCcNKirzaAVwYkEakDfzBbxtZg4QJi7xFi=s0,thehungtd_full_art,Dominus Impulse,https://sites.google.com/view/thehungtd/latest-artworks/2024/rage-of-the-abyss,https://lh3.googleusercontent.com/sitesv/AG8ngQVuNh0aWmBru0k7_nMNCp_1COi6upeY-aeAFNxXaPXaKa_hE9H0vujHWY2XepzLiXaJCgXSfhkT9Ny9lasbMB0IYRS3NyjkjQEgrMvfqf7jQelQVeKafF3BO7JLTcTdS8D61qMv3tJTkLSf1ggK566WJYDCcNKirzaAVwYkEakDfzBbxtZg4QJi7xFi=w1280,21fd594daeacaa106af647e27d4f49a77b6598b99bf7719618f38fa92bb0d878,624,Normal,True
Hole,18neD9sGmJffl7icEtU5PRtWw91tawFCL,captions/ygo4_0490.json,Trap,Ryzeal Plasma Hole,ygo4_0490,f9653019590cfb77,18neD9sGmJffl7icEtU5PRtWw91tawFCL,new_card_first_release,,,images/ygo4_0490.png,passed_automated_decode_dimension_checks,2024-12-05,20581,1.0,exact_alias,,pending_konami_verification,1024,RGB,5ccaa6dee732aac1919e4ab996dfab559327c1fc39dfb41c403511bfc54e9d2c,1024,33787730,,,thehungtd_drive_original,https://drive.usercontent.google.com/download?id=18neD9sGmJffl7icEtU5PRtWw91tawFCL&export=download&authuser=0&confirm=t,2026-08-31T18:25:59+00:00,selected_pending_image_and_caption_qa,1200,https://lh3.googleusercontent.com/sitesv/AG8ngQV5dsUIhm2_4wKrQiACTCQgO78TFyvWrZ-o8S02eTabKDBKZ6s7wtjdtDj_A1RP1nvOyk2DjsaJXTq63ikQR7aW3We25YGOf0zpR-o9DpoE2kY4elPQrtvT_q2i8rRvEIZokRsV79FvKgc9rLx901dEagHmZ3tpiJ8Co-zmE8GmbzxebsIKFPxA27fH=s0,thehungtd_full_art,Ryzeal Hole Thruster,https://sites.google.com/view/thehungtd/latest-artworks/2024/deck-build-pack-crossover-breakers,https://lh3.googleusercontent.com/sitesv/AG8ngQV5dsUIhm2_4wKrQiACTCQgO78TFyvWrZ-o8S02eTabKDBKZ6s7wtjdtDj_A1RP1nvOyk2DjsaJXTq63ikQR7aW3We25YGOf0zpR-o9DpoE2kY4elPQrtvT_q2i8rRvEIZokRsV79FvKgc9rLx901dEagHmZ3tpiJ8Co-zmE8GmbzxebsIKFPxA27fH=w1280,5c0298e1dfaf59e3a662769efbf90bc23c73a7e95dae797116047e0ea50d208d,1200,Normal,True
Abyss-,1x1xdixEVydC51wmTCaQZjAWgp4xHf2xP,captions/ygo4_0491.json,Trap,Abyss-steam,ygo4_0491,1786a69a59395128,1x1xdixEVydC51wmTCaQZjAWgp4xHf2xP,new_card_first_release,,,images/ygo4_0491.png,passed_automated_decode_dimension_checks,2025-01-23,20814,1.0,exact_alias,,pending_konami_verification,1024,RGB,af5f36f1d8c5e60f2d1a3f26604505633e62729539f6cfb91f3311cdfee8801d,1024,63941169,,,thehungtd_drive_original,https://drive.usercontent.google.com/download?id=1x1xdixEVydC51wmTCaQZjAWgp4xHf2xP&export=download&authuser=0&confirm=t,2026-08-31T18:25:56+00:00,selected_pending_image_and_caption_qa,1200,https://lh3.googleusercontent.com/sitesv/AG8ngQUf1lUacZNBYjhxUsGlYbhaj-nAj1xjnYra7DUtegimWlfGiAoHACjy9fLnn_L6dBKGuYMA3GmNJ3Ln8LrUq1DOX_WTsQ_ZFHgAPojfU8GYBJvj-oc4IJTKC3HYGhKO7OaxPnYAaxyTea4pdHwKRyJ1R6O_aH0HBGseNO27mDmD4QpnXmm5sNRPnfnoJ0Q=s0,thehungtd_full_art,Abyss-Team,https://sites.google.com/view/thehungtd/latest-artworks/2024/supreme-darkness,https://lh3.googleusercontent.com/sitesv/AG8ngQUf1lUacZNBYjhxUsGlYbhaj-nAj1xjnYra7DUtegimWlfGiAoHACjy9fLnn_L6dBKGuYMA3GmNJ3Ln8LrUq1DOX_WTsQ_ZFHgAPojfU8GYBJvj-oc4IJTKC3HYGhKO7OaxPnYAaxyTea4pdHwKRyJ1R6O_aH0HBGseNO27mDmD4QpnXmm5sNRPnfnoJ0Q=w1280,204a1c4da0d874638dacad7f361d01cf1a9b7158e2f93e1f58c77ef1d919a8b1,1200,Normal,True
Azamina,1ujp8ULC6apztUOEh5Zc1MU5KK0v2KekB,captions/ygo4_0492.json,Trap,Azamina Aphes,ygo4_0492,e24c2636b85b324f,1ujp8ULC6apztUOEh5Zc1MU5KK0v2KekB,new_card_first_release,,,images/ygo4_0492.png,passed_automated_decode_dimension_checks,2025-01-23,20807,1.0,exact_alias,,pending_konami_verification,1024,RGB,c28646541abb3eb91e7c3aa11cd4e78c69e7e944691611e4b8aaab65e09ff316,1024,39491690,,,thehungtd_drive_original,https://drive.usercontent.google.com/download?id=1ujp8ULC6apztUOEh5Zc1MU5KK0v2KekB&export=download&authuser=0&confirm=t,2026-08-31T18:25:56+00:00,selected_pending_image_and_caption_qa,1200,https://lh3.googleusercontent.com/sitesv/AG8ngQXTQtyGc9ckIIzg5rQvaKsa-RbEl2RS-ZUpZiJFq9M42iANjhIq4rL6KdRdKo5YC02gmJmJeeCWSDVfaq0T1FeD72CNEVV8Q0ZSHvNvrJdGe24BI9FWlM5z1LFK_c7G1rF1-IVrR3pzAkjRV7qQGF63Rqb81h4SmepyTplPIZjSrVkhOVDc0Vo8kUdTO_8=s0,thehungtd_full_art,Azamina Unleashing,https://sites.google.com/view/thehungtd/latest-artworks/2024/supreme-darkness,https://lh3.googleusercontent.com/sitesv/AG8ngQXTQtyGc9ckIIzg5rQvaKsa-RbEl2RS-ZUpZiJFq9M42iANjhIq4rL6KdRdKo5YC02gmJmJeeCWSDVfaq0T1FeD72CNEVV8Q0ZSHvNvrJdGe24BI9FWlM5z1LFK_c7G1rF1-IVrR3pzAkjRV7qQGF63Rqb81h4SmepyTplPIZjSrVkhOVDc0Vo8kUdTO_8=w1280,01eea15d4991dd85ed94f1a237c56dd4445e600bfb97e587be6760dd1b0de3ab,1200,Normal,True
,1FZa4ZEw7toz9-88rJZUUzWsi-TGVAf7L,captions/ygo4_0493.json,Trap,Dark Supremacy,ygo4_0493,8e94c47d71330b97,1FZa4ZEw7toz9-88rJZUUzWsi-TGVAf7L,new_card_first_release,,,images/ygo4_0493.png,passed_automated_decode_dimension_checks,2025-01-23,20804,1.0,exact_alias,,pending_konami_verification,1024,RGB,fbea0aa54a0d29243d4f515d41cf1c3e661ac049dfee159acad1c915e2eccf09,1024,39613288,,,thehungtd_drive_original,https://drive.usercontent.google.com/download?id=1FZa4ZEw7toz9-88rJZUUzWsi-TGVAf7L&export=download&authuser=0&confirm=t,2026-08-31T18:25:56+00:00,selected_pending_image_and_caption_qa,1200,https://lh3.googleusercontent.com/sitesv/AG8ngQWQ4nEoOGzlOIPI8VzzYJZNE44rl2vgS_1eDsgT1KjNvf0wSkIgQB4faLOAudM0HxKouPZVyMQKEsJb1U55tPSH7ebNkz3DUdKp5jBeVJldsIEz9W_eHV2_U8N50uobeDXIOpm-TdrhWm7HCSlwVDkeTT30SXfHxwV440cqI0yYXvjryb_uZsfXJWIT=s0,thehungtd_full_art,Dark Supremacy,https://sites.google.com/view/thehungtd/latest-artworks/2024/supreme-darkness,https://lh3.googleusercontent.com/sitesv/AG8ngQWQ4nEoOGzlOIPI8VzzYJZNE44rl2vgS_1eDsgT1KjNvf0wSkIgQB4faLOAudM0HxKouPZVyMQKEsJb1U55tPSH7ebNkz3DUdKp5jBeVJldsIEz9W_eHV2_U8N50uobeDXIOpm-TdrhWm7HCSlwVDkeTT30SXfHxwV440cqI0yYXvjryb_uZsfXJWIT=w1280,825ad458395db17ab212d245158827c7ef3c365261797829e5c61fc7ef871fff,1200,Normal,True
Fiendsmith,1rWgdIv0s0xu1OLgkGI8faZ6OglC_hRRO,captions/ygo4_0494.json,Trap,Fiendsmith Kyrie,ygo4_0494,141e2e2d9c9ccc94,1rWgdIv0s0xu1OLgkGI8faZ6OglC_hRRO,new_card_first_release,,,images/ygo4_0494.png,passed_automated_decode_dimension_checks,2025-01-23,20816,1.0,exact_alias,,pending_konami_verification,1024,RGB,d45ed27775c645547c97ccb4ab6f018c2bd21b12716afee415bc5bc42ca9bbc8,1024,26434972,,,thehungtd_drive_original,https://drive.usercontent.google.com/download?id=1rWgdIv0s0xu1OLgkGI8faZ6OglC_hRRO&export=download&authuser=0&confirm=t,2026-08-31T18:25:56+00:00,selected_pending_image_and_caption_qa,1200,https://lh3.googleusercontent.com/sitesv/AG8ngQUbU4r6URSHbl6VVmbjFnGVCvW4FfAwSeHkVlOmYn2r-PWc-YBGYvlTdWrK6wODHwZ0M8Xq5nkPUNHRC0X-pnoqMmnqhC9UsYd3-E_vtzCWGjzVgiAy_xy3t4ZkZqTJPobV77XDCFpKOKM4fVBd2RjIi_FqaphUc5wLSznGc3Qo-5dMhp2nmoKRAbg_=s0,thehungtd_full_art,Fiendsmith's Kyrie,https://sites.google.com/view/thehungtd/latest-artworks/2024/supreme-darkness,https://lh3.googleusercontent.com/sitesv/AG8ngQUbU4r6URSHbl6VVmbjFnGVCvW4FfAwSeHkVlOmYn2r-PWc-YBGYvlTdWrK6wODHwZ0M8Xq5nkPUNHRC0X-pnoqMmnqhC9UsYd3-E_vtzCWGjzVgiAy_xy3t4ZkZqTJPobV77XDCFpKOKM4fVBd2RjIi_FqaphUc5wLSznGc3Qo-5dMhp2nmoKRAbg_=w1280,822407ae838e7e40d054b459dae163bc44a42fd84097feeaaad02a13b67db2d7,1200,Normal,True
Sinful Spoils,1WsCO3UCEwbz6F31VfHiv_V_fY2jNdq67,captions/ygo4_0495.json,Trap,Sinful Spoils Awakening,ygo4_0495,2206cde6a4a4c1b2,1WsCO3UCEwbz6F31VfHiv_V_fY2jNdq67,new_card_first_release,,,images/ygo4_0495.png,passed_automated_decode_dimension_checks,2025-01-23,20806,1.0,exact_alias,,pending_konami_verification,1024,RGB,7f297c82dba280b7b11f584cd66db66817e1772c906a00106e1cebef7a8a0837,1024,2006591,,,thehungtd_drive_original,https://drive.usercontent.google.com/download?id=1WsCO3UCEwbz6F31VfHiv_V_fY2jNdq67&export=download&authuser=0&confirm=t,2026-08-31T18:25:56+00:00,selected_pending_image_and_caption_qa,1200,https://lh3.googleusercontent.com/sitesv/AG8ngQUftYUCt_zW7yhlqGYdd_tkMTAOuvX3lZcOjA5w15oiNvDayLuQz-OJj39aGvEyfK5ATKg7Rf15YVlSZbpCkHUqDTAaNwT8D6t0H07KCw6O2b466LW6j0W7dPw8-WXo_YvPoSpzkMFeYeAe20oGYGTAC3bD3OboIwO4EluePrEXLuv4aVOrTg1xrxADko0=s0,thehungtd_full_art,Sinful Spoils Awakening,https://sites.google.com/view/thehungtd/latest-artworks/2024/supreme-darkness,https://lh3.googleusercontent.com/sitesv/AG8ngQUftYUCt_zW7yhlqGYdd_tkMTAOuvX3lZcOjA5w15oiNvDayLuQz-OJj39aGvEyfK5ATKg7Rf15YVlSZbpCkHUqDTAaNwT8D6t0H07KCw6O2b466LW6j0W7dPw8-WXo_YvPoSpzkMFeYeAe20oGYGTAC3bD3OboIwO4EluePrEXLuv4aVOrTg1xrxADko0=w1280,02966f90dd78342156a52276351298484a58f6d81a8d35377fc53cf9f8f7f1fc,1200,Normal,True
Clear Wing,1HyZKNPT3_sqUgukkpyUVpQVNHDw1Ixfj,captions/ygo4_0496.json,Trap,Speedroid Clear Wing Wonder,ygo4_0496,692b0dc773ccceea,1HyZKNPT3_sqUgukkpyUVpQVNHDw1Ixfj,new_card_first_release,,,images/ygo4_0496.png,passed_automated_decode_dimension_checks,2025-01-23,20805,1.0,exact_alias,,pending_konami_verification,1024,RGB,8046a03c2d5dbbf4bd25c2cee9de997837a8aa7033cccd52cba2fd82c36d1e77,1024,66002986,,,thehungtd_drive_original,https://drive.usercontent.google.com/download?id=1HyZKNPT3_sqUgukkpyUVpQVNHDw1Ixfj&export=download&authuser=0&confirm=t,2026-08-31T18:25:56+00:00,selected_pending_image_and_caption_qa,1200,https://lh3.googleusercontent.com/sitesv/AG8ngQUGqNc1YqmvsX6M-9KKAHzBN6XgDmkpQPdcpCw_n8Y_SKCw9zb2GCu373eCEES2ytyZrBeY6jrduvNygOab3wM_BFXgXV6fDRA-gQHV6-i3ta_LWBbo_RXvrEg1G3PotQk30fE5DBLoILrEbOJiianphM1E9QiedT9SWqK2hw-zb5UFP1UITZ3oQUzNVVk=s0,thehungtd_full_art,Speedroid Clear Wing Wander,https://sites.google.com/view/thehungtd/latest-artworks/2024/supreme-darkness,https://lh3.googleusercontent.com/sitesv/AG8ngQUGqNc1YqmvsX6M-9KKAHzBN6XgDmkpQPdcpCw_n8Y_SKCw9zb2GCu373eCEES2ytyZrBeY6jrduvNygOab3wM_BFXgXV6fDRA-gQHV6-i3ta_LWBbo_RXvrEg1G3PotQk30fE5DBLoILrEbOJiianphM1E9QiedT9SWqK2hw-zb5UFP1UITZ3oQUzNVVk=w1280,3b45e0db72ffc9a1d480085e99b622c1d546a04528f86af69296fc0cadb72b95,1200,Normal,True
,19DNlPl82lnJ1OkyJ1XuLlEZHBCa-NAJ-,captions/ygo4_0497.json,Trap,Majesty of the White Dragons,ygo4_0497,c459533173964478,19DNlPl82lnJ1OkyJ1XuLlEZHBCa-NAJ-,new_card_first_release,,,images/ygo4_0497.png,passed_automated_decode_dimension_checks,2025-02-13,20606,1.0,exact_alias,,pending_konami_verification,1024,RGB,55e2e825eeffa8766bbf83340d9dfdf0e7c8bace307febcf37b878e886f419fe,1024,43219114,,,thehungtd_drive_original,https://drive.usercontent.google.com/download?id=19DNlPl82lnJ1OkyJ1XuLlEZHBCa-NAJ-&export=download&authuser=0&confirm=t,2026-08-31T18:25:58+00:00,selected_pending_image_and_caption_qa,1200,https://lh3.googleusercontent.com/sitesv/AG8ngQX2MeqnxToFmqNSINqq1WFt5fH7U7AhVeUmynq5YeVJE9obSldLVXHi4oTqruK0pvx-asJAyvhvdjctQoAzkRj8d_qbAZgDX3vmDVrV6-VH3qTEIHbbUPr24NRNlJLgw25KSpuS2FA8VtOYbJM3PrbnamiVGo4W6x20lfBv36QMwvlctzmHpRaAx-jESww=s0,thehungtd_full_art,Majesty with Dragons of White,https://sites.google.com/view/thehungtd/latest-artworks/2024/structure-deck-advent-of-the-eyes-of-blue,https://lh3.googleusercontent.com/sitesv/AG8ngQX2MeqnxToFmqNSINqq1WFt5fH7U7AhVeUmynq5YeVJE9obSldLVXHi4oTqruK0pvx-asJAyvhvdjctQoAzkRj8d_qbAZgDX3vmDVrV6-VH3qTEIHbbUPr24NRNlJLgw25KSpuS2FA8VtOYbJM3PrbnamiVGo4W6x20lfBv36QMwvlctzmHpRaAx-jESww=w1280,cbe1c2bdfe32e6d3c472b9f072cd846d3f37fcab2a31e55998f53b3aae685c8e,1200,Normal,True
Tachyon,1SW6T4G6eoLbyUa2N86YFwBU2gVixerRX,captions/ygo4_0498.json,Trap,Lord of the Tachyon Galaxy,ygo4_0498,8d66674e4eac4c4e,1SW6T4G6eoLbyUa2N86YFwBU2gVixerRX,new_card_first_release,,,images/ygo4_0498.png,passed_automated_decode_dimension_checks,2025-03-13,20283,1.0,exact_alias,,pending_konami_verification,1024,RGB,70a83ef0f1a6f82c2b9a0d72b1ffd73a1b7458654280060e4fc9759fd717d9f9,1024,44466810,,,thehungtd_drive_original,https://drive.usercontent.google.com/download?id=1SW6T4G6eoLbyUa2N86YFwBU2gVixerRX&export=download&authuser=0&confirm=t,2026-08-31T18:26:01+00:00,selected_pending_image_and_caption_qa,1200,https://lh3.googleusercontent.com/sitesv/AG8ngQUAxVuMmoxmecn8-SqHhT8gHG4ecHB2sEYKq2C9YyP9s1GqgiUajoc5AD6HymCvlXv0BGKd0zJU1q2Vg7QER321dpLFcywBmOvpr8kMXvTQOCjFFapnfIn5hID5esKKJKHjzBVbzTzPkQyNUrh180JhcF5HdCOLG2im3JrZ4EZmsnMn6SSqGZ_lmw=s0,thehungtd_full_art,Lord of the Tachyon Galaxy,https://sites.google.com/view/thehungtd/latest-artworks/2024/duelist-pack-duelists-of-brilliance,https://lh3.googleusercontent.com/sitesv/AG8ngQUAxVuMmoxmecn8-SqHhT8gHG4ecHB2sEYKq2C9YyP9s1GqgiUajoc5AD6HymCvlXv0BGKd0zJU1q2Vg7QER321dpLFcywBmOvpr8kMXvTQOCjFFapnfIn5hID5esKKJKHjzBVbzTzPkQyNUrh180JhcF5HdCOLG2im3JrZ4EZmsnMn6SSqGZ_lmw=w1280,45dea1697a22040e07389f594c06c7a2e89df4fd5257b6f7ec82fe779480a537,1200,Normal,True
Blue Tears,173dcqEaxH1wZLz6_7lj8A-cY71AIGY6b,captions/ygo4_0499.json,Trap,Maiden of Blue Tears,ygo4_0499,230f175461692305,173dcqEaxH1wZLz6_7lj8A-cY71AIGY6b,new_card_first_release,,,images/ygo4_0499.png,passed_automated_decode_dimension_checks,2025-03-13,20297,1.0,exact_alias,,pending_konami_verification,1024,RGB,1f5918f5ac90b487614ff1863e8d4cd52c3eb1f8fba8fbd65ef635af86c077bb,1024,99176254,,,thehungtd_drive_original,https://drive.usercontent.google.com/download?id=173dcqEaxH1wZLz6_7lj8A-cY71AIGY6b&export=download&authuser=0&confirm=t,2026-08-31T18:26:01+00:00,selected_pending_image_and_caption_qa,1200,https://lh3.googleusercontent.com/sitesv/AG8ngQVm-ZgAaQ4IQmTdhZDqhUU-TWKyZakaqk_pjb67OZcMt7bhn5lkplmrNUovlEdS1hSQsf7Q15jO4-X_k4H5yNb4wgngZrPvwqtT_RjP5KIfJ-URiZmpAEvl0e1sY5r9eVjn-sEqW9vZFwgpwCdNwurUwXMzRSCdmun8za1GUa5UZ4qsp-ObSm3CfJiJ=s0,thehungtd_full_art,Maiden of Blue Tears,https://sites.google.com/view/thehungtd/latest-artworks/2024/duelist-pack-duelists-of-brilliance,https://lh3.googleusercontent.com/sitesv/AG8ngQVm-ZgAaQ4IQmTdhZDqhUU-TWKyZakaqk_pjb67OZcMt7bhn5lkplmrNUovlEdS1hSQsf7Q15jO4-X_k4H5yNb4wgngZrPvwqtT_RjP5KIfJ-URiZmpAEvl0e1sY5r9eVjn-sEqW9vZFwgpwCdNwurUwXMzRSCdmun8za1GUa5UZ4qsp-ObSm3CfJiJ=w1280,03940ff1e81291bf85c0fff7b6cd78b22acba71debfe5b47bc6c5d8ada102b5e,1200,Normal,True
Fusion,1dlYFZEQtIV2mF3x_7CYBUCeOTlLaxZ3r,captions/ygo4_0500.json,Trap,Trickstar Diffusion,ygo4_0500,aacc8c0d8e943b2b,1dlYFZEQtIV2mF3x_7CYBUCeOTlLaxZ3r,new_card_first_release,,,images/ygo4_0500.png,passed_automated_decode_dimension_checks,2025-03-13,20296,1.0,exact_alias,,pending_konami_verification,1024,RGB,fca1aaa997ae1cf4d8a4ad48eb420cf65651cf213d4ce05022dc3a499a9c92a5,1024,63181559,,,ygoprodeck_identity_fallback,https://images.ygoprodeck.com/images/cards_cropped/63181559.jpg,2026-08-31T18:26:01+00:00,selected_pending_image_and_caption_qa,624,https://lh3.googleusercontent.com/sitesv/AG8ngQX8V88k2lXj77ug1-EUHaXQ98ROwkoi2nnVkNylgd6wXBf8znFbp0tzQfV5Q4kYZj_VpHycOQ8D3hK5dhJY4EOo51nixk-q5jNwdbZsYPFBUtcIn5p54OP2MzO_tT_qbwi60npUwjTaGTFaoaCsVxcQm6HCbiNSLGweECo806rXegKCWxFFbQH1-h9o=s0,thehungtd_full_art,Trickstar Diffusion,https://sites.google.com/view/thehungtd/latest-artworks/2024/duelist-pack-duelists-of-brilliance,https://lh3.googleusercontent.com/sitesv/AG8ngQX8V88k2lXj77ug1-EUHaXQ98ROwkoi2nnVkNylgd6wXBf8znFbp0tzQfV5Q4kYZj_VpHycOQ8D3hK5dhJY4EOo51nixk-q5jNwdbZsYPFBUtcIn5p54OP2MzO_tT_qbwi60npUwjTaGTFaoaCsVxcQm6HCbiNSLGweECo806rXegKCWxFFbQH1-h9o=w1280,ad2d4f9dca1541e321db3c3fdc3251e41f6424285d5f4fa2899723caea09e787,624,Normal,True
