archetype,artwork_id,caption_file,card_category,card_name,dataset_id,drive_file_id,eligibility_basis,exception_evidence_url,exception_reason,image_file,initial_tcg_release,konami_cid,match_confidence,match_method,monster_type,official_metadata_status,passcode,qualified_tcg_print_release,replacement_reason,retrieved_at,selection_status,source_image_url,source_kind,source_name,source_page,source_preview_url,spell_trap_subtype,strict_date_eligible
Prophecy,1RuXoqkpr6tGu8b0kWig0YDwUsA4LDWzX,captions/ygo4_0001.json,Monster,Sorcerer of Sebek,ygo4_0001,1RuXoqkpr6tGu8b0kWig0YDwUsA4LDWzX,new_card_first_release,,,images/ygo4_0001.png,2024-02-08,19508,1.0,exact_alias,Aqua,pending_konami_verification,39767432,,,2026-08-31T18:26:04+00:00,selected_pending_image_and_caption_qa,https://lh3.googleusercontent.com/sitesv/AG8ngQUh3z2PpqoHuugffljY7g-AtVtAvqErZbO8UjhgdlJuTgClcfFNeJoCWE5kj_GAcD8uv_J2LiPPClt2Hv4qugh4W00X1ktaA3l0cWuJxD6T8m-EojM6kZDgq0f4bVyHMwareLCoQbcZr0pJ9MWKID_EiUZfWY9srOWLcz9J2dNRJC3OjvB2pFqI5qEpgQQ=s0,thehungtd_full_art,Sebek's Sorcerer,https://sites.google.com/view/thehungtd/latest-artworks/2024/phantom-nightmare,https://lh3.googleusercontent.com/sitesv/AG8ngQUh3z2PpqoHuugffljY7g-AtVtAvqErZbO8UjhgdlJuTgClcfFNeJoCWE5kj_GAcD8uv_J2LiPPClt2Hv4qugh4W00X1ktaA3l0cWuJxD6T8m-EojM6kZDgq0f4bVyHMwareLCoQbcZr0pJ9MWKID_EiUZfWY9srOWLcz9J2dNRJC3OjvB2pFqI5qEpgQQ=w1280,,True
Ice Barrier,1qOmNs0pXy7P2OvZEbDTA8XWMMjpriFxB,captions/ygo4_0002.json,Monster,Mirror Mage of the Ice Barrier,ygo4_0002,1qOmNs0pXy7P2OvZEbDTA8XWMMjpriFxB,new_card_first_release,,,images/ygo4_0002.png,2024-06-20,19621,1.0,exact_alias,Aqua,pending_konami_verification,9396662,,,2026-08-31T18:26:06+00:00,selected_pending_image_and_caption_qa,https://lh3.googleusercontent.com/sitesv/AG8ngQWI02NJ_QVa_JBr6gy59ehIaGuYNLFmizMrKA7B3oIeQNUdb7ivUh9WfSeYXB6DkeJyRdUCoMoV4N9vjDE24xo5UUaBedK3uOczg5dMFRZVnyd4iEUxmfjdCbGMjoLznX_-UeaC5Vb21Gc2vr0SlPwuhR4tocsDNguA-PYu6Qmb950JiFVTqoNPQN3s=s0,thehungtd_full_art,Mirror Magic Master of the Ice Barrier,https://sites.google.com/view/thehungtd/latest-artworks/2024/terminal-world,https://lh3.googleusercontent.com/sitesv/AG8ngQWI02NJ_QVa_JBr6gy59ehIaGuYNLFmizMrKA7B3oIeQNUdb7ivUh9WfSeYXB6DkeJyRdUCoMoV4N9vjDE24xo5UUaBedK3uOczg5dMFRZVnyd4iEUxmfjdCbGMjoLznX_-UeaC5Vb21Gc2vr0SlPwuhR4tocsDNguA-PYu6Qmb950JiFVTqoNPQN3s=w1280,,True
Mulcharmy,1FQJscrtZmHUuwQk8Rki9FnMIgFLnZPEY,captions/ygo4_0003.json,Monster,Mulcharmy Purulia,ygo4_0003,1FQJscrtZmHUuwQk8Rki9FnMIgFLnZPEY,new_card_first_release,,,images/ygo4_0003.png,2024-07-18,20206,1.0,exact_alias,Aqua,pending_konami_verification,84192580,,,2026-08-31T18:26:00+00:00,selected_pending_image_and_caption_qa,https://lh3.googleusercontent.com/sitesv/AG8ngQUALBj9oAdhnMeiF07kybk9luKS829iBrgmgOEGk-8YfiuQANBsApjJ8k2n710sXe69zQVrDO9QJBLbZkHXZjIiXdPAO_92sG96Y5AxodToFgc2jCphWPVixoDD3ogl3lSYTHpbdORU2cV4fzybiLIpWPGuxRnCfrI05-HGnyg-IPRpJ5m8WrtjumJt43E=s0,thehungtd_full_art,Multchummy Purulia,https://sites.google.com/view/thehungtd/latest-artworks/2024/infinite-forbidden,https://lh3.googleusercontent.com/sitesv/AG8ngQUALBj9oAdhnMeiF07kybk9luKS829iBrgmgOEGk-8YfiuQANBsApjJ8k2n710sXe69zQVrDO9QJBLbZkHXZjIiXdPAO_92sG96Y5AxodToFgc2jCphWPVixoDD3ogl3lSYTHpbdORU2cV4fzybiLIpWPGuxRnCfrI05-HGnyg-IPRpJ5m8WrtjumJt43E=w1280,,True
Memento,1MaswkxTpuNUzbTcF1QdE4Mu_sLX4guBV,captions/ygo4_0004.json,Monster,Mementotlan Akihiron,ygo4_0004,1MaswkxTpuNUzbTcF1QdE4Mu_sLX4guBV,new_card_first_release,,,images/ygo4_0004.png,2024-07-27,20491,1.0,exact_alias,Aqua,pending_konami_verification,54207171,,,2026-08-31T18:25:58+00:00,selected_pending_image_and_caption_qa,https://lh3.googleusercontent.com/sitesv/AG8ngQVUnhEIoyFQsCkeNe-mTbWfiKJ1Rp_1rHZUmWszpBVZ97moifQR4LafXbfCSBmVb1-LBr9_OEFODRrf-nNqoLdgU-Y6WanLYB2P_LNSqvT_V7fLnVE0DbIGB0IIK7Iju00jqtO8rPlBGyYDWE3SzuIG_ju-esw4SedW7C8jjAhyZKwgxMHpymVZoQ=s0,thehungtd_full_art,Mementotlan Akihiron,https://sites.google.com/view/thehungtd/latest-artworks/2024/rage-of-the-abyss,https://lh3.googleusercontent.com/sitesv/AG8ngQVUnhEIoyFQsCkeNe-mTbWfiKJ1Rp_1rHZUmWszpBVZ97moifQR4LafXbfCSBmVb1-LBr9_OEFODRrf-nNqoLdgU-Y6WanLYB2P_LNSqvT_V7fLnVE0DbIGB0IIK7Iju00jqtO8rPlBGyYDWE3SzuIG_ju-esw4SedW7C8jjAhyZKwgxMHpymVZoQ=w1280,,True
,1ipBSgk-6wRkoqmFER2NIvS4oMc6dTDeO,captions/ygo4_0005.json,Monster,Tsuru-Puru-Purun,ygo4_0005,1ipBSgk-6wRkoqmFER2NIvS4oMc6dTDeO,new_card_first_release,,,images/ygo4_0005.png,2024-07-27,20501,1.0,exact_alias,Aqua,pending_konami_verification,84635192,,,2026-08-31T18:25:58+00:00,selected_pending_image_and_caption_qa,https://lh3.googleusercontent.com/sitesv/AG8ngQUgmOxSlgQLfJaDSFt8vBUiXEpOZoKEVF4SJowkMdnYOqO5bBbvKZnHxZ8xLC0m1nJhrc0oE9yG2XagrrlKQXUr9w0amnD_hg_FUYgqwznjxb7j1Ny8b6lyD-V1TAIea2WXmnbBEAtDvPG56r0DFWXWjwf5-m0tG1VJal-CNLBWjeB3z-emUn-8bg=s0,thehungtd_full_art,Turu-Purupurun,https://sites.google.com/view/thehungtd/latest-artworks/2024/rage-of-the-abyss,https://lh3.googleusercontent.com/sitesv/AG8ngQUgmOxSlgQLfJaDSFt8vBUiXEpOZoKEVF4SJowkMdnYOqO5bBbvKZnHxZ8xLC0m1nJhrc0oE9yG2XagrrlKQXUr9w0amnD_hg_FUYgqwznjxb7j1Ny8b6lyD-V1TAIea2WXmnbBEAtDvPG56r0DFWXWjwf5-m0tG1VJal-CNLBWjeB3z-emUn-8bg=w1280,,True
Mimighoul,19NheqkWDabrYJ2LHTjcZjsaZQWJOGLEx,captions/ygo4_0006.json,Monster,Mimighoul Slime,ygo4_0006,19NheqkWDabrYJ2LHTjcZjsaZQWJOGLEx,new_card_first_release,,,images/ygo4_0006.png,2024-10-10,20716,1.0,exact_alias,Aqua,pending_konami_verification,80551022,,,2026-08-31T18:25:58+00:00,selected_pending_image_and_caption_qa,https://lh3.googleusercontent.com/sitesv/AG8ngQW6FUzfBYEl2IbYtaU0WVRy2KeOzK5K443RueaD5JOeWbYDQ9ci_gV8q657qcyAVYvQjT56KaXuHTrjYLCc7tNhYJE9J-olO-CZ1_YMgorr-lIhIp_4JXP0wui-eWNk0xzfPFOUp_yTEGOdkUq3cmnIqoWTJKvtGajGDY9wEdHeP8_dJmAcRf7QoXYi=s0,thehungtd_full_art,Mimighoul Slime,https://sites.google.com/view/thehungtd/latest-artworks/2024/rage-of-the-abyss,https://lh3.googleusercontent.com/sitesv/AG8ngQW6FUzfBYEl2IbYtaU0WVRy2KeOzK5K443RueaD5JOeWbYDQ9ci_gV8q657qcyAVYvQjT56KaXuHTrjYLCc7tNhYJE9J-olO-CZ1_YMgorr-lIhIp_4JXP0wui-eWNk0xzfPFOUp_yTEGOdkUq3cmnIqoWTJKvtGajGDY9wEdHeP8_dJmAcRf7QoXYi=w1280,,True
Abyss-,17080584,captions/ygo4_0007.json,Monster,"Abyssrhine, the Atlantean Spirit",ygo4_0007,,new_card_first_release,,,images/ygo4_0007.png,2024-07-27,20493,1.0,api_identity_exact,Aqua,pending_konami_verification,17080584,,Replaced passcode 86304179: available artwork was non-square composite,2026-08-31T18:26:10+00:00,selected_pending_image_and_caption_qa,https://images.ygoprodeck.com/images/cards_cropped/17080584.jpg,ygoprodeck_cropped_art,"Abyssrhine, the Atlantean Spirit",https://db.ygoprodeck.com/api/v7/cardinfo.php?misc=yes,https://images.ygoprodeck.com/images/cards_cropped/17080584.jpg,,True
,1qkV9d4ZqtlT28sUp06sRR3YvIdUz26ih,captions/ygo4_0008.json,Monster,Master of Ham,ygo4_0008,1qkV9d4ZqtlT28sUp06sRR3YvIdUz26ih,new_card_first_release,,,images/ygo4_0008.png,2024-02-08,19495,1.0,exact_alias,Beast,pending_konami_verification,9551692,,,2026-08-31T18:26:04+00:00,selected_pending_image_and_caption_qa,https://lh3.googleusercontent.com/sitesv/AG8ngQV41H4Gn5qyh3bYXTzLPrdsbmEgj0vhukyVNZ1cgS6LZldF8vTND4Suu8yteSwiSqENwvp9iN8EH_N6dwrdgsn0zgtGSDAzbu_BmfQLh_bCBndOOh_xaFuM7Zzd-VLU72SX2oPCO4u8tU_BG2EtZpqo2efGNwfRIcpZMhyYWy6pwjFrj0DGVcu2U6Mf5j4=s0,thehungtd_full_art,Master of Ham,https://sites.google.com/view/thehungtd/latest-artworks/2024/phantom-nightmare,https://lh3.googleusercontent.com/sitesv/AG8ngQV41H4Gn5qyh3bYXTzLPrdsbmEgj0vhukyVNZ1cgS6LZldF8vTND4Suu8yteSwiSqENwvp9iN8EH_N6dwrdgsn0zgtGSDAzbu_BmfQLh_bCBndOOh_xaFuM7Zzd-VLU72SX2oPCO4u8tU_BG2EtZpqo2efGNwfRIcpZMhyYWy6pwjFrj0DGVcu2U6Mf5j4=w1280,,True
,1KHeNfLM-RTfvsSppJqVEQaJIy3dGSHmO,captions/ygo4_0009.json,Monster,Principug,ygo4_0009,1KHeNfLM-RTfvsSppJqVEQaJIy3dGSHmO,new_card_first_release,,,images/ygo4_0009.png,2024-02-08,19489,1.0,exact_alias,Beast,pending_konami_verification,11496832,,,2026-08-31T18:26:04+00:00,selected_pending_image_and_caption_qa,https://lh3.googleusercontent.com/sitesv/AG8ngQVLqudca52sYwIqO8YRtSpESxFls-nCVYNqBI12rPOqnvkwA5E2yzaEoU2GIgIDSGyzAm74NgGN9ueBy37ObRFNyhVXwEp1rKVwKc2p6wwHExBPMCgWmyCJX1qTypGY8NhdDAJlRk_-1-lDneYp1bg36s700rokc2S1oBfumhAKgX20nYWqE8No7VJHD3E=s0,thehungtd_full_art,Principug,https://sites.google.com/view/thehungtd/latest-artworks/2024/phantom-nightmare,https://lh3.googleusercontent.com/sitesv/AG8ngQVLqudca52sYwIqO8YRtSpESxFls-nCVYNqBI12rPOqnvkwA5E2yzaEoU2GIgIDSGyzAm74NgGN9ueBy37ObRFNyhVXwEp1rKVwKc2p6wwHExBPMCgWmyCJX1qTypGY8NhdDAJlRk_-1-lDneYp1bg36s700rokc2S1oBfumhAKgX20nYWqE8No7VJHD3E=w1280,,True
,1vVhM5RxiV0YgpuD2tFKQa-_ydQmXtHSX,captions/ygo4_0010.json,Monster,Royal Rhino with Deceitful Dice,ygo4_0010,1vVhM5RxiV0YgpuD2tFKQa-_ydQmXtHSX,new_card_first_release,,,images/ygo4_0010.png,2024-02-08,19491,1.0,exact_alias,Beast,pending_konami_verification,74289646,,,2026-08-31T18:26:04+00:00,selected_pending_image_and_caption_qa,https://lh3.googleusercontent.com/sitesv/AG8ngQUnT6tO1lsjmJ1gol0EL2lwxr0U1V9sI6PyOMssPW3csyOWM4KY3oBwYRe7gKGkMxFxx8ahz39xP7Sf_wWW5I7imVu2fcRp5acCFEvz8sp9tP-1EattU0s9-popM2Wp4-bvjeGQZGeVZQaFqmkc1OpevUpKhSR5ZicL7RpnaXFEF_9w6c8kfR0nbkSu=s0,thehungtd_full_art,Dienos Stacking,https://sites.google.com/view/thehungtd/latest-artworks/2024/phantom-nightmare,https://lh3.googleusercontent.com/sitesv/AG8ngQUnT6tO1lsjmJ1gol0EL2lwxr0U1V9sI6PyOMssPW3csyOWM4KY3oBwYRe7gKGkMxFxx8ahz39xP7Sf_wWW5I7imVu2fcRp5acCFEvz8sp9tP-1EattU0s9-popM2Wp4-bvjeGQZGeVZQaFqmkc1OpevUpKhSR5ZicL7RpnaXFEF_9w6c8kfR0nbkSu=w1280,,True
Madolche,12a4LFLDm6Yqy6lUi4b8AcoJISzM-XX8h,captions/ygo4_0011.json,Monster,Madolche Mini Meowcaroons,ygo4_0011,12a4LFLDm6Yqy6lUi4b8AcoJISzM-XX8h,new_card_first_release,,,images/ygo4_0011.png,2024-07-18,20229,1.0,exact_alias,Beast,pending_konami_verification,38745241,,,2026-08-31T18:26:00+00:00,selected_pending_image_and_caption_qa,https://lh3.googleusercontent.com/sitesv/AG8ngQVTMGUGESP9Mlp5r5mswvkdF-tOVZLCLgatTeyuVgbEeSkRmlkGVZNWs84Js-VZjns7zhzZgdCk76QMgPJWo8-N4uqnnsVHv81j7zFC81BzG6CF6XLCF2irRbyWmOM7mA4Lgg9z36Lc5EW_9jJzzzHTXpIp6eHERlc12lURVk6ujwC7R5iIol1ICNKnPUo=s0,thehungtd_full_art,Madolche Mewgnard Meowcaron,https://sites.google.com/view/thehungtd/latest-artworks/2024/infinite-forbidden,https://lh3.googleusercontent.com/sitesv/AG8ngQVTMGUGESP9Mlp5r5mswvkdF-tOVZLCLgatTeyuVgbEeSkRmlkGVZNWs84Js-VZjns7zhzZgdCk76QMgPJWo8-N4uqnnsVHv81j7zFC81BzG6CF6XLCF2irRbyWmOM7mA4Lgg9z36Lc5EW_9jJzzzHTXpIp6eHERlc12lURVk6ujwC7R5iIol1ICNKnPUo=w1280,,True
Memento,1qJM8Tjq5S29YYW08MPunHq8CENzcYnY_,captions/ygo4_0012.json,Monster,Mementotlan Shleepy,ygo4_0012,1qJM8Tjq5S29YYW08MPunHq8CENzcYnY_,new_card_first_release,,,images/ygo4_0012.png,2024-07-18,20199,1.0,exact_alias,Beast,pending_konami_verification,50042011,,,2026-08-31T18:26:00+00:00,selected_pending_image_and_caption_qa,https://lh3.googleusercontent.com/sitesv/AG8ngQU07wHNCdBgreNkYaH3DKCl01ngAiyJRNgJ3TUU6QEZZE47GIsOqXvlo-Zcwmu14mupNYYyVeNqqXlqp1iY9iennF5pdDiQk4eoiM6Ai65bXrtj9Fho2Sjs60EVwcdltgFGaXLTeWtZPsA0DCJ5M7oNAMF7HPwWJ_u8QePwWrthusVTHEHdUGKP78ruUmA=s0,thehungtd_full_art,Mementotlan Mystical Sheep,https://sites.google.com/view/thehungtd/latest-artworks/2024/infinite-forbidden,https://lh3.googleusercontent.com/sitesv/AG8ngQU07wHNCdBgreNkYaH3DKCl01ngAiyJRNgJ3TUU6QEZZE47GIsOqXvlo-Zcwmu14mupNYYyVeNqqXlqp1iY9iennF5pdDiQk4eoiM6Ai65bXrtj9Fho2Sjs60EVwcdltgFGaXLTeWtZPsA0DCJ5M7oNAMF7HPwWJ_u8QePwWrthusVTHEHdUGKP78ruUmA=w1280,,True
Mimighoul,1em8V2snAUsLF5miBduspkXt6Hhe6wZrC,captions/ygo4_0013.json,Monster,Mimighoul Cerberus,ygo4_0013,1em8V2snAUsLF5miBduspkXt6Hhe6wZrC,new_card_first_release,,,images/ygo4_0013.png,2024-07-18,20430,1.0,exact_alias,Beast,pending_konami_verification,23920796,,,2026-08-31T18:26:00+00:00,selected_pending_image_and_caption_qa,https://lh3.googleusercontent.com/sitesv/AG8ngQX4yCJttEctQAGc2YbmL3jYODluApJgjk7eteb7doM6BVwZ0q8HfjrMn0fzxGKyxbUu2V5XXDFxPNKfONOU2dy9jXT_7eBnbejGtC9_ciFqOCzRtYtez702ZCRet12tCA5IAYcD84g1WGMN4ghaPUe8FFpK01pjUfr3OlOT8u_8vBfpShzsQE8GNg1rjLs=s0,thehungtd_full_art,Mimighoul Cerberus,https://sites.google.com/view/thehungtd/latest-artworks/2024/infinite-forbidden,https://lh3.googleusercontent.com/sitesv/AG8ngQX4yCJttEctQAGc2YbmL3jYODluApJgjk7eteb7doM6BVwZ0q8HfjrMn0fzxGKyxbUu2V5XXDFxPNKfONOU2dy9jXT_7eBnbejGtC9_ciFqOCzRtYtez702ZCRet12tCA5IAYcD84g1WGMN4ghaPUe8FFpK01pjUfr3OlOT8u_8vBfpShzsQE8GNg1rjLs=w1280,,True
,1thacdHk89niCVCXRTaEIJOoEgQ3spfDD,captions/ygo4_0014.json,Monster,Flipping Feline,ygo4_0014,1thacdHk89niCVCXRTaEIJOoEgQ3spfDD,new_card_first_release,,,images/ygo4_0014.png,2024-07-27,20502,1.0,exact_alias,Beast,pending_konami_verification,11024707,,,2026-08-31T18:25:58+00:00,selected_pending_image_and_caption_qa,https://lh3.googleusercontent.com/sitesv/AG8ngQUcFjG7qUxy6fU2qwmSkmeKsIGeC_nys_3-_1sts-VHxxJHQZAcjJKdWyiSKXgzRvESI2eyg1gH5Wvg38l0gWzlewbuX2AzJFcDuCn9BcuZThx4hFAa-Fc828y7l4ELeCN4wEK9GWx4CZP_sgrRF3BZPaIaY-_oqbScNkZjLiz8FqJG94oZ7T67idww_Qs=s0,thehungtd_full_art,Purrfect Lander,https://sites.google.com/view/thehungtd/latest-artworks/2024/rage-of-the-abyss,https://lh3.googleusercontent.com/sitesv/AG8ngQUcFjG7qUxy6fU2qwmSkmeKsIGeC_nys_3-_1sts-VHxxJHQZAcjJKdWyiSKXgzRvESI2eyg1gH5Wvg38l0gWzlewbuX2AzJFcDuCn9BcuZThx4hFAa-Fc828y7l4ELeCN4wEK9GWx4CZP_sgrRF3BZPaIaY-_oqbScNkZjLiz8FqJG94oZ7T67idww_Qs=w1280,,True
Chemicritter,38026562,captions/ygo4_0015.json,Monster,Vola-Chemicritter Methydraco,ygo4_0015,,new_card_first_release,,,images/ygo4_0015.png,2016-11-03,12640,1.0,api_identity_exact,Beast-Warrior,pending_konami_verification,38026562,,,2026-08-31T18:26:10+00:00,selected_pending_image_and_caption_qa,https://images.ygoprodeck.com/images/cards_cropped/38026562.jpg,ygoprodeck_cropped_art,Vola-Chemicritter Methydraco,https://db.ygoprodeck.com/api/v7/cardinfo.php?misc=yes,https://images.ygoprodeck.com/images/cards_cropped/38026562.jpg,,True
Subterror,68823957,captions/ygo4_0016.json,Monster,Subterror Nemesis Defender,ygo4_0016,,new_card_first_release,,,images/ygo4_0016.png,2017-02-09,12873,1.0,api_identity_exact,Beast-Warrior,pending_konami_verification,68823957,,,2026-08-31T18:26:10+00:00,selected_pending_image_and_caption_qa,https://images.ygoprodeck.com/images/cards_cropped/68823957.jpg,ygoprodeck_cropped_art,Subterror Nemesis Defender,https://db.ygoprodeck.com/api/v7/cardinfo.php?misc=yes,https://images.ygoprodeck.com/images/cards_cropped/68823957.jpg,,True
Zoodiac,74393852,captions/ygo4_0017.json,Monster,Zoodiac Boarbow,ygo4_0017,,new_card_first_release,,,images/ygo4_0017.png,2017-02-09,12789,1.0,api_identity_exact,Beast-Warrior,pending_konami_verification,74393852,,,2026-08-31T18:26:10+00:00,selected_pending_image_and_caption_qa,https://images.ygoprodeck.com/images/cards_cropped/74393852.jpg,ygoprodeck_cropped_art,Zoodiac Boarbow,https://db.ygoprodeck.com/api/v7/cardinfo.php?misc=yes,https://images.ygoprodeck.com/images/cards_cropped/74393852.jpg,,True
Utopic,1Ur4sOvM2-EuhXCCmykCpAW9db_pY5Cwm,captions/ygo4_0018.json,Monster,Full Armored Utopic Ray Lancer,ygo4_0018,1Ur4sOvM2-EuhXCCmykCpAW9db_pY5Cwm,new_card_first_release,,,images/ygo4_0018.png,2024-06-20,19721,1.0,exact_alias,Beast-Warrior,pending_konami_verification,1269512,,,2026-08-31T18:26:05+00:00,selected_pending_image_and_caption_qa,https://lh3.googleusercontent.com/sitesv/AG8ngQVHo0Z9fJ3vuz4I0Ixy8P7WWV64udhD_Ocmy9yjnESNNrQ7CADHaF4XBVMwHReKISqYhiJGYSqicVYAXXpnDezzwau1Iz8FjNucOcGtwQyXS8Ha7qtlaTNywqPN6HzK-Ms4NFzn-S5az_8v-huz3JYMczb_mvmxE79B0JUF0GtzXEn3zHGxPnY-rINKbQI=s0,thehungtd_full_art,Full Armored Utopic Ray Lancer,https://sites.google.com/view/thehungtd/latest-artworks/2024/quarter-century-duelist-box,https://lh3.googleusercontent.com/sitesv/AG8ngQVHo0Z9fJ3vuz4I0Ixy8P7WWV64udhD_Ocmy9yjnESNNrQ7CADHaF4XBVMwHReKISqYhiJGYSqicVYAXXpnDezzwau1Iz8FjNucOcGtwQyXS8Ha7qtlaTNywqPN6HzK-Ms4NFzn-S5az_8v-huz3JYMczb_mvmxE79B0JUF0GtzXEn3zHGxPnY-rINKbQI=w1280,,True
Millennium,1cWcg9zxs0EAHpuqu9QQJIcEh9bALF1rA,captions/ygo4_0019.json,Monster,Sengenjin Wakes from a Millennium,ygo4_0019,1cWcg9zxs0EAHpuqu9QQJIcEh9bALF1rA,new_card_first_release,,,images/ygo4_0019.png,2024-07-18,20180,1.0,exact_alias,Beast-Warrior,pending_konami_verification,38775407,,,2026-08-31T18:26:00+00:00,selected_pending_image_and_caption_qa,https://lh3.googleusercontent.com/sitesv/AG8ngQW2nEjbp64moGRmFDxJLckEFeXXMrpQDCB50Io4eKSHLm2v23D8N7Z2j_hPz149bvuVfOJ26PSZ6Mu2NhRoS9gQA7ce9mUyeOPc2YH6Z22otTAjenqaMijlOfXqg3oLlsCO3wOaNjKH4Z4uVTsbmDndKofryJIaGZwq6HcSv1HvzshgQrPhUxTOwnGuHS4=s0,thehungtd_full_art,The Caveman that Awoke after a Millennium,https://sites.google.com/view/thehungtd/latest-artworks/2024/infinite-forbidden,https://lh3.googleusercontent.com/sitesv/AG8ngQW2nEjbp64moGRmFDxJLckEFeXXMrpQDCB50Io4eKSHLm2v23D8N7Z2j_hPz149bvuVfOJ26PSZ6Mu2NhRoS9gQA7ce9mUyeOPc2YH6Z22otTAjenqaMijlOfXqg3oLlsCO3wOaNjKH4Z4uVTsbmDndKofryJIaGZwq6HcSv1HvzshgQrPhUxTOwnGuHS4=w1280,,True
Code Talker,1861629,captions/ygo4_0020.json,Monster,Decode Talker,ygo4_0020,,new_card_first_release,,,images/ygo4_0020.png,2017-07-20,13036,1.0,api_identity_exact,Cyberse,pending_konami_verification,1861629,,,2026-08-31T18:26:10+00:00,selected_pending_image_and_caption_qa,https://images.ygoprodeck.com/images/cards_cropped/1861629.jpg,ygoprodeck_cropped_art,Decode Talker,https://db.ygoprodeck.com/api/v7/cardinfo.php?misc=yes,https://images.ygoprodeck.com/images/cards_cropped/1861629.jpg,,True
,121naX2SUkJaxjGtWsNQenjgHJz7A2PWI,captions/ygo4_0021.json,Monster,Pitknight Filly,ygo4_0021,121naX2SUkJaxjGtWsNQenjgHJz7A2PWI,new_card_first_release,,,images/ygo4_0021.png,2023-10-19,19414,1.0,exact_alias,Cyberse,pending_konami_verification,25919316,,,2026-08-31T18:25:57+00:00,selected_pending_image_and_caption_qa,https://lh3.googleusercontent.com/sitesv/AG8ngQVg5po5P1_5qRqYnjDyvdoqPnQTmih3dxoiY_30RClCsek0PJS-YbPoZxedFn9tCtVFB5KT4WXz9ud1vUZ6tEIyktMJhQmXaAsUytiw789WtphnIOpuEDX0YMz7Ae2MDMvyhUblSNC02blMF20VBUOczaBHYgE6YXHC_eJm_VcLW31mhaC7wu-Lpg=s0,thehungtd_full_art,Pitknight Filly,https://sites.google.com/view/thehungtd/latest-artworks/2024/world-premiere-pack-2024,https://lh3.googleusercontent.com/sitesv/AG8ngQVg5po5P1_5qRqYnjDyvdoqPnQTmih3dxoiY_30RClCsek0PJS-YbPoZxedFn9tCtVFB5KT4WXz9ud1vUZ6tEIyktMJhQmXaAsUytiw789WtphnIOpuEDX0YMz7Ae2MDMvyhUblSNC02blMF20VBUOczaBHYgE6YXHC_eJm_VcLW31mhaC7wu-Lpg=w1280,,True
,1yXOJV06VBUJ2ag8GzLRWe4LsNdwP5rrQ,captions/ygo4_0022.json,Monster,EM:P Meowmine,ygo4_0022,1yXOJV06VBUJ2ag8GzLRWe4LsNdwP5rrQ,new_card_first_release,,,images/ygo4_0022.png,2024-02-08,19487,1.0,exact_alias,Cyberse,pending_konami_verification,48017189,,,2026-08-31T18:26:04+00:00,selected_pending_image_and_caption_qa,https://lh3.googleusercontent.com/sitesv/AG8ngQWuilPHDwrb1MR6lBuNdK7Xk631wQY9_HWeIwllPSHvinUKQJQIA70VCSlVDdMyP_WYGoGgUSiJhmtvsE5o4EIZPh8AD_nffyvGz-zbfRTpefVidswKDkUUROluVoz7gRwjeEEAAXcCJC3G5K6A1ccIKifwbE30tngzJM82YnYGNL0-T-wVhOLTahpn1kk=s0,thehungtd_full_art,EM:P Gremeowde,https://sites.google.com/view/thehungtd/latest-artworks/2024/phantom-nightmare,https://lh3.googleusercontent.com/sitesv/AG8ngQWuilPHDwrb1MR6lBuNdK7Xk631wQY9_HWeIwllPSHvinUKQJQIA70VCSlVDdMyP_WYGoGgUSiJhmtvsE5o4EIZPh8AD_nffyvGz-zbfRTpefVidswKDkUUROluVoz7gRwjeEEAAXcCJC3G5K6A1ccIKifwbE30tngzJM82YnYGNL0-T-wVhOLTahpn1kk=w1280,,True
,1jC0MYdqqg7T2YvrnAnTQtMHCiRcLH9K-,captions/ygo4_0023.json,Monster,Enigmaster Packbit,ygo4_0023,1jC0MYdqqg7T2YvrnAnTQtMHCiRcLH9K-,new_card_first_release,,,images/ygo4_0023.png,2024-02-08,19497,1.0,exact_alias,Cyberse,pending_konami_verification,72444406,,,2026-08-31T18:26:04+00:00,selected_pending_image_and_caption_qa,https://lh3.googleusercontent.com/sitesv/AG8ngQWGdsCOQjFbwUcDqmjIuwEzF6NjzsWZ3SWdDeqlimqvUigl8pieXpNIYGDKYcLBh1vIEIJaWTEFjaWtuVK97nfDfnefGBW4wH7b_blc7d51u2ilmDFdKItIn7aXdM_H8NTD8J2FMwIqiuQZ-g4rH4dmrbKpEBifrTYp0fM-LXcL9e8IIxngWhFeFGOl=s0,thehungtd_full_art,Enigmaster Packbit,https://sites.google.com/view/thehungtd/latest-artworks/2024/phantom-nightmare,https://lh3.googleusercontent.com/sitesv/AG8ngQWGdsCOQjFbwUcDqmjIuwEzF6NjzsWZ3SWdDeqlimqvUigl8pieXpNIYGDKYcLBh1vIEIJaWTEFjaWtuVK97nfDfnefGBW4wH7b_blc7d51u2ilmDFdKItIn7aXdM_H8NTD8J2FMwIqiuQZ-g4rH4dmrbKpEBifrTYp0fM-LXcL9e8IIxngWhFeFGOl=w1280,,True
,1j3zxFZbhDE7cMGf_ObXs56Rr05qPt9mp,captions/ygo4_0024.json,Monster,Code of Soul,ygo4_0024,1j3zxFZbhDE7cMGf_ObXs56Rr05qPt9mp,new_card_first_release,,,images/ygo4_0024.png,2024-04-25,19723,1.0,exact_alias,Cyberse,pending_konami_verification,74652966,,,2026-08-31T18:26:05+00:00,selected_pending_image_and_caption_qa,https://lh3.googleusercontent.com/sitesv/AG8ngQXN8lZOBvmb6iPncBdg7yKeCEUZ-iyZnwWbkbpif7W-I7-HSg8mjL53Yfr-C50JP8DtsKAonVvPB3ccyOmX4OeJgMzUnIWkOP7i5gBUHFOD-hTt7KwhprweOMiM-KTPozn1Jkqw0gaeT-5sTLgh0Cni1O0bQw4SgmH_eZQHZJk4vV-2x2dFJZJ4oP03sS0=s0,thehungtd_full_art,Code of Soul,https://sites.google.com/view/thehungtd/latest-artworks/2024/quarter-century-duelist-box,https://lh3.googleusercontent.com/sitesv/AG8ngQXN8lZOBvmb6iPncBdg7yKeCEUZ-iyZnwWbkbpif7W-I7-HSg8mjL53Yfr-C50JP8DtsKAonVvPB3ccyOmX4OeJgMzUnIWkOP7i5gBUHFOD-hTt7KwhprweOMiM-KTPozn1Jkqw0gaeT-5sTLgh0Cni1O0bQw4SgmH_eZQHZJk4vV-2x2dFJZJ4oP03sS0=w1280,,True
,1kX-236cJIgHC9tdoN-LwPtFmiqIBxfT5,captions/ygo4_0025.json,Monster,L Magi Mergy,ygo4_0025,1kX-236cJIgHC9tdoN-LwPtFmiqIBxfT5,new_card_first_release,,,images/ygo4_0025.png,2024-07-27,20503,1.0,exact_alias,Cyberse,pending_konami_verification,47028805,,,2026-08-31T18:25:58+00:00,selected_pending_image_and_caption_qa,https://lh3.googleusercontent.com/sitesv/AG8ngQVXnVCPPK4NIrtLAAJxmdqJcC5QYLFdtArboUA7TswuwuiPVc1COZvs16R3WugmlqdEyTiLg5NUzjlgNWLqDzemkgHznjPV47ig2kkHFxZLRS5EjIoNxHjp4lGZbjGsETRnTGRXyKurrSvg_R8Ney6xKf6DbUKJA47Fat9DiujF8EjYZ02cMjp7SHvc=s0,thehungtd_full_art,Lil' Maji Mage,https://sites.google.com/view/thehungtd/latest-artworks/2024/rage-of-the-abyss,https://lh3.googleusercontent.com/sitesv/AG8ngQVXnVCPPK4NIrtLAAJxmdqJcC5QYLFdtArboUA7TswuwuiPVc1COZvs16R3WugmlqdEyTiLg5NUzjlgNWLqDzemkgHznjPV47ig2kkHFxZLRS5EjIoNxHjp4lGZbjGsETRnTGRXyKurrSvg_R8Ney6xKf6DbUKJA47Fat9DiujF8EjYZ02cMjp7SHvc=w1280,,True
,184bu_nOBGXMe50rudEqfVyLQXbs3o-6p,captions/ygo4_0026.json,Monster,Template Skipper,ygo4_0026,184bu_nOBGXMe50rudEqfVyLQXbs3o-6p,new_card_first_release,,,images/ygo4_0026.png,2025-01-23,20765,1.0,exact_alias,Cyberse,pending_konami_verification,24521325,,,2026-08-31T18:25:56+00:00,selected_pending_image_and_caption_qa,https://lh3.googleusercontent.com/sitesv/AG8ngQWYZoS9YacUEl_Bc0QUYYTVs2V2hZTWOm__IZ6EyZfJ2mVay_XcPxW7fuk7GO9m7CXvR1tdRcBdDR7kShcHNh6YdVOSQ5sNfOFqqQLr3TPa08yjPAGT49TKNcMKls2ygZq3Ru5u85i_uQ69qf4cmAsZPafGUeqceaODtAR87Gcgwj4Dhat77p9NtHSR=s0,thehungtd_full_art,Template Skipper,https://sites.google.com/view/thehungtd/latest-artworks/2024/supreme-darkness,https://lh3.googleusercontent.com/sitesv/AG8ngQWYZoS9YacUEl_Bc0QUYYTVs2V2hZTWOm__IZ6EyZfJ2mVay_XcPxW7fuk7GO9m7CXvR1tdRcBdDR7kShcHNh6YdVOSQ5sNfOFqqQLr3TPa08yjPAGT49TKNcMKls2ygZq3Ru5u85i_uQ69qf4cmAsZPafGUeqceaODtAR87Gcgwj4Dhat77p9NtHSR=w1280,,True
Bonding,43017476,captions/ygo4_0027.json,Monster,Duoterion,ygo4_0027,,new_card_first_release,,,images/ygo4_0027.png,2017-09-07,13189,1.0,api_identity_exact,Dinosaur,pending_konami_verification,43017476,,,2026-08-31T18:26:10+00:00,selected_pending_image_and_caption_qa,https://images.ygoprodeck.com/images/cards_cropped/43017476.jpg,ygoprodeck_cropped_art,Duoterion,https://db.ygoprodeck.com/api/v7/cardinfo.php?misc=yes,https://images.ygoprodeck.com/images/cards_cropped/43017476.jpg,,True
Ninja,90247311,captions/ygo4_0028.json,Monster,Yellow Dragon Ninja,ygo4_0028,,new_card_first_release,,,images/ygo4_0028.png,2018-08-16,14004,1.0,api_identity_exact,Dinosaur,pending_konami_verification,90247311,,,2026-08-31T18:26:10+00:00,selected_pending_image_and_caption_qa,https://images.ygoprodeck.com/images/cards_cropped/90247311.jpg,ygoprodeck_cropped_art,Yellow Dragon Ninja,https://db.ygoprodeck.com/api/v7/cardinfo.php?misc=yes,https://images.ygoprodeck.com/images/cards_cropped/90247311.jpg,,True
Dinowrestler,93507434,captions/ygo4_0029.json,Monster,Dinowrestler Capaptera,ygo4_0029,,new_card_first_release,,,images/ygo4_0029.png,2018-10-18,13893,1.0,api_identity_exact,Dinosaur,pending_konami_verification,93507434,,,2026-08-31T18:26:10+00:00,selected_pending_image_and_caption_qa,https://images.ygoprodeck.com/images/cards_cropped/93507434.jpg,ygoprodeck_cropped_art,Dinowrestler Capaptera,https://db.ygoprodeck.com/api/v7/cardinfo.php?misc=yes,https://images.ygoprodeck.com/images/cards_cropped/93507434.jpg,,True
Dinowrestler,29996433,captions/ygo4_0030.json,Monster,Dinowrestler Capoeiraptor,ygo4_0030,,new_card_first_release,,,images/ygo4_0030.png,2018-10-18,13894,1.0,api_identity_exact,Dinosaur,pending_konami_verification,29996433,,,2026-08-31T18:26:10+00:00,selected_pending_image_and_caption_qa,https://images.ygoprodeck.com/images/cards_cropped/29996433.jpg,ygoprodeck_cropped_art,Dinowrestler Capoeiraptor,https://db.ygoprodeck.com/api/v7/cardinfo.php?misc=yes,https://images.ygoprodeck.com/images/cards_cropped/29996433.jpg,,True
Egyptian God,10000002,captions/ygo4_0031.json,Monster,Obelisk the Tormentor,ygo4_0031,,modern_artwork_exception,https://www.db.yugioh-card.com/yugiohdb/card_search.action?cid=4998&ope=2&request_locale=en,No Divine-Beast card identity first entered the TCG during the eligibility window. The official database records an in-window TCG printing on 2016-09-02. The clean unsigned alternate export is included only to satisfy every-monster-type coverage; its artwork debut remains pending manual proof.,images/ygo4_0031.png,2010-01-01,4998,1.0,api_identity_exact,Divine-Beast,official_identity_and_in_window_reprint_verified_artwork_debut_pending,10000000,2016-09-02,,2026-08-31T18:26:10+00:00,selected_pending_image_and_caption_qa,https://images.ygoprodeck.com/images/cards_cropped/10000002.jpg,ygoprodeck_cropped_art,Obelisk the Tormentor,https://db.ygoprodeck.com/api/v7/cardinfo.php?misc=yes,https://images.ygoprodeck.com/images/cards_cropped/10000002.jpg,,False
Dogmatika,159YjPqPLQ3AiFwbnpaWoKcuv0_jRkb9O,captions/ygo4_0032.json,Monster,Fallen of Albaz,ygo4_0032,159YjPqPLQ3AiFwbnpaWoKcuv0_jRkb9O,new_card_first_release,,,images/ygo4_0032.png,2020-08-06,15245,1.0,exact_alias,Dragon,pending_konami_verification,68468459,,,2026-08-31T18:25:56+00:00,selected_pending_image_and_caption_qa,https://lh3.googleusercontent.com/sitesv/AG8ngQXA57Whi4H7Yn1rSrsf4EPtHLkbnvEh-WQEK0R0TyqoB2rSudQmNI_dFAQc9STv47COyAmGBwpM3GsLISREm4kchtmAu8iHuCCcNHDBJn-W5l2mwSq75Pf0NWRmjZjZl-_bimA5TTWxOXrYs8awiWYcsDJzI2KdlzS2aaDtGPHIr4zhvapje26_YyB1NPY=s0,thehungtd_full_art,Fallen of Albaz 2nd,https://sites.google.com/view/thehungtd/latest-artworks/2024/other,https://lh3.googleusercontent.com/sitesv/AG8ngQXA57Whi4H7Yn1rSrsf4EPtHLkbnvEh-WQEK0R0TyqoB2rSudQmNI_dFAQc9STv47COyAmGBwpM3GsLISREm4kchtmAu8iHuCCcNHDBJn-W5l2mwSq75Pf0NWRmjZjZl-_bimA5TTWxOXrYs8awiWYcsDJzI2KdlzS2aaDtGPHIr4zhvapje26_YyB1NPY=w1280,,True
,1aDSa3oVOLIc63ocEOBokffaeqnfa8BXS,captions/ygo4_0033.json,Monster,Kuibelt the Blade Dragon,ygo4_0033,1aDSa3oVOLIc63ocEOBokffaeqnfa8BXS,new_card_first_release,,,images/ygo4_0033.png,2023-07-27,19081,1.0,exact_alias,Dragon,pending_konami_verification,87837090,,,2026-08-31T18:25:57+00:00,selected_pending_image_and_caption_qa,https://lh3.googleusercontent.com/sitesv/AG8ngQUGbTmFjweumCZgz1wklU41djNV25-KPhYxCPwgqabipLi_6eXEYeQORPvtgr5ysbS7DuVuc_MA0N_3Yg2gTs_bv6Vug5GY00hXsVZhsXeq_SZEktfW8NdH5F5kN8KRwBMfqn7EbVp2rp85lZe_Q9gjnAnIhAJRv5JcUkMhd7OlwFZwFmeOjiOKWI9d-Ho=s0,thehungtd_full_art,Kuibelt the Blade Dragon,https://sites.google.com/view/thehungtd/latest-artworks/2024/world-premiere-pack-2024,https://lh3.googleusercontent.com/sitesv/AG8ngQUGbTmFjweumCZgz1wklU41djNV25-KPhYxCPwgqabipLi_6eXEYeQORPvtgr5ysbS7DuVuc_MA0N_3Yg2gTs_bv6Vug5GY00hXsVZhsXeq_SZEktfW8NdH5F5kN8KRwBMfqn7EbVp2rp85lZe_Q9gjnAnIhAJRv5JcUkMhd7OlwFZwFmeOjiOKWI9d-Ho=w1280,,True
Flame Swordsman,1U5qNFhs5YKoJo8OidebgnNAelTP63bLR,captions/ygo4_0034.json,Monster,Fighting Flame Dragon,ygo4_0034,1U5qNFhs5YKoJo8OidebgnNAelTP63bLR,new_card_first_release,,,images/ygo4_0034.png,2024-01-18,19728,1.0,exact_alias,Dragon,pending_konami_verification,36319131,,,2026-08-31T18:25:57+00:00,selected_pending_image_and_caption_qa,https://lh3.googleusercontent.com/sitesv/AG8ngQVzrgXiuTrUXTs-dTsK5axzjfTwThzH90f-aQdGF1p0gk0CN4_hHNMgSqrXXAXcLiU5X08ANhooc_c4PSeL-9X2iqOxQ8wh4adQqJZy3ysIfC_vo89ppLWfaLGCowAmtlIYxISLjODCtw_fhfk9qOcod9QNArvhQ_jJG0ItWZLlZzm9KR5SOh2S2uJ2-xg=s0,thehungtd_full_art,Fighting Flame Dragon,https://sites.google.com/view/thehungtd/latest-artworks/2024/world-premiere-pack-2024,https://lh3.googleusercontent.com/sitesv/AG8ngQVzrgXiuTrUXTs-dTsK5axzjfTwThzH90f-aQdGF1p0gk0CN4_hHNMgSqrXXAXcLiU5X08ANhooc_c4PSeL-9X2iqOxQ8wh4adQqJZy3ysIfC_vo89ppLWfaLGCowAmtlIYxISLjODCtw_fhfk9qOcod9QNArvhQ_jJG0ItWZLlZzm9KR5SOh2S2uJ2-xg=w1280,,True
Flame Swordsman,1cPgkljHQO3Gk3fB26XmOWm-kCy66l5o1,captions/ygo4_0035.json,Monster,"Salamandra, the Flying Flame Dragon",ygo4_0035,1cPgkljHQO3Gk3fB26XmOWm-kCy66l5o1,new_card_first_release,,,images/ygo4_0035.png,2024-01-18,19725,1.0,exact_alias,Dragon,pending_konami_verification,37531679,,,2026-08-31T18:25:57+00:00,selected_pending_image_and_caption_qa,https://lh3.googleusercontent.com/sitesv/AG8ngQW6XZWKtxCSII2wa2xiQom-H4yzKvZ4Kiu1HPZxoKMN4uBA4Tr3KYLjQ9U6t5p82J8V5qyRIRJ7c4Fx86759Tn50eqtlFMq5OT4LbK127MgAcZWTiUE36-6GjlsYp9iyZXS-P9D0z1gfTF3waUxHer_A4o3denAUpXS1u0R31FK538vCpdi1RWEdHc-nK0=s0,thehungtd_full_art,"Salamandra, the Flying Flame Dragon",https://sites.google.com/view/thehungtd/latest-artworks/2024/world-premiere-pack-2024,https://lh3.googleusercontent.com/sitesv/AG8ngQW6XZWKtxCSII2wa2xiQom-H4yzKvZ4Kiu1HPZxoKMN4uBA4Tr3KYLjQ9U6t5p82J8V5qyRIRJ7c4Fx86759Tn50eqtlFMq5OT4LbK127MgAcZWTiUE36-6GjlsYp9iyZXS-P9D0z1gfTF3waUxHer_A4o3denAUpXS1u0R31FK538vCpdi1RWEdHc-nK0=w1280,,True
,13qN7-iATXFbO95IsgFJOru2uLbt04OBm,captions/ygo4_0036.json,Monster,Vagnawa the Moon-Eating Dragon,ygo4_0036,13qN7-iATXFbO95IsgFJOru2uLbt04OBm,new_card_first_release,,,images/ygo4_0036.png,2024-02-08,19498,1.0,exact_alias,Dragon,pending_konami_verification,9839115,,,2026-08-31T18:26:04+00:00,selected_pending_image_and_caption_qa,https://lh3.googleusercontent.com/sitesv/AG8ngQXopsdXhW-eGO5o2ebe4Qk8nGViF3JX8csXGR7zZ2T3DF9bMA0y5BOqSJa_ZgfuGi1apnf4ZVG16zgigGzonqs1Iqhlfvd3NfmZHV_Hg_sPvwpvu2xhuc26-NJjBmeSle9mFr2wlgz4ru7C2GFMy1I8SY_J7fh-q0gDcXHK_BjAk9hiu2uELGFzieAC=s0,thehungtd_full_art,Moonhaze Dragon Vagnawa,https://sites.google.com/view/thehungtd/latest-artworks/2024/phantom-nightmare,https://lh3.googleusercontent.com/sitesv/AG8ngQXopsdXhW-eGO5o2ebe4Qk8nGViF3JX8csXGR7zZ2T3DF9bMA0y5BOqSJa_ZgfuGi1apnf4ZVG16zgigGzonqs1Iqhlfvd3NfmZHV_Hg_sPvwpvu2xhuc26-NJjBmeSle9mFr2wlgz4ru7C2GFMy1I8SY_J7fh-q0gDcXHK_BjAk9hiu2uELGFzieAC=w1280,,True
,1WWZw9nZGLGP8YX3vD-d8Gv-DVSLFPRZE,captions/ygo4_0037.json,Monster,Aiza the Dragoness of Deranged Devotion,ygo4_0037,1WWZw9nZGLGP8YX3vD-d8Gv-DVSLFPRZE,new_card_first_release,,,images/ygo4_0037.png,2024-04-25,20064,1.0,exact_alias,Dragon,pending_konami_verification,63378869,,,2026-08-31T18:25:57+00:00,selected_pending_image_and_caption_qa,https://lh3.googleusercontent.com/sitesv/AG8ngQUqV2ZeDRP2UeuqQ_mNAb1SObPAq2te9fvTynyw9qELimyxhCgG4MIsNo8_e1lNWZ1AALeyiHPAgmJMmYMPtF5qEy8qvaunV6GiQf2sss29irSWXZpR5DE14UytHN2SE7kHCnrCBDJEpa8e0QnsYKa7dY5wk97dr3T0QGeCcx-rCvtr6DwBIjJQ50YAtmg=s0,thehungtd_full_art,Aiza the Dragoness of Deranged Devotion,https://sites.google.com/view/thehungtd/latest-artworks/2024/world-premiere-pack-2024,https://lh3.googleusercontent.com/sitesv/AG8ngQUqV2ZeDRP2UeuqQ_mNAb1SObPAq2te9fvTynyw9qELimyxhCgG4MIsNo8_e1lNWZ1AALeyiHPAgmJMmYMPtF5qEy8qvaunV6GiQf2sss29irSWXZpR5DE14UytHN2SE7kHCnrCBDJEpa8e0QnsYKa7dY5wk97dr3T0QGeCcx-rCvtr6DwBIjJQ50YAtmg=w1280,,True
Centur-Ion,1oyxyfTR3jdBFEJyrJzEf1uf1zjOPvS-w,captions/ygo4_0038.json,Monster,Centur-Ion Auxila,ygo4_0038,1oyxyfTR3jdBFEJyrJzEf1uf1zjOPvS-w,new_card_first_release,,,images/ygo4_0038.png,2024-04-25,19883,1.0,exact_alias,Dragon,pending_konami_verification,71858682,,,2026-08-31T18:26:02+00:00,selected_pending_image_and_caption_qa,https://lh3.googleusercontent.com/sitesv/AG8ngQX_mTxd3ugmHalIeEf4aFE0q9c_5vHwJ_f5o6LwmjYZFqwp5HcVnHhqIOFoGJBndK04UXKZQ7ObMUEAXc69D0DXfU7hQg-BChCGRyGrH1F3JWAO6wAE-8Y9tKDIqFEUyIsHNmMOUoPwf9sgOP4Yuu52EFYZCSL9N1FOnlb9gfRX2PqlqIrMbVqQLDWV7iA=s0,thehungtd_full_art,Centur-Ion Arkcoela,https://sites.google.com/view/thehungtd/latest-artworks/2024/legacy-of-destruction,https://lh3.googleusercontent.com/sitesv/AG8ngQX_mTxd3ugmHalIeEf4aFE0q9c_5vHwJ_f5o6LwmjYZFqwp5HcVnHhqIOFoGJBndK04UXKZQ7ObMUEAXc69D0DXfU7hQg-BChCGRyGrH1F3JWAO6wAE-8Y9tKDIqFEUyIsHNmMOUoPwf9sgOP4Yuu52EFYZCSL9N1FOnlb9gfRX2PqlqIrMbVqQLDWV7iA=w1280,,True
Centur-Ion,1OybkX_xzjP2WqzKgS3Y0-orsIQg8raSe,captions/ygo4_0039.json,Monster,Centur-Ion Gargoyle II,ygo4_0039,1OybkX_xzjP2WqzKgS3Y0-orsIQg8raSe,new_card_first_release,,,images/ygo4_0039.png,2024-04-25,19862,1.0,exact_alias,Dragon,pending_konami_verification,97698279,,,2026-08-31T18:26:02+00:00,selected_pending_image_and_caption_qa,https://lh3.googleusercontent.com/sitesv/AG8ngQVfLpixdc9D5R1QUpFIQDwpNjjOJuWtnQHrhYekoLV2_Sa90Jaeg8x7cuAwU4nzumwRio9ulVsDhyXmxXwXYD27J0QBFfNRn7z3ktiixckMsdLIsaeOp3lngDjBUMiTzGeewv5qAIOl4SEY6ILepvpahwE6yz4Vq8jg7eKAN4_zi7knZKb7u0QZa6-mk-w=s0,thehungtd_full_art,Centur-Ion Gargoyle II,https://sites.google.com/view/thehungtd/latest-artworks/2024/legacy-of-destruction,https://lh3.googleusercontent.com/sitesv/AG8ngQVfLpixdc9D5R1QUpFIQDwpNjjOJuWtnQHrhYekoLV2_Sa90Jaeg8x7cuAwU4nzumwRio9ulVsDhyXmxXwXYD27J0QBFfNRn7z3ktiixckMsdLIsaeOp3lngDjBUMiTzGeewv5qAIOl4SEY6ILepvpahwE6yz4Vq8jg7eKAN4_zi7knZKb7u0QZa6-mk-w=w1280,,True
,1eFlgXlgYclE-WVQjlOVAkbxQRexnYxtx,captions/ygo4_0040.json,Monster,Enlightenment Dragon,ygo4_0040,1eFlgXlgYclE-WVQjlOVAkbxQRexnYxtx,new_card_first_release,,,images/ygo4_0040.png,2024-04-25,19879,1.0,exact_alias,Dragon,pending_konami_verification,46186135,,,2026-08-31T18:26:02+00:00,selected_pending_image_and_caption_qa,https://lh3.googleusercontent.com/sitesv/AG8ngQXCp87E5LjUHj2ywvSEizbkMNwbqaNHF_mXNlNliRoGA9I8OEoj9TkNwy29S0rKEZAYii6IypZZraZKRe-GE7pnHNDFzpksoFRA6gVDHE2RVfkMWh65hn9DC48oloa699YnrsqPNPZpFxQk6ouin3f8zz5xfbnCrHLS65qw-hmojLlcaNttmrnSmFGAsws=s0,thehungtd_full_art,Enlightenment Dragon,https://sites.google.com/view/thehungtd/latest-artworks/2024/legacy-of-destruction,https://lh3.googleusercontent.com/sitesv/AG8ngQXCp87E5LjUHj2ywvSEizbkMNwbqaNHF_mXNlNliRoGA9I8OEoj9TkNwy29S0rKEZAYii6IypZZraZKRe-GE7pnHNDFzpksoFRA6gVDHE2RVfkMWh65hn9DC48oloa699YnrsqPNPZpFxQk6ouin3f8zz5xfbnCrHLS65qw-hmojLlcaNttmrnSmFGAsws=w1280,,True
Gandora,1RMgliLl82FOAOWlyKoKQ9thb2AvxfOvj,captions/ygo4_0041.json,Monster,Gandora-G the Dragon of Destruction,ygo4_0041,1RMgliLl82FOAOWlyKoKQ9thb2AvxfOvj,new_card_first_release,,,images/ygo4_0041.png,2024-04-25,19842,1.0,exact_alias,Dragon,pending_konami_verification,2333466,,,2026-08-31T18:26:02+00:00,selected_pending_image_and_caption_qa,https://lh3.googleusercontent.com/sitesv/AG8ngQUk4mPZnmTu5xh-7C-E6cKYWCmDm7wvBmP7WAQdUwqSvDx4thO4E_d2efqqLtYNLVnozsPyE-8xCk0WPO5tsfQc7rVbF-cv55hEubcDODeIyeCnctI-vYE1Bcqg_Ge3GAP52jkg8AxIBvmjIWWCC2NvU7SFo2pJ9nHErmsJs2ojUoLtEyRMVRB3sIR_ov0=s0,thehungtd_full_art,Geas Gandora the Dragon of Destruction,https://sites.google.com/view/thehungtd/latest-artworks/2024/legacy-of-destruction,https://lh3.googleusercontent.com/sitesv/AG8ngQUk4mPZnmTu5xh-7C-E6cKYWCmDm7wvBmP7WAQdUwqSvDx4thO4E_d2efqqLtYNLVnozsPyE-8xCk0WPO5tsfQc7rVbF-cv55hEubcDODeIyeCnctI-vYE1Bcqg_Ge3GAP52jkg8AxIBvmjIWWCC2NvU7SFo2pJ9nHErmsJs2ojUoLtEyRMVRB3sIR_ov0=w1280,,True
Lightsworn,1Dys0z07UktbMJHs5-LcmhQPzaqz1nMK7,captions/ygo4_0042.json,Monster,Lightsworn Dragonling,ygo4_0042,1Dys0z07UktbMJHs5-LcmhQPzaqz1nMK7,new_card_first_release,,,images/ygo4_0042.png,2024-04-25,19864,1.0,exact_alias,Dragon,pending_konami_verification,59481082,,,2026-08-31T18:26:02+00:00,selected_pending_image_and_caption_qa,https://lh3.googleusercontent.com/sitesv/AG8ngQUmi7KSl3LaSLBSxBmXUuY4YhYAq7w3362RujfK8TC7ZruaXmq8iHOLLPc0CcoIzE3l9ZC8e_s8jWIAxsveXoHs3L2xHMgby1U2xkgjL0807Bs0_TSaPGRnNZbnNyTvT2qDXqRAM2CiNtE5Y7IHB0eGpPxnfPEK5O8421UceCGgHJsjyuezgzyEwurL=s0,thehungtd_full_art,Dragon of Lightsworn,https://sites.google.com/view/thehungtd/latest-artworks/2024/legacy-of-destruction,https://lh3.googleusercontent.com/sitesv/AG8ngQUmi7KSl3LaSLBSxBmXUuY4YhYAq7w3362RujfK8TC7ZruaXmq8iHOLLPc0CcoIzE3l9ZC8e_s8jWIAxsveXoHs3L2xHMgby1U2xkgjL0807Bs0_TSaPGRnNZbnNyTvT2qDXqRAM2CiNtE5Y7IHB0eGpPxnfPEK5O8421UceCGgHJsjyuezgzyEwurL=w1280,,True
Sangen,1JIyzHp2J4sPZ3XLMI8OYnyXo3BcqCqFA,captions/ygo4_0043.json,Monster,Sangenpai Bident Dragion,ygo4_0043,1JIyzHp2J4sPZ3XLMI8OYnyXo3BcqCqFA,new_card_first_release,,,images/ygo4_0043.png,2024-04-25,19880,1.0,exact_alias,Dragon,pending_konami_verification,82570174,,,2026-08-31T18:26:02+00:00,selected_pending_image_and_caption_qa,https://lh3.googleusercontent.com/sitesv/AG8ngQWgtL_HCJxzRmpH8OGO4RIRCjtT83cfK1i37j43FRPYao4Jd1q7RBDd1A23WL76P1R0GIAfFBhhA2fPt-otXQaJu4a2GiYP47jd0YX-IYB15y6c6fh4YAmNGIK9hdmG50lx7kW-aoMwVCgsPIQUEKBv_QOPcDGhgAt9toK7aMjns0nK6ZQw63vNrcg6gbw=s0,thehungtd_full_art,Sangen Risedragon Bident Dragion,https://sites.google.com/view/thehungtd/latest-artworks/2024/legacy-of-destruction,https://lh3.googleusercontent.com/sitesv/AG8ngQWgtL_HCJxzRmpH8OGO4RIRCjtT83cfK1i37j43FRPYao4Jd1q7RBDd1A23WL76P1R0GIAfFBhhA2fPt-otXQaJu4a2GiYP47jd0YX-IYB15y6c6fh4YAmNGIK9hdmG50lx7kW-aoMwVCgsPIQUEKBv_QOPcDGhgAt9toK7aMjns0nK6ZQw63vNrcg6gbw=w1280,,True
Sangen,1mkHytBq_bu8k-xKEVMbGSr-Xzp4L_AlA,captions/ygo4_0044.json,Monster,Sangenpai Transcendent Dragion,ygo4_0044,1mkHytBq_bu8k-xKEVMbGSr-Xzp4L_AlA,new_card_first_release,,,images/ygo4_0044.png,2024-04-25,19881,1.0,exact_alias,Dragon,pending_konami_verification,18969888,,,2026-08-31T18:26:02+00:00,selected_pending_image_and_caption_qa,https://lh3.googleusercontent.com/sitesv/AG8ngQXMo0k-e0D9ieUa-euzjFQdAKYD-8-aGuWLNWOtFE_f4FZB9dobqqgppYY5Jh_fmHOZENGoR5sXNFsJ0vbk6InYHLbzP4Dmj8arko2ps5fwpyioAVkby9pxVyyWaz8boQsGTFn2ip3SgEV2amRbxsVJDqY5LYprpD01TrUTS4CBk9Q1t-OOmN9f2u_smxE=s0,thehungtd_full_art,Sangen Superdragon Transcend Dragion,https://sites.google.com/view/thehungtd/latest-artworks/2024/legacy-of-destruction,https://lh3.googleusercontent.com/sitesv/AG8ngQXMo0k-e0D9ieUa-euzjFQdAKYD-8-aGuWLNWOtFE_f4FZB9dobqqgppYY5Jh_fmHOZENGoR5sXNFsJ0vbk6InYHLbzP4Dmj8arko2ps5fwpyioAVkby9pxVyyWaz8boQsGTFn2ip3SgEV2amRbxsVJDqY5LYprpD01TrUTS4CBk9Q1t-OOmN9f2u_smxE=w1280,,True
Rokket,67748760,captions/ygo4_0045.json,Monster,Absorouter Dragon,ygo4_0045,,new_card_first_release,,,images/ygo4_0045.png,2019-08-15,14618,1.0,api_identity_exact,Dragon,pending_konami_verification,67748760,,Replaced passcode 48654267: available artwork was non-square composite,2026-08-31T18:26:10+00:00,selected_pending_image_and_caption_qa,https://images.ygoprodeck.com/images/cards_cropped/67748760.jpg,ygoprodeck_cropped_art,Absorouter Dragon,https://db.ygoprodeck.com/api/v7/cardinfo.php?misc=yes,https://images.ygoprodeck.com/images/cards_cropped/67748760.jpg,,True
Tenpai Dragon,1WpdTJ08zLZYFZjfDa6ktOk8a6Jt3-YjJ,captions/ygo4_0046.json,Monster,Tenpai Dragon Paidra,ygo4_0046,1WpdTJ08zLZYFZjfDa6ktOk8a6Jt3-YjJ,new_card_first_release,,,images/ygo4_0046.png,2024-04-25,19857,1.0,exact_alias,Dragon,pending_konami_verification,39931513,,,2026-08-31T18:26:02+00:00,selected_pending_image_and_caption_qa,https://lh3.googleusercontent.com/sitesv/AG8ngQXkusCHoe02OsnS3s7tg8Yr4pEJmJYmq3fs4a2LCzmdNQfBnuRcKTlDgC4pzMT0tz9baTCJ9KRiajeQtNktUfQKHbTRNX0k3iJvMWma7rUHVkq9FNu5V3DodNINYFZxrMYOzNWY8gBvUb9_Kaysur5Lw61ZMwWUxmpZIRGo5HDJ33a0VpA3vENz2tlcFc8=s0,thehungtd_full_art,Tenpai Dragon Baidora,https://sites.google.com/view/thehungtd/latest-artworks/2024/legacy-of-destruction,https://lh3.googleusercontent.com/sitesv/AG8ngQXkusCHoe02OsnS3s7tg8Yr4pEJmJYmq3fs4a2LCzmdNQfBnuRcKTlDgC4pzMT0tz9baTCJ9KRiajeQtNktUfQKHbTRNX0k3iJvMWma7rUHVkq9FNu5V3DodNINYFZxrMYOzNWY8gBvUb9_Kaysur5Lw61ZMwWUxmpZIRGo5HDJ33a0VpA3vENz2tlcFc8=w1280,,True
Galaxy,1rGo-V4YPhmQPPmM7oL1jfiJEHvmES1Rk,captions/ygo4_0047.json,Monster,Galaxy-Eyes Tachyon Primal,ygo4_0047,1rGo-V4YPhmQPPmM7oL1jfiJEHvmES1Rk,new_card_first_release,,,images/ygo4_0047.png,2024-05-25,20277,1.0,exact_alias,Dragon,pending_konami_verification,45710945,,,2026-08-31T18:26:01+00:00,selected_pending_image_and_caption_qa,https://lh3.googleusercontent.com/sitesv/AG8ngQUx-PCmpduzJQRmX4UhDBt-0T2AIwcWgs0_D6oO6nBwuWj0PTf4ZQjVfEeSsnk52EPFiRTG1Ep2u8IL_x-vinYAw_FksHI6Sj9qoqcX-AW52v6FD0Sb2y_IcBsoC6ZCcScvw1zdFQEfECBpS2SO73E_yus4yvzd18d1oiPTXDv2EtZDLfv-jTG2gnaVkTU=s0,thehungtd_full_art,Galaxy-Eyes Tachyon Primal,https://sites.google.com/view/thehungtd/latest-artworks/2024/duelist-pack-duelists-of-brilliance,https://lh3.googleusercontent.com/sitesv/AG8ngQUx-PCmpduzJQRmX4UhDBt-0T2AIwcWgs0_D6oO6nBwuWj0PTf4ZQjVfEeSsnk52EPFiRTG1Ep2u8IL_x-vinYAw_FksHI6Sj9qoqcX-AW52v6FD0Sb2y_IcBsoC6ZCcScvw1zdFQEfECBpS2SO73E_yus4yvzd18d1oiPTXDv2EtZDLfv-jTG2gnaVkTU=w1280,,True
Tachyon,12Ybk3GfrZ9JkLlRmmXPvEB1opiE3E6Lj,captions/ygo4_0048.json,Monster,Tachyon Cloudragon,ygo4_0048,12Ybk3GfrZ9JkLlRmmXPvEB1opiE3E6Lj,new_card_first_release,,,images/ygo4_0048.png,2024-05-25,20278,1.0,exact_alias,Dragon,pending_konami_verification,72705654,,,2026-08-31T18:26:01+00:00,selected_pending_image_and_caption_qa,https://lh3.googleusercontent.com/sitesv/AG8ngQUfzxEmw37Tzv8-pd-sgeF1m-OrU4B7Pohc8tgNjUTIwB6FE5LZKOp-Uvg6Nhk7NEFvzRodWsExAIyHY4OD7h4DsWXmCk6ZUsRe6MlhuhjI-4nfwgqV5YD_De9aqqwQ_WeDR8BtfTDjdai4nVfP4QCgYihblAEUVXq9KnF97jXdlRGwyt12LRISNkDMgXA=s0,thehungtd_full_art,Tachyon Cloudragon,https://sites.google.com/view/thehungtd/latest-artworks/2024/duelist-pack-duelists-of-brilliance,https://lh3.googleusercontent.com/sitesv/AG8ngQUfzxEmw37Tzv8-pd-sgeF1m-OrU4B7Pohc8tgNjUTIwB6FE5LZKOp-Uvg6Nhk7NEFvzRodWsExAIyHY4OD7h4DsWXmCk6ZUsRe6MlhuhjI-4nfwgqV5YD_De9aqqwQ_WeDR8BtfTDjdai4nVfP4QCgYihblAEUVXq9KnF97jXdlRGwyt12LRISNkDMgXA=w1280,,True
,1cRvbGLIauDjLcm-ZGe19793mvKoxNQSc,captions/ygo4_0049.json,Monster,Dragon Master Magia,ygo4_0049,1cRvbGLIauDjLcm-ZGe19793mvKoxNQSc,new_card_first_release,,,images/ygo4_0049.png,2024-06-20,19718,1.0,exact_alias,Dragon,pending_konami_verification,12381100,,,2026-08-31T18:26:05+00:00,selected_pending_image_and_caption_qa,https://lh3.googleusercontent.com/sitesv/AG8ngQV_eyF2Xsb71sErb0RaDkiGaA9M4YnO8QC888caj7t33szZU1QUkfz3VAePU9qU6lU4qCAPNO5GpIueSsTxdA3EdoNEqmB5B5Oamf_K-zDZTNx7DhQHBnMPOYVoC65TdiNUz4A7QqMM9u8u8nLavwvR5EituCmwH7DYZXvzZpiVw6FCBdF6OzLdOTTiss8=s0,thehungtd_full_art,Dragon Magia Master,https://sites.google.com/view/thehungtd/latest-artworks/2024/quarter-century-duelist-box,https://lh3.googleusercontent.com/sitesv/AG8ngQV_eyF2Xsb71sErb0RaDkiGaA9M4YnO8QC888caj7t33szZU1QUkfz3VAePU9qU6lU4qCAPNO5GpIueSsTxdA3EdoNEqmB5B5Oamf_K-zDZTNx7DhQHBnMPOYVoC65TdiNUz4A7QqMM9u8u8nLavwvR5EituCmwH7DYZXvzZpiVw6FCBdF6OzLdOTTiss8=w1280,,True
,1p99AAwAE49Y1T3rUHtQr35nID_FUyXup,captions/ygo4_0050.json,Monster,"Lancea, Ancestral Dragon of the Ice Mountain",ygo4_0050,1p99AAwAE49Y1T3rUHtQr35nID_FUyXup,new_card_first_release,,,images/ygo4_0050.png,2024-06-20,19619,1.0,exact_alias,Dragon,pending_konami_verification,96402918,,,2026-08-31T18:26:06+00:00,selected_pending_image_and_caption_qa,https://lh3.googleusercontent.com/sitesv/AG8ngQXI72qjELzxtdMBmPySa6wMrKM-2GiT0I0c3epLuwcrIRuwsEmEiVbA8yASbiExZe8C0yU8sBEj8oUNU_1WFMgv543wNvqW4aaAJj9cnh-VCAA7cX5uX6QL61Ts_NXkp_zKNnt3dk_03z8rvB13Nm0BqOnBk_Ny9A25bkszAk7xQ5V8tYo2hRNeqeUDJ9E=s0,thehungtd_full_art,"Lancea, Dragonic Ancestor of the Ice Spirit Mountain",https://sites.google.com/view/thehungtd/latest-artworks/2024/terminal-world,https://lh3.googleusercontent.com/sitesv/AG8ngQXI72qjELzxtdMBmPySa6wMrKM-2GiT0I0c3epLuwcrIRuwsEmEiVbA8yASbiExZe8C0yU8sBEj8oUNU_1WFMgv543wNvqW4aaAJj9cnh-VCAA7cX5uX6QL61Ts_NXkp_zKNnt3dk_03z8rvB13Nm0BqOnBk_Ny9A25bkszAk7xQ5V8tYo2hRNeqeUDJ9E=w1280,,True
,1XzxPo7dZRz60MZDAnxgKMBIGVjFGlaEW,captions/ygo4_0051.json,Monster,Shining Star Dragon,ygo4_0051,1XzxPo7dZRz60MZDAnxgKMBIGVjFGlaEW,new_card_first_release,,,images/ygo4_0051.png,2024-06-20,19720,1.0,exact_alias,Dragon,pending_konami_verification,75874514,,,2026-08-31T18:26:05+00:00,selected_pending_image_and_caption_qa,https://lh3.googleusercontent.com/sitesv/AG8ngQUaYBBPeDX8kjD8E7kSW_GX0rzZSp2enofria9YT3rOYGWHM6MsX_BiZZOzWmJJVEeIk1nkZFar-sxxgJtoV-o1JNMcqyMgtx5tIuszrPvXIM1q6-b5NBjCqAeZRJUqNYOPOVWsQmYBaDW_NiVD8PyzJHhS2jPzniyLvQLuehVHjc794kK9ZAFGPNzq=s0,thehungtd_full_art,Shining Star Dragon,https://sites.google.com/view/thehungtd/latest-artworks/2024/quarter-century-duelist-box,https://lh3.googleusercontent.com/sitesv/AG8ngQUaYBBPeDX8kjD8E7kSW_GX0rzZSp2enofria9YT3rOYGWHM6MsX_BiZZOzWmJJVEeIk1nkZFar-sxxgJtoV-o1JNMcqyMgtx5tIuszrPvXIM1q6-b5NBjCqAeZRJUqNYOPOVWsQmYBaDW_NiVD8PyzJHhS2jPzniyLvQLuehVHjc794kK9ZAFGPNzq=w1280,,True
Centur-Ion,1da1SuwChL9MGlpSbdx4kKY1adfD77ZN0,captions/ygo4_0052.json,Monster,Centur-Ion Atrii,ygo4_0052,1da1SuwChL9MGlpSbdx4kKY1adfD77ZN0,new_card_first_release,,,images/ygo4_0052.png,2024-07-18,20200,1.0,exact_alias,Dragon,pending_konami_verification,96030710,,,2026-08-31T18:26:00+00:00,selected_pending_image_and_caption_qa,https://lh3.googleusercontent.com/sitesv/AG8ngQVip_bIXKIoGUwohmerznrKweg09wpPOuh-4gS9cncpN0a_BBJQvU1J0vPeaqN9SzRST6yTB2gqtxNdbHYf4iKrkBwrg_OUDI2d7X9e6FhR22OcKfk8VMWwTSd1U4O5JKh6fA4Xvwqt-t2O60X_1UhAQH0cblvUbBuD-zEQZg6vCyrfs5TfKxyWwP8Qgpk=s0,thehungtd_full_art,Centur-Ion Atry,https://sites.google.com/view/thehungtd/latest-artworks/2024/infinite-forbidden,https://lh3.googleusercontent.com/sitesv/AG8ngQVip_bIXKIoGUwohmerznrKweg09wpPOuh-4gS9cncpN0a_BBJQvU1J0vPeaqN9SzRST6yTB2gqtxNdbHYf4iKrkBwrg_OUDI2d7X9e6FhR22OcKfk8VMWwTSd1U4O5JKh6fA4Xvwqt-t2O60X_1UhAQH0cblvUbBuD-zEQZg6vCyrfs5TfKxyWwP8Qgpk=w1280,,True
Light and Darkness Dragon,1t-hSq6uZZOn2YcyUtngw0WVRDVeHLwIU,captions/ygo4_0053.json,Monster,Dark End Evaporation Dragon,ygo4_0053,1t-hSq6uZZOn2YcyUtngw0WVRDVeHLwIU,new_card_first_release,,,images/ygo4_0053.png,2024-07-18,20190,1.0,exact_alias,Dragon,pending_konami_verification,62002838,,,2026-08-31T18:26:00+00:00,selected_pending_image_and_caption_qa,https://lh3.googleusercontent.com/sitesv/AG8ngQVQAOa5iji3WxQwCgiEsa4GwLudaPFsB1hO-Bf6UyzC3NkJD_u3vSVA3ZMUrNuHRKMjSUdTc0NtPZJvTSBpa7Fm2xOjnF-4fr68qm-QVBR0gPXIIWe81NqNk6km6QueB87ajf32E17Jt4D0t-juNTLH8UVC3YqMaLCGEIesKOLCE2J5HGAlDPHZwkIXDMo=s0,thehungtd_full_art,Dark End Evaporation Dragon,https://sites.google.com/view/thehungtd/latest-artworks/2024/infinite-forbidden,https://lh3.googleusercontent.com/sitesv/AG8ngQVQAOa5iji3WxQwCgiEsa4GwLudaPFsB1hO-Bf6UyzC3NkJD_u3vSVA3ZMUrNuHRKMjSUdTc0NtPZJvTSBpa7Fm2xOjnF-4fr68qm-QVBR0gPXIIWe81NqNk6km6QueB87ajf32E17Jt4D0t-juNTLH8UVC3YqMaLCGEIesKOLCE2J5HGAlDPHZwkIXDMo=w1280,,True
,1HCplmC8MVJvDaN9-9oR1Mv1AxnlPsBxr,captions/ygo4_0054.json,Monster,Dora Dora,ygo4_0054,1HCplmC8MVJvDaN9-9oR1Mv1AxnlPsBxr,new_card_first_release,,,images/ygo4_0054.png,2024-07-18,20207,1.0,exact_alias,Dragon,pending_konami_verification,11590299,,,2026-08-31T18:26:00+00:00,selected_pending_image_and_caption_qa,https://lh3.googleusercontent.com/sitesv/AG8ngQUE3duO_KxB_6ye81mJE1uVnN1ymScGXcGkE4HAE0tvLXDQj5btz5G9SPFHNgudZUF7uyT4v3SRUarZqOKPx-DtBj9kd7IBITLOhozi0PEkz6RSPA6rvDXlod68PjhSZd3NyxC4pGyjoGzDDsz0tZtAPegVo1KVpKs74yS0vq5pn4LgaJOzNdi71oQAWo0=s0,thehungtd_full_art,Dora Draco,https://sites.google.com/view/thehungtd/latest-artworks/2024/infinite-forbidden,https://lh3.googleusercontent.com/sitesv/AG8ngQUE3duO_KxB_6ye81mJE1uVnN1ymScGXcGkE4HAE0tvLXDQj5btz5G9SPFHNgudZUF7uyT4v3SRUarZqOKPx-DtBj9kd7IBITLOhozi0PEkz6RSPA6rvDXlod68PjhSZd3NyxC4pGyjoGzDDsz0tZtAPegVo1KVpKs74yS0vq5pn4LgaJOzNdi71oQAWo0=w1280,,True
,1ImP3VtRhCeXMRfo7-Ee1X8xKZSvZ91V-,captions/ygo4_0055.json,Monster,Dragon of Pride and Soul,ygo4_0055,1ImP3VtRhCeXMRfo7-Ee1X8xKZSvZ91V-,new_card_first_release,,,images/ygo4_0055.png,2024-07-18,20260,1.0,exact_alias,Dragon,pending_konami_verification,96823189,,,2026-08-31T18:26:00+00:00,selected_pending_image_and_caption_qa,https://lh3.googleusercontent.com/sitesv/AG8ngQW_tFSPY13UAsGYuYLQSQYykn7fzSr-qhSDFgsXN3yQOvz-zkq07btUyFlr5BCLSb3oNxYvmSG_s1QkVkX_PmZ9Kt8RrDhU3FLBl6o_QPjIBi42n5E1gXrIDjeDVas_gDETAqFwIeaDsgqubwEse90TbY1VeqzLGhDcMjrhRo8MzVP4iICh3igASvddJPI=s0,thehungtd_full_art,Dragon of Soul and Pride,https://sites.google.com/view/thehungtd/latest-artworks/2024/infinite-forbidden,https://lh3.googleusercontent.com/sitesv/AG8ngQW_tFSPY13UAsGYuYLQSQYykn7fzSr-qhSDFgsXN3yQOvz-zkq07btUyFlr5BCLSb3oNxYvmSG_s1QkVkX_PmZ9Kt8RrDhU3FLBl6o_QPjIBi42n5E1gXrIDjeDVas_gDETAqFwIeaDsgqubwEse90TbY1VeqzLGhDcMjrhRo8MzVP4iICh3igASvddJPI=w1280,,True
Light and Darkness Dragon,1qXOZIECc6qgi8lJxc4d77B4l8P8Q5VnW,captions/ygo4_0056.json,Monster,Light End Sublimation Dragon,ygo4_0056,1qXOZIECc6qgi8lJxc4d77B4l8P8Q5VnW,new_card_first_release,,,images/ygo4_0056.png,2024-07-18,20189,1.0,exact_alias,Dragon,pending_konami_verification,35614780,,,2026-08-31T18:26:00+00:00,selected_pending_image_and_caption_qa,https://lh3.googleusercontent.com/sitesv/AG8ngQUjkZn6uO-g90zaVZukGDESq7p7fshehMFhyiEpK36OpqgfwuCJco41Sor5F99cM2xUm7BwwUsdrQREl7m4NIOerdEmqNJyaaybLc8rm_f331fFb0KAE0wpJTBt-EW6C6Xeba-aLFd5CDzu5LBQUwY8UZRK3NkLEuRdBXvUQcqoD5rmxbHoq-0atyLU9pw=s0,thehungtd_full_art,Light End Sublimation Dragon,https://sites.google.com/view/thehungtd/latest-artworks/2024/infinite-forbidden,https://lh3.googleusercontent.com/sitesv/AG8ngQUjkZn6uO-g90zaVZukGDESq7p7fshehMFhyiEpK36OpqgfwuCJco41Sor5F99cM2xUm7BwwUsdrQREl7m4NIOerdEmqNJyaaybLc8rm_f331fFb0KAE0wpJTBt-EW6C6Xeba-aLFd5CDzu5LBQUwY8UZRK3NkLEuRdBXvUQcqoD5rmxbHoq-0atyLU9pw=w1280,,True
Mimighoul,17Ersy3WUYxkoFMabdM90bJTcbxcgJc7y,captions/ygo4_0057.json,Monster,Mimighoul Dragon,ygo4_0057,17Ersy3WUYxkoFMabdM90bJTcbxcgJc7y,new_card_first_release,,,images/ygo4_0057.png,2024-07-18,20429,1.0,exact_alias,Dragon,pending_konami_verification,81522098,,,2026-08-31T18:26:00+00:00,selected_pending_image_and_caption_qa,https://lh3.googleusercontent.com/sitesv/AG8ngQU3v_yBkfRrPYZ3qXVnxRBlOhmANnVsd-5peKECPA75bdxSP88B_RcHHrUD4NWVe5ZeXqxRYU89vwoqlDTS5_76osyaDhKxybmI9AIkHZWVxj_AG_OJpQRoWvGV7tfWvkmQ3Cu2dxP5cWPhWAUiXobDU7CEMWAITf_RfkcIFSVtJXi-qKq9BT29ns4TND8=s0,thehungtd_full_art,Mimighoul Dragon,https://sites.google.com/view/thehungtd/latest-artworks/2024/infinite-forbidden,https://lh3.googleusercontent.com/sitesv/AG8ngQU3v_yBkfRrPYZ3qXVnxRBlOhmANnVsd-5peKECPA75bdxSP88B_RcHHrUD4NWVe5ZeXqxRYU89vwoqlDTS5_76osyaDhKxybmI9AIkHZWVxj_AG_OJpQRoWvGV7tfWvkmQ3Cu2dxP5cWPhWAUiXobDU7CEMWAITf_RfkcIFSVtJXi-qKq9BT29ns4TND8=w1280,,True
Tenpai Dragon,1Laqh9ARfWvS9mmiNuA7427qbbCm0qSvX,captions/ygo4_0058.json,Monster,Tenpai Dragon Genroku,ygo4_0058,1Laqh9ARfWvS9mmiNuA7427qbbCm0qSvX,new_card_first_release,,,images/ygo4_0058.png,2024-07-18,20198,1.0,exact_alias,Dragon,pending_konami_verification,23657016,,,2026-08-31T18:26:00+00:00,selected_pending_image_and_caption_qa,https://lh3.googleusercontent.com/sitesv/AG8ngQV88DH5ui-srm-L4xHmGmCyu91uLGsco8NkPns8Q8N5logVCzTl3tzL4pCD-CF8bwhVuCgfjue0jafex_5uDD8Q1s5PquDQlzx_6yerUwuBv8qZeDrgOFdrSp6wa-qspjmK_UgzOMTBHoc7uKm6wJZ9MvuoL7onkyI1YV5AsTkrp_66Ct8r6lTr-TO1FDE=s0,thehungtd_full_art,Tenpai Dragon of Genroku,https://sites.google.com/view/thehungtd/latest-artworks/2024/infinite-forbidden,https://lh3.googleusercontent.com/sitesv/AG8ngQV88DH5ui-srm-L4xHmGmCyu91uLGsco8NkPns8Q8N5logVCzTl3tzL4pCD-CF8bwhVuCgfjue0jafex_5uDD8Q1s5PquDQlzx_6yerUwuBv8qZeDrgOFdrSp6wa-qspjmK_UgzOMTBHoc7uKm6wJZ9MvuoL7onkyI1YV5AsTkrp_66Ct8r6lTr-TO1FDE=w1280,,True
Blue-Eyes,14t8oyInFrFKul2bRZuB-tQ3MVCkurnz5,captions/ygo4_0059.json,Monster,Heart of the Blue-Eyes,ygo4_0059,14t8oyInFrFKul2bRZuB-tQ3MVCkurnz5,new_card_first_release,,,images/ygo4_0059.png,2024-07-27,20480,1.0,exact_alias,Dragon,pending_konami_verification,54475145,,,2026-08-31T18:25:58+00:00,selected_pending_image_and_caption_qa,https://lh3.googleusercontent.com/sitesv/AG8ngQU3z9n94k6Q9yAQKps8tVzTJWfXjX2eZZxWWJJMEbIf-f4lm0UCUpL5veYp_7PZATWYwwVnMOIFxvUc094rssbIzihwdVSbLdBTI_MvTPhchXRT83orpiBi_BIs6zSGgKGMn02XIuaO_9vwSyqu87cwtMS4lK7SaWz0n_lNitNrMjTD2lycqhZjYrE1OXY=s0,thehungtd_full_art,Blue-Eyes of the Heart,https://sites.google.com/view/thehungtd/latest-artworks/2024/rage-of-the-abyss,https://lh3.googleusercontent.com/sitesv/AG8ngQU3z9n94k6Q9yAQKps8tVzTJWfXjX2eZZxWWJJMEbIf-f4lm0UCUpL5veYp_7PZATWYwwVnMOIFxvUc094rssbIzihwdVSbLdBTI_MvTPhchXRT83orpiBi_BIs6zSGgKGMn02XIuaO_9vwSyqu87cwtMS4lK7SaWz0n_lNitNrMjTD2lycqhZjYrE1OXY=w1280,,True
,1uAcmcF1MGvC5kFpA95GjILK0LEmqWdnc,captions/ygo4_0060.json,Monster,Khaos Starsource Dragon,ygo4_0060,1uAcmcF1MGvC5kFpA95GjILK0LEmqWdnc,new_card_first_release,,,images/ygo4_0060.png,2024-07-27,20510,1.0,exact_alias,Dragon,pending_konami_verification,72578374,,,2026-08-31T18:25:58+00:00,selected_pending_image_and_caption_qa,https://lh3.googleusercontent.com/sitesv/AG8ngQVIABtqkeYUrvHn86giv4OfkgiUYGlnbN-1R2X3Y1cj-dwN0FFVhvpNieuc2NdEzRF7XQqBJQIdppsmOxYSFUEVvfVuwqLDVG8rvz5g18Y9tj0_gV32UsGjRsXLoBLrGfvLw_CFFmvRCzE2BpvG30kHoy2D0T2Iv6Nhc5D6PYz41WHMBv_UkFLBtmtCAJM=s0,thehungtd_full_art,Protostar Dragon of the Void,https://sites.google.com/view/thehungtd/latest-artworks/2024/rage-of-the-abyss,https://lh3.googleusercontent.com/sitesv/AG8ngQVIABtqkeYUrvHn86giv4OfkgiUYGlnbN-1R2X3Y1cj-dwN0FFVhvpNieuc2NdEzRF7XQqBJQIdppsmOxYSFUEVvfVuwqLDVG8rvz5g18Y9tj0_gV32UsGjRsXLoBLrGfvLw_CFFmvRCzE2BpvG30kHoy2D0T2Iv6Nhc5D6PYz41WHMBv_UkFLBtmtCAJM=w1280,,True
Primite,1ppAz3Y8tVv_dBabYVn34QD_kQMm4M0Nx,captions/ygo4_0061.json,Monster,Primite Imperial Dragon,ygo4_0061,1ppAz3Y8tVv_dBabYVn34QD_kQMm4M0Nx,new_card_first_release,,,images/ygo4_0061.png,2024-07-27,20489,1.0,exact_alias,Dragon,pending_konami_verification,81418467,,,2026-08-31T18:25:58+00:00,selected_pending_image_and_caption_qa,https://lh3.googleusercontent.com/sitesv/AG8ngQX3CQJfaM573Zh3EbKKaTSVEEzGzR8nfwrWtRq5bUXLQO1fKWPmuPR_GN0KNJ6TaRc1b0dVinDkKDCTEFpaMG07GrV30pVdi5lkOSx7eqfy_sXDzLtpLI8iOlMt4qJxa-PfLgwjaSJ_VFyfJRHViIndZawA9twhBqzdS0uR5DWAiqHvMYTVkbJXZcw=s0,thehungtd_full_art,Imperial Dragon the Primoredial Dragon,https://sites.google.com/view/thehungtd/latest-artworks/2024/rage-of-the-abyss,https://lh3.googleusercontent.com/sitesv/AG8ngQX3CQJfaM573Zh3EbKKaTSVEEzGzR8nfwrWtRq5bUXLQO1fKWPmuPR_GN0KNJ6TaRc1b0dVinDkKDCTEFpaMG07GrV30pVdi5lkOSx7eqfy_sXDzLtpLI8iOlMt4qJxa-PfLgwjaSJ_VFyfJRHViIndZawA9twhBqzdS0uR5DWAiqHvMYTVkbJXZcw=w1280,,True
,1h8LIpoJFDMkWCwulh_ljotIULpdivChi,captions/ygo4_0062.json,Monster,Ultimate Dragon of Pride and Soul,ygo4_0062,1h8LIpoJFDMkWCwulh_ljotIULpdivChi,new_card_first_release,,,images/ygo4_0062.png,2024-07-27,20557,1.0,exact_alias,Dragon,pending_konami_verification,3149401,,,2026-08-31T18:25:58+00:00,selected_pending_image_and_caption_qa,https://lh3.googleusercontent.com/sitesv/AG8ngQWr6o4WQ8tqEMy1DYNwHQdzZYwjgSWqrsJH-cwiCHNY7eAyxdOEtbvvESOKZh6B74_RGZ2fmYtDM_E5Yp_QBihWzo_XwmrbvUvhsm6B7X3LYxVL6mmmn7wBvIXaLFVbZSyPUMzTVG_aPq6cZS0P792WC7a-C5rrQC3eaVCSTHrotIik87bq5tSe60wrQXI=s0,thehungtd_full_art,Ultimate Dragon of Pride and Soul,https://sites.google.com/view/thehungtd/latest-artworks/2024/rage-of-the-abyss,https://lh3.googleusercontent.com/sitesv/AG8ngQWr6o4WQ8tqEMy1DYNwHQdzZYwjgSWqrsJH-cwiCHNY7eAyxdOEtbvvESOKZh6B74_RGZ2fmYtDM_E5Yp_QBihWzo_XwmrbvUvhsm6B7X3LYxVL6mmmn7wBvIXaLFVbZSyPUMzTVG_aPq6cZS0P792WC7a-C5rrQC3eaVCSTHrotIik87bq5tSe60wrQXI=w1280,,True
Materiactor,153lGprNSzjQFlrQjhVAsev_ZZK52_Eog,captions/ygo4_0063.json,Monster,Materiactor Exagard,ygo4_0063,153lGprNSzjQFlrQjhVAsev_ZZK52_Eog,new_card_first_release,,,images/ygo4_0063.png,2025-01-23,20782,1.0,exact_alias,Dragon,pending_konami_verification,72409226,,,2026-08-31T18:25:56+00:00,selected_pending_image_and_caption_qa,https://lh3.googleusercontent.com/sitesv/AG8ngQU30TfOQl84PjYgaYqIDcxqEaiaPqJSbmHQ9d_p3IAxsxTAOQ7v3GbEilT4S9DLbQFAQaldAUU6MR1yHq2NcEYpMuveW5VOmXqukTFeoo4ZlmTBVrYAl0ZpKyrdaKEv0KxsH0-QIW5bHr2qv8lAYTHkQFdKSrPJ2g7MUQVjaOIPV_5g9ynRfht7zRRSksw=s0,thehungtd_full_art,Materiactor Exagard,https://sites.google.com/view/thehungtd/latest-artworks/2024/supreme-darkness,https://lh3.googleusercontent.com/sitesv/AG8ngQU30TfOQl84PjYgaYqIDcxqEaiaPqJSbmHQ9d_p3IAxsxTAOQ7v3GbEilT4S9DLbQFAQaldAUU6MR1yHq2NcEYpMuveW5VOmXqukTFeoo4ZlmTBVrYAl0ZpKyrdaKEv0KxsH0-QIW5bHr2qv8lAYTHkQFdKSrPJ2g7MUQVjaOIPV_5g9ynRfht7zRRSksw=w1280,,True
Materiactor,1R2xv6Ze0be7dqnvoA0BikND7g9U3tjhq,captions/ygo4_0064.json,Monster,Materiactor Exareptor,ygo4_0064,1R2xv6Ze0be7dqnvoA0BikND7g9U3tjhq,new_card_first_release,,,images/ygo4_0064.png,2025-01-23,20750,1.0,exact_alias,Dragon,pending_konami_verification,37426272,,,2026-08-31T18:25:56+00:00,selected_pending_image_and_caption_qa,https://lh3.googleusercontent.com/sitesv/AG8ngQXYUObIH0H6I4wCS1hJuiF8vJdICqNPlDXpD5IDhCe5mVrtzG_xJqsW8RXNYKvFj89xLMm8Q8vil-Afa581d4wPtHBeoI14BpMdYM0MQ-rkldgOhRtMAK-MTxnMUOMuc7epwn2eCnuLKbSw6mKny-ZPhWEjHmrHL_h9-cL-qk3d7JEy5zU_ksHrr9sx=s0,thehungtd_full_art,Materiactor Exarept,https://sites.google.com/view/thehungtd/latest-artworks/2024/supreme-darkness,https://lh3.googleusercontent.com/sitesv/AG8ngQXYUObIH0H6I4wCS1hJuiF8vJdICqNPlDXpD5IDhCe5mVrtzG_xJqsW8RXNYKvFj89xLMm8Q8vil-Afa581d4wPtHBeoI14BpMdYM0MQ-rkldgOhRtMAK-MTxnMUOMuc7epwn2eCnuLKbSw6mKny-ZPhWEjHmrHL_h9-cL-qk3d7JEy5zU_ksHrr9sx=w1280,,True
Materiactor,1W0JxCpf-qbOTjDyBNtDC_efvgfWa3aIt,captions/ygo4_0065.json,Monster,Materiactor Zeptwing,ygo4_0065,1W0JxCpf-qbOTjDyBNtDC_efvgfWa3aIt,new_card_first_release,,,images/ygo4_0065.png,2025-01-23,20751,1.0,exact_alias,Dragon,pending_konami_verification,64911387,,,2026-08-31T18:25:56+00:00,selected_pending_image_and_caption_qa,https://lh3.googleusercontent.com/sitesv/AG8ngQVn2pBhCJq_G7kriA5L9UQSSTYxxBwiLtGjc10mOhKnBxAnEPH96o24oaOqMEB-2QCMzVWvyGYNY2xhGxFctRKJ0OAwwj4Xao1rX6J5Zv3R6UwLBdJ1d9T3A7PwLza1AoCZu5E0Cy0l22E6fZ0QMeEo-mU3n0uKL4NEtxeL13fz8sfVNcOZB32X5zisXSE=s0,thehungtd_full_art,Materiactor Zeptowing,https://sites.google.com/view/thehungtd/latest-artworks/2024/supreme-darkness,https://lh3.googleusercontent.com/sitesv/AG8ngQVn2pBhCJq_G7kriA5L9UQSSTYxxBwiLtGjc10mOhKnBxAnEPH96o24oaOqMEB-2QCMzVWvyGYNY2xhGxFctRKJ0OAwwj4Xao1rX6J5Zv3R6UwLBdJ1d9T3A7PwLza1AoCZu5E0Cy0l22E6fZ0QMeEo-mU3n0uKL4NEtxeL13fz8sfVNcOZB32X5zisXSE=w1280,,True
-Eyes Dragon,1CZUW8wtprFNxRtL7Q2ac__4BlJo5pRkR,captions/ygo4_0066.json,Monster,Snake-Eyes Doomed Dragon,ygo4_0066,1CZUW8wtprFNxRtL7Q2ac__4BlJo5pRkR,new_card_first_release,,,images/ygo4_0066.png,2025-01-23,20772,1.0,exact_alias,Dragon,pending_konami_verification,58071334,,,2026-08-31T18:25:56+00:00,selected_pending_image_and_caption_qa,https://lh3.googleusercontent.com/sitesv/AG8ngQWEIX-yBb3nYNrDMp34Jt_gzi2b1VXsqtpcj82MZMQUGXehcp1qzpBf5MqoEz2YN1JcrXmfFP4Pje0aXx32FUCJFmrD3iesqkwJPGqSuzAgj4Lmz8cmf6thruDTzCs2E5sz2orEI-scZTtpXlE71EgnszKJ9JB6yOIZVAPhJ4Ar9jZtyV8Kwit1Fl4Q-8M=s0,thehungtd_full_art,Snake-Eyes Damned Dragon,https://sites.google.com/view/thehungtd/latest-artworks/2024/supreme-darkness,https://lh3.googleusercontent.com/sitesv/AG8ngQWEIX-yBb3nYNrDMp34Jt_gzi2b1VXsqtpcj82MZMQUGXehcp1qzpBf5MqoEz2YN1JcrXmfFP4Pje0aXx32FUCJFmrD3iesqkwJPGqSuzAgj4Lmz8cmf6thruDTzCs2E5sz2orEI-scZTtpXlE71EgnszKJ9JB6yOIZVAPhJ4Ar9jZtyV8Kwit1Fl4Q-8M=w1280,,True
Blue-Eyes,13CQRwrVnlqsujQZNTKGMeD68SZVki1Ge,captions/ygo4_0067.json,Monster,Blue-Eyes Ultimate Spirit Dragon,ygo4_0067,13CQRwrVnlqsujQZNTKGMeD68SZVki1Ge,new_card_first_release,,,images/ygo4_0067.png,2025-02-13,20607,1.0,exact_alias,Dragon,pending_konami_verification,89604813,,,2026-08-31T18:25:58+00:00,selected_pending_image_and_caption_qa,https://lh3.googleusercontent.com/sitesv/AG8ngQVwc3wQhoYDeHWk5zLRZJcXr_A9Db5AKnSI1TONZ6Kfq21PHA5i8qZH8ulL7ZLF8frX79rZZrwrQsei5bPguQoi3CLunReLDb6hS-VCzGw8QveyrNCIocisOzu2IVb0rPLjC3NvLdK4gMxaaqGUo_aUs-pp50oe46JcNdKJ15LTflMox61uTr5kEktFh_c=s0,thehungtd_full_art,Blue-Eyes Spirit Ultimate Dragon,https://sites.google.com/view/thehungtd/latest-artworks/2024/structure-deck-advent-of-the-eyes-of-blue,https://lh3.googleusercontent.com/sitesv/AG8ngQVwc3wQhoYDeHWk5zLRZJcXr_A9Db5AKnSI1TONZ6Kfq21PHA5i8qZH8ulL7ZLF8frX79rZZrwrQsei5bPguQoi3CLunReLDb6hS-VCzGw8QveyrNCIocisOzu2IVb0rPLjC3NvLdK4gMxaaqGUo_aUs-pp50oe46JcNdKJ15LTflMox61uTr5kEktFh_c=w1280,,True
,1QG55ljerI-l-WRji4oWPdaioWAmZMrRv,captions/ygo4_0068.json,Monster,Indigo-Eyes Silver Dragon,ygo4_0068,1QG55ljerI-l-WRji4oWPdaioWAmZMrRv,new_card_first_release,,,images/ygo4_0068.png,2025-02-13,20608,1.0,exact_alias,Dragon,pending_konami_verification,16699558,,,2026-08-31T18:25:58+00:00,selected_pending_image_and_caption_qa,https://lh3.googleusercontent.com/sitesv/AG8ngQX14hRxfmASd5oeT0n1VlGK1qAwbF88-Ese6jYNmvtqIxdIrDcFHH4jlDQpOT6YiITN2Rm719IzAJqyA4z02EoL3SkWLUUedfEDhFHEyydLQsQczNDZxLyhaA4GAoDxd7PyXnKKqjsD6ciQuAY3XG0ClPT6Htkq_qK9AZ8_Ivsy7PaEvDDOjLbDyi-v=s0,thehungtd_full_art,Indigo-Eyes Silver Dragon,https://sites.google.com/view/thehungtd/latest-artworks/2024/structure-deck-advent-of-the-eyes-of-blue,https://lh3.googleusercontent.com/sitesv/AG8ngQX14hRxfmASd5oeT0n1VlGK1qAwbF88-Ese6jYNmvtqIxdIrDcFHH4jlDQpOT6YiITN2Rm719IzAJqyA4z02EoL3SkWLUUedfEDhFHEyydLQsQczNDZxLyhaA4GAoDxd7PyXnKKqjsD6ciQuAY3XG0ClPT6Htkq_qK9AZ8_Ivsy7PaEvDDOjLbDyi-v=w1280,,True
,1q7QAWpQzzRY41_UcXnvRXuA9Zj52jJs3,captions/ygo4_0069.json,Monster,Neo Kaiser Sea Horse,ygo4_0069,1q7QAWpQzzRY41_UcXnvRXuA9Zj52jJs3,new_card_first_release,,,images/ygo4_0069.png,2025-02-13,20603,1.0,exact_alias,Dragon,pending_konami_verification,54332792,,,2026-08-31T18:25:58+00:00,selected_pending_image_and_caption_qa,https://lh3.googleusercontent.com/sitesv/AG8ngQXp4STw_kxwpEG1ftebJ0PkItqsaO0YGgSlZoRNLgK9wJN1-Yp4FyHEHvqMz3HNyIVw5Vn1nluQcD7wsDdPhdEPtXi4BdAtNicJjDlJNZUZJJAZN-4nw-ejFR14zrbVvD0ZVmzrk_DH1cyvsFkMngD1SspNB9YNnHPzPKra3H3KC3CRcFJhc7a2R4oR=s0,thehungtd_full_art,Neo Kaiser Sea Horse,https://sites.google.com/view/thehungtd/latest-artworks/2024/structure-deck-advent-of-the-eyes-of-blue,https://lh3.googleusercontent.com/sitesv/AG8ngQXp4STw_kxwpEG1ftebJ0PkItqsaO0YGgSlZoRNLgK9wJN1-Yp4FyHEHvqMz3HNyIVw5Vn1nluQcD7wsDdPhdEPtXi4BdAtNicJjDlJNZUZJJAZN-4nw-ejFR14zrbVvD0ZVmzrk_DH1cyvsFkMngD1SspNB9YNnHPzPKra3H3KC3CRcFJhc7a2R4oR=w1280,,True
with Eyes of Blue,1V-A3NoWWh1HW6ci3HR-5yaO2fWNWnAfJ,captions/ygo4_0070.json,Monster,Spirit with Eyes of Blue,ygo4_0070,1V-A3NoWWh1HW6ci3HR-5yaO2fWNWnAfJ,new_card_first_release,,,images/ygo4_0070.png,2025-02-13,20609,1.0,exact_alias,Dragon,pending_konami_verification,42097666,,,2026-08-31T18:25:58+00:00,selected_pending_image_and_caption_qa,https://lh3.googleusercontent.com/sitesv/AG8ngQU9QCqy8OOIgFkUQHMJO3iOmgI_ufGSQDq2lhJ4tt-5CVBFr3ZW0FDZcbSzzmILyj4Wr-dBi7aUOqZEO7XxAVWRZLvgKnW9wvJUJit458tZsftsW-RHu8VeCDSMcvbzACZg0CCvoe9-zQlYhMnJZ4EjmQJaCU8n5GAVQkLpySr-1wpEPswV68m9tzGE=s0,thehungtd_full_art,Spirit with Eyes of Blue,https://sites.google.com/view/thehungtd/latest-artworks/2024/structure-deck-advent-of-the-eyes-of-blue,https://lh3.googleusercontent.com/sitesv/AG8ngQU9QCqy8OOIgFkUQHMJO3iOmgI_ufGSQDq2lhJ4tt-5CVBFr3ZW0FDZcbSzzmILyj4Wr-dBi7aUOqZEO7XxAVWRZLvgKnW9wvJUJit458tZsftsW-RHu8VeCDSMcvbzACZg0CCvoe9-zQlYhMnJZ4EjmQJaCU8n5GAVQkLpySr-1wpEPswV68m9tzGE=w1280,,True
,1Ckkf3Bd8wgHcNLhdfoESTMvfDEinvTo9,captions/ygo4_0071.json,Monster,Divine Golden Shadow Dragon Dragluxion,ygo4_0071,1Ckkf3Bd8wgHcNLhdfoESTMvfDEinvTo9,new_card_first_release,,,images/ygo4_0071.png,2025-03-13,20280,1.0,exact_alias,Dragon,pending_konami_verification,44698398,,,2026-08-31T18:26:01+00:00,selected_pending_image_and_caption_qa,https://lh3.googleusercontent.com/sitesv/AG8ngQUKxo1-iOF1oNZ2MUfJg1jsb8CxLR4s0fk671LQX_MEmc3DKRiufM-TSYirhhjgok0aWs7RGrlyQSVeNt6pIsW03dlFEVEu6Wt2G3n8biyahs-epZfG8f6sLMU93aXxaEYSoxflySGSUf_e0ry06gnUcJ-j2W8yo7MMNl0sc3RkFGh0BI4NocAHm_m1=s0,thehungtd_full_art,Dragluxion,https://sites.google.com/view/thehungtd/latest-artworks/2024/duelist-pack-duelists-of-brilliance,https://lh3.googleusercontent.com/sitesv/AG8ngQUKxo1-iOF1oNZ2MUfJg1jsb8CxLR4s0fk671LQX_MEmc3DKRiufM-TSYirhhjgok0aWs7RGrlyQSVeNt6pIsW03dlFEVEu6Wt2G3n8biyahs-epZfG8f6sLMU93aXxaEYSoxflySGSUf_e0ry06gnUcJ-j2W8yo7MMNl0sc3RkFGh0BI4NocAHm_m1=w1280,,True
Gem Dragon,1KGUqAh6wK2FsgIHSPF7tcWwF79BJKqLo,captions/ygo4_0072.json,Monster,Dragolithia Kunzite,ygo4_0072,1KGUqAh6wK2FsgIHSPF7tcWwF79BJKqLo,new_card_first_release,,,images/ygo4_0072.png,2025-05-01,20835,1.0,exact_alias,Dragon,pending_konami_verification,48705086,,,2026-08-31T18:25:56+00:00,selected_pending_image_and_caption_qa,https://lh3.googleusercontent.com/sitesv/AG8ngQVvH8fZFwmJmcUgwiVp4j95Q0ypRKtC_X29SFctjGqdEIfoPZnmUdyZcxNQczlvRpiPaBkno5ddXwhgbI4BEk7LYcMe3Dxf-AC5wZd8rBcDnCbE-PVbfpME9urFfi4Ov9_oq7XsHHqMy5-shz9z8YJ2YKTooeFc6JmSYhobjcN7fN2Iwj_FvYlaxXOPkSU=s0,thehungtd_full_art,Dragolithia Kunzite,https://sites.google.com/view/thehungtd/latest-artworks/2024/other,https://lh3.googleusercontent.com/sitesv/AG8ngQVvH8fZFwmJmcUgwiVp4j95Q0ypRKtC_X29SFctjGqdEIfoPZnmUdyZcxNQczlvRpiPaBkno5ddXwhgbI4BEk7LYcMe3Dxf-AC5wZd8rBcDnCbE-PVbfpME9urFfi4Ov9_oq7XsHHqMy5-shz9z8YJ2YKTooeFc6JmSYhobjcN7fN2Iwj_FvYlaxXOPkSU=w1280,,True
Albaz Dragon,1uu2yGrGBG6XDrRVQvO8x97edXhEe6Ryx,captions/ygo4_0073.json,Monster,Alba System Dogmatikalamity,ygo4_0073,1uu2yGrGBG6XDrRVQvO8x97edXhEe6Ryx,new_card_first_release,,,images/ygo4_0073.png,2025-06-13,20469,1.0,exact_alias,Dragon,pending_konami_verification,93053159,,,2026-08-31T18:25:56+00:00,selected_pending_image_and_caption_qa,https://lh3.googleusercontent.com/sitesv/AG8ngQX3VKAfzIIl9y0WG1WRXIaEcy5cVsjKKiC83dksQBPi61NFiJ2lAy6-tzVDu_jRNjKp0WbqQeTXB421sAUSdoV6S6CGaHDKSHB_rSJBRtkRl1sc7B-KrANhFVgamMpTBnjR4Pk2KV_gd2gQP1Tn_JHFtCKWWvljXw3uSy04aR7p1sPWd6PobMbaMn3u=s0,thehungtd_full_art,Dogmatikalamity Alba System,https://sites.google.com/view/thehungtd/latest-artworks/2024/other,https://lh3.googleusercontent.com/sitesv/AG8ngQX3VKAfzIIl9y0WG1WRXIaEcy5cVsjKKiC83dksQBPi61NFiJ2lAy6-tzVDu_jRNjKp0WbqQeTXB421sAUSdoV6S6CGaHDKSHB_rSJBRtkRl1sc7B-KrANhFVgamMpTBnjR4Pk2KV_gd2gQP1Tn_JHFtCKWWvljXw3uSy04aR7p1sPWd6PobMbaMn3u=w1280,,True
Despia,15ZwEIDZR24KCbYNercxyIch9TsDUk_ON,captions/ygo4_0074.json,Monster,Aluber the Jester of Despia,ygo4_0074,15ZwEIDZR24KCbYNercxyIch9TsDUk_ON,new_card_first_release,,,images/ygo4_0074.png,2021-08-12,16195,1.0,exact_alias,Fairy,pending_konami_verification,62962630,,,2026-08-31T18:25:56+00:00,selected_pending_image_and_caption_qa,https://lh3.googleusercontent.com/sitesv/AG8ngQX3lcG0zYIP64JG4I4K9uRMFcRJX4qFYeD206NQQvnDCCL-IJv2uLMOwSHtzzNTWAnLbIhTVjxBrOLany9ui3omrYnVPLueA7MqfCNRJ0cnWxNkp--FzrDZxMopY54RtRl_cUwz77ZMwW7SHjDnG8-iv2RgV6C8mQP4nccXNmKZSgcw_ziai4v9SkBT=s0,thehungtd_full_art,Aluber the Jester of Despia 2nd,https://sites.google.com/view/thehungtd/latest-artworks/2024/other,https://lh3.googleusercontent.com/sitesv/AG8ngQX3lcG0zYIP64JG4I4K9uRMFcRJX4qFYeD206NQQvnDCCL-IJv2uLMOwSHtzzNTWAnLbIhTVjxBrOLany9ui3omrYnVPLueA7MqfCNRJ0cnWxNkp--FzrDZxMopY54RtRl_cUwz77ZMwW7SHjDnG8-iv2RgV6C8mQP4nccXNmKZSgcw_ziai4v9SkBT=w1280,,True
Melodious,1bwgLBrgrj99GuXMjtV_UbB2xYnB6MAYL,captions/ygo4_0075.json,Monster,Bacha the Melodious Maestra,ygo4_0075,1bwgLBrgrj99GuXMjtV_UbB2xYnB6MAYL,new_card_first_release,,,images/ygo4_0075.png,2024-04-25,19876,1.0,exact_alias,Fairy,pending_konami_verification,56208713,,,2026-08-31T18:26:02+00:00,selected_pending_image_and_caption_qa,https://lh3.googleusercontent.com/sitesv/AG8ngQVKn2zxKDawDZ1gdlztBMEX_sykY8EHbJdkVYQ7Uvl8zmbj1Ji9ppGu4-MOMXl0SXuk9CO2eDTOI4NE7af-Ynig_NVf-8XxFKjGT6VVnFUIRHvr39HdMPwmYTNz9Ks_D6IPeWtS7EcWBJg31rXjEVu5f8L_zxlDVWA92FW2WvrYxRTg9V4lMizK9Q2f=s0,thehungtd_full_art,Bacha the Melodious Maestra,https://sites.google.com/view/thehungtd/latest-artworks/2024/legacy-of-destruction,https://lh3.googleusercontent.com/sitesv/AG8ngQVKn2zxKDawDZ1gdlztBMEX_sykY8EHbJdkVYQ7Uvl8zmbj1Ji9ppGu4-MOMXl0SXuk9CO2eDTOI4NE7af-Ynig_NVf-8XxFKjGT6VVnFUIRHvr39HdMPwmYTNz9Ks_D6IPeWtS7EcWBJg31rXjEVu5f8L_zxlDVWA92FW2WvrYxRTg9V4lMizK9Q2f=w1280,,True
Melodious,189kB3aFH0TJGjV5WVy3YoHmjJ6NyvCXi,captions/ygo4_0076.json,Monster,Flowering Etoile the Melodious Magnificat,ygo4_0076,189kB3aFH0TJGjV5WVy3YoHmjJ6NyvCXi,new_card_first_release,,,images/ygo4_0076.png,2024-04-25,19877,1.0,exact_alias,Fairy,pending_konami_verification,83793721,,,2026-08-31T18:26:02+00:00,selected_pending_image_and_caption_qa,https://lh3.googleusercontent.com/sitesv/AG8ngQVLjDiryopBsYH7zC3lGetxfo8Cff0cGRIFZ3qiERFQKVIALci69EAnoRJ_UjYogLW7F__d_02CgR8gFjLNEFMHXk3gJj0SctOcrzEDlFK_tXA3Zbn4OY4_do9KejQxMFSfyrvucgwiuqNDOBFhEtNa0HdEaHznPHw_OL8OjU0nDCusB92A0iNCYgQ9MoY=s0,thehungtd_full_art,Flowering Etoile the Melodious Grand Choir,https://sites.google.com/view/thehungtd/latest-artworks/2024/legacy-of-destruction,https://lh3.googleusercontent.com/sitesv/AG8ngQVLjDiryopBsYH7zC3lGetxfo8Cff0cGRIFZ3qiERFQKVIALci69EAnoRJ_UjYogLW7F__d_02CgR8gFjLNEFMHXk3gJj0SctOcrzEDlFK_tXA3Zbn4OY4_do9KejQxMFSfyrvucgwiuqNDOBFhEtNa0HdEaHznPHw_OL8OjU0nDCusB92A0iNCYgQ9MoY=w1280,,True
Lightsworn,1Hk514clP7cPecqKg_PSqcJ485vLsko_a,captions/ygo4_0077.json,Monster,"Minerva, the Athenian Lightsworn",ygo4_0077,1Hk514clP7cPecqKg_PSqcJ485vLsko_a,new_card_first_release,,,images/ygo4_0077.png,2024-04-25,19884,1.0,exact_alias,Fairy,pending_konami_verification,18843291,,,2026-08-31T18:26:02+00:00,selected_pending_image_and_caption_qa,https://lh3.googleusercontent.com/sitesv/AG8ngQVVxrF9UynmB8Vqg-PEMKK2fkkANGUQ4j4B1G_ej2BpgmNCb0gIkg_BLxBUGya7ytS3yuwTfyeps3du_miz_F_vSZeTifB_HdWE9M5s8HRImvHulghePIZunwNXWt8W4Wzzr4kF4lP-azmoGK4sKk9NZ_jX-OzOrJR8uaPo5H2csJsxB0R5zbKDLlR4pck=s0,thehungtd_full_art,"Minerva, Lightsworn Athena",https://sites.google.com/view/thehungtd/latest-artworks/2024/legacy-of-destruction,https://lh3.googleusercontent.com/sitesv/AG8ngQVVxrF9UynmB8Vqg-PEMKK2fkkANGUQ4j4B1G_ej2BpgmNCb0gIkg_BLxBUGya7ytS3yuwTfyeps3du_miz_F_vSZeTifB_HdWE9M5s8HRImvHulghePIZunwNXWt8W4Wzzr4kF4lP-azmoGK4sKk9NZ_jX-OzOrJR8uaPo5H2csJsxB0R5zbKDLlR4pck=w1280,,True
Shining Sarcophagus,1i_EvOpIRBZrsw-HmxyY-G2ZUBdPVP3Rh,captions/ygo4_0078.json,Monster,Moremarshmallon,ygo4_0078,1i_EvOpIRBZrsw-HmxyY-G2ZUBdPVP3Rh,new_card_first_release,,,images/ygo4_0078.png,2024-04-25,19846,1.0,exact_alias,Fairy,pending_konami_verification,38505587,,,2026-08-31T18:26:02+00:00,selected_pending_image_and_caption_qa,https://lh3.googleusercontent.com/sitesv/AG8ngQUdlWYtUbMvQMPAa_p_pXlBUeB7nsgO7q3_-GdtNvUHi1YbJL1JKNw1hLYehTKLUVQmAFdh1Eeh4a85epzApvT5VplpiN6XnyYOSxNFLq0UNdVut2CHDARK-8hNpvBHQmVAE3kAhOGEKLifY1njE_UzGaxm8sMOJ9KEHK3HPq06ArUuEYdWQbUgr6BsGJ8=s0,thehungtd_full_art,Mashimarshmallon,https://sites.google.com/view/thehungtd/latest-artworks/2024/legacy-of-destruction,https://lh3.googleusercontent.com/sitesv/AG8ngQUdlWYtUbMvQMPAa_p_pXlBUeB7nsgO7q3_-GdtNvUHi1YbJL1JKNw1hLYehTKLUVQmAFdh1Eeh4a85epzApvT5VplpiN6XnyYOSxNFLq0UNdVut2CHDARK-8hNpvBHQmVAE3kAhOGEKLifY1njE_UzGaxm8sMOJ9KEHK3HPq06ArUuEYdWQbUgr6BsGJ8=w1280,,True
Elemental HERO,1WLCbO9YNpdLlJV5FeUL8K0-6y26B_UHL,captions/ygo4_0079.json,Monster,Winged Kuriboh LV6,ygo4_0079,1WLCbO9YNpdLlJV5FeUL8K0-6y26B_UHL,new_card_first_release,,,images/ygo4_0079.png,2024-06-20,19719,1.0,exact_alias,Fairy,pending_konami_verification,48486809,,,2026-08-31T18:26:05+00:00,selected_pending_image_and_caption_qa,https://lh3.googleusercontent.com/sitesv/AG8ngQWWwmMLgmlVkqbcD9sSoRBbMcW3EX8f8eYGTmfpDDLAU1G4uXLZ8tNTuhf4obN8NjUQcUJewtfGy1a2-S2Bg1dpZOapGHuEkjc4k_VppBhLU_5DB-pOaUlwy_E8Qhp1pit3zG7ufXT_cMHZ2J5D6uehtF9UDhpzg8-g0tJlvSujD8LA25zi16RDWknt=s0,thehungtd_full_art,Winged Kuriboh LV6,https://sites.google.com/view/thehungtd/latest-artworks/2024/quarter-century-duelist-box,https://lh3.googleusercontent.com/sitesv/AG8ngQWWwmMLgmlVkqbcD9sSoRBbMcW3EX8f8eYGTmfpDDLAU1G4uXLZ8tNTuhf4obN8NjUQcUJewtfGy1a2-S2Bg1dpZOapGHuEkjc4k_VppBhLU_5DB-pOaUlwy_E8Qhp1pit3zG7ufXT_cMHZ2J5D6uehtF9UDhpzg8-g0tJlvSujD8LA25zi16RDWknt=w1280,,True
Madolche,1U7s53WJuK-ouvBBIh58pU9QpSYTa5hez,captions/ygo4_0080.json,Monster,Madolche Queen Tiarafraise,ygo4_0080,1U7s53WJuK-ouvBBIh58pU9QpSYTa5hez,new_card_first_release,,,images/ygo4_0080.png,2024-07-18,20223,1.0,exact_alias,Fairy,pending_konami_verification,49689480,,,2026-08-31T18:26:00+00:00,selected_pending_image_and_caption_qa,https://lh3.googleusercontent.com/sitesv/AG8ngQXWvnoHYH6wyD7Mq-DoadgskDUssMtQlhA7YHZMRV-Fxpya5mbxsuM6pX0p-pYpsStRfSFUOCxMOXemvb4qWDNJ7hn5BXFv9Old2iq9FsZzNiEAMHzNDP3pJTBd4EQM33iYUot5QLpFkC7Txy_Te1zqu4pWzznFPgg_pludtBzSHZT3TBaOV4Mndf7RIsM=s0,thehungtd_full_art,Madolche Queen Tiara-a-la-Fraise,https://sites.google.com/view/thehungtd/latest-artworks/2024/infinite-forbidden,https://lh3.googleusercontent.com/sitesv/AG8ngQXWvnoHYH6wyD7Mq-DoadgskDUssMtQlhA7YHZMRV-Fxpya5mbxsuM6pX0p-pYpsStRfSFUOCxMOXemvb4qWDNJ7hn5BXFv9Old2iq9FsZzNiEAMHzNDP3pJTBd4EQM33iYUot5QLpFkC7Txy_Te1zqu4pWzznFPgg_pludtBzSHZT3TBaOV4Mndf7RIsM=w1280,,True
,1agHxI4wRsPvN_Km04APhkr6UuL0TVIj3,captions/ygo4_0081.json,Monster,Neverending Nightmare Absorber,ygo4_0081,1agHxI4wRsPvN_Km04APhkr6UuL0TVIj3,new_card_first_release,,,images/ygo4_0081.png,2024-07-27,20504,1.0,exact_alias,Fairy,pending_konami_verification,73413514,,,2026-08-31T18:25:58+00:00,selected_pending_image_and_caption_qa,https://lh3.googleusercontent.com/sitesv/AG8ngQWasTz7bgR0lY-1e17B7pp2x9B7s35Q6GkzwfF_qzpcgvlgyBpWXnbE8BlgKEw6qHQwlSqurV9V1i_Iv1tvMNeAD2RpJRD3KCCVUA2r28Fubli61XhXe0_sMf8yOEZ9BC1CC8Sn0UoUVxQ5pOahiA05RPAgWCLedAXsGEr_xn6BWqp5OvmS8mAvVlpmVyc=s0,thehungtd_full_art,Dream Absorber,https://sites.google.com/view/thehungtd/latest-artworks/2024/rage-of-the-abyss,https://lh3.googleusercontent.com/sitesv/AG8ngQWasTz7bgR0lY-1e17B7pp2x9B7s35Q6GkzwfF_qzpcgvlgyBpWXnbE8BlgKEw6qHQwlSqurV9V1i_Iv1tvMNeAD2RpJRD3KCCVUA2r28Fubli61XhXe0_sMf8yOEZ9BC1CC8Sn0UoUVxQ5pOahiA05RPAgWCLedAXsGEr_xn6BWqp5OvmS8mAvVlpmVyc=w1280,,True
Mimighoul,1nlr0k4FQnMgc2ygHPML066WyDnaCJZMT,captions/ygo4_0082.json,Monster,Mimighoul Fairy,ygo4_0082,1nlr0k4FQnMgc2ygHPML066WyDnaCJZMT,new_card_first_release,,,images/ygo4_0082.png,2024-10-10,20715,1.0,exact_alias,Fairy,pending_konami_verification,43066927,,,2026-08-31T18:25:58+00:00,selected_pending_image_and_caption_qa,https://lh3.googleusercontent.com/sitesv/AG8ngQVMuGJUMv6FQCIbgko5DBI2QHMlh7mC-7pt4n9mmfOxgkEIRhpPNJGS5d-tK5FcArdfdznlWNC_EH0G5GYa0Oj25l9vZPwl-N_F0PqjEti1W1MEjq6Ye_0J2ZnmaOoqI_tMtoMMzL3JytquaFWZ46bwof5Agx8faOmHbaVkQdU1TPODeufQ7p0I6wY0=s0,thehungtd_full_art,Mimighoul Fairy,https://sites.google.com/view/thehungtd/latest-artworks/2024/rage-of-the-abyss,https://lh3.googleusercontent.com/sitesv/AG8ngQVMuGJUMv6FQCIbgko5DBI2QHMlh7mC-7pt4n9mmfOxgkEIRhpPNJGS5d-tK5FcArdfdznlWNC_EH0G5GYa0Oj25l9vZPwl-N_F0PqjEti1W1MEjq6Ye_0J2ZnmaOoqI_tMtoMMzL3JytquaFWZ46bwof5Agx8faOmHbaVkQdU1TPODeufQ7p0I6wY0=w1280,,True
Marincess,1wIVPWSFMQBE86Va-su_1YIYh54AXMD5I,captions/ygo4_0083.json,Monster,Trickstar Aqua Angel,ygo4_0083,1wIVPWSFMQBE86Va-su_1YIYh54AXMD5I,new_card_first_release,,,images/ygo4_0083.png,2025-03-13,20292,1.0,exact_alias,Fairy,pending_konami_verification,37405032,,,2026-08-31T18:26:01+00:00,selected_pending_image_and_caption_qa,https://lh3.googleusercontent.com/sitesv/AG8ngQUHkRY8PpO48JgrhvmySDukqDC3ciGvDFPbLJsQ0MIPXIgdACy3qi01sIiz383H8P8auXpN7pZKN2MFUDXce4FIN19eMnCwID2q4rAFrPooxl3m_2w-fj7vKOIN7JKRM88EgnIAvwnV7oAsYq2rg_8uUzOzKFGqmNlOKP_gI36JkNxW-sX0qmGVtW3idB4=s0,thehungtd_full_art,Trickstar Aqua Angel,https://sites.google.com/view/thehungtd/latest-artworks/2024/duelist-pack-duelists-of-brilliance,https://lh3.googleusercontent.com/sitesv/AG8ngQUHkRY8PpO48JgrhvmySDukqDC3ciGvDFPbLJsQ0MIPXIgdACy3qi01sIiz383H8P8auXpN7pZKN2MFUDXce4FIN19eMnCwID2q4rAFrPooxl3m_2w-fj7vKOIN7JKRM88EgnIAvwnV7oAsYq2rg_8uUzOzKFGqmNlOKP_gI36JkNxW-sX0qmGVtW3idB4=w1280,,True
Trickstar,11yEGloQAQgRX1zIeA82OUtzxpDPdj8Uz,captions/ygo4_0084.json,Monster,Trickstar Band Drumatis,ygo4_0084,11yEGloQAQgRX1zIeA82OUtzxpDPdj8Uz,new_card_first_release,,,images/ygo4_0084.png,2025-03-13,20293,1.0,exact_alias,Fairy,pending_konami_verification,64804137,,,2026-08-31T18:26:01+00:00,selected_pending_image_and_caption_qa,https://lh3.googleusercontent.com/sitesv/AG8ngQVsJ0cpA2CIlJWnB1uoRk-FjbeOuAQmtIIMRxDywmGbzLIQGj5qZs_H1S54pRX7Wz6q2IxpTL2q7uSVAec2Fl6WYnUCREPcexf70JJPElFpO8txNvNTuYMGZ96-DwBcIb3iL6HHWYTtfNRK4pTfP3TlD9Uw-JyjzKR3R0lUEyDOxxKQBDws-qIF79XI6i4=s0,thehungtd_full_art,Trickstar Band Drummatis,https://sites.google.com/view/thehungtd/latest-artworks/2024/duelist-pack-duelists-of-brilliance,https://lh3.googleusercontent.com/sitesv/AG8ngQVsJ0cpA2CIlJWnB1uoRk-FjbeOuAQmtIIMRxDywmGbzLIQGj5qZs_H1S54pRX7Wz6q2IxpTL2q7uSVAec2Fl6WYnUCREPcexf70JJPElFpO8txNvNTuYMGZ96-DwBcIb3iL6HHWYTtfNRK4pTfP3TlD9Uw-JyjzKR3R0lUEyDOxxKQBDws-qIF79XI6i4=w1280,,True
Trickstar,1IgkaDT4fcXtGecntGrkkmnY9dMIzER7y,captions/ygo4_0085.json,Monster,Trickstar Colchica,ygo4_0085,1IgkaDT4fcXtGecntGrkkmnY9dMIzER7y,new_card_first_release,,,images/ygo4_0085.png,2025-03-13,20294,1.0,exact_alias,Fairy,pending_konami_verification,298846,,,2026-08-31T18:26:01+00:00,selected_pending_image_and_caption_qa,https://lh3.googleusercontent.com/sitesv/AG8ngQVdnwfbMWxLl6zvTLjhfhvbLzYtkZfG6dNqljRtQbrrDKZSypvbP76TjsBjJlUCjT6l0sUxD53_iOGXI5Rp_4AOhPhq7--Xv_JkzjsA2TjzDvSoxZNGUoHFWMJGc39g7Yg_eR4wgL-jCaEkkASB7rYj0ARGPo_S1k50i7T8HN-k9_-41x4hiR1TH62CHyI=s0,thehungtd_full_art,Trickstar Colchica,https://sites.google.com/view/thehungtd/latest-artworks/2024/duelist-pack-duelists-of-brilliance,https://lh3.googleusercontent.com/sitesv/AG8ngQVdnwfbMWxLl6zvTLjhfhvbLzYtkZfG6dNqljRtQbrrDKZSypvbP76TjsBjJlUCjT6l0sUxD53_iOGXI5Rp_4AOhPhq7--Xv_JkzjsA2TjzDvSoxZNGUoHFWMJGc39g7Yg_eR4wgL-jCaEkkASB7rYj0ARGPo_S1k50i7T8HN-k9_-41x4hiR1TH62CHyI=w1280,,True
Trickstar,17cKVxkggXI3YuAvH4Fvg4yVFkP3YEF08,captions/ygo4_0086.json,Monster,Trickstar Hoody,ygo4_0086,17cKVxkggXI3YuAvH4Fvg4yVFkP3YEF08,new_card_first_release,,,images/ygo4_0086.png,2025-03-13,20291,1.0,exact_alias,Fairy,pending_konami_verification,1410324,,,2026-08-31T18:26:01+00:00,selected_pending_image_and_caption_qa,https://lh3.googleusercontent.com/sitesv/AG8ngQX8Su6hSI0peyR6sqIzM84AisNXx1kww1p0qEEg6vX_AhI0xxmFm-XPyIDOeoiMhXRsQoDoXY_fFCms9cd6vY2jD73Ij_U4FaInv49mIGZ4hkhCKFYvnErvrb99pZijub_4stpnK4pQ2QJN2VELbyRmWzq6-e5GfcKU-IPK94JR5ucWyICJRPXclL-fZ4M=s0,thehungtd_full_art,Trickstar Hoodie,https://sites.google.com/view/thehungtd/latest-artworks/2024/duelist-pack-duelists-of-brilliance,https://lh3.googleusercontent.com/sitesv/AG8ngQX8Su6hSI0peyR6sqIzM84AisNXx1kww1p0qEEg6vX_AhI0xxmFm-XPyIDOeoiMhXRsQoDoXY_fFCms9cd6vY2jD73Ij_U4FaInv49mIGZ4hkhCKFYvnErvrb99pZijub_4stpnK4pQ2QJN2VELbyRmWzq6-e5GfcKU-IPK94JR5ucWyICJRPXclL-fZ4M=w1280,,True
Trickstar,15s_eRuS3WRnDpp6CwsYG9cZOMwEW1jQA,captions/ygo4_0087.json,Monster,Trickstar Noble Angel,ygo4_0087,15s_eRuS3WRnDpp6CwsYG9cZOMwEW1jQA,new_card_first_release,,,images/ygo4_0087.png,2025-03-13,20295,1.0,exact_alias,Fairy,pending_konami_verification,37683441,,,2026-08-31T18:26:01+00:00,selected_pending_image_and_caption_qa,https://lh3.googleusercontent.com/sitesv/AG8ngQVEhUKpSxNso8D9_PjUIy_EZYzhwYaPQ1BU3AFTazRO1HlIu-Ib-d0GK_IsPlzKFDplD1jaRysUTM8jPee998jUcO9cW4nJLn-q5lpT2Ru7xHOv8p2dF5VExCsjKPLMrNaOSj-2bC8BiVp9c5Vk7XRmKxn7xzbO3KYzmk1v0AbkN3SmT1mnfywMmB9U-mA=s0,thehungtd_full_art,Trickstar Noble Angel,https://sites.google.com/view/thehungtd/latest-artworks/2024/duelist-pack-duelists-of-brilliance,https://lh3.googleusercontent.com/sitesv/AG8ngQVEhUKpSxNso8D9_PjUIy_EZYzhwYaPQ1BU3AFTazRO1HlIu-Ib-d0GK_IsPlzKFDplD1jaRysUTM8jPee998jUcO9cW4nJLn-q5lpT2Ru7xHOv8p2dF5VExCsjKPLMrNaOSj-2bC8BiVp9c5Vk7XRmKxn7xzbO3KYzmk1v0AbkN3SmT1mnfywMmB9U-mA=w1280,,True
,1DJ8h5IEcGCuXB0i6zItKocN98Orwx08a,captions/ygo4_0088.json,Monster,Jungle Dweller,ygo4_0088,1DJ8h5IEcGCuXB0i6zItKocN98Orwx08a,new_card_first_release,,,images/ygo4_0088.png,2024-04-25,20061,1.0,exact_alias,Fiend,pending_konami_verification,73490417,,,2026-08-31T18:25:57+00:00,selected_pending_image_and_caption_qa,https://lh3.googleusercontent.com/sitesv/AG8ngQXr0Rjsr9ZQ8mkOGVfNBZc7KgzNQaU17FFhMnVZT3Mwasfsm335woNAvnuh53dpD0C58x3SKfw7B0_Y-jpqXIpdcNePFvwB3BnJZ_2_-1aVXuz4Yl0Sk3J1FoY1xQWRL22wfUrgJ8aZ7Gm8saNM9gQTD_pVEySnPqn9BOx0kAaKB8WAH5DG-x9Wak3JsxQ=s0,thehungtd_full_art,Jungle Dweller,https://sites.google.com/view/thehungtd/latest-artworks/2024/world-premiere-pack-2024,https://lh3.googleusercontent.com/sitesv/AG8ngQXr0Rjsr9ZQ8mkOGVfNBZc7KgzNQaU17FFhMnVZT3Mwasfsm335woNAvnuh53dpD0C58x3SKfw7B0_Y-jpqXIpdcNePFvwB3BnJZ_2_-1aVXuz4Yl0Sk3J1FoY1xQWRL22wfUrgJ8aZ7Gm8saNM9gQTD_pVEySnPqn9BOx0kAaKB8WAH5DG-x9Wak3JsxQ=w1280,,True
Kuriboh,1ljKWaFAvEXAp4Yz1vfINBJssCUppbXHz,captions/ygo4_0089.json,Monster,Detonating Kuriboh,ygo4_0089,1ljKWaFAvEXAp4Yz1vfINBJssCUppbXHz,new_card_first_release,,,images/ygo4_0089.png,2024-05-21,20383,1.0,exact_alias,Fiend,pending_konami_verification,46789706,,,2026-08-31T18:25:56+00:00,selected_pending_image_and_caption_qa,https://lh3.googleusercontent.com/sitesv/AG8ngQXG0fRNDy-1HEmDxl_VJUBGuDSla0PftKmGmwCxiSGAwbmEZ6q1s_PbZKHIsJt1Qpc-5F0xKOF_p4Qt6p1kfn2nrW52nS888A7Vz4JZgjOInIMnah9-YakcwDnz8_VhA89f093W9q422b_FxU66Iv8SNd-I9kdmvhvX9CF7M3aFrZVsh8AILBUj-dBBs6w=s0,thehungtd_full_art,Detonating Kuriboh,https://sites.google.com/view/thehungtd/latest-artworks/2024/other,https://lh3.googleusercontent.com/sitesv/AG8ngQXG0fRNDy-1HEmDxl_VJUBGuDSla0PftKmGmwCxiSGAwbmEZ6q1s_PbZKHIsJt1Qpc-5F0xKOF_p4Qt6p1kfn2nrW52nS888A7Vz4JZgjOInIMnah9-YakcwDnz8_VhA89f093W9q422b_FxU66Iv8SNd-I9kdmvhvX9CF7M3aFrZVsh8AILBUj-dBBs6w=w1280,,True
Archfiend,1s3FAl1G1k9C1Jc_cV7OkV6JvOw2r5oLq,captions/ygo4_0090.json,Monster,Archfiend's Advent,ygo4_0090,1s3FAl1G1k9C1Jc_cV7OkV6JvOw2r5oLq,new_card_first_release,,,images/ygo4_0090.png,2024-06-20,20036,1.0,exact_alias,Fiend,pending_konami_verification,53008933,,,2026-08-31T18:25:56+00:00,selected_pending_image_and_caption_qa,https://lh3.googleusercontent.com/sitesv/AG8ngQXblep850HIacBOtMC1BTd9aYIR_NlTbDqM8yJ567-czUYPw3OFl080ra0ChR8N8obgjgaBcr3O-1KUtpzUfR1Ly07wM_8Ab07Fp0Zku8i5ys_qnGGklFqZIusVqe4U8DvV129-pD7nGnk2hL7KoW3qvVh8Q8ciVkXvFNZVYWXYcr_aLgJJcwN9dAI5QaQ=s0,thehungtd_full_art,Archfiend's Arrival,https://sites.google.com/view/thehungtd/latest-artworks/2024/other,https://lh3.googleusercontent.com/sitesv/AG8ngQXblep850HIacBOtMC1BTd9aYIR_NlTbDqM8yJ567-czUYPw3OFl080ra0ChR8N8obgjgaBcr3O-1KUtpzUfR1Ly07wM_8Ab07Fp0Zku8i5ys_qnGGklFqZIusVqe4U8DvV129-pD7nGnk2hL7KoW3qvVh8Q8ciVkXvFNZVYWXYcr_aLgJJcwN9dAI5QaQ=w1280,,True
Infernoid,1-tOHivEzWoch7Ea34GzyHnijGvzE3q95,captions/ygo4_0091.json,Monster,Infernoid Evil,ygo4_0091,1-tOHivEzWoch7Ea34GzyHnijGvzE3q95,new_card_first_release,,,images/ygo4_0091.png,2024-06-20,19627,1.0,exact_alias,Fiend,pending_konami_verification,97051536,,,2026-08-31T18:26:06+00:00,selected_pending_image_and_caption_qa,https://lh3.googleusercontent.com/sitesv/AG8ngQUNAhTIc50IHQykXjim_iPPOYAKyw9cg8Ok_W94e4FlcLqw6H1S4DV6I6j1uFmdWv-30GwLJbc9YUXrs6Z1O2IrfBjb6oQJkNatyZcg8XCoh2GCU4PkouA1KHLPh6nDlr_OuR3y3mT9vHvgPZdgUB1SiWzRYNeh69r1JRn9cZz3seeBUayE1Wwfb2KzDZY=s0,thehungtd_full_art,Infernoid Evil,https://sites.google.com/view/thehungtd/latest-artworks/2024/terminal-world,https://lh3.googleusercontent.com/sitesv/AG8ngQUNAhTIc50IHQykXjim_iPPOYAKyw9cg8Ok_W94e4FlcLqw6H1S4DV6I6j1uFmdWv-30GwLJbc9YUXrs6Z1O2IrfBjb6oQJkNatyZcg8XCoh2GCU4PkouA1KHLPh6nDlr_OuR3y3mT9vHvgPZdgUB1SiWzRYNeh69r1JRn9cZz3seeBUayE1Wwfb2KzDZY=w1280,,True
Infernoid,15AAl-XHzHGsHDPoHnfgddljhxupr3sbX,captions/ygo4_0092.json,Monster,Infernoid Flood,ygo4_0092,15AAl-XHzHGsHDPoHnfgddljhxupr3sbX,new_card_first_release,,,images/ygo4_0092.png,2024-06-20,19628,1.0,exact_alias,Fiend,pending_konami_verification,34446231,,,2026-08-31T18:26:06+00:00,selected_pending_image_and_caption_qa,https://lh3.googleusercontent.com/sitesv/AG8ngQV6VsuIGOvfwNkZM-meDx2sLdJLoSmcbHjW8Qo35npaLIxhplIfvL7lm7Nw4HFQ-QvuczIjEJ1rrXsrO5zS09RWBB1B0DtmyqMzatOLeahRD6kkd4RWivlQNcoTpL_L6zAS8_xpAWGjRITO1piFmCPQOK6ZHZjuVqSrEW4N-X9IZhuRIug67DxJUH6CtWA=s0,thehungtd_full_art,Infernoid Flood,https://sites.google.com/view/thehungtd/latest-artworks/2024/terminal-world,https://lh3.googleusercontent.com/sitesv/AG8ngQV6VsuIGOvfwNkZM-meDx2sLdJLoSmcbHjW8Qo35npaLIxhplIfvL7lm7Nw4HFQ-QvuczIjEJ1rrXsrO5zS09RWBB1B0DtmyqMzatOLeahRD6kkd4RWivlQNcoTpL_L6zAS8_xpAWGjRITO1piFmCPQOK6ZHZjuVqSrEW4N-X9IZhuRIug67DxJUH6CtWA=w1280,,True
Phantom Knights,1pTQVDiJO7DP_Gri0cOx7NLj5QETcCjhj,captions/ygo4_0093.json,Monster,Phantom of Yubel,ygo4_0093,1pTQVDiJO7DP_Gri0cOx7NLj5QETcCjhj,new_card_first_release,,,images/ygo4_0093.png,2024-06-20,20037,1.0,exact_alias,Fiend,pending_konami_verification,80453041,,,2026-08-31T18:25:56+00:00,selected_pending_image_and_caption_qa,https://lh3.googleusercontent.com/sitesv/AG8ngQUiIrH9Abs3QITBva_G-JZcQbG6VegQQ55gijrXLbCP6QAXEIOYAutcMS8lHc980qY0oUFeTyAsSh1CeAakUrRw9wf1XRYUpGQuJ12ll9H7n0KonV8ZJd4d7F_bgz6M_YAFB0tEhqK88qQ8Q2zucnqs2yzTpV6BziwY1DF5NIxqahekE23qJ3n_C112QXQ=s0,thehungtd_full_art,Phantom of Yubel,https://sites.google.com/view/thehungtd/latest-artworks/2024/other,https://lh3.googleusercontent.com/sitesv/AG8ngQUiIrH9Abs3QITBva_G-JZcQbG6VegQQ55gijrXLbCP6QAXEIOYAutcMS8lHc980qY0oUFeTyAsSh1CeAakUrRw9wf1XRYUpGQuJ12ll9H7n0KonV8ZJd4d7F_bgz6M_YAFB0tEhqK88qQ8Q2zucnqs2yzTpV6BziwY1DF5NIxqahekE23qJ3n_C112QXQ=w1280,,True
Clear,1U86itgEV8dGl_R0dYZfa1YcwguZQnfBX,captions/ygo4_0094.json,Monster,Clear Phantom,ygo4_0094,1U86itgEV8dGl_R0dYZfa1YcwguZQnfBX,new_card_first_release,,,images/ygo4_0094.png,2024-06-22,20393,1.0,exact_alias,Fiend,pending_konami_verification,70717628,,,2026-08-31T18:26:01+00:00,selected_pending_image_and_caption_qa,https://lh3.googleusercontent.com/sitesv/AG8ngQX7Um1vRRujJLTnBF-fzleETwp7bgDBatEH7DVoAXcP13nZcteL43RH7INiRBlfLcZ1qvxRGFCOXWNFeOoA5TdL9EEdGq6-QUacqNK2ZAt3Dg7J72qWVGBHhO2ty3OKWURkZ3j5gIEwl2lyEQjWk5nKAoOP4mTAFrNz5rZ7xTjX_Crt9viL09fjq8lb=s0,thehungtd_full_art,Clear Phantom,https://sites.google.com/view/thehungtd/latest-artworks/2024/animation-chronicle-2024,https://lh3.googleusercontent.com/sitesv/AG8ngQX7Um1vRRujJLTnBF-fzleETwp7bgDBatEH7DVoAXcP13nZcteL43RH7INiRBlfLcZ1qvxRGFCOXWNFeOoA5TdL9EEdGq6-QUacqNK2ZAt3Dg7J72qWVGBHhO2ty3OKWURkZ3j5gIEwl2lyEQjWk5nKAoOP4mTAFrNz5rZ7xTjX_Crt9viL09fjq8lb=w1280,,True
,1T0amu7ovT0QU4htca5L1nOaDb9vrbpkp,captions/ygo4_0095.json,Monster,Singularity Fiend,ygo4_0095,1T0amu7ovT0QU4htca5L1nOaDb9vrbpkp,new_card_first_release,,,images/ygo4_0095.png,2024-06-22,20398,1.0,exact_alias,Fiend,pending_konami_verification,32484853,,,2026-08-31T18:26:01+00:00,selected_pending_image_and_caption_qa,https://lh3.googleusercontent.com/sitesv/AG8ngQV5t_w9RRsnMQ0u-gtKUO1-uBJVEqKJmnofnLklaEhMtU1I7x4PGBQPgw4V2mO0wtN2ySec4l0bcrM7M4fTT-JtvOIWU2dkmXqK20aMd9Nt4pB4FV1CobsuiAdZMzv4yTTPl2Q1FMslhTi5LZuRh8HvweEhgul-oD82D5WHH8DbtovWiGtmyzTntKW2vNI=s0,thehungtd_full_art,Singularity Fiend,https://sites.google.com/view/thehungtd/latest-artworks/2024/animation-chronicle-2024,https://lh3.googleusercontent.com/sitesv/AG8ngQV5t_w9RRsnMQ0u-gtKUO1-uBJVEqKJmnofnLklaEhMtU1I7x4PGBQPgw4V2mO0wtN2ySec4l0bcrM7M4fTT-JtvOIWU2dkmXqK20aMd9Nt4pB4FV1CobsuiAdZMzv4yTTPl2Q1FMslhTi5LZuRh8HvweEhgul-oD82D5WHH8DbtovWiGtmyzTntKW2vNI=w1280,,True
Fiendsmith,1fgC0okDes4lugA76Dumxd3RiHiZ9Uaz8,captions/ygo4_0096.json,Monster,Fiendsmith Engraver,ygo4_0096,1fgC0okDes4lugA76Dumxd3RiHiZ9Uaz8,new_card_first_release,,,images/ygo4_0096.png,2024-07-18,20196,1.0,exact_alias,Fiend,pending_konami_verification,60764609,,,2026-08-31T18:26:00+00:00,selected_pending_image_and_caption_qa,https://lh3.googleusercontent.com/sitesv/AG8ngQVjYT6tRXA3VMcDlRGCXU5W9n-VxvyXWxgDWnj7I7zF3BjTlob7FdjmRxBz-PZw6XEgrp-lCQvmYLcoQlnAGfssLl9V2tcoqo42532DwwYDyipEVSV9wgbjun9yLA6Kcr9ibQxVbvtCCD43vrCBbknz6vVXH4Wbu4AhXYv_9D0nSJJT4LGbwID0HkTbxu0=s0,thehungtd_full_art,The Fiendsmith,https://sites.google.com/view/thehungtd/latest-artworks/2024/infinite-forbidden,https://lh3.googleusercontent.com/sitesv/AG8ngQVjYT6tRXA3VMcDlRGCXU5W9n-VxvyXWxgDWnj7I7zF3BjTlob7FdjmRxBz-PZw6XEgrp-lCQvmYLcoQlnAGfssLl9V2tcoqo42532DwwYDyipEVSV9wgbjun9yLA6Kcr9ibQxVbvtCCD43vrCBbknz6vVXH4Wbu4AhXYv_9D0nSJJT4LGbwID0HkTbxu0=w1280,,True
Fiendsmith,1Q-ByHwvvvK8yxNhukB5foTpo07kcGNgC,captions/ygo4_0097.json,Monster,Fiendsmith's Desirae,ygo4_0097,1Q-ByHwvvvK8yxNhukB5foTpo07kcGNgC,new_card_first_release,,,images/ygo4_0097.png,2024-07-18,20215,1.0,exact_alias,Fiend,pending_konami_verification,82135803,,,2026-08-31T18:26:00+00:00,selected_pending_image_and_caption_qa,https://lh3.googleusercontent.com/sitesv/AG8ngQVdXabnbI-So_BsxYcQMdJy4wPgsJY6TgSUU0CUG6zKkcC3y29u1QuJjU3s-A7u1zD7OOpblJNF8fxDbiq5tHSysZ9atwdoPaaelw2qQMY9wH6ZJeB3Yxpeodia63n3NO-60N9TlJnY9LE3B5QX6rBJmFmGGDaP9IBgvl1sqeqlg-ezRQmaW3CYXKQuGJI=s0,thehungtd_full_art,Fiendsmith Dies Irae,https://sites.google.com/view/thehungtd/latest-artworks/2024/infinite-forbidden,https://lh3.googleusercontent.com/sitesv/AG8ngQVdXabnbI-So_BsxYcQMdJy4wPgsJY6TgSUU0CUG6zKkcC3y29u1QuJjU3s-A7u1zD7OOpblJNF8fxDbiq5tHSysZ9atwdoPaaelw2qQMY9wH6ZJeB3Yxpeodia63n3NO-60N9TlJnY9LE3B5QX6rBJmFmGGDaP9IBgvl1sqeqlg-ezRQmaW3CYXKQuGJI=w1280,,True
Fiendsmith,1SCAkNOjvgrOloOR677gqLYkrLDDmxk3f,captions/ygo4_0098.json,Monster,Fiendsmith's Lacrima,ygo4_0098,1SCAkNOjvgrOloOR677gqLYkrLDDmxk3f,new_card_first_release,,,images/ygo4_0098.png,2024-07-18,20214,1.0,exact_alias,Fiend,pending_konami_verification,46640168,,,2026-08-31T18:26:00+00:00,selected_pending_image_and_caption_qa,https://lh3.googleusercontent.com/sitesv/AG8ngQVjO-UXW8TRzIKrwl9VVpikKcfeFPQcdmPl3dgsQu_hFbChCoaLoRtGFFptK3o87ZIQPBFg6Zn4v1b0WE9SE6HrKPxhQTdDJ7HCbawYler4nTpvb7uLsU9brygYa-BaS8XaZlp2QSbvkEedWZo1vbCBXZPZRzbjgFMRFXxDYSa3yU4uYTVqN7ZlVyd2=s0,thehungtd_full_art,Fiendsmith Lacrimosa,https://sites.google.com/view/thehungtd/latest-artworks/2024/infinite-forbidden,https://lh3.googleusercontent.com/sitesv/AG8ngQVjO-UXW8TRzIKrwl9VVpikKcfeFPQcdmPl3dgsQu_hFbChCoaLoRtGFFptK3o87ZIQPBFg6Zn4v1b0WE9SE6HrKPxhQTdDJ7HCbawYler4nTpvb7uLsU9brygYa-BaS8XaZlp2QSbvkEedWZo1vbCBXZPZRzbjgFMRFXxDYSa3yU4uYTVqN7ZlVyd2=w1280,,True
Fiendsmith,1HSiptY88Q9QMfjpftiFyBPdLnkQmXXwi,captions/ygo4_0099.json,Monster,Fiendsmith's Requiem,ygo4_0099,1HSiptY88Q9QMfjpftiFyBPdLnkQmXXwi,new_card_first_release,,,images/ygo4_0099.png,2024-07-18,20225,1.0,exact_alias,Fiend,pending_konami_verification,2463794,,,2026-08-31T18:26:00+00:00,selected_pending_image_and_caption_qa,https://lh3.googleusercontent.com/sitesv/AG8ngQXv90BkCoR_orunvAtTnvQOA5pxthOPxmg7z74yqSfpExcaebRquIF54eYyYSj_oAitpGxmXE4QrpB9fijUgvNHp7cvnjsQPpdvW_6updHKPY-KXQ5cDkCLOlKKXNJ8pAp3RJXk41oaL-h2PCqV-aboATm4De_O0bkpmmNwUSRn0MdCm50ep2EWI77E0_Q=s0,thehungtd_full_art,Fiendsmith Requiem,https://sites.google.com/view/thehungtd/latest-artworks/2024/infinite-forbidden,https://lh3.googleusercontent.com/sitesv/AG8ngQXv90BkCoR_orunvAtTnvQOA5pxthOPxmg7z74yqSfpExcaebRquIF54eYyYSj_oAitpGxmXE4QrpB9fijUgvNHp7cvnjsQPpdvW_6updHKPY-KXQ5cDkCLOlKKXNJ8pAp3RJXk41oaL-h2PCqV-aboATm4De_O0bkpmmNwUSRn0MdCm50ep2EWI77E0_Q=w1280,,True
Fiendsmith,1hwRTOzIDhX2JmHMekDzGH9aVRAZD9oZY,captions/ygo4_0100.json,Monster,Fiendsmith's Sequence,ygo4_0100,1hwRTOzIDhX2JmHMekDzGH9aVRAZD9oZY,new_card_first_release,,,images/ygo4_0100.png,2024-07-18,20226,1.0,exact_alias,Fiend,pending_konami_verification,49867899,,,2026-08-31T18:26:00+00:00,selected_pending_image_and_caption_qa,https://lh3.googleusercontent.com/sitesv/AG8ngQVYA_Nj4_MDhyBJNo21slmzDqv_1_boVjbTGV0Iit_QL1hVt8RNV3xD0X4GA_flpoJCVQSmBjNvUq8NYuNEExJrJKgW7w8llqFQbTlUBPWTpvEnyS6pgYTuO3nPuGT9PDjhNzDDnQ9v7whmL87sbW0yV8o1WQsIU_jDpKeeRiGLYwpB180wyRtWf7_hs4Y=s0,thehungtd_full_art,Fiendsmith Sequentia,https://sites.google.com/view/thehungtd/latest-artworks/2024/infinite-forbidden,https://lh3.googleusercontent.com/sitesv/AG8ngQVYA_Nj4_MDhyBJNo21slmzDqv_1_boVjbTGV0Iit_QL1hVt8RNV3xD0X4GA_flpoJCVQSmBjNvUq8NYuNEExJrJKgW7w8llqFQbTlUBPWTpvEnyS6pgYTuO3nPuGT9PDjhNzDDnQ9v7whmL87sbW0yV8o1WQsIU_jDpKeeRiGLYwpB180wyRtWf7_hs4Y=w1280,,True
Archfiend,1_Tk2jqC0XlbJcCmjQWV9krbIe9QZ4-Qo,captions/ygo4_0101.json,Monster,Mimighoul Archfiend,ygo4_0101,1_Tk2jqC0XlbJcCmjQWV9krbIe9QZ4-Qo,new_card_first_release,,,images/ygo4_0101.png,2024-07-18,20431,1.0,exact_alias,Fiend,pending_konami_verification,50415441,,,2026-08-31T18:26:00+00:00,selected_pending_image_and_caption_qa,https://lh3.googleusercontent.com/sitesv/AG8ngQVZmKwPmdhez-lpIP4nvdA5IB2GuwhwH_c2mfyzTJRSImNi6ko1r0jG9NQIBJf5Mdc6Q3TbcVJhvZkIMVvLvJiorCFIygYz5DJqpK1HQRrYFAdRaYBtMXIyRLjPUsuBD8xThbKvCtWwz_1VeAHDaIhET6o6pAbqzxfVDYg6CrFQbkbcKmCSrcNZShRcQr8=s0,thehungtd_full_art,Mimighoul Archfiend,https://sites.google.com/view/thehungtd/latest-artworks/2024/infinite-forbidden,https://lh3.googleusercontent.com/sitesv/AG8ngQVZmKwPmdhez-lpIP4nvdA5IB2GuwhwH_c2mfyzTJRSImNi6ko1r0jG9NQIBJf5Mdc6Q3TbcVJhvZkIMVvLvJiorCFIygYz5DJqpK1HQRrYFAdRaYBtMXIyRLjPUsuBD8xThbKvCtWwz_1VeAHDaIhET6o6pAbqzxfVDYg6CrFQbkbcKmCSrcNZShRcQr8=w1280,,True
,1Y6vvY2_LnjnLXyw_uLE9eImsqxkGWCYY,captions/ygo4_0102.json,Monster,Moon of the Closed Heaven,ygo4_0102,1Y6vvY2_LnjnLXyw_uLE9eImsqxkGWCYY,new_card_first_release,,,images/ygo4_0102.png,2024-07-18,19932,1.0,exact_alias,Fiend,pending_konami_verification,71818935,,,2026-08-31T18:25:56+00:00,selected_pending_image_and_caption_qa,https://lh3.googleusercontent.com/sitesv/AG8ngQUOr_YBwwOCkKMkRrfhitOrl8T5rmN2lcGuVIkc-IfyDyBuUPxW3SXtwt2a6L5kBXRWrp8_EUyhrCMhAcmH6zqj5vXrSskeYtxarGhGw8jODapx9dFFGfIK0_FAQ4zzM1hX5o7YLe8KpQzqmdFR3-yQkM5cWi9Dd-QI_apTIhN8YvMINZmUc_9NYMLgVtw=s0,thehungtd_full_art,Moon of the Closed Sky,https://sites.google.com/view/thehungtd/latest-artworks/2024/other,https://lh3.googleusercontent.com/sitesv/AG8ngQUOr_YBwwOCkKMkRrfhitOrl8T5rmN2lcGuVIkc-IfyDyBuUPxW3SXtwt2a6L5kBXRWrp8_EUyhrCMhAcmH6zqj5vXrSskeYtxarGhGw8jODapx9dFFGfIK0_FAQ4zzM1hX5o7YLe8KpQzqmdFR3-yQkM5cWi9Dd-QI_apTIhN8YvMINZmUc_9NYMLgVtw=w1280,,True
Fiendsmith,1DLEY1ezG9OaPnTSnci4O9vg5iI7GyHbF,captions/ygo4_0103.json,Monster,Fiendsmith's Agnumday,ygo4_0103,1DLEY1ezG9OaPnTSnci4O9vg5iI7GyHbF,new_card_first_release,,,images/ygo4_0103.png,2024-07-27,20521,1.0,exact_alias,Fiend,pending_konami_verification,32991300,,,2026-08-31T18:25:58+00:00,selected_pending_image_and_caption_qa,https://lh3.googleusercontent.com/sitesv/AG8ngQWRP1O2UFABfINL-KvSMugerjVMTEmKiqZjpdmkvQNZlqltutmoKe637BBjfhBNZx9unM-yJLTQt9ZqUEKBT8ZFxSutCkk6xJu-Z8eCgoACq2xtdmoRPjlFLSC4dh23MPRqFRnxMyoJqrimZXIK8hFY-Cx9pEcbinUvt8GLS6hzAHq39zIDYFQlD_fOZ4I=s0,thehungtd_full_art,Fiendsmith's Agnusdei,https://sites.google.com/view/thehungtd/latest-artworks/2024/rage-of-the-abyss,https://lh3.googleusercontent.com/sitesv/AG8ngQWRP1O2UFABfINL-KvSMugerjVMTEmKiqZjpdmkvQNZlqltutmoKe637BBjfhBNZx9unM-yJLTQt9ZqUEKBT8ZFxSutCkk6xJu-Z8eCgoACq2xtdmoRPjlFLSC4dh23MPRqFRnxMyoJqrimZXIK8hFY-Cx9pEcbinUvt8GLS6hzAHq39zIDYFQlD_fOZ4I=w1280,,True
Goblin,1jhvgarxONBiK__PiAF0Kku-9AwYxTqsJ,captions/ygo4_0104.json,Monster,Goblin Bikers Gone Wild,ygo4_0104,1jhvgarxONBiK__PiAF0Kku-9AwYxTqsJ,new_card_first_release,,,images/ygo4_0104.png,2024-07-27,20488,1.0,exact_alias,Fiend,pending_konami_verification,55320758,,,2026-08-31T18:25:58+00:00,selected_pending_image_and_caption_qa,https://lh3.googleusercontent.com/sitesv/AG8ngQUanJnXasKy6MkC6o78OisNcVL3dBMb6SocVEfByUtbv6Rp9hKyiCCV_RqUrOpMOwjbq_Kc9M7daHx7o7LfKpaU0Ka-KTqAV-PcM3CXvOPIS4EFNV7teuyinNqbtgjQvy--fd4s130ZEdOF5luvGmykglnTpnjuSrY5aJX1DSBuCxBEyYuP_H1dCG54mbM=s0,thehungtd_full_art,Bad-Ass Goblin Bikers,https://sites.google.com/view/thehungtd/latest-artworks/2024/rage-of-the-abyss,https://lh3.googleusercontent.com/sitesv/AG8ngQUanJnXasKy6MkC6o78OisNcVL3dBMb6SocVEfByUtbv6Rp9hKyiCCV_RqUrOpMOwjbq_Kc9M7daHx7o7LfKpaU0Ka-KTqAV-PcM3CXvOPIS4EFNV7teuyinNqbtgjQvy--fd4s130ZEdOF5luvGmykglnTpnjuSrY5aJX1DSBuCxBEyYuP_H1dCG54mbM=w1280,,True
Fiendsmith,1QdD7rUCvFM3GIMx-G5mZA4kxcPk1j447,captions/ygo4_0105.json,Monster,Lacrima the Crimson Tears,ygo4_0105,1QdD7rUCvFM3GIMx-G5mZA4kxcPk1j447,new_card_first_release,,,images/ygo4_0105.png,2024-07-27,20490,1.0,exact_alias,Fiend,pending_konami_verification,28803166,,,2026-08-31T18:25:58+00:00,selected_pending_image_and_caption_qa,https://lh3.googleusercontent.com/sitesv/AG8ngQX4vfK_24ePLuASDEfeB1lRGm8qihXqvOlw_nrQJY-EKX87ZD71_JMojpbpYt8LJKG_lT7Sg_-M3IPtHqswQxpzmosDz1A_z7mhq1fE7OuOm70GdoHxOaQRYAFfgHDYUURK_paSbYArK2cRer4VArhjXAQBLxYaPrsdylkcJnZ66y1hySm-f1QmPT2XIXA=s0,thehungtd_full_art,Lacrima the Scarlet Sorrow,https://sites.google.com/view/thehungtd/latest-artworks/2024/rage-of-the-abyss,https://lh3.googleusercontent.com/sitesv/AG8ngQX4vfK_24ePLuASDEfeB1lRGm8qihXqvOlw_nrQJY-EKX87ZD71_JMojpbpYt8LJKG_lT7Sg_-M3IPtHqswQxpzmosDz1A_z7mhq1fE7OuOm70GdoHxOaQRYAFfgHDYUURK_paSbYArK2cRer4VArhjXAQBLxYaPrsdylkcJnZ66y1hySm-f1QmPT2XIXA=w1280,,True
,1v5o23pwlqIKZyIlYIge_AEVZ_5Hqum8y,captions/ygo4_0106.json,Monster,Zoa the Fiendish Beast,ygo4_0106,1v5o23pwlqIKZyIlYIge_AEVZ_5Hqum8y,new_card_first_release,,,images/ygo4_0106.png,2024-07-27,20483,1.0,exact_alias,Fiend,pending_konami_verification,53753697,,,2026-08-31T18:25:58+00:00,selected_pending_image_and_caption_qa,https://lh3.googleusercontent.com/sitesv/AG8ngQWS5eI_YZXnejvCVvyalMHi62n3Cg1oU_zpNVJN_NuABQU-mfsEsRHPXfHFfgOshzPhEw-3yA5WLt94kt7rxGejgsH81558hqBC6-roD_5GuRAghXMVL_mlg9U5s56k65rgfoHCJ-sU6psW7kONnM3KCyvGGPy6v6K0_qFLT-mLmDp7OsihCaa7ZVye=s0,thehungtd_full_art,Fiend Beast Zoa,https://sites.google.com/view/thehungtd/latest-artworks/2024/rage-of-the-abyss,https://lh3.googleusercontent.com/sitesv/AG8ngQWS5eI_YZXnejvCVvyalMHi62n3Cg1oU_zpNVJN_NuABQU-mfsEsRHPXfHFfgOshzPhEw-3yA5WLt94kt7rxGejgsH81558hqBC6-roD_5GuRAghXMVL_mlg9U5s56k65rgfoHCJ-sU6psW7kONnM3KCyvGGPy6v6K0_qFLT-mLmDp7OsihCaa7ZVye=w1280,,True
Evil HERO,1CIk_8rUDzhdF6kZSx-U1UFMBvEuVPCv_,captions/ygo4_0107.json,Monster,Evil HERO Darkest Knight,ygo4_0107,1CIk_8rUDzhdF6kZSx-U1UFMBvEuVPCv_,new_card_first_release,,,images/ygo4_0107.png,2025-01-23,20770,1.0,exact_alias,Fiend,pending_konami_verification,86282581,,,2026-08-31T18:25:56+00:00,selected_pending_image_and_caption_qa,https://lh3.googleusercontent.com/sitesv/AG8ngQXTJ5JzEpW_PKZtsfLKnueKvELElCcDDc-nWglKh7obOJR885HGknvTMAIpYX8fz2VGlAh-L_FjKOf3_sQt_uKz4oKrK8du1BA1EldkesXW8Uqla-lVezuy7qL27kJnyFLpt54sPWP6233zax611zXEziue9vaUeJqBkGjfu3EJMKD-G2wnKTd1hOp27W4=s0,thehungtd_full_art,Evil HERO Dark Knight,https://sites.google.com/view/thehungtd/latest-artworks/2024/supreme-darkness,https://lh3.googleusercontent.com/sitesv/AG8ngQXTJ5JzEpW_PKZtsfLKnueKvELElCcDDc-nWglKh7obOJR885HGknvTMAIpYX8fz2VGlAh-L_FjKOf3_sQt_uKz4oKrK8du1BA1EldkesXW8Uqla-lVezuy7qL27kJnyFLpt54sPWP6233zax611zXEziue9vaUeJqBkGjfu3EJMKD-G2wnKTd1hOp27W4=w1280,,True
Evil HERO,1olG4WKC3WQGHzWV_fMGEmbCLOH0_iti9,captions/ygo4_0108.json,Monster,Evil HERO Infernal Rider,ygo4_0108,1olG4WKC3WQGHzWV_fMGEmbCLOH0_iti9,new_card_first_release,,,images/ygo4_0108.png,2025-01-23,20742,1.0,exact_alias,Fiend,pending_konami_verification,76978105,,,2026-08-31T18:25:56+00:00,selected_pending_image_and_caption_qa,https://lh3.googleusercontent.com/sitesv/AG8ngQWRWEUlVj0cAeqthz1_2lpdHC-V-wGLDVE8C7Sf4CatAavPzYC39vU0eU8Gk9i3XTfFebSI7H4UtgfUx5fHgoHYQNiTJ08f5UHac5sCFGtenPD9JxdF7ReooaYidSfb4iorw87-7ReyCbmwT8zyJ4p8rO6-EL4RWoiitwMPCn_CN_qVqTsM610A4tYgoFQ=s0,thehungtd_full_art,Evil HERO Infernal Rider,https://sites.google.com/view/thehungtd/latest-artworks/2024/supreme-darkness,https://lh3.googleusercontent.com/sitesv/AG8ngQWRWEUlVj0cAeqthz1_2lpdHC-V-wGLDVE8C7Sf4CatAavPzYC39vU0eU8Gk9i3XTfFebSI7H4UtgfUx5fHgoHYQNiTJ08f5UHac5sCFGtenPD9JxdF7ReooaYidSfb4iorw87-7ReyCbmwT8zyJ4p8rO6-EL4RWoiitwMPCn_CN_qVqTsM610A4tYgoFQ=w1280,,True
Evil HERO,1MVJXaSTnPyzW3ow3774AZdJiA4auSP6n,captions/ygo4_0109.json,Monster,Evil HERO Inferno Wing - Backfire,ygo4_0109,1MVJXaSTnPyzW3ow3774AZdJiA4auSP6n,new_card_first_release,,,images/ygo4_0109.png,2025-01-23,20769,1.0,exact_alias,Fiend,pending_konami_verification,59893882,,,2026-08-31T18:25:56+00:00,selected_pending_image_and_caption_qa,https://lh3.googleusercontent.com/sitesv/AG8ngQUWApkiMakYt9aqPuhZNlhVEjMtMR4rhvnpyMrRSp80ddHzvaDXTuvHXTeRQFbIbP5i28KDXqyir5-xTobPMJIA3afECGTR-Qwx_mFlx492Wlh5HwF70tdikSKVsrxMAL3NsYWASP9RoSkR7X8Auy293PMlPWWsnL0Xe6gnRTxV1hmAolz3qCmVrImH=s0,thehungtd_full_art,Evil HERO Inferno Wing - Infernal Backlash,https://sites.google.com/view/thehungtd/latest-artworks/2024/supreme-darkness,https://lh3.googleusercontent.com/sitesv/AG8ngQUWApkiMakYt9aqPuhZNlhVEjMtMR4rhvnpyMrRSp80ddHzvaDXTuvHXTeRQFbIbP5i28KDXqyir5-xTobPMJIA3afECGTR-Qwx_mFlx492Wlh5HwF70tdikSKVsrxMAL3NsYWASP9RoSkR7X8Auy293PMlPWWsnL0Xe6gnRTxV1hmAolz3qCmVrImH=w1280,,True
Evil HERO,1HXIbsn6xAYoNOhfEtaaudeg_kKUlG1L0,captions/ygo4_0110.json,Monster,Evil HERO Neos Lord,ygo4_0110,1HXIbsn6xAYoNOhfEtaaudeg_kKUlG1L0,new_card_first_release,,,images/ygo4_0110.png,2025-01-23,20768,1.0,exact_alias,Fiend,pending_konami_verification,13708888,,,2026-08-31T18:25:56+00:00,selected_pending_image_and_caption_qa,https://lh3.googleusercontent.com/sitesv/AG8ngQWn9Y9Hp7jVTMq9iD86AMvmP60rjszBcwG7hMTBdaZdmBUVy4WMOOFAJib7yo0CTtnbbxvCmmWCAmqleH5K2A4d3PBZW2bIQyNwmQcomsOvmSk7UmurckaMO3Hr3JeM81XzmqusHJ0nTCNztRP_hnGCZ1BwcvrvkcwwSNMbNCZqnWvDMO1fONP6hxnmjNc=s0,thehungtd_full_art,Evil HERO Neos Lord,https://sites.google.com/view/thehungtd/latest-artworks/2024/supreme-darkness,https://lh3.googleusercontent.com/sitesv/AG8ngQWn9Y9Hp7jVTMq9iD86AMvmP60rjszBcwG7hMTBdaZdmBUVy4WMOOFAJib7yo0CTtnbbxvCmmWCAmqleH5K2A4d3PBZW2bIQyNwmQcomsOvmSk7UmurckaMO3Hr3JeM81XzmqusHJ0nTCNztRP_hnGCZ1BwcvrvkcwwSNMbNCZqnWvDMO1fONP6hxnmjNc=w1280,,True
Evil HERO,1Pkk1gzCRp7mnhkC9uNiEGI4MmXQOTdvE,captions/ygo4_0111.json,Monster,Evil HERO Toxic Bubble,ygo4_0111,1Pkk1gzCRp7mnhkC9uNiEGI4MmXQOTdvE,new_card_first_release,,,images/ygo4_0111.png,2025-01-23,20740,1.0,exact_alias,Fiend,pending_konami_verification,3598351,,,2026-08-31T18:25:56+00:00,selected_pending_image_and_caption_qa,https://lh3.googleusercontent.com/sitesv/AG8ngQV-r7ALvYR5IgNLKmrqukzIYaF6lTCmSfiQkGi54wEgwtdiWkTBTQvwEM1NI3EQlfXKYE8Iv6zP7Nh-iyJI1AokzGrgU2icdBUaYWOMu9maQdXUxKiqWilsQx37byMRGyqCy-AjZAPIS-vn2qT7eFZtbDquzhoJI6GN2EIuGBFkBJ7w2klOUqVKu7ZJ5o8=s0,thehungtd_full_art,Evil HERO Toxic Bubble,https://sites.google.com/view/thehungtd/latest-artworks/2024/supreme-darkness,https://lh3.googleusercontent.com/sitesv/AG8ngQV-r7ALvYR5IgNLKmrqukzIYaF6lTCmSfiQkGi54wEgwtdiWkTBTQvwEM1NI3EQlfXKYE8Iv6zP7Nh-iyJI1AokzGrgU2icdBUaYWOMu9maQdXUxKiqWilsQx37byMRGyqCy-AjZAPIS-vn2qT7eFZtbDquzhoJI6GN2EIuGBFkBJ7w2klOUqVKu7ZJ5o8=w1280,,True
Fiendsmith,1huafmMRIJWQI7JmZFWuX93t9kfWPNyyr,captions/ygo4_0112.json,Monster,Fiendsmith's Rextremende,ygo4_0112,1huafmMRIJWQI7JmZFWuX93t9kfWPNyyr,new_card_first_release,,,images/ygo4_0112.png,2025-01-23,20774,1.0,exact_alias,Fiend,pending_konami_verification,11464648,,,2026-08-31T18:25:56+00:00,selected_pending_image_and_caption_qa,https://lh3.googleusercontent.com/sitesv/AG8ngQVZApYgC8-D8NrvxBCF2eyTXTX1_6UuLDpGsyeM8QOEC5sjWw4zHbZol0ecRJP5dxQ0D658PxM0h5Y8pX-3e3pu1VZCSfv4rOO2DnBQN3S56UZX2zup1Vv8Lj81I1ElYydf6RQNOKQj1e4YjylW3uVHUYs3mWbHr59UMiLdBSfL37ClBB44lxP0qxdsZD0=s0,thehungtd_full_art,Fiendsmith's Rex Tremendae,https://sites.google.com/view/thehungtd/latest-artworks/2024/supreme-darkness,https://lh3.googleusercontent.com/sitesv/AG8ngQVZApYgC8-D8NrvxBCF2eyTXTX1_6UuLDpGsyeM8QOEC5sjWw4zHbZol0ecRJP5dxQ0D658PxM0h5Y8pX-3e3pu1VZCSfv4rOO2DnBQN3S56UZX2zup1Vv8Lj81I1ElYydf6RQNOKQj1e4YjylW3uVHUYs3mWbHr59UMiLdBSfL37ClBB44lxP0qxdsZD0=w1280,,True
Goblin,1zpy3yyuJXYwsunOJunoEcLAEMS58YXk6,captions/ygo4_0113.json,Monster,Goblin Bikers Gone Bonkers,ygo4_0113,1zpy3yyuJXYwsunOJunoEcLAEMS58YXk6,new_card_first_release,,,images/ygo4_0113.png,2025-01-23,20781,1.0,exact_alias,Fiend,pending_konami_verification,46014517,,,2026-08-31T18:25:56+00:00,selected_pending_image_and_caption_qa,https://lh3.googleusercontent.com/sitesv/AG8ngQUn8cjKNuzRTN1bVYdJhms6i2YPxOl8eecTBAYfaZYZGSyhQTeMD-FjsP5z8-2qZbtHC5ZPNOzaH7hze_5_AehdsEAvVwiFFQn1aP8g86COQZbY2zXpFnzLmM4g8OMBuRK1J8c8e-Lb7h8Jt_bzCfF0PvgD2xjkJIn34s87cjgfEDr-kYj0BUInl5YfTpU=s0,thehungtd_full_art,Kick-Ass Goblin Bikers,https://sites.google.com/view/thehungtd/latest-artworks/2024/supreme-darkness,https://lh3.googleusercontent.com/sitesv/AG8ngQUn8cjKNuzRTN1bVYdJhms6i2YPxOl8eecTBAYfaZYZGSyhQTeMD-FjsP5z8-2qZbtHC5ZPNOzaH7hze_5_AehdsEAvVwiFFQn1aP8g86COQZbY2zXpFnzLmM4g8OMBuRK1J8c8e-Lb7h8Jt_bzCfF0PvgD2xjkJIn34s87cjgfEDr-kYj0BUInl5YfTpU=w1280,,True
Earthbound,1cN6NxxozmBo6xLEK1tZGyRzSe-UpAJ2-,captions/ygo4_0114.json,Monster,Earthbound Immortal Red Nova,ygo4_0114,1cN6NxxozmBo6xLEK1tZGyRzSe-UpAJ2-,new_card_first_release,,,images/ygo4_0114.png,2025-03-13,20400,1.0,exact_alias,Fiend,pending_konami_verification,5267507,,,2026-08-31T18:26:01+00:00,selected_pending_image_and_caption_qa,https://lh3.googleusercontent.com/sitesv/AG8ngQWIJucI6CeyZpXFibUyHLqEoEWeQGw4s-n90mbd6Vp6D17Iq6zWXT37Oy06LDWZuAsN9_zU5u8al0oXhGbyNjzutOcqrZSQQ6AWv4Gp9q3JeyZoi1q7wVhX4Y5f-hcjQ1het4BFKve5fNEV-xhhGMyA87fHvcznFS6ce3GqG0Pd2SiaPLl1yf8nDJZQc7k=s0,thehungtd_full_art,Earthbound Immortal Red Nova,https://sites.google.com/view/thehungtd/latest-artworks/2024/animation-chronicle-2024,https://lh3.googleusercontent.com/sitesv/AG8ngQWIJucI6CeyZpXFibUyHLqEoEWeQGw4s-n90mbd6Vp6D17Iq6zWXT37Oy06LDWZuAsN9_zU5u8al0oXhGbyNjzutOcqrZSQQ6AWv4Gp9q3JeyZoi1q7wVhX4Y5f-hcjQ1het4BFKve5fNEV-xhhGMyA87fHvcznFS6ce3GqG0Pd2SiaPLl1yf8nDJZQc7k=w1280,,True
,14wrcSCVwHtRuW0a7Q4A6zDKPoC7OvSXv,captions/ygo4_0115.json,Monster,The Duke of Demise,ygo4_0115,14wrcSCVwHtRuW0a7Q4A6zDKPoC7OvSXv,new_card_first_release,,,images/ygo4_0115.png,2025-03-13,20389,1.0,exact_alias,Fiend,pending_konami_verification,45445571,,,2026-08-31T18:26:01+00:00,selected_pending_image_and_caption_qa,https://lh3.googleusercontent.com/sitesv/AG8ngQVsLW-5WHJnvYjHKggumtU0F-uXaUOIY4r81PhT8V0LTRHVHDmLAwEFDjF-Jw65SYTOK8ETV4Dt-7X6lTflrVumFFivrllAZOqMQuKYNctaFyTcU1PS8QqkWr4TVay9Gif1yiT2or4qYrEsag7eKzodppsmtOxxitJMcQD2KuNgyg8Q_D6ZNolmxvEJkbE=s0,thehungtd_full_art,The Duke of Demise,https://sites.google.com/view/thehungtd/latest-artworks/2024/animation-chronicle-2024,https://lh3.googleusercontent.com/sitesv/AG8ngQVsLW-5WHJnvYjHKggumtU0F-uXaUOIY4r81PhT8V0LTRHVHDmLAwEFDjF-Jw65SYTOK8ETV4Dt-7X6lTflrVumFFivrllAZOqMQuKYNctaFyTcU1PS8QqkWr4TVay9Gif1yiT2or4qYrEsag7eKzodppsmtOxxitJMcQD2KuNgyg8Q_D6ZNolmxvEJkbE=w1280,,True
,1536PAAHbGn6HVSDtURYSvW3oWEVL3YTK,captions/ygo4_0116.json,Monster,Dipity,ygo4_0116,1536PAAHbGn6HVSDtURYSvW3oWEVL3YTK,new_card_first_release,,,images/ygo4_0116.png,2025-05-01,20274,1.0,exact_alias,Fiend,pending_konami_verification,46533533,,,2026-08-31T18:25:56+00:00,selected_pending_image_and_caption_qa,https://lh3.googleusercontent.com/sitesv/AG8ngQXm7i5Jtxc4YhxYjutlxckImtjUfwNhFtacVNeugIOtV_0HEBdIrTL2kXcaYnnBm_yVNVxb0tXeP-cM8o5pXEjiMSxGmCMjEg69VBiKlxklSsomnwixhqZSRWwCxP9VOAS5nWXgdQwNXMLY9Y5zdwu9EAiCvjx7q675QjYfpaYMbTGgrXsYenHxrDgp=s0,thehungtd_full_art,Pity,https://sites.google.com/view/thehungtd/latest-artworks/2024/other,https://lh3.googleusercontent.com/sitesv/AG8ngQXm7i5Jtxc4YhxYjutlxckImtjUfwNhFtacVNeugIOtV_0HEBdIrTL2kXcaYnnBm_yVNVxb0tXeP-cM8o5pXEjiMSxGmCMjEg69VBiKlxklSsomnwixhqZSRWwCxP9VOAS5nWXgdQwNXMLY9Y5zdwu9EAiCvjx7q675QjYfpaYMbTGgrXsYenHxrDgp=w1280,,True
Ghoti,1CiuIsBLZXX8jJ-u4uL11fQ7x2NiY7NNq,captions/ygo4_0117.json,Monster,"Keaf, Murk of the Ghoti",ygo4_0117,1CiuIsBLZXX8jJ-u4uL11fQ7x2NiY7NNq,new_card_first_release,,,images/ygo4_0117.png,2024-02-08,19470,1.0,exact_alias,Fish,pending_konami_verification,99529628,,,2026-08-31T18:26:04+00:00,selected_pending_image_and_caption_qa,https://lh3.googleusercontent.com/sitesv/AG8ngQUtQwdB1qCU2gFaB6jRVjm2MhKsTJctb0Kb9HbW1_eboWn5ZUqXRCW2rVpfdjEmAf7fe0wY33ZXmjQYh75UrMGUFnjmSFLvaTGyapR27BT3E-mXC9rsTjW_7JS5tjcCh4TLxLvLZZuVSzG5iMw97quuSF0AWuXhODotPvSElJBR_viH4h5rSMf3cbtpuy4=s0,thehungtd_full_art,"Kiif, Haze of the Ghoti",https://sites.google.com/view/thehungtd/latest-artworks/2024/phantom-nightmare,https://lh3.googleusercontent.com/sitesv/AG8ngQUtQwdB1qCU2gFaB6jRVjm2MhKsTJctb0Kb9HbW1_eboWn5ZUqXRCW2rVpfdjEmAf7fe0wY33ZXmjQYh75UrMGUFnjmSFLvaTGyapR27BT3E-mXC9rsTjW_7JS5tjcCh4TLxLvLZZuVSzG5iMw97quuSF0AWuXhODotPvSElJBR_viH4h5rSMf3cbtpuy4=w1280,,True
Ghoti,1bhlnMWExXkUQlw6MoiCwp8AcUOe4drz0,captions/ygo4_0118.json,Monster,"Psiics, Moonlight of the Ghoti",ygo4_0118,1bhlnMWExXkUQlw6MoiCwp8AcUOe4drz0,new_card_first_release,,,images/ygo4_0118.png,2024-02-08,19471,1.0,exact_alias,Fish,pending_konami_verification,26523337,,,2026-08-31T18:26:04+00:00,selected_pending_image_and_caption_qa,https://lh3.googleusercontent.com/sitesv/AG8ngQWP30uoZem5Tt3nAX-OZGcriuURjoiNoEmrLEJKvHqXZwjNzrq6bIfKdcxHM2JlPdz7Nq-2JyhRbGl7kSDmaoGLOt_IIO9Af4UgBzs_1Gjk35jF_CKJGtDFiXFI4dE6JXy0abeokN2_AjMkoNhrE8zDMZ4-hlXCX37iqvubeROD335XWf4jMn_K2pLUwzg=s0,thehungtd_full_art,"Psiics, Moonlight of the Ghoti",https://sites.google.com/view/thehungtd/latest-artworks/2024/phantom-nightmare,https://lh3.googleusercontent.com/sitesv/AG8ngQWP30uoZem5Tt3nAX-OZGcriuURjoiNoEmrLEJKvHqXZwjNzrq6bIfKdcxHM2JlPdz7Nq-2JyhRbGl7kSDmaoGLOt_IIO9Af4UgBzs_1Gjk35jF_CKJGtDFiXFI4dE6JXy0abeokN2_AjMkoNhrE8zDMZ4-hlXCX37iqvubeROD335XWf4jMn_K2pLUwzg=w1280,,True
White,1uws7HlrPQh788BIi2q7iYUMJat83Bval,captions/ygo4_0119.json,Monster,White Sardine,ygo4_0119,1uws7HlrPQh788BIi2q7iYUMJat83Bval,new_card_first_release,,,images/ygo4_0119.png,2024-02-08,19462,1.0,exact_alias,Fish,pending_konami_verification,98684051,,,2026-08-31T18:26:04+00:00,selected_pending_image_and_caption_qa,https://lh3.googleusercontent.com/sitesv/AG8ngQVevIVLn0vDsNfAkAqAlXhJbNLzEnWH6W8BDKz87ZfeYWxfwXWJW8wlOuoB7UjQpQWqqqBhoZXFuMB4wAw4DLuohpGrJxkHBD_yPIRhKzg_Ve4YB_My3ain-uFD3MSf4sq8jlnCeME55TcZRCpfOeiGSwq5776JdQUNHX5wFjGqllm0iwrHMq4Rm-m5JDM=s0,thehungtd_full_art,White Sardine,https://sites.google.com/view/thehungtd/latest-artworks/2024/phantom-nightmare,https://lh3.googleusercontent.com/sitesv/AG8ngQVevIVLn0vDsNfAkAqAlXhJbNLzEnWH6W8BDKz87ZfeYWxfwXWJW8wlOuoB7UjQpQWqqqBhoZXFuMB4wAw4DLuohpGrJxkHBD_yPIRhKzg_Ve4YB_My3ain-uFD3MSf4sq8jlnCeME55TcZRCpfOeiGSwq5776JdQUNHX5wFjGqllm0iwrHMq4Rm-m5JDM=w1280,,True
White,1tWzyQXy6lyUK05EtcODOfs5LhdxMUq3t,captions/ygo4_0120.json,Monster,White Sunfish,ygo4_0120,1tWzyQXy6lyUK05EtcODOfs5LhdxMUq3t,new_card_first_release,,,images/ygo4_0120.png,2024-02-08,19461,1.0,exact_alias,Fish,pending_konami_verification,52596406,,,2026-08-31T18:26:04+00:00,selected_pending_image_and_caption_qa,https://lh3.googleusercontent.com/sitesv/AG8ngQXWJ6SisOvUssUR6-Jo4LfUCjxOI1XzVGg2THsuqTxWzjxD47Yw4Zac-7z0EJn7jYDl4D9vOQwnX6CMWiSVYYlGCPR09PJR7mWCGPqK5sQE0BRUgnsmxusy4w5wRoaqA0crila1qAIGTAXw0VloYVCbE7XY3m91MgDGIxFuDV3iGSgB7PDQ0JaJP0K_K2s=s0,thehungtd_full_art,White Sunfish,https://sites.google.com/view/thehungtd/latest-artworks/2024/phantom-nightmare,https://lh3.googleusercontent.com/sitesv/AG8ngQXWJ6SisOvUssUR6-Jo4LfUCjxOI1XzVGg2THsuqTxWzjxD47Yw4Zac-7z0EJn7jYDl4D9vOQwnX6CMWiSVYYlGCPR09PJR7mWCGPqK5sQE0BRUgnsmxusy4w5wRoaqA0crila1qAIGTAXw0VloYVCbE7XY3m91MgDGIxFuDV3iGSgB7PDQ0JaJP0K_K2s=w1280,,True
Xyz,15hwtbUyCQLdtlEHIs3Cqmi349eApL2Z3,captions/ygo4_0121.json,Monster,Armored Shark,ygo4_0121,15hwtbUyCQLdtlEHIs3Cqmi349eApL2Z3,new_card_first_release,,,images/ygo4_0121.png,2024-07-27,20479,1.0,exact_alias,Fish,pending_konami_verification,27480536,,,2026-08-31T18:25:58+00:00,selected_pending_image_and_caption_qa,https://lh3.googleusercontent.com/sitesv/AG8ngQVE_SRDBQnUfOj8gOYALo1lxW5eX5_DPIqsxEQlGLs2tlQBiLBN3CZPYCbHyvg3hll78cWyAwEMzfLjLmAGds4X-bIWBzlpfJCwONZK6XbgU048nQV5s-ijvnRb6e_oacAtVP2ptxFrk1CsvyZGrjkUFGwDBkze0KRZA20DLlgnKDx6cSrMGXv9bTpV4n4=s0,thehungtd_full_art,Armored Shark,https://sites.google.com/view/thehungtd/latest-artworks/2024/rage-of-the-abyss,https://lh3.googleusercontent.com/sitesv/AG8ngQVE_SRDBQnUfOj8gOYALo1lxW5eX5_DPIqsxEQlGLs2tlQBiLBN3CZPYCbHyvg3hll78cWyAwEMzfLjLmAGds4X-bIWBzlpfJCwONZK6XbgU048nQV5s-ijvnRb6e_oacAtVP2ptxFrk1CsvyZGrjkUFGwDBkze0KRZA20DLlgnKDx6cSrMGXv9bTpV4n4=w1280,,True
Shark,1ICyngaUhSJPfU44S-NZ1riowtD1IAZn1,captions/ygo4_0122.json,Monster,Drake Shark,ygo4_0122,1ICyngaUhSJPfU44S-NZ1riowtD1IAZn1,new_card_first_release,,,images/ygo4_0122.png,2024-07-27,20478,1.0,exact_alias,Fish,pending_konami_verification,81096431,,,2026-08-31T18:25:58+00:00,selected_pending_image_and_caption_qa,https://lh3.googleusercontent.com/sitesv/AG8ngQVsC3YdARErIv3yIyiFXC8sahm4Zz2KjLXTcwX3eodWxXF1gQpBCyM70sVrBX2pCgSZqYln1GdJgodh7cfCPFILDG8-txvkvXJTsAqzx5gjAlB1DQyKPvv-Nt5eBwTKsa03eCCG8GSChdg2Mrp9erPKwMG4PRTIi2BcjIkTlA0oVHRNNR1r3BoqnsYNIGc=s0,thehungtd_full_art,Drake Shark,https://sites.google.com/view/thehungtd/latest-artworks/2024/rage-of-the-abyss,https://lh3.googleusercontent.com/sitesv/AG8ngQVsC3YdARErIv3yIyiFXC8sahm4Zz2KjLXTcwX3eodWxXF1gQpBCyM70sVrBX2pCgSZqYln1GdJgodh7cfCPFILDG8-txvkvXJTsAqzx5gjAlB1DQyKPvv-Nt5eBwTKsa03eCCG8GSChdg2Mrp9erPKwMG4PRTIi2BcjIkTlA0oVHRNNR1r3BoqnsYNIGc=w1280,,True
,1zs_BBZiH7UXa5aRkvgm-5neCaPIuhhG0,captions/ygo4_0123.json,Monster,Surfacing Big Jaws,ygo4_0123,1zs_BBZiH7UXa5aRkvgm-5neCaPIuhhG0,new_card_first_release,,,images/ygo4_0123.png,2024-07-27,20477,1.0,exact_alias,Fish,pending_konami_verification,55697723,,,2026-08-31T18:25:58+00:00,selected_pending_image_and_caption_qa,https://lh3.googleusercontent.com/sitesv/AG8ngQWTa89t34iMnGUKQV6oLX9OwSNyktmZz5x7Yk7UQN-djejgFBbR9tNKsr-Ji5td9rtUjP2FD4xJ1UzfonOl9c-SkGVTCSxRyDCPVIEwCAreNpzGKkPOJf_OEXbsBNSzhijxyuJzwBgq7uZPJlYdfKGhzoM6vgcZLYknggzTdiTCp8rgftWJW5qB-5KZSfc=s0,thehungtd_full_art,Surfacing Big Jaws,https://sites.google.com/view/thehungtd/latest-artworks/2024/rage-of-the-abyss,https://lh3.googleusercontent.com/sitesv/AG8ngQWTa89t34iMnGUKQV6oLX9OwSNyktmZz5x7Yk7UQN-djejgFBbR9tNKsr-Ji5td9rtUjP2FD4xJ1UzfonOl9c-SkGVTCSxRyDCPVIEwCAreNpzGKkPOJf_OEXbsBNSzhijxyuJzwBgq7uZPJlYdfKGhzoM6vgcZLYknggzTdiTCp8rgftWJW5qB-5KZSfc=w1280,,True
,19KMieKCKBvgClq8GGdZT8FVUxxqKfVn9,captions/ygo4_0124.json,Monster,Jongleur-Ghoul Illusionist,ygo4_0124,19KMieKCKBvgClq8GGdZT8FVUxxqKfVn9,new_card_first_release,,,images/ygo4_0124.png,2024-02-08,19490,1.0,exact_alias,Illusion,pending_konami_verification,47894537,,,2026-08-31T18:26:04+00:00,selected_pending_image_and_caption_qa,https://lh3.googleusercontent.com/sitesv/AG8ngQVidrypRkAv5muWj8m1Bxtft0NLDCfkho4d33PDARmLdKhnhRch0elnow3qTXDStpJrV8ZctAsPUSVS0FeLSJTj2Pifh450gA2Gby7QgywSL0_-CH2DPMKloEIqGvlVD7cLjozI6qjr_uZsDx6IO9dF85_RnZwJBDk2jEQMu6h41ACfpgGjxoA7zC3kRSY=s0,thehungtd_full_art,Illusionist of Jongleurghoul,https://sites.google.com/view/thehungtd/latest-artworks/2024/phantom-nightmare,https://lh3.googleusercontent.com/sitesv/AG8ngQVidrypRkAv5muWj8m1Bxtft0NLDCfkho4d33PDARmLdKhnhRch0elnow3qTXDStpJrV8ZctAsPUSVS0FeLSJTj2Pifh450gA2Gby7QgywSL0_-CH2DPMKloEIqGvlVD7cLjozI6qjr_uZsDx6IO9dF85_RnZwJBDk2jEQMu6h41ACfpgGjxoA7zC3kRSY=w1280,,True
,1S5hVkQy7CA35x0Nd7aMJMuuv3SU7NKSx,captions/ygo4_0125.json,Monster,Mokomoko,ygo4_0125,1S5hVkQy7CA35x0Nd7aMJMuuv3SU7NKSx,new_card_first_release,,,images/ygo4_0125.png,2024-02-08,19488,1.0,exact_alias,Illusion,pending_konami_verification,85401123,,,2026-08-31T18:26:04+00:00,selected_pending_image_and_caption_qa,https://lh3.googleusercontent.com/sitesv/AG8ngQWghtMvcTJPAnzOagSc7Iz9TZ1OSzJhEChwGNjEh1NaPiELXURwAE7GScoDYjjSOvOePCROg8qI8DQCMbllm0X6RBGJ29HCcZW20S2l7rBEbTcpHJ5wQRvwfB0XN-jvbVqeC8x6XIFPLy5ATHt4YJx_zlBGxnO5jAya2XxSpOpqSkgJsuihJJZPQbFM=s0,thehungtd_full_art,Fluffyfluff,https://sites.google.com/view/thehungtd/latest-artworks/2024/phantom-nightmare,https://lh3.googleusercontent.com/sitesv/AG8ngQWghtMvcTJPAnzOagSc7Iz9TZ1OSzJhEChwGNjEh1NaPiELXURwAE7GScoDYjjSOvOePCROg8qI8DQCMbllm0X6RBGJ29HCcZW20S2l7rBEbTcpHJ5wQRvwfB0XN-jvbVqeC8x6XIFPLy5ATHt4YJx_zlBGxnO5jAya2XxSpOpqSkgJsuihJJZPQbFM=w1280,,True
,1cNpdMqJdUIu7WVoOXwh6q7dMemkw-AO1,captions/ygo4_0126.json,Monster,Diabellze the Original Sinkeeper,ygo4_0126,1cNpdMqJdUIu7WVoOXwh6q7dMemkw-AO1,new_card_first_release,,,images/ygo4_0126.png,2024-04-25,19853,1.0,exact_alias,Illusion,pending_konami_verification,53765052,,,2026-08-31T18:26:02+00:00,selected_pending_image_and_caption_qa,https://lh3.googleusercontent.com/sitesv/AG8ngQVpE0DjzHcsLdxFEXPzvDrwa6Zw79Cgxc7LdJoWuudVrIWGgYgy8-qOM1uqCastvfYN6mX3uEz8rppv58xTVWAkf2GhqUEJx5iz7LqMM1_nd0DbhYbKkY0lxNktvkOSMDn5Vd2Owal_wYrIzlDIb5svCVi2egB80-Rw6h62JqqyY3MiIFTc7kr_k7YDcxk=s0,thehungtd_full_art,Diabellze of the Original Sin,https://sites.google.com/view/thehungtd/latest-artworks/2024/legacy-of-destruction,https://lh3.googleusercontent.com/sitesv/AG8ngQVpE0DjzHcsLdxFEXPzvDrwa6Zw79Cgxc7LdJoWuudVrIWGgYgy8-qOM1uqCastvfYN6mX3uEz8rppv58xTVWAkf2GhqUEJx5iz7LqMM1_nd0DbhYbKkY0lxNktvkOSMDn5Vd2Owal_wYrIzlDIb5svCVi2egB80-Rw6h62JqqyY3MiIFTc7kr_k7YDcxk=w1280,,True
Djinn,1OO6E1jQAR3P6d3FsAc-zm0QXW7NR7lLt,captions/ygo4_0127.json,Monster,Golgoil the Steel Seismic Smasher,ygo4_0127,1OO6E1jQAR3P6d3FsAc-zm0QXW7NR7lLt,new_card_first_release,,,images/ygo4_0127.png,2024-04-25,19867,1.0,exact_alias,Illusion,pending_konami_verification,59369430,,,2026-08-31T18:26:02+00:00,selected_pending_image_and_caption_qa,https://lh3.googleusercontent.com/sitesv/AG8ngQVS8UmTer7IHiqp78xeYdl-q9bmhPw-ITCKnOzrbS2V44V1y9uCtzli6lBGiXfI2kvymgnwZG7bFS9hGpuxNCNYHuJdHge-ycMWjY5WbKZkjtpzTQyZUbEKOKH9DYu1FjczQfL-ZN2yvcQO-uXRayQowYj8ZrN3ws12OCKAd4zC6XhDvuaqHgdNoeTc=s0,thehungtd_full_art,Golgoil the Iron Giant Djinn,https://sites.google.com/view/thehungtd/latest-artworks/2024/legacy-of-destruction,https://lh3.googleusercontent.com/sitesv/AG8ngQVS8UmTer7IHiqp78xeYdl-q9bmhPw-ITCKnOzrbS2V44V1y9uCtzli6lBGiXfI2kvymgnwZG7bFS9hGpuxNCNYHuJdHge-ycMWjY5WbKZkjtpzTQyZUbEKOKH9DYu1FjczQfL-ZN2yvcQO-uXRayQowYj8ZrN3ws12OCKAd4zC6XhDvuaqHgdNoeTc=w1280,,True
,1aWD_VJS350ahzk3gQFVXbc1V9290RofT,captions/ygo4_0128.json,Monster,Nightmare Apprentice,ygo4_0128,1aWD_VJS350ahzk3gQFVXbc1V9290RofT,new_card_first_release,,,images/ygo4_0128.png,2024-04-25,19870,1.0,exact_alias,Illusion,pending_konami_verification,58143852,,,2026-08-31T18:26:02+00:00,selected_pending_image_and_caption_qa,https://lh3.googleusercontent.com/sitesv/AG8ngQWQMjXieDU_u1BhfRTG9VEEjXsBuUn8erteRY5mS1mwXirSr7e9gaskhd4IIkIh0HXVHz-qhpb6vU3NPjIlZTOoG-wQWPPmXkyoqd-8acBDdfqOJUnr0OeiHH_zLsCXXt82kh_mID7mj7gztivZb9-EP_yfWgaIO-bDCVlDTLoAoY41klyUlOvp37viFCc=s0,thehungtd_full_art,Nightmare Apprentice,https://sites.google.com/view/thehungtd/latest-artworks/2024/legacy-of-destruction,https://lh3.googleusercontent.com/sitesv/AG8ngQWQMjXieDU_u1BhfRTG9VEEjXsBuUn8erteRY5mS1mwXirSr7e9gaskhd4IIkIh0HXVHz-qhpb6vU3NPjIlZTOoG-wQWPPmXkyoqd-8acBDdfqOJUnr0OeiHH_zLsCXXt82kh_mID7mj7gztivZb9-EP_yfWgaIO-bDCVlDTLoAoY41klyUlOvp37viFCc=w1280,,True
White Forest,15RYmudhp3-JAQPBDYTOdjltmHTBqN6YN,captions/ygo4_0129.json,Monster,"Diabell, Queen of the White Forest",ygo4_0129,15RYmudhp3-JAQPBDYTOdjltmHTBqN6YN,new_card_first_release,,,images/ygo4_0129.png,2024-07-18,20219,1.0,exact_alias,Illusion,pending_konami_verification,14307929,,,2026-08-31T18:26:00+00:00,selected_pending_image_and_caption_qa,https://lh3.googleusercontent.com/sitesv/AG8ngQVo_ugCG_KAoAlt_AkReSLEhnOCyLfCh0n6dSV3x99cXUOjzL0oo0lTTwSlG6TxEXMvGDt31AcS6v9GZzh8wsKzu9gdZlc2wuzNErh-hNfNI-GcI9XPeQlGoDjIN4FYlMuvJYuM_dpN4XZ0haq-oz711wTeP-L6bTKRd_K-j8_3twRwme8onRKJ8-RQ-t0=s0,thehungtd_full_art,"Diabell, Fiendess of the White Woods",https://sites.google.com/view/thehungtd/latest-artworks/2024/infinite-forbidden,https://lh3.googleusercontent.com/sitesv/AG8ngQVo_ugCG_KAoAlt_AkReSLEhnOCyLfCh0n6dSV3x99cXUOjzL0oo0lTTwSlG6TxEXMvGDt31AcS6v9GZzh8wsKzu9gdZlc2wuzNErh-hNfNI-GcI9XPeQlGoDjIN4FYlMuvJYuM_dpN4XZ0haq-oz711wTeP-L6bTKRd_K-j8_3twRwme8onRKJ8-RQ-t0=w1280,,True
Millennium,1Ox_Jp3HthLyt49ULh9MPwMpng2zj7UBV,captions/ygo4_0130.json,Monster,Fiend Reflection of the Millennium,ygo4_0130,1Ox_Jp3HthLyt49ULh9MPwMpng2zj7UBV,new_card_first_release,,,images/ygo4_0130.png,2024-07-18,20184,1.0,exact_alias,Illusion,pending_konami_verification,63947968,,,2026-08-31T18:26:00+00:00,selected_pending_image_and_caption_qa,https://lh3.googleusercontent.com/sitesv/AG8ngQVkrELH98L2iDKJR6sMya74bjcY57J3VavvdkfZsbvk9xglYjq83M0vtsZxS5ISpC80w_SGCpo767eZnh9VFetBwOyWpB_GHa-OPr38UM37cHuAwXORuREUW0nvUWgwE12siwFQSbsTuaxvtozxWy46o5hGX2zcR709SWh-MAO6Adzp6sucDYnDPBWM=s0,thehungtd_full_art,Millennium Fiend Reflection,https://sites.google.com/view/thehungtd/latest-artworks/2024/infinite-forbidden,https://lh3.googleusercontent.com/sitesv/AG8ngQVkrELH98L2iDKJR6sMya74bjcY57J3VavvdkfZsbvk9xglYjq83M0vtsZxS5ISpC80w_SGCpo767eZnh9VFetBwOyWpB_GHa-OPr38UM37cHuAwXORuREUW0nvUWgwE12siwFQSbsTuaxvtozxWy46o5hGX2zcR709SWh-MAO6Adzp6sucDYnDPBWM=w1280,,True
,1P8yePG0iQj1U3UiUjtSt_2H-J9IJUuMd,captions/ygo4_0131.json,Monster,Heretical Phobos Covos,ygo4_0131,1P8yePG0iQj1U3UiUjtSt_2H-J9IJUuMd,new_card_first_release,,,images/ygo4_0131.png,2024-07-18,20224,1.0,exact_alias,Illusion,pending_konami_verification,76078185,,,2026-08-31T18:26:00+00:00,selected_pending_image_and_caption_qa,https://lh3.googleusercontent.com/sitesv/AG8ngQUMOJlqZuehPRAzwcyRjSKenFIFeTBHCggVj7nnelyyuWNFt3h_o27aqpRJmQqEJuqIlyLi2IXUobfRk8GkjczjmsTvLLtoYNl6r6Emx2mIfJ1MY5zMxA0AoW7nNiLZrV6pzaZBcUNXd2Oy4kqmQSlnGYNsVeXd46jW_OnhAs_QTFOxLJ3jDl7Q_kvpiWY=s0,thehungtd_full_art,Heretical Phoboscobos,https://sites.google.com/view/thehungtd/latest-artworks/2024/infinite-forbidden,https://lh3.googleusercontent.com/sitesv/AG8ngQUMOJlqZuehPRAzwcyRjSKenFIFeTBHCggVj7nnelyyuWNFt3h_o27aqpRJmQqEJuqIlyLi2IXUobfRk8GkjczjmsTvLLtoYNl6r6Emx2mIfJ1MY5zMxA0AoW7nNiLZrV6pzaZBcUNXd2Oy4kqmQSlnGYNsVeXd46jW_OnhAs_QTFOxLJ3jDl7Q_kvpiWY=w1280,,True
Millennium,1LxHXmzkMtPp_EyZb6AOg8XRGm62bdUd-,captions/ygo4_0132.json,Monster,Maiden of the Millennium Moon,ygo4_0132,1LxHXmzkMtPp_EyZb6AOg8XRGm62bdUd-,new_card_first_release,,,images/ygo4_0132.png,2024-07-18,20183,1.0,exact_alias,Illusion,pending_konami_verification,37552929,,,2026-08-31T18:26:00+00:00,selected_pending_image_and_caption_qa,https://lh3.googleusercontent.com/sitesv/AG8ngQUXWz7BqxxnUWD4rs38PtMv8R2a6t5fo0qWU5wCgVybTUmp2XrkV0BmjJR4vhiZwv7xfnHLlXxDkrkTPTBmAzJSCFTRn0gfKDvpP0WocaavHzezpg0bElUIZNehcP9eATP10Hb8HkmpQAvhYsbCyK2gYcDQRgco4DghwMCqeLRWl6gP4DRbH7ujj4-8gIc=s0,thehungtd_full_art,Millenniumoon Maiden,https://sites.google.com/view/thehungtd/latest-artworks/2024/infinite-forbidden,https://lh3.googleusercontent.com/sitesv/AG8ngQUXWz7BqxxnUWD4rs38PtMv8R2a6t5fo0qWU5wCgVybTUmp2XrkV0BmjJR4vhiZwv7xfnHLlXxDkrkTPTBmAzJSCFTRn0gfKDvpP0WocaavHzezpg0bElUIZNehcP9eATP10Hb8HkmpQAvhYsbCyK2gYcDQRgco4DghwMCqeLRWl6gP4DRbH7ujj4-8gIc=w1280,,True
Memento,1R7RJRPbZmYWdok-GvmSjCWxd39xgubc_,captions/ygo4_0133.json,Monster,Mementomictlan Tecuhtlica - Creation King,ygo4_0133,1R7RJRPbZmYWdok-GvmSjCWxd39xgubc_,new_card_first_release,,,images/ygo4_0133.png,2024-07-18,20216,1.0,exact_alias,Illusion,pending_konami_verification,14529511,,,2026-08-31T18:26:00+00:00,selected_pending_image_and_caption_qa,https://lh3.googleusercontent.com/sitesv/AG8ngQVwpc79QPcCr1kShYhqVlePwbLaP8Paoz_eQNfiJRvqHiILXeBVEjHjJ92DsM18GzFU6Uc-NvzNLJSc-uzFVXp3l719JKZZe04XZreTh5wMdSV7bWxq_t9HxRKYUnCOEXhUnZr6W0DiJhw0Kt6WN1CM2xJoJ5TnX9VeDBrBUr086AIaGTreGjPxKjls=s0,thehungtd_full_art,Mementomictlan Tecuhtlica - Combined Conqueror,https://sites.google.com/view/thehungtd/latest-artworks/2024/infinite-forbidden,https://lh3.googleusercontent.com/sitesv/AG8ngQVwpc79QPcCr1kShYhqVlePwbLaP8Paoz_eQNfiJRvqHiILXeBVEjHjJ92DsM18GzFU6Uc-NvzNLJSc-uzFVXp3l719JKZZe04XZreTh5wMdSV7bWxq_t9HxRKYUnCOEXhUnZr6W0DiJhw0Kt6WN1CM2xJoJ5TnX9VeDBrBUr086AIaGTreGjPxKjls=w1280,,True
,1wzVia7zxHXEqG3YnD9xFV3wr7rcSNzL5,captions/ygo4_0134.json,Monster,Silhouhatte Rabbit,ygo4_0134,1wzVia7zxHXEqG3YnD9xFV3wr7rcSNzL5,new_card_first_release,,,images/ygo4_0134.png,2024-07-18,20231,1.0,exact_alias,Illusion,pending_konami_verification,1528054,,,2026-08-31T18:26:00+00:00,selected_pending_image_and_caption_qa,https://lh3.googleusercontent.com/sitesv/AG8ngQWf05fmHVijt6Y-B5QenmbuIDoJ6ToF-QVfbkdvItbpivcqgKFKDYfIWF1dZzEBTtDn1Wm7GxMke6bPjJBa9fqBKH5RKvPoY8WtSxx7gI7hrtjznlXxgWuzhGS4Ga3w3kjMkTY86nqvxwPQovepxlwuyaOy1Tu3snfdA_3svq8TlnW5Nnu9D2rfYIIvt-k=s0,thehungtd_full_art,Top Hat Hare the Silhouette Magician,https://sites.google.com/view/thehungtd/latest-artworks/2024/infinite-forbidden,https://lh3.googleusercontent.com/sitesv/AG8ngQWf05fmHVijt6Y-B5QenmbuIDoJ6ToF-QVfbkdvItbpivcqgKFKDYfIWF1dZzEBTtDn1Wm7GxMke6bPjJBa9fqBKH5RKvPoY8WtSxx7gI7hrtjznlXxgWuzhGS4Ga3w3kjMkTY86nqvxwPQovepxlwuyaOy1Tu3snfdA_3svq8TlnW5Nnu9D2rfYIIvt-k=w1280,,True
Azamina,1Fq8Zh0LpbOd8OrGheFd8OylqYfVNm7MP,captions/ygo4_0135.json,Monster,Azamina Ilia Silvia,ygo4_0135,1Fq8Zh0LpbOd8OrGheFd8OylqYfVNm7MP,new_card_first_release,,,images/ygo4_0135.png,2024-07-27,20506,1.0,exact_alias,Illusion,pending_konami_verification,46396218,,,2026-08-31T18:25:58+00:00,selected_pending_image_and_caption_qa,https://lh3.googleusercontent.com/sitesv/AG8ngQXRrw8DKCBH0JIZxoHcopt-wub9zLa0gQhymg7623NoJIcvleIsUeQuOwvJW6LvWKq3_xkVhPsaP3sxssdBmel_bd_AnM_MiR0PVYMOmRaE0UprZfLPjjr-yatXr-XM09LE8eYDF-mbpt2NaQEflrjK4I1jUOdnNosANHMBw92pAa_GCE-ZZk9wjbb1=s0,thehungtd_full_art,Azamina Rhea Silvera,https://sites.google.com/view/thehungtd/latest-artworks/2024/rage-of-the-abyss,https://lh3.googleusercontent.com/sitesv/AG8ngQXRrw8DKCBH0JIZxoHcopt-wub9zLa0gQhymg7623NoJIcvleIsUeQuOwvJW6LvWKq3_xkVhPsaP3sxssdBmel_bd_AnM_MiR0PVYMOmRaE0UprZfLPjjr-yatXr-XM09LE8eYDF-mbpt2NaQEflrjK4I1jUOdnNosANHMBw92pAa_GCE-ZZk9wjbb1=w1280,,True
Azamina,1MStxuF4NowpCMSGvuoeOS2rAbY4cjX1i,captions/ygo4_0136.json,Monster,Azamina Moa Regina,ygo4_0136,1MStxuF4NowpCMSGvuoeOS2rAbY4cjX1i,new_card_first_release,,,images/ygo4_0136.png,2024-07-27,20509,1.0,exact_alias,Illusion,pending_konami_verification,46174776,,,2026-08-31T18:25:58+00:00,selected_pending_image_and_caption_qa,https://lh3.googleusercontent.com/sitesv/AG8ngQVxoyjFOkuPmftX4WBIkLHWqzIYREpOWDJE57Ew6G8-aFqd0K4FAdLwDSG1KvRYq22hdklhL2GCMUZWyAM6Nu8Eijj3QQg1ho6ruTo4LI8d_siCYycFl6f5vTyAi-6PMndoLMtnbPNQB7FWqIqrbuavp7faBfnuKBOldU0z4gt3HWSwq8bkZo6Z0VxBS3I=s0,thehungtd_full_art,Azamina Moa Regina,https://sites.google.com/view/thehungtd/latest-artworks/2024/rage-of-the-abyss,https://lh3.googleusercontent.com/sitesv/AG8ngQVxoyjFOkuPmftX4WBIkLHWqzIYREpOWDJE57Ew6G8-aFqd0K4FAdLwDSG1KvRYq22hdklhL2GCMUZWyAM6Nu8Eijj3QQg1ho6ruTo4LI8d_siCYycFl6f5vTyAi-6PMndoLMtnbPNQB7FWqIqrbuavp7faBfnuKBOldU0z4gt3HWSwq8bkZo6Z0VxBS3I=w1280,,True
Azamina,1O8kx_WKVeMqkk8DBO7DLn-8g5v3Br_oN,captions/ygo4_0137.json,Monster,Azamina Mu Rcielago,ygo4_0137,1O8kx_WKVeMqkk8DBO7DLn-8g5v3Br_oN,new_card_first_release,,,images/ygo4_0137.png,2024-07-27,20507,1.0,exact_alias,Illusion,pending_konami_verification,73391962,,,2026-08-31T18:25:58+00:00,selected_pending_image_and_caption_qa,https://lh3.googleusercontent.com/sitesv/AG8ngQWQpFrOWuVupVwcjiIXlFZIrvB-RuTgy_KF-HjtFUFUCO8lH-EFRHyKz5Td3I5zCLV31I7U-dywXx2_kV7XK2ZptDSihJOvoUmc1X3RlZPsKt_G0wjy6y6Rb1t-NP_Px8blRXXZ7KMzo5ZDC7KRLt7PO5KCX0lqbLTE7CGKqnpX00ks5judjFqOUtdUlN8=s0,thehungtd_full_art,Azamina Mu Rcielago,https://sites.google.com/view/thehungtd/latest-artworks/2024/rage-of-the-abyss,https://lh3.googleusercontent.com/sitesv/AG8ngQWQpFrOWuVupVwcjiIXlFZIrvB-RuTgy_KF-HjtFUFUCO8lH-EFRHyKz5Td3I5zCLV31I7U-dywXx2_kV7XK2ZptDSihJOvoUmc1X3RlZPsKt_G0wjy6y6Rb1t-NP_Px8blRXXZ7KMzo5ZDC7KRLt7PO5KCX0lqbLTE7CGKqnpX00ks5judjFqOUtdUlN8=w1280,,True
Azamina,1XnlSWGeA_sPGBqWRnZTTK6PesLLuA8Qr,captions/ygo4_0138.json,Monster,Azamina Sol Erysichthon,ygo4_0138,1XnlSWGeA_sPGBqWRnZTTK6PesLLuA8Qr,new_card_first_release,,,images/ygo4_0138.png,2024-07-27,20508,1.0,exact_alias,Illusion,pending_konami_verification,9785661,,,2026-08-31T18:25:58+00:00,selected_pending_image_and_caption_qa,https://lh3.googleusercontent.com/sitesv/AG8ngQWa8r2_2KaZUMcS3uBzzn3CWqjCCvUMi6knuFNupj2erpUwpNjv6gBI72ZvRCNfCOZVogBh1o3QPmG89xrk4QVIcR381w2JLG4Krqnd7awLupYL4IuSNjs7o-9_1u7ne914Iqvv8RxA8U8yR8X_HbbZxQ29mXbrFYYXc1Bb8RbZLWMD_hu63SX5uTNN=s0,thehungtd_full_art,Azamina Sol Erysichthon,https://sites.google.com/view/thehungtd/latest-artworks/2024/rage-of-the-abyss,https://lh3.googleusercontent.com/sitesv/AG8ngQWa8r2_2KaZUMcS3uBzzn3CWqjCCvUMi6knuFNupj2erpUwpNjv6gBI72ZvRCNfCOZVogBh1o3QPmG89xrk4QVIcR381w2JLG4Krqnd7awLupYL4IuSNjs7o-9_1u7ne914Iqvv8RxA8U8yR8X_HbbZxQ29mXbrFYYXc1Bb8RbZLWMD_hu63SX5uTNN=w1280,,True
Azamina,1AGcmwkSNAfn_JwZA9ZCZ210bt_SB0Ubv,captions/ygo4_0139.json,Monster,"Elzette, Azamina of the White Forest",ygo4_0139,1AGcmwkSNAfn_JwZA9ZCZ210bt_SB0Ubv,new_card_first_release,,,images/ygo4_0139.png,2025-01-23,20747,1.0,exact_alias,Illusion,pending_konami_verification,38648860,,,2026-08-31T18:25:56+00:00,selected_pending_image_and_caption_qa,https://lh3.googleusercontent.com/sitesv/AG8ngQWjEXAj7LE6PKVpMMyJhvs5TBrBpulijtHh-I_a2DK94MMPDoEs8JGNK7JzS_3Y7OWDIscmOZ1lAGtichiPRf0OzJjnZjtW--rG2RTwMxKsweaZdAA4t7D4k_3rXeUWneVaziPC9mvokjo8IYkUME8sEmh0cAQB6XXHrwTb3MHALu_UlIIi5ZHzPknitjg=s0,thehungtd_full_art,Azamina Elzette of the White Forest,https://sites.google.com/view/thehungtd/latest-artworks/2024/supreme-darkness,https://lh3.googleusercontent.com/sitesv/AG8ngQWjEXAj7LE6PKVpMMyJhvs5TBrBpulijtHh-I_a2DK94MMPDoEs8JGNK7JzS_3Y7OWDIscmOZ1lAGtichiPRf0OzJjnZjtW--rG2RTwMxKsweaZdAA4t7D4k_3rXeUWneVaziPC9mvokjo8IYkUME8sEmh0cAQB6XXHrwTb3MHALu_UlIIi5ZHzPknitjg=w1280,,True
Azamina,1WW8SG1ltpo_kqIiJEKveGFtkY8AlV4Ay,captions/ygo4_0140.json,Monster,Queen Azamina,ygo4_0140,1WW8SG1ltpo_kqIiJEKveGFtkY8AlV4Ay,new_card_first_release,,,images/ygo4_0140.png,2025-01-23,20748,1.0,exact_alias,Illusion,pending_konami_verification,65033975,,,2026-08-31T18:25:56+00:00,selected_pending_image_and_caption_qa,https://lh3.googleusercontent.com/sitesv/AG8ngQX4vF-IDzHdi_TDLEhgwU8jhR9Hd857apHu57YaQvxsiuzWXLtiVOpQduHvfzX5yex5pGfDcKbPUwHAiSXYnYYfX6Vsk7FfbrynbkGmUT6ig6e1EWoQtPBDzItmXVNw5olCWhSXa-Nw7P_YVLspxgnQV_-ophhQhP82TQ_X9G4eCzgNdE5YFUzoazR3=s0,thehungtd_full_art,Queen of the Azamina,https://sites.google.com/view/thehungtd/latest-artworks/2024/supreme-darkness,https://lh3.googleusercontent.com/sitesv/AG8ngQX4vF-IDzHdi_TDLEhgwU8jhR9Hd857apHu57YaQvxsiuzWXLtiVOpQduHvfzX5yex5pGfDcKbPUwHAiSXYnYYfX6Vsk7FfbrynbkGmUT6ig6e1EWoQtPBDzItmXVNw5olCWhSXa-Nw7P_YVLspxgnQV_-ophhQhP82TQ_X9G4eCzgNdE5YFUzoazR3=w1280,,True
Azamina,13GEVR5leDgiyhHmd9ChsH0oUN-qfKlwM,captions/ygo4_0141.json,Monster,Saint Azamina,ygo4_0141,13GEVR5leDgiyhHmd9ChsH0oUN-qfKlwM,new_card_first_release,,,images/ygo4_0141.png,2025-01-23,20773,1.0,exact_alias,Illusion,pending_konami_verification,85065943,,,2026-08-31T18:25:56+00:00,selected_pending_image_and_caption_qa,https://lh3.googleusercontent.com/sitesv/AG8ngQWmZdXA_91Pf-c_Wh92oUT6OmzJ1Go5Byl-uhrgO5d_8nM6MWcM5HpaHxSNmqybRTs4VKEGUefB7wxTGoKbcqz6ZsYSz9vXpSaVMsStXv4YI2Ltij2yo_R7xyH3nGo2JAvaiqfZqjXgU39NP12Bran-P0DU_buXB6nTYPRgGqI-JeQ54RluAgUl7u3x=s0,thehungtd_full_art,St. Azamina,https://sites.google.com/view/thehungtd/latest-artworks/2024/supreme-darkness,https://lh3.googleusercontent.com/sitesv/AG8ngQWmZdXA_91Pf-c_Wh92oUT6OmzJ1Go5Byl-uhrgO5d_8nM6MWcM5HpaHxSNmqybRTs4VKEGUefB7wxTGoKbcqz6ZsYSz9vXpSaVMsStXv4YI2Ltij2yo_R7xyH3nGo2JAvaiqfZqjXgU39NP12Bran-P0DU_buXB6nTYPRgGqI-JeQ54RluAgUl7u3x=w1280,,True
Ragnaraika,1iAi6GmSSylsk0bdn3en5KEtaCQhn2YEW,captions/ygo4_0142.json,Monster,Ragnaraika Mantis Monk,ygo4_0142,1iAi6GmSSylsk0bdn3en5KEtaCQhn2YEW,new_card_first_release,,,images/ygo4_0142.png,2024-04-25,19889,1.0,exact_alias,Insect,pending_konami_verification,70514456,,,2026-08-31T18:26:02+00:00,selected_pending_image_and_caption_qa,https://lh3.googleusercontent.com/sitesv/AG8ngQUcc6gEJkv1tnbqiK9geonPsQuceUmS0bFLReSs08PFkMMUQuQbul_1V3gqJxEzyPpMenUvulqLGqVQgFUeOp79ZdHOxTM0RljF_mqC63o5XrmUN0wPLbd1BVHooHejhYreZcVYco5w8FUfSqvKhFc6OAJKu-Ea6pWpoP0E2hELOVTivR7nHMEBmn1TXqg=s0,thehungtd_full_art,Raika no Oogaminushi,https://sites.google.com/view/thehungtd/latest-artworks/2024/legacy-of-destruction,https://lh3.googleusercontent.com/sitesv/AG8ngQUcc6gEJkv1tnbqiK9geonPsQuceUmS0bFLReSs08PFkMMUQuQbul_1V3gqJxEzyPpMenUvulqLGqVQgFUeOp79ZdHOxTM0RljF_mqC63o5XrmUN0wPLbd1BVHooHejhYreZcVYco5w8FUfSqvKhFc6OAJKu-Ea6pWpoP0E2hELOVTivR7nHMEBmn1TXqg=w1280,,True
Ragnaraika,1C27psEyfkZ-MVC-Zff0_GLWAPYQ2cP__,captions/ygo4_0143.json,Monster,Ragnaraika Samurai Beetle,ygo4_0143,1C27psEyfkZ-MVC-Zff0_GLWAPYQ2cP__,new_card_first_release,,,images/ygo4_0143.png,2024-04-25,19855,1.0,exact_alias,Insect,pending_konami_verification,26548709,,,2026-08-31T18:26:02+00:00,selected_pending_image_and_caption_qa,https://lh3.googleusercontent.com/sitesv/AG8ngQWxBOY6z4N03-2czp2mqCztkjRe5HOiiy0OIiItUOLAHn5_ez757De7GU-0Wx_fPlrIPTN734ZNis3htYB1xQtAhxYUGdbYAO1bZ5XX3E4cXE_uRIuN9IVtbtxZQm44VYtpySQYYKfK-UcEvYkMy34e0WNP--DP22OGPVy2Ft1VO_i8y-RIATfQeQ=s0,thehungtd_full_art,Ragnaraika Samurai Beetle,https://sites.google.com/view/thehungtd/latest-artworks/2024/legacy-of-destruction,https://lh3.googleusercontent.com/sitesv/AG8ngQWxBOY6z4N03-2czp2mqCztkjRe5HOiiy0OIiItUOLAHn5_ez757De7GU-0Wx_fPlrIPTN734ZNis3htYB1xQtAhxYUGdbYAO1bZ5XX3E4cXE_uRIuN9IVtbtxZQm44VYtpySQYYKfK-UcEvYkMy34e0WNP--DP22OGPVy2Ft1VO_i8y-RIATfQeQ=w1280,,True
Ragnaraika,11uzYac1hnvoPHfSAjOjfJ_rE5w5J8_SW,captions/ygo4_0144.json,Monster,Ragnaraika Stag Sovereign,ygo4_0144,11uzYac1hnvoPHfSAjOjfJ_rE5w5J8_SW,new_card_first_release,,,images/ygo4_0144.png,2024-04-25,19891,1.0,exact_alias,Insect,pending_konami_verification,42307760,,,2026-08-31T18:26:02+00:00,selected_pending_image_and_caption_qa,https://lh3.googleusercontent.com/sitesv/AG8ngQXrYRZdbssMbila5wQwVQHHhBhkdxOw0fHPZNE9yCvL1LlnA_N-3FoxnBp-Mn7JZOoqPePHmrGeOre9RlM7E2KAg1x4fm5GwCRjA71Kyo50dWrFZCUe9OonGI4z0V8deVQZrI5uziFAaw33LBBejtTb2Fu69yb3ZcQX1GMOugAuIGaYG4N-b4q-_irTj2M=s0,thehungtd_full_art,Raika no Daiouga,https://sites.google.com/view/thehungtd/latest-artworks/2024/legacy-of-destruction,https://lh3.googleusercontent.com/sitesv/AG8ngQXrYRZdbssMbila5wQwVQHHhBhkdxOw0fHPZNE9yCvL1LlnA_N-3FoxnBp-Mn7JZOoqPePHmrGeOre9RlM7E2KAg1x4fm5GwCRjA71Kyo50dWrFZCUe9OonGI4z0V8deVQZrI5uziFAaw33LBBejtTb2Fu69yb3ZcQX1GMOugAuIGaYG4N-b4q-_irTj2M=w1280,,True
Battlewasp,1mvqO9guesD12INZce2jms8DpyG8HcApT,captions/ygo4_0145.json,Monster,Battlewasp - Grand Partisan the Revolution,ygo4_0145,1mvqO9guesD12INZce2jms8DpyG8HcApT,new_card_first_release,,,images/ygo4_0145.png,2024-07-27,20512,1.0,exact_alias,Insect,pending_konami_verification,35057188,,,2026-08-31T18:25:58+00:00,selected_pending_image_and_caption_qa,https://lh3.googleusercontent.com/sitesv/AG8ngQUw1DkOFryndjA5PF-edY6B9lMNqJhPFVI8kfSjMJ7ECXpqHcWEWSC3nAS5VFtW2QoIMhnfgAQOAr8VgUrCfsgmcSqBtjZH1AYejJrpe1x4GFTYxWVga4tnnqXXVnTr0UIBMktEWpNWgZ9X04-4lMr308wodCPw3Sigali2wVC0qeI-OznTXhBnk6mf-jo=s0,thehungtd_full_art,Battlewasp - Gran Partisan the Revolution,https://sites.google.com/view/thehungtd/latest-artworks/2024/rage-of-the-abyss,https://lh3.googleusercontent.com/sitesv/AG8ngQUw1DkOFryndjA5PF-edY6B9lMNqJhPFVI8kfSjMJ7ECXpqHcWEWSC3nAS5VFtW2QoIMhnfgAQOAr8VgUrCfsgmcSqBtjZH1AYejJrpe1x4GFTYxWVga4tnnqXXVnTr0UIBMktEWpNWgZ9X04-4lMr308wodCPw3Sigali2wVC0qeI-OznTXhBnk6mf-jo=w1280,,True
Battlewasp,1hYAD_zuCKo0izdAWk1r-sNXuP2UwaBj9,captions/ygo4_0146.json,Monster,Battlewasp - Rapier the Onslaught,ygo4_0146,1hYAD_zuCKo0izdAWk1r-sNXuP2UwaBj9,new_card_first_release,,,images/ygo4_0146.png,2024-07-27,20485,1.0,exact_alias,Insect,pending_konami_verification,56146300,,,2026-08-31T18:25:58+00:00,selected_pending_image_and_caption_qa,https://lh3.googleusercontent.com/sitesv/AG8ngQWX_bacsLl4sPwn_mV3NOIbLi1czh8V3jjm3Jc0Z6sHoY4yD5lEQXYM6R5QssAQTMDhI_iZk89SR6jH-pVL6HP18h-UuvNfwZQ5eYOeM3MBNjp1jSKBq7BhUCG0ESR1CoVHSfy7ppoNV5N9JmHrX-1ZGE823roQlPPB7cKwufBKyrpiYazCHDEZ-Gr7rCk=s0,thehungtd_full_art,Battlewasp - Rapier the Furious,https://sites.google.com/view/thehungtd/latest-artworks/2024/rage-of-the-abyss,https://lh3.googleusercontent.com/sitesv/AG8ngQWX_bacsLl4sPwn_mV3NOIbLi1czh8V3jjm3Jc0Z6sHoY4yD5lEQXYM6R5QssAQTMDhI_iZk89SR6jH-pVL6HP18h-UuvNfwZQ5eYOeM3MBNjp1jSKBq7BhUCG0ESR1CoVHSfy7ppoNV5N9JmHrX-1ZGE823roQlPPB7cKwufBKyrpiYazCHDEZ-Gr7rCk=w1280,,True
Battlewasp,165EhhKdXs5q60A3Cb2daae0rbDppqlUf,captions/ygo4_0147.json,Monster,Battlewasp - Sachi the Ceremonial Bow,ygo4_0147,165EhhKdXs5q60A3Cb2daae0rbDppqlUf,new_card_first_release,,,images/ygo4_0147.png,2024-07-27,20513,1.0,exact_alias,Insect,pending_konami_verification,71456737,,,2026-08-31T18:25:58+00:00,selected_pending_image_and_caption_qa,https://lh3.googleusercontent.com/sitesv/AG8ngQVB6mBWSzpUbDKBW2djCm_hAlvuekkzKPhMetJmLqCoWS-Sq_xkPvqHvJ18F3kwlUzDRWPvRq1rIsUlrFpc-uORm819qUl-nAP6NLvzGuk0XEQYMMyCg5Zc_UpnVH1gLpqQqRbAbApvTidjkGM-kHB4qnUSas2vDTtcrUgPmuG7O_dqM_TRRBzRSnWYIB0=s0,thehungtd_full_art,Battlewasp - Sachi the Ritual Bow,https://sites.google.com/view/thehungtd/latest-artworks/2024/rage-of-the-abyss,https://lh3.googleusercontent.com/sitesv/AG8ngQVB6mBWSzpUbDKBW2djCm_hAlvuekkzKPhMetJmLqCoWS-Sq_xkPvqHvJ18F3kwlUzDRWPvRq1rIsUlrFpc-uORm819qUl-nAP6NLvzGuk0XEQYMMyCg5Zc_UpnVH1gLpqQqRbAbApvTidjkGM-kHB4qnUSas2vDTtcrUgPmuG7O_dqM_TRRBzRSnWYIB0=w1280,,True
,1YFM0KiPWGBGtUOWb3TdHBA7teR0Gz2q_,captions/ygo4_0148.json,Monster,Newbee!,ygo4_0148,1YFM0KiPWGBGtUOWb3TdHBA7teR0Gz2q_,new_card_first_release,,,images/ygo4_0148.png,2024-07-27,20505,1.0,exact_alias,Insect,pending_konami_verification,10807219,,,2026-08-31T18:25:58+00:00,selected_pending_image_and_caption_qa,https://lh3.googleusercontent.com/sitesv/AG8ngQXvASJH-3ZayvNEkUuh7mHUvhO-zNKntQeFyX79W4GySXGfkWUjZVG5W9AggvJxxW7Xf7XIAiP8w7jP7Kk53RTvKmFEm2AbioKtAgZe0sVLMUzUvMWoJRlvwCC8pOcngzdI2QzzEv5A9K-1NB4nZ8Mb8_ABCHbyLoF37cZazLX8BzLzgbkrXtPuiZLI=s0,thehungtd_full_art,Newbee!,https://sites.google.com/view/thehungtd/latest-artworks/2024/rage-of-the-abyss,https://lh3.googleusercontent.com/sitesv/AG8ngQXvASJH-3ZayvNEkUuh7mHUvhO-zNKntQeFyX79W4GySXGfkWUjZVG5W9AggvJxxW7Xf7XIAiP8w7jP7Kk53RTvKmFEm2AbioKtAgZe0sVLMUzUvMWoJRlvwCC8pOcngzdI2QzzEv5A9K-1NB4nZ8Mb8_ABCHbyLoF37cZazLX8BzLzgbkrXtPuiZLI=w1280,,True
,1hhbdkdioUUVyr7rNs_o6zm0duirp4Xtq,captions/ygo4_0149.json,Monster,Carnot the Eternal Machine,ygo4_0149,1hhbdkdioUUVyr7rNs_o6zm0duirp4Xtq,new_card_first_release,,,images/ygo4_0149.png,2024-02-08,19480,1.0,exact_alias,Machine,pending_konami_verification,13567610,,,2026-08-31T18:26:04+00:00,selected_pending_image_and_caption_qa,https://lh3.googleusercontent.com/sitesv/AG8ngQUs3odjuLAKuEGin6NVfyb689OZLd5fa_o1UUb6rottPOpUUXB6_oUEuntC2G5odJY8IMj30HZ433l92z6Bi7w0yB2OdyPVCGbWZbKHjg95-C1RfPuv5k1pVSyHXGKCExEsMUn3PAKlyfHcg26HHcuG9cHlJ8W4oCVIcOrOXCMq8lQ2buRTPoKERcmwFIc=s0,thehungtd_full_art,Etermakina Carnord,https://sites.google.com/view/thehungtd/latest-artworks/2024/phantom-nightmare,https://lh3.googleusercontent.com/sitesv/AG8ngQUs3odjuLAKuEGin6NVfyb689OZLd5fa_o1UUb6rottPOpUUXB6_oUEuntC2G5odJY8IMj30HZ433l92z6Bi7w0yB2OdyPVCGbWZbKHjg95-C1RfPuv5k1pVSyHXGKCExEsMUn3PAKlyfHcg26HHcuG9cHlJ8W4oCVIcOrOXCMq8lQ2buRTPoKERcmwFIc=w1280,,True
,1fFFUvPYmKWp4WI4e25vyNfUTW2p9Tcij,captions/ygo4_0150.json,Monster,Time Reloader,ygo4_0150,1fFFUvPYmKWp4WI4e25vyNfUTW2p9Tcij,new_card_first_release,,,images/ygo4_0150.png,2024-02-08,19482,1.0,exact_alias,Machine,pending_konami_verification,86346363,,,2026-08-31T18:26:04+00:00,selected_pending_image_and_caption_qa,https://lh3.googleusercontent.com/sitesv/AG8ngQXxLG64zqKqm2RgKU3k1DoDw8Bava2kLZAGSsWNtRNlWMY8gqg-f9XaFJMZoKp4sbvopcH5fhUfuwNnuYbwOcWmlxjZkQmir8xq3AoAu2KZAQRJhLHJ-eeowvijehviWoymyjCcYIVoPrCWZEavVLtQy72QDE3vIVwn5g3kdI6BTEXP-lxx7mvn_vII=s0,thehungtd_full_art,Time Rewinder,https://sites.google.com/view/thehungtd/latest-artworks/2024/phantom-nightmare,https://lh3.googleusercontent.com/sitesv/AG8ngQXxLG64zqKqm2RgKU3k1DoDw8Bava2kLZAGSsWNtRNlWMY8gqg-f9XaFJMZoKp4sbvopcH5fhUfuwNnuYbwOcWmlxjZkQmir8xq3AoAu2KZAQRJhLHJ-eeowvijehviWoymyjCcYIVoPrCWZEavVLtQy72QDE3vIVwn5g3kdI6BTEXP-lxx7mvn_vII=w1280,,True
Ancient Gear,1ESk2qLyshIFgzTYWYDSvduwqkHb_biKm,captions/ygo4_0151.json,Monster,Ancient Gear Dark Golem,ygo4_0151,1ESk2qLyshIFgzTYWYDSvduwqkHb_biKm,new_card_first_release,,,images/ygo4_0151.png,2024-04-25,19847,1.0,exact_alias,Machine,pending_konami_verification,64603182,,,2026-08-31T18:26:02+00:00,selected_pending_image_and_caption_qa,https://lh3.googleusercontent.com/sitesv/AG8ngQU_azOLRkP1Ak0KqRREOnmY3u2n7QYOXvu5u0sBIn0sQ5aF6aEbq3JC46ytuREJszDM2rNCIaC6RBCdq0_KELVavPFAxXE_6-cKCQzFG3xB7x73FCSc0hD3bDMiPaHUoSYfBIikkDKD147YKeKS6wexJbDJ1P8fb7fC4TzUTaOlVoFhOfdiwN8wh59s=s0,thehungtd_full_art,Ancient Gear Dark Golem,https://sites.google.com/view/thehungtd/latest-artworks/2024/legacy-of-destruction,https://lh3.googleusercontent.com/sitesv/AG8ngQU_azOLRkP1Ak0KqRREOnmY3u2n7QYOXvu5u0sBIn0sQ5aF6aEbq3JC46ytuREJszDM2rNCIaC6RBCdq0_KELVavPFAxXE_6-cKCQzFG3xB7x73FCSc0hD3bDMiPaHUoSYfBIikkDKD147YKeKS6wexJbDJ1P8fb7fC4TzUTaOlVoFhOfdiwN8wh59s=w1280,,True
Ancient Gear,1H3121KuRVJSWNyg6Ok2CZ2oSXZCT4dyf,captions/ygo4_0152.json,Monster,Ancient Gear Tanker,ygo4_0152,1H3121KuRVJSWNyg6Ok2CZ2oSXZCT4dyf,new_card_first_release,,,images/ygo4_0152.png,2024-04-25,19848,1.0,exact_alias,Machine,pending_konami_verification,91098230,,,2026-08-31T18:26:02+00:00,selected_pending_image_and_caption_qa,https://lh3.googleusercontent.com/sitesv/AG8ngQUbj_WoYvxebI6Q7F6qLY675cobEexxzMLn3pfRfa8o1uZuCg0WMkO2JCY7LtPJ-KbXo942l85IajalUWjhFFERxz2TN1nqofQQhTK0pYct0is1QL4BS35sU6uD98GWLXmHgl1y1yyiefb6a-2tbAIsZBKV7xM88cnKc1DoNUVpS1S_NDhNFNppZg=s0,thehungtd_full_art,Ancient Gear Tanker,https://sites.google.com/view/thehungtd/latest-artworks/2024/legacy-of-destruction,https://lh3.googleusercontent.com/sitesv/AG8ngQUbj_WoYvxebI6Q7F6qLY675cobEexxzMLn3pfRfa8o1uZuCg0WMkO2JCY7LtPJ-KbXo942l85IajalUWjhFFERxz2TN1nqofQQhTK0pYct0is1QL4BS35sU6uD98GWLXmHgl1y1yyiefb6a-2tbAIsZBKV7xM88cnKc1DoNUVpS1S_NDhNFNppZg=w1280,,True
,1c0RCE68z8uuUp0gacZ81twYvoDI8JffO,captions/ygo4_0153.json,Monster,Union Controller,ygo4_0153,1c0RCE68z8uuUp0gacZ81twYvoDI8JffO,new_card_first_release,,,images/ygo4_0153.png,2024-05-25,20288,1.0,exact_alias,Machine,pending_konami_verification,2133971,,,2026-08-31T18:26:01+00:00,selected_pending_image_and_caption_qa,https://lh3.googleusercontent.com/sitesv/AG8ngQXHVn0-MvSyUdMUCjGpOQyqW6N4I_wAeZ_FyMze49cbzpErfWhl4MlK4N7tm4-T1mq-aqRTbF_ciKdeKNFPP3G8jE0Osnj7XRo2IQVEgEORw8fy1o1dU26zJgujM1VMK_fiLIES0vf54EoLsnrMDd-YbbfRzWy6-1fryU6HGk1R7iUrIGa33u9vW8ej=s0,thehungtd_full_art,Union Controller,https://sites.google.com/view/thehungtd/latest-artworks/2024/duelist-pack-duelists-of-brilliance,https://lh3.googleusercontent.com/sitesv/AG8ngQXHVn0-MvSyUdMUCjGpOQyqW6N4I_wAeZ_FyMze49cbzpErfWhl4MlK4N7tm4-T1mq-aqRTbF_ciKdeKNFPP3G8jE0Osnj7XRo2IQVEgEORw8fy1o1dU26zJgujM1VMK_fiLIES0vf54EoLsnrMDd-YbbfRzWy6-1fryU6HGk1R7iUrIGa33u9vW8ej=w1280,,True
A-to-Z,1gZ6C0k5tMjHDpzn1K_ye1sEnX0VYBbYg,captions/ygo4_0154.json,Monster,X-Cross Cannon,ygo4_0154,1gZ6C0k5tMjHDpzn1K_ye1sEnX0VYBbYg,new_card_first_release,,,images/ygo4_0154.png,2024-05-25,20284,1.0,exact_alias,Machine,pending_konami_verification,70860415,,,2026-08-31T18:26:01+00:00,selected_pending_image_and_caption_qa,https://lh3.googleusercontent.com/sitesv/AG8ngQVKClq3LWwN3pxMhMB0yB7uk5jGftQmo1BWUdpyeHGjhNKJ2o95QJ0zM_c7muqqrgOesdMwf8LW-CeZdsxvQNJ_GalO70t8Pa2SIoATGmn0lRG2Fjl_avSWEzkRcy276YeIhVuNxiSasEFuDSfO73b_BN10He7FWdlT42BWviTDDeuE1YIPLxwiiOsA=s0,thehungtd_full_art,X-Cross Cannon,https://sites.google.com/view/thehungtd/latest-artworks/2024/duelist-pack-duelists-of-brilliance,https://lh3.googleusercontent.com/sitesv/AG8ngQVKClq3LWwN3pxMhMB0yB7uk5jGftQmo1BWUdpyeHGjhNKJ2o95QJ0zM_c7muqqrgOesdMwf8LW-CeZdsxvQNJ_GalO70t8Pa2SIoATGmn0lRG2Fjl_avSWEzkRcy276YeIhVuNxiSasEFuDSfO73b_BN10He7FWdlT42BWviTDDeuE1YIPLxwiiOsA=w1280,,True
A-to-Z,1G55EAAoMHV-lj7Uuodo7xD0-vPsVKSG-,captions/ygo4_0155.json,Monster,XYZ-Hyper Dragon Cannon,ygo4_0155,1G55EAAoMHV-lj7Uuodo7xD0-vPsVKSG-,new_card_first_release,,,images/ygo4_0155.png,2024-05-25,20287,1.0,exact_alias,Machine,pending_konami_verification,75748977,,,2026-08-31T18:26:01+00:00,selected_pending_image_and_caption_qa,https://lh3.googleusercontent.com/sitesv/AG8ngQUpq30a4joHcDVcIMn_vjMRZkFjIVHsIBgazILxM54QnPgG51e2ABgYNRSCV3pedUbUIP0fvVm3WA-Viq5krSIClnDEJcXXoxf8e1AhKt7Nt9EIa5kMvqY6D9tHVS_CQ3elZ7B9jidzycLvBeqifunEI4seEiKerk7519UFu-rP5F1CjPwuXES5Eyxl=s0,thehungtd_full_art,XYZ-Hyper Dragon Cannon,https://sites.google.com/view/thehungtd/latest-artworks/2024/duelist-pack-duelists-of-brilliance,https://lh3.googleusercontent.com/sitesv/AG8ngQUpq30a4joHcDVcIMn_vjMRZkFjIVHsIBgazILxM54QnPgG51e2ABgYNRSCV3pedUbUIP0fvVm3WA-Viq5krSIClnDEJcXXoxf8e1AhKt7Nt9EIa5kMvqY6D9tHVS_CQ3elZ7B9jidzycLvBeqifunEI4seEiKerk7519UFu-rP5F1CjPwuXES5Eyxl=w1280,,True
A-to-Z,1AFqLP533nYda-hqvJ8ZtL-MEAbIT5R_6,captions/ygo4_0156.json,Monster,Z-Zillion Tank,ygo4_0156,1AFqLP533nYda-hqvJ8ZtL-MEAbIT5R_6,new_card_first_release,,,images/ygo4_0156.png,2024-05-25,20286,1.0,exact_alias,Machine,pending_konami_verification,33744268,,,2026-08-31T18:26:01+00:00,selected_pending_image_and_caption_qa,https://lh3.googleusercontent.com/sitesv/AG8ngQVS4iXW-w2_zsKYdwtA0DSzvb6JxJvFN8ZiZU5Eub-k4AaswsH27aTtcgc9XfXe66X_OsMxbiRiRx_LVkKyF86rGIT89MeGcC8kbfZJL5rsqrNXVAUmOvrK3k2lqIr0KaqVIhVW9BHB5B6vIwatiCnaFMbGjHVprMBh94vS43j6bG_ZKvQNIAge9Mj4=s0,thehungtd_full_art,Z-Zillion Tank,https://sites.google.com/view/thehungtd/latest-artworks/2024/duelist-pack-duelists-of-brilliance,https://lh3.googleusercontent.com/sitesv/AG8ngQVS4iXW-w2_zsKYdwtA0DSzvb6JxJvFN8ZiZU5Eub-k4AaswsH27aTtcgc9XfXe66X_OsMxbiRiRx_LVkKyF86rGIT89MeGcC8kbfZJL5rsqrNXVAUmOvrK3k2lqIr0KaqVIhVW9BHB5B6vIwatiCnaFMbGjHVprMBh94vS43j6bG_ZKvQNIAge9Mj4=w1280,,True
Genex,1e-NV5ED4q5mkoOULKOqGpGTn0eo8VRud,captions/ygo4_0157.json,Monster,Arms of Genex Return Zero,ygo4_0157,1e-NV5ED4q5mkoOULKOqGpGTn0eo8VRud,new_card_first_release,,,images/ygo4_0157.png,2024-06-20,19623,1.0,exact_alias,Machine,pending_konami_verification,61775475,,,2026-08-31T18:26:06+00:00,selected_pending_image_and_caption_qa,https://lh3.googleusercontent.com/sitesv/AG8ngQUEhfPFd_53WwEYovwQmHm9lMA3JgvnX2tJBF9ypjoswtsciOAXcJds0JB8kUGO6gHMDpxFGwN99b67cXVNiXa5oMx-31Cp8OXCKqO1ONdMGzV4V5_0DC9qsJyypBCmxAcMtn3U8kfjplKT_DOVQ5pSzpAbyYrsQqw8t6O_nnxwBAaSFwigEAdxfDe3=s0,thehungtd_full_art,Arms of Genex Return Zero,https://sites.google.com/view/thehungtd/latest-artworks/2024/terminal-world,https://lh3.googleusercontent.com/sitesv/AG8ngQUEhfPFd_53WwEYovwQmHm9lMA3JgvnX2tJBF9ypjoswtsciOAXcJds0JB8kUGO6gHMDpxFGwN99b67cXVNiXa5oMx-31Cp8OXCKqO1ONdMGzV4V5_0DC9qsJyypBCmxAcMtn3U8kfjplKT_DOVQ5pSzpAbyYrsQqw8t6O_nnxwBAaSFwigEAdxfDe3=w1280,,True
,1DS3UDv6gtzaieNlrYoJz3indwVQvl9Ke,captions/ygo4_0158.json,Monster,Division,ygo4_0158,1DS3UDv6gtzaieNlrYoJz3indwVQvl9Ke,new_card_first_release,,,images/ygo4_0158.png,2024-06-20,9471,1.0,exact_alias,Machine,pending_konami_verification,42427230,,,2026-08-31T18:26:06+00:00,selected_pending_image_and_caption_qa,https://lh3.googleusercontent.com/sitesv/AG8ngQXgXY-izmspt5LufD8DIHvLt4laJUcUCt9GKt2hALsnQJ0ancGiMy4mOSX1pPjFexyunb8ju39zhAGXbuZC3J4QCBQsQrOmvgdvIVX4PbWaNtde6PZ2ljdzpI3s9AwywRhAeR55ruTx1z08CvdlVaQjisujpw_UzsniY8QIOGIVQuuhnix8iNfusc9bOEA=s0,thehungtd_full_art,Division,https://sites.google.com/view/thehungtd/latest-artworks/2024/premium-pack-2024,https://lh3.googleusercontent.com/sitesv/AG8ngQXgXY-izmspt5LufD8DIHvLt4laJUcUCt9GKt2hALsnQJ0ancGiMy4mOSX1pPjFexyunb8ju39zhAGXbuZC3J4QCBQsQrOmvgdvIVX4PbWaNtde6PZ2ljdzpI3s9AwywRhAeR55ruTx1z08CvdlVaQjisujpw_UzsniY8QIOGIVQuuhnix8iNfusc9bOEA=w1280,,True
,1w3uqQNLdw5UcS8lmMBZOAw_TlQxSNdeG,captions/ygo4_0159.json,Monster,Electro Blaster,ygo4_0159,1w3uqQNLdw5UcS8lmMBZOAw_TlQxSNdeG,new_card_first_release,,,images/ygo4_0159.png,2024-06-20,8927,1.0,exact_alias,Machine,pending_konami_verification,9107531,,,2026-08-31T18:26:06+00:00,selected_pending_image_and_caption_qa,https://lh3.googleusercontent.com/sitesv/AG8ngQUEei9BNp4Wq-7hSHMfDCclcdw9-WJGRtiYnCchGnYGnA96guedvz60tsN4P2lQxzUA5uimTUbqAy__oc-cLLueGIRTlm1zu9ha55oA1Le6Aua53XLnWx-hGZ1XFz4UVtOcN7B-emPYyRcwUF2Nm7IjZo-BkrZhu70xmN5KXQByz3cHTb31noWKSsSr=s0,thehungtd_full_art,Electro Gunner,https://sites.google.com/view/thehungtd/latest-artworks/2024/premium-pack-2024,https://lh3.googleusercontent.com/sitesv/AG8ngQUEei9BNp4Wq-7hSHMfDCclcdw9-WJGRtiYnCchGnYGnA96guedvz60tsN4P2lQxzUA5uimTUbqAy__oc-cLLueGIRTlm1zu9ha55oA1Le6Aua53XLnWx-hGZ1XFz4UVtOcN7B-emPYyRcwUF2Nm7IjZo-BkrZhu70xmN5KXQByz3cHTb31noWKSsSr=w1280,,True
Sky Striker,1NrPwutSChhx3PMyknyFzTvzDicYnD4Cd,captions/ygo4_0160.json,Monster,Pillar of the Future - Cyanos,ygo4_0160,1NrPwutSChhx3PMyknyFzTvzDicYnD4Cd,new_card_first_release,,,images/ygo4_0160.png,2024-06-20,19752,1.0,exact_alias,Machine,pending_konami_verification,20357457,,,2026-08-31T18:26:06+00:00,selected_pending_image_and_caption_qa,https://lh3.googleusercontent.com/sitesv/AG8ngQXRcy8tt_35B4eOvuiJ0nkdjUpYInJSoxGZy4AWMDbY0oE3GDZIzU1Swe0FiHxFMqmP_KXt8OHE_oloeDxe_5MmTcCyfofS0LfW_WmYgI_tC_DMaQEo89Pp3NXcm4fFSzTo7B5tqpRB2OAqbOnctdaQ3RPp2Z6U15ucj0zQOlm-gAijeBFejvtfL2o8=s0,thehungtd_full_art,Pillar of the Future - Cyanos,https://sites.google.com/view/thehungtd/latest-artworks/2024/premium-pack-2024,https://lh3.googleusercontent.com/sitesv/AG8ngQXRcy8tt_35B4eOvuiJ0nkdjUpYInJSoxGZy4AWMDbY0oE3GDZIzU1Swe0FiHxFMqmP_KXt8OHE_oloeDxe_5MmTcCyfofS0LfW_WmYgI_tC_DMaQEo89Pp3NXcm4fFSzTo7B5tqpRB2OAqbOnctdaQ3RPp2Z6U15ucj0zQOlm-gAijeBFejvtfL2o8=w1280,,True
Genex,1MynIlHtP5LWhS-W5MXUvHGqGARG8WU4N,captions/ygo4_0161.json,Monster,Repair Genex Controller,ygo4_0161,1MynIlHtP5LWhS-W5MXUvHGqGARG8WU4N,new_card_first_release,,,images/ygo4_0161.png,2024-06-20,19624,1.0,exact_alias,Machine,pending_konami_verification,8173184,,,2026-08-31T18:26:06+00:00,selected_pending_image_and_caption_qa,https://lh3.googleusercontent.com/sitesv/AG8ngQWSQMXHf5ya4mcCkgv3b2KL7iu__VMxar5CCRm6OnqijVRsWtq5EGmfKfR_jkpuUbcfiJD0oExqjQbjvOJ5Aj2b70p_OjTzDVnF-6loh--jCIjZo2WNMiK-dHc2MoJpQoz_z8fkEkcoU1tgFxmkuFwGE68SY74BBniihn_ho0f34PfANqc1VqmtXhN5=s0,thehungtd_full_art,Repaired Genex Controller,https://sites.google.com/view/thehungtd/latest-artworks/2024/terminal-world,https://lh3.googleusercontent.com/sitesv/AG8ngQWSQMXHf5ya4mcCkgv3b2KL7iu__VMxar5CCRm6OnqijVRsWtq5EGmfKfR_jkpuUbcfiJD0oExqjQbjvOJ5Aj2b70p_OjTzDVnF-6loh--jCIjZo2WNMiK-dHc2MoJpQoz_z8fkEkcoU1tgFxmkuFwGE68SY74BBniihn_ho0f34PfANqc1VqmtXhN5=w1280,,True
Sky Striker,1LfCk8dp5y_2-pRpL3woGj1glJnUEVNt8,captions/ygo4_0162.json,Monster,Sky Striker Ace - Azalea Temperance,ygo4_0162,1LfCk8dp5y_2-pRpL3woGj1glJnUEVNt8,new_card_first_release,,,images/ygo4_0162.png,2024-06-20,19753,1.0,exact_alias,Machine,pending_konami_verification,56741506,,,2026-08-31T18:26:06+00:00,selected_pending_image_and_caption_qa,https://lh3.googleusercontent.com/sitesv/AG8ngQXmvtd-gTX-C34-US8xZZzvYdYof8mcXjSBBHA96AIvyY5F4TAREvG4xbF4ARJqb4CtTdndkcjFqlbHtGsYsQXrVLaBFbUdccpAYehGqjvf6tqo_ZkYc9ejoT6SZ6pVGSTWwSAKLzOkh4xIlWPDKi6jvisR7SITOZX6zNisJOU8wFTLvV0YzHbmk5-h=s0,thehungtd_full_art,Sky Striker Ace - Azalea Temperance,https://sites.google.com/view/thehungtd/latest-artworks/2024/premium-pack-2024,https://lh3.googleusercontent.com/sitesv/AG8ngQXmvtd-gTX-C34-US8xZZzvYdYof8mcXjSBBHA96AIvyY5F4TAREvG4xbF4ARJqb4CtTdndkcjFqlbHtGsYsQXrVLaBFbUdccpAYehGqjvf6tqo_ZkYc9ejoT6SZ6pVGSTWwSAKLzOkh4xIlWPDKi6jvisR7SITOZX6zNisJOU8wFTLvV0YzHbmk5-h=w1280,,True
Toy,1fbb7nm_VeSTX26MJN4osqrOEPG4fX7JN,captions/ygo4_0163.json,Monster,Toy Tank,ygo4_0163,1fbb7nm_VeSTX26MJN4osqrOEPG4fX7JN,new_card_first_release,,,images/ygo4_0163.png,2024-06-20,19741,1.0,exact_alias,Machine,pending_konami_verification,69925461,,,2026-08-31T18:26:06+00:00,selected_pending_image_and_caption_qa,https://lh3.googleusercontent.com/sitesv/AG8ngQWOfUI1LkCumgo-is9_0S1hgYCSFXd4UgppVqOM1KaQ4JwsFNOEtJjHqMOe4lexWL1rN5gDiA9b7p62pqFXgM0ZqKLS2pDy7suvnPWdPB_s4XCk9rvZyF2ndFg48gQgY5Cq1jlWLXnDwQXGLYaofsKg5HrJebR7Ggcw_zpK-TJRNLwyjWBfatvMjw=s0,thehungtd_full_art,Toy Tank,https://sites.google.com/view/thehungtd/latest-artworks/2024/premium-pack-2024,https://lh3.googleusercontent.com/sitesv/AG8ngQWOfUI1LkCumgo-is9_0S1hgYCSFXd4UgppVqOM1KaQ4JwsFNOEtJjHqMOe4lexWL1rN5gDiA9b7p62pqFXgM0ZqKLS2pDy7suvnPWdPB_s4XCk9rvZyF2ndFg48gQgY5Cq1jlWLXnDwQXGLYaofsKg5HrJebR7Ggcw_zpK-TJRNLwyjWBfatvMjw=w1280,,True
CXyz,1NUFHlNUYb4NFNlNi2BixN3uHBQ2hLE3r,captions/ygo4_0164.json,Monster,CXyz Gimmick Puppet Fanatix Machinix,ygo4_0164,1NUFHlNUYb4NFNlNi2BixN3uHBQ2hLE3r,new_card_first_release,,,images/ygo4_0164.png,2024-07-18,20222,1.0,exact_alias,Machine,pending_konami_verification,3685372,,,2026-08-31T18:26:00+00:00,selected_pending_image_and_caption_qa,https://lh3.googleusercontent.com/sitesv/AG8ngQX8gfx0A3h27XswSFpO8VmEpZMrkevLS-ADvmEc_ZbYpI9od1lScr07EhA34kQSZkPLC1fa3_0Cl-LPMGeP--xr2Rs82zEyYK5GIwGUrvmDEwt42Yb18or_N-qDUJ7wwchDH9Ix9waadsGlY2bq4rEMZCk0TdB__BEbHo0C7yCUIiRIeJh5y_7QiDn5ZoY=s0,thehungtd_full_art,CXyz Gimmick Puppet Fanatix Makina,https://sites.google.com/view/thehungtd/latest-artworks/2024/infinite-forbidden,https://lh3.googleusercontent.com/sitesv/AG8ngQX8gfx0A3h27XswSFpO8VmEpZMrkevLS-ADvmEc_ZbYpI9od1lScr07EhA34kQSZkPLC1fa3_0Cl-LPMGeP--xr2Rs82zEyYK5GIwGUrvmDEwt42Yb18or_N-qDUJ7wwchDH9Ix9waadsGlY2bq4rEMZCk0TdB__BEbHo0C7yCUIiRIeJh5y_7QiDn5ZoY=w1280,,True
Drytron,19IDnWKR6nwyz7z5su3wXxleWwXAcUdVk,captions/ygo4_0165.json,Monster,Drytron Meteonis DA Draconids,ygo4_0165,19IDnWKR6nwyz7z5su3wXxleWwXAcUdVk,new_card_first_release,,,images/ygo4_0165.png,2024-07-18,20211,1.0,exact_alias,Machine,pending_konami_verification,56863746,,,2026-08-31T18:26:00+00:00,selected_pending_image_and_caption_qa,https://lh3.googleusercontent.com/sitesv/AG8ngQXXEl7r-L4csRGrVFmjyfKkxx9b1M7kSYHxOOBxAQbeETjjuIFfk8M0Uig-yw4m0mxolncyh561DVAsLWd0qdKaamxUcdRt9VKBRxiLVmQCXLZ0tbY_2WYnbxSIqMHuRTN2onENOiaQROUMePFFktONXLMlq36LjJbKJDLKBY9Q9raNfaSZ2WTV9w=s0,thehungtd_full_art,Drytron Meteonis Alpha Draconids,https://sites.google.com/view/thehungtd/latest-artworks/2024/infinite-forbidden,https://lh3.googleusercontent.com/sitesv/AG8ngQXXEl7r-L4csRGrVFmjyfKkxx9b1M7kSYHxOOBxAQbeETjjuIFfk8M0Uig-yw4m0mxolncyh561DVAsLWd0qdKaamxUcdRt9VKBRxiLVmQCXLZ0tbY_2WYnbxSIqMHuRTN2onENOiaQROUMePFFktONXLMlq36LjJbKJDLKBY9Q9raNfaSZ2WTV9w=w1280,,True
Gimmick Puppet,1m5Dc7bJsRA9ZvdE3SLyvAHEALz4VwQf0,captions/ygo4_0166.json,Monster,Gimmick Puppet Cattle Scream,ygo4_0166,1m5Dc7bJsRA9ZvdE3SLyvAHEALz4VwQf0,new_card_first_release,,,images/ygo4_0166.png,2024-07-18,20188,1.0,exact_alias,Machine,pending_konami_verification,99229085,,,2026-08-31T18:26:00+00:00,selected_pending_image_and_caption_qa,https://lh3.googleusercontent.com/sitesv/AG8ngQWnh_4LcG5h00o8sXs2V7dPpT89kr_oRYNU8_-NhJ0mtUckYG6UU55LQtZpiOaMkNx8fY2nlaLUm1pn1KC4BQMkTMbJHu4G5b5J5c_M831HkSQtB_sC2rS3RTJ6bCZN7xbrdqK2Zn4oduJP_BpF1R4mg1RlqC2OoJ-3C9zsRpfR-tfSx1_7yzR-rvub=s0,thehungtd_full_art,Gimmick Puppet Cattle Scream,https://sites.google.com/view/thehungtd/latest-artworks/2024/infinite-forbidden,https://lh3.googleusercontent.com/sitesv/AG8ngQWnh_4LcG5h00o8sXs2V7dPpT89kr_oRYNU8_-NhJ0mtUckYG6UU55LQtZpiOaMkNx8fY2nlaLUm1pn1KC4BQMkTMbJHu4G5b5J5c_M831HkSQtB_sC2rS3RTJ6bCZN7xbrdqK2Zn4oduJP_BpF1R4mg1RlqC2OoJ-3C9zsRpfR-tfSx1_7yzR-rvub=w1280,,True
Gimmick Puppet,1w6nLeTl9javMpUwaz-a9NwdY4fSA3tn0,captions/ygo4_0167.json,Monster,Gimmick Puppet Fantasix Machinix,ygo4_0167,1w6nLeTl9javMpUwaz-a9NwdY4fSA3tn0,new_card_first_release,,,images/ygo4_0167.png,2024-07-18,20221,1.0,exact_alias,Machine,pending_konami_verification,76290637,,,2026-08-31T18:26:00+00:00,selected_pending_image_and_caption_qa,https://lh3.googleusercontent.com/sitesv/AG8ngQVVsZKUrgElDqeoCpDiCaFHlT1oOBGVby8US7652V8jsRQSH-cd3xieJ90dXyIRQczNgv5Gw2qJ8yXMGYuN8dDGNcoumPaY-A-HClRuo2RrNp5m2OTkNVz6GRtujwr1zE1psA90V0IZYyRrwjug-ZeQbNHj4gy0cMguoIvumzqVjNw_ju2lukm2SGziZAs=s0,thehungtd_full_art,Gimmick Puppet Fantasix Makina,https://sites.google.com/view/thehungtd/latest-artworks/2024/infinite-forbidden,https://lh3.googleusercontent.com/sitesv/AG8ngQVVsZKUrgElDqeoCpDiCaFHlT1oOBGVby8US7652V8jsRQSH-cd3xieJ90dXyIRQczNgv5Gw2qJ8yXMGYuN8dDGNcoumPaY-A-HClRuo2RrNp5m2OTkNVz6GRtujwr1zE1psA90V0IZYyRrwjug-ZeQbNHj4gy0cMguoIvumzqVjNw_ju2lukm2SGziZAs=w1280,,True
Gimmick Puppet,1RC2Od5dmB0wsVV_jAs_VWZfJqbtqPfKP,captions/ygo4_0168.json,Monster,Gimmick Puppet Little Soldiers,ygo4_0168,1RC2Od5dmB0wsVV_jAs_VWZfJqbtqPfKP,new_card_first_release,,,images/ygo4_0168.png,2024-07-18,20186,1.0,exact_alias,Machine,pending_konami_verification,36436372,,,2026-08-31T18:26:00+00:00,selected_pending_image_and_caption_qa,https://lh3.googleusercontent.com/sitesv/AG8ngQUevkOU35mgIJmTw3rOHfiDQwG2J_SuMb74BhkQDeJ2fXAAfuUGEYaZ_VnJIqfMDqNhsH9x0ZSB2yYoLuTiIMdrs7ElVOKVjVp60qtkxR0F_sSvlQZLTesKbRkkzC86pbaqwyFGLyG8ZlZWfYu4JES6KtlxYiU3NJRn39TZG0aqZ9z3NfnnSTLjdF0SN64=s0,thehungtd_full_art,Gimmick Puppet Little Soldiers,https://sites.google.com/view/thehungtd/latest-artworks/2024/infinite-forbidden,https://lh3.googleusercontent.com/sitesv/AG8ngQUevkOU35mgIJmTw3rOHfiDQwG2J_SuMb74BhkQDeJ2fXAAfuUGEYaZ_VnJIqfMDqNhsH9x0ZSB2yYoLuTiIMdrs7ElVOKVjVp60qtkxR0F_sSvlQZLTesKbRkkzC86pbaqwyFGLyG8ZlZWfYu4JES6KtlxYiU3NJRn39TZG0aqZ9z3NfnnSTLjdF0SN64=w1280,,True
Gimmick Puppet,1VAc77z2tRRp-9jx-ZOZwOhproGqO0yYW,captions/ygo4_0169.json,Monster,Gimmick Puppet Rouge Doll,ygo4_0169,1VAc77z2tRRp-9jx-ZOZwOhproGqO0yYW,new_card_first_release,,,images/ygo4_0169.png,2024-07-18,20187,1.0,exact_alias,Machine,pending_konami_verification,63825486,,,2026-08-31T18:26:00+00:00,selected_pending_image_and_caption_qa,https://lh3.googleusercontent.com/sitesv/AG8ngQV1NICTS-O_rfYe4I9PCpYBfphR846TEwExJKoTIYUJXU-9uk_nz7Dj-cwEDwTI83uRI727w5rPI_peRVAl6VmqMsWpv5Z3nKbWGLoyinuyVBtZg1Lx5ySsok__qw-YpLWyMS6hJrRBvoqkkDozUJt5xmY-l-jJuZTQnu30apltRqBroJdTK8fm4pLuAI4=s0,thehungtd_full_art,Gimmick Puppet Bloody Doll,https://sites.google.com/view/thehungtd/latest-artworks/2024/infinite-forbidden,https://lh3.googleusercontent.com/sitesv/AG8ngQV1NICTS-O_rfYe4I9PCpYBfphR846TEwExJKoTIYUJXU-9uk_nz7Dj-cwEDwTI83uRI727w5rPI_peRVAl6VmqMsWpv5Z3nKbWGLoyinuyVBtZg1Lx5ySsok__qw-YpLWyMS6hJrRBvoqkkDozUJt5xmY-l-jJuZTQnu30apltRqBroJdTK8fm4pLuAI4=w1280,,True
,19EQ-Q5GdEYdKk0S5LLBQzXc9DJC1l_iJ,captions/ygo4_0170.json,Monster,Heosvarog the Mechanical Dawn,ygo4_0170,19EQ-Q5GdEYdKk0S5LLBQzXc9DJC1l_iJ,new_card_first_release,,,images/ygo4_0170.png,2024-07-27,20511,1.0,exact_alias,Machine,pending_konami_verification,8963089,,,2026-08-31T18:25:58+00:00,selected_pending_image_and_caption_qa,https://lh3.googleusercontent.com/sitesv/AG8ngQXVbk5-aiNxb98gDGZrFrDSy-R488dHQlzM6wwPgdOWCBW_0c5fZXp0xG7qZUXdpggRyBaE5QoxH5YEaKubnxhULj5MtnX6j4u-DYN_NMIt43dgcwHWgiPYKx_biHzIwcEYFszHtmZ9js03WueYMArC1STH56ZtmSAfn-pMqR4W51Kx-klRRvAg4nloxyw=s0,thehungtd_full_art,"Eosvarog, Forger of the Dawn",https://sites.google.com/view/thehungtd/latest-artworks/2024/rage-of-the-abyss,https://lh3.googleusercontent.com/sitesv/AG8ngQXVbk5-aiNxb98gDGZrFrDSy-R488dHQlzM6wwPgdOWCBW_0c5fZXp0xG7qZUXdpggRyBaE5QoxH5YEaKubnxhULj5MtnX6j4u-DYN_NMIt43dgcwHWgiPYKx_biHzIwcEYFszHtmZ9js03WueYMArC1STH56ZtmSAfn-pMqR4W51Kx-klRRvAg4nloxyw=w1280,,True
Signature move,19UsqYW689Q_0lHUXy3qXy8f1NA5UodVB,captions/ygo4_0171.json,Monster,Metalzoa X,ygo4_0171,19UsqYW689Q_0lHUXy3qXy8f1NA5UodVB,new_card_first_release,,,images/ygo4_0171.png,2024-07-27,20482,1.0,exact_alias,Machine,pending_konami_verification,27268998,,,2026-08-31T18:25:58+00:00,selected_pending_image_and_caption_qa,https://lh3.googleusercontent.com/sitesv/AG8ngQWA_chBkeXlGls5bZeW2Ue1aLPRNUBynFL_bJ8g8rWX4sqtaT7xGd6uPFaz1xQQJ_L9xgWuYsKgShvFeK0rAwo1H_v6bAagMsB1AUBfbOiYgPhC_SlGAcb_5pq-jA6tr78WJiIRpCIg3-1XaElxJ96dkoSfoef1E0xSwS-ETvb0pTgg-oH_oj3CXzf_AoA=s0,thehungtd_full_art,Metalzoa X,https://sites.google.com/view/thehungtd/latest-artworks/2024/rage-of-the-abyss,https://lh3.googleusercontent.com/sitesv/AG8ngQWA_chBkeXlGls5bZeW2Ue1aLPRNUBynFL_bJ8g8rWX4sqtaT7xGd6uPFaz1xQQJ_L9xgWuYsKgShvFeK0rAwo1H_v6bAagMsB1AUBfbOiYgPhC_SlGAcb_5pq-jA6tr78WJiIRpCIg3-1XaElxJ96dkoSfoef1E0xSwS-ETvb0pTgg-oH_oj3CXzf_AoA=w1280,,True
Red-Eyes,1fDacuOEQDoGI6PH0euAEJA0K-muW4PLJ,captions/ygo4_0172.json,Monster,Red-Eyes Black Fullmetal Dragon,ygo4_0172,1fDacuOEQDoGI6PH0euAEJA0K-muW4PLJ,new_card_first_release,,,images/ygo4_0172.png,2024-07-27,20481,1.0,exact_alias,Machine,pending_konami_verification,80870883,,,2026-08-31T18:25:58+00:00,selected_pending_image_and_caption_qa,https://lh3.googleusercontent.com/sitesv/AG8ngQWSAG5nIIkoby30ML_hzt1LrHnXJgKrve9Laobwe2BMnas4Jmkq_QEo7irWkfH9JFY7qM1Zm8RaJcc8bxY8ORKXjPwwvzeo2uP5H1Jwz9R7g9VgjNet3x0eVaHUFdzvrekSV-tLj6R2yOIC2w_j765v0ehs2XQ7BTbHRuYkDCuoR95-p4BptDDXNSwmn20=s0,thehungtd_full_art,Red-Eyes Black Fullmetal Dragon,https://sites.google.com/view/thehungtd/latest-artworks/2024/rage-of-the-abyss,https://lh3.googleusercontent.com/sitesv/AG8ngQWSAG5nIIkoby30ML_hzt1LrHnXJgKrve9Laobwe2BMnas4Jmkq_QEo7irWkfH9JFY7qM1Zm8RaJcc8bxY8ORKXjPwwvzeo2uP5H1Jwz9R7g9VgjNet3x0eVaHUFdzvrekSV-tLj6R2yOIC2w_j765v0ehs2XQ7BTbHRuYkDCuoR95-p4BptDDXNSwmn20=w1280,,True
,1ehKo1MGrNyJmfQ2w_s9TsiR2d2CvsRww,captions/ygo4_0173.json,Monster,Union Pilot,ygo4_0173,1ehKo1MGrNyJmfQ2w_s9TsiR2d2CvsRww,new_card_first_release,,,images/ygo4_0173.png,2024-07-27,20498,1.0,exact_alias,Machine,pending_konami_verification,89357740,,,2026-08-31T18:25:58+00:00,selected_pending_image_and_caption_qa,https://lh3.googleusercontent.com/sitesv/AG8ngQU0MYSUK-FRuVPKE8tALIdaQAKTy5ZywctwQE28ntvMVIgCeDrpNMTIU6830-KS6qaGTaQzErfhHH_qYCe1C_MrtU2hVeMQKeq8fAXypsM1Z62lfE4Hpi3yafEl7Oex2P7oip1Be8kYOKvtDZwVNmLJtLulrHO6S9FYLCO_-SO5dfU6IhOx41yUyQG_jrc=s0,thehungtd_full_art,Union Pilot,https://sites.google.com/view/thehungtd/latest-artworks/2024/rage-of-the-abyss,https://lh3.googleusercontent.com/sitesv/AG8ngQU0MYSUK-FRuVPKE8tALIdaQAKTy5ZywctwQE28ntvMVIgCeDrpNMTIU6830-KS6qaGTaQzErfhHH_qYCe1C_MrtU2hVeMQKeq8fAXypsM1Z62lfE4Hpi3yafEl7Oex2P7oip1Be8kYOKvtDZwVNmLJtLulrHO6S9FYLCO_-SO5dfU6IhOx41yUyQG_jrc=w1280,,True
ABC,30012506,captions/ygo4_0174.json,Monster,A-Assault Core,ygo4_0174,,new_card_first_release,,,images/ygo4_0174.png,2016-10-20,12582,1.0,api_identity_exact,Machine,pending_konami_verification,30012506,,Replaced passcode 2254222: available artwork was non-square composite,2026-08-31T18:26:10+00:00,selected_pending_image_and_caption_qa,https://images.ygoprodeck.com/images/cards_cropped/30012506.jpg,ygoprodeck_cropped_art,A-Assault Core,https://db.ygoprodeck.com/api/v7/cardinfo.php?misc=yes,https://images.ygoprodeck.com/images/cards_cropped/30012506.jpg,,True
Crystron,16cbnXRBw1ujkZMOTMoKruzlDd0ViBfrB,captions/ygo4_0175.json,Monster,Crystron Eleskeletus,ygo4_0175,16cbnXRBw1ujkZMOTMoKruzlDd0ViBfrB,new_card_first_release,,,images/ygo4_0175.png,2025-01-23,20778,1.0,exact_alias,Machine,pending_konami_verification,47736165,,,2026-08-31T18:25:56+00:00,selected_pending_image_and_caption_qa,https://lh3.googleusercontent.com/sitesv/AG8ngQWHo_aoouDd7xUiSHE2cladODwmUs6Mx_RJ7y3ZDubdXiSjBda_IN7Q1c7e5DM_x_Lc7jNQXrHZrGYDQpFvU-AZhuB_QP0XOjuENIWw5WhKNemINwJtZfwMDFNSYp7mkgnqG8fy7RxArDvGejK_BY6YpZNu_Cfgo_7wW4eLzUY_stHCvInyxiwduCV49G0=s0,thehungtd_full_art,Crystron Eleskeletas,https://sites.google.com/view/thehungtd/latest-artworks/2024/supreme-darkness,https://lh3.googleusercontent.com/sitesv/AG8ngQWHo_aoouDd7xUiSHE2cladODwmUs6Mx_RJ7y3ZDubdXiSjBda_IN7Q1c7e5DM_x_Lc7jNQXrHZrGYDQpFvU-AZhuB_QP0XOjuENIWw5WhKNemINwJtZfwMDFNSYp7mkgnqG8fy7RxArDvGejK_BY6YpZNu_Cfgo_7wW4eLzUY_stHCvInyxiwduCV49G0=w1280,,True
Crystron,1QtdgcBYZKyaQ_5d9JN2AzcKTAhd1KqBY,captions/ygo4_0176.json,Monster,Crystron Tristaros,ygo4_0176,1QtdgcBYZKyaQ_5d9JN2AzcKTAhd1KqBY,new_card_first_release,,,images/ygo4_0176.png,2025-01-23,20758,1.0,exact_alias,Machine,pending_konami_verification,99471856,,,2026-08-31T18:25:56+00:00,selected_pending_image_and_caption_qa,https://lh3.googleusercontent.com/sitesv/AG8ngQXjTuK5D9GNLYCwCYDPEEqWEtkqjYXP3G0_EjarCRNrlbGiXw_8iQEDTC7Dlb9rQnkqR5-2RJvrwO-4Jjj2kwkSfGxoy-kR6AuCjmrONsn2C5-fsqXRTzkgQuRKYnRRzYjEKB8vnNBR3UYWJtAhPNW6vTGU50k23OrN0Pb6xLAt4WsWtWTLi5g_Nyd2=s0,thehungtd_full_art,Crystron Tristalos,https://sites.google.com/view/thehungtd/latest-artworks/2024/supreme-darkness,https://lh3.googleusercontent.com/sitesv/AG8ngQXjTuK5D9GNLYCwCYDPEEqWEtkqjYXP3G0_EjarCRNrlbGiXw_8iQEDTC7Dlb9rQnkqR5-2RJvrwO-4Jjj2kwkSfGxoy-kR6AuCjmrONsn2C5-fsqXRTzkgQuRKYnRRzYjEKB8vnNBR3UYWJtAhPNW6vTGU50k23OrN0Pb6xLAt4WsWtWTLi5g_Nyd2=w1280,,True
ABC,65172015,captions/ygo4_0177.json,Monster,A-to-Z-Dragon Buster Cannon,ygo4_0177,,new_card_first_release,,,images/ygo4_0177.png,2016-10-20,12589,1.0,api_identity_exact,Machine,pending_konami_verification,65172015,,Replaced passcode 65155517: available artwork was non-square composite,2026-08-31T18:26:10+00:00,selected_pending_image_and_caption_qa,https://images.ygoprodeck.com/images/cards_cropped/65172015.jpg,ygoprodeck_cropped_art,A-to-Z-Dragon Buster Cannon,https://db.ygoprodeck.com/api/v7/cardinfo.php?misc=yes,https://images.ygoprodeck.com/images/cards_cropped/65172015.jpg,,True
Ancient Gear,1jtaXzGwbZjM63SmICqWVSAnM2s6_8UMv,captions/ygo4_0178.json,Monster,Ancient Gear Statue,ygo4_0178,1jtaXzGwbZjM63SmICqWVSAnM2s6_8UMv,new_card_first_release,,,images/ygo4_0178.png,2025-03-13,20401,1.0,exact_alias,Machine,pending_konami_verification,32762201,,,2026-08-31T18:26:01+00:00,selected_pending_image_and_caption_qa,https://lh3.googleusercontent.com/sitesv/AG8ngQVlA3tIOZkVCLkM3YN7v4MU6yJOvgWNvi_y1vpOItfirWGtV9JtiaTK7svpFVuE0nX11FaBtnVBOiJxKme7wUTH1sEuT30tSrzmxkZwIgwZs_ufM8WF6N0koxMrVKq-IgM5XNze4Q_0q3KAqAnTw_eH5MtgflSo07l7dn1_WmT94p6dWjnot0RO21Or=s0,thehungtd_full_art,Ancient Gear Statue,https://sites.google.com/view/thehungtd/latest-artworks/2024/animation-chronicle-2024,https://lh3.googleusercontent.com/sitesv/AG8ngQVlA3tIOZkVCLkM3YN7v4MU6yJOvgWNvi_y1vpOItfirWGtV9JtiaTK7svpFVuE0nX11FaBtnVBOiJxKme7wUTH1sEuT30tSrzmxkZwIgwZs_ufM8WF6N0koxMrVKq-IgM5XNze4Q_0q3KAqAnTw_eH5MtgflSo07l7dn1_WmT94p6dWjnot0RO21Or=w1280,,True
,1Xwo2SoRCwg0-nySlSYNIGVL4QUnEC3NW,captions/ygo4_0179.json,Monster,Antidote Nurse,ygo4_0179,1Xwo2SoRCwg0-nySlSYNIGVL4QUnEC3NW,new_card_first_release,,,images/ygo4_0179.png,2025-03-13,20404,1.0,exact_alias,Machine,pending_konami_verification,31539614,,,2026-08-31T18:26:01+00:00,selected_pending_image_and_caption_qa,https://lh3.googleusercontent.com/sitesv/AG8ngQUZjoj-1D5UKJR6rQh4icMPIa_LLb-R4y4DA8VV7jxeLEmU0v7v74k5FOmwxi43KPHtwRqkuJbfApqLBZm9Djvycvvh4YU8mMAOOhDu38f5ASSfc0LT1vFWepttZ9T02c4OLuNCjgLQYIOEp0-QLiezs1YcCyqWXYjewC8_8GJEIISsho-6ae30s8TL=s0,thehungtd_full_art,Antidote Nurse,https://sites.google.com/view/thehungtd/latest-artworks/2024/animation-chronicle-2024,https://lh3.googleusercontent.com/sitesv/AG8ngQUZjoj-1D5UKJR6rQh4icMPIa_LLb-R4y4DA8VV7jxeLEmU0v7v74k5FOmwxi43KPHtwRqkuJbfApqLBZm9Djvycvvh4YU8mMAOOhDu38f5ASSfc0LT1vFWepttZ9T02c4OLuNCjgLQYIOEp0-QLiezs1YcCyqWXYjewC8_8GJEIISsho-6ae30s8TL=w1280,,True
Gimmick Puppet,1FmpxQ1Ehl_PZfE9fE0mSxUhpfS-L4v5y,captions/ygo4_0180.json,Monster,Gimmick Puppet Fiendish Knight,ygo4_0180,1FmpxQ1Ehl_PZfE9fE0mSxUhpfS-L4v5y,new_card_first_release,,,images/ygo4_0180.png,2025-03-13,20403,1.0,exact_alias,Machine,pending_konami_verification,4145915,,,2026-08-31T18:26:01+00:00,selected_pending_image_and_caption_qa,https://lh3.googleusercontent.com/sitesv/AG8ngQXtVqMZVhMNZqFvPVmm-8cnAHTFGblG3DHwN_tLOwGIMfGvl1DLLq2tg47j4wF2AZC7vZ1JY9CAR1NqTByb7QwlEFNCWkY6PVI8k-9MInIA2pZgdA9KE_CZ1xO-ZWgP2pdm5thrlF8dylszFCiaCDs2e7T_fVGpB3fsG0BO6UJnFcbDVodbmpGJGRsmLUc=s0,thehungtd_full_art,Gimmick Puppet Fiendish Knight,https://sites.google.com/view/thehungtd/latest-artworks/2024/animation-chronicle-2024,https://lh3.googleusercontent.com/sitesv/AG8ngQXtVqMZVhMNZqFvPVmm-8cnAHTFGblG3DHwN_tLOwGIMfGvl1DLLq2tg47j4wF2AZC7vZ1JY9CAR1NqTByb7QwlEFNCWkY6PVI8k-9MInIA2pZgdA9KE_CZ1xO-ZWgP2pdm5thrlF8dylszFCiaCDs2e7T_fVGpB3fsG0BO6UJnFcbDVodbmpGJGRsmLUc=w1280,,True
A-to-Z,1ZKD2TaEdioITpDbj4VKSlRZGG00vlK9o,captions/ygo4_0181.json,Monster,Y-Yare Head,ygo4_0181,1ZKD2TaEdioITpDbj4VKSlRZGG00vlK9o,new_card_first_release,,,images/ygo4_0181.png,2025-03-13,20285,1.0,exact_alias,Machine,pending_konami_verification,6355563,,,2026-08-31T18:26:01+00:00,selected_pending_image_and_caption_qa,https://lh3.googleusercontent.com/sitesv/AG8ngQV3NeGB971vH_Gg0Hx8ylKz7Ox-OLpK619xs__l5pGQ30de2IQ_mzxvSHQpqDGovBFkaO1Q3X8XhX6aViPE5AFVVWkvYKbrHwBXFBZyQa3qNQmboowPxmgVqveJy9BOGKF2FevFfUrkWdhbiugY2c_wPlyZYaAZ7DO3RJA6Uw3nkrt96Z_skvv8NykgsIY=s0,thehungtd_full_art,Y-Dragon Yearhead,https://sites.google.com/view/thehungtd/latest-artworks/2024/duelist-pack-duelists-of-brilliance,https://lh3.googleusercontent.com/sitesv/AG8ngQV3NeGB971vH_Gg0Hx8ylKz7Ox-OLpK619xs__l5pGQ30de2IQ_mzxvSHQpqDGovBFkaO1Q3X8XhX6aViPE5AFVVWkvYKbrHwBXFBZyQa3qNQmboowPxmgVqveJy9BOGKF2FevFfUrkWdhbiugY2c_wPlyZYaAZ7DO3RJA6Uw3nkrt96Z_skvv8NykgsIY=w1280,,True
Aroma,1TJm5JbVWOLMU5uYZKvqFKOrR-2nvcOWk,captions/ygo4_0182.json,Monster,Aromalilith Magnolia,ygo4_0182,1TJm5JbVWOLMU5uYZKvqFKOrR-2nvcOWk,new_card_first_release,,,images/ygo4_0182.png,2024-02-08,19494,1.0,exact_alias,Plant,pending_konami_verification,73167098,,,2026-08-31T18:26:04+00:00,selected_pending_image_and_caption_qa,https://lh3.googleusercontent.com/sitesv/AG8ngQVf4SWtl1a5gg2lqZQaU75Cg3CF2SlNL23dUpJfrg3zSRK_BQOm4qyT9mwUsI4cyS9k8Ztuxy47v_3rM5i1FitApIBfha-WHXBjmix7k3lcUtxXzPXuhUVpy6C2cSgXTrlaH8dG_qF6b-7nvWCacMrRWLLxrzoywNZJ234r7lNgpc1t8X1-1yQVpcYI=s0,thehungtd_full_art,Aromalylith Magnolia,https://sites.google.com/view/thehungtd/latest-artworks/2024/phantom-nightmare,https://lh3.googleusercontent.com/sitesv/AG8ngQVf4SWtl1a5gg2lqZQaU75Cg3CF2SlNL23dUpJfrg3zSRK_BQOm4qyT9mwUsI4cyS9k8Ztuxy47v_3rM5i1FitApIBfha-WHXBjmix7k3lcUtxXzPXuhUVpy6C2cSgXTrlaH8dG_qF6b-7nvWCacMrRWLLxrzoywNZJ234r7lNgpc1t8X1-1yQVpcYI=w1280,,True
Aroma,1SK7iWagxNUTbhca1pbnxaVixmLFsoiba,captions/ygo4_0183.json,Monster,Aromalilith Rosalina,ygo4_0183,1SK7iWagxNUTbhca1pbnxaVixmLFsoiba,new_card_first_release,,,images/ygo4_0183.png,2024-02-08,19477,1.0,exact_alias,Plant,pending_konami_verification,24689197,,,2026-08-31T18:26:04+00:00,selected_pending_image_and_caption_qa,https://lh3.googleusercontent.com/sitesv/AG8ngQVpfrXbe1M7ZwotWgiBkkJFLekElQujJd_3U5uil6FuDbZO7Zrp7nh_Xiv-pFsluF4RjrPYu1rWlXmoA2hr6J6vgODcmGYmtANCmxaYqxYGY1LmRc6m0EqkdMZW2649ua-X8u08bt1lpCPlJfcWcciUT0PNNKfjyShKC0fexrL3NXmcU1wWkVuRFKKHo8s=s0,thehungtd_full_art,Aromalylith Rosalina,https://sites.google.com/view/thehungtd/latest-artworks/2024/phantom-nightmare,https://lh3.googleusercontent.com/sitesv/AG8ngQVpfrXbe1M7ZwotWgiBkkJFLekElQujJd_3U5uil6FuDbZO7Zrp7nh_Xiv-pFsluF4RjrPYu1rWlXmoA2hr6J6vgODcmGYmtANCmxaYqxYGY1LmRc6m0EqkdMZW2649ua-X8u08bt1lpCPlJfcWcciUT0PNNKfjyShKC0fexrL3NXmcU1wWkVuRFKKHo8s=w1280,,True
Aroma,1yzXy08u52w4VzlQYjTJaVPDsTkMH0nD7,captions/ygo4_0184.json,Monster,Aromalilith Rosemary,ygo4_0184,1yzXy08u52w4VzlQYjTJaVPDsTkMH0nD7,new_card_first_release,,,images/ygo4_0184.png,2024-02-08,19505,1.0,exact_alias,Plant,pending_konami_verification,30989084,,,2026-08-31T18:26:04+00:00,selected_pending_image_and_caption_qa,https://lh3.googleusercontent.com/sitesv/AG8ngQWCB2VrOSQ0-uKDtodbAvQn3RhTUXYJYsOyvJLmCHiwyYSDlDIXRrl-bkUUDwsk-usdcqC5hNypC79LPnTDnbbP_RrHGPZ74wLG9RAwaoFtonCwhWuFIADJJKJ-YAcOQeVxfTd-TBpxF-GAj5FfHYZw4huVKutdw4Es3jg3btCErUFxyzokHmS1FdW5=s0,thehungtd_full_art,Aromalylith Rosemary,https://sites.google.com/view/thehungtd/latest-artworks/2024/phantom-nightmare,https://lh3.googleusercontent.com/sitesv/AG8ngQWCB2VrOSQ0-uKDtodbAvQn3RhTUXYJYsOyvJLmCHiwyYSDlDIXRrl-bkUUDwsk-usdcqC5hNypC79LPnTDnbbP_RrHGPZ74wLG9RAwaoFtonCwhWuFIADJJKJ-YAcOQeVxfTd-TBpxF-GAj5FfHYZw4huVKutdw4Es3jg3btCErUFxyzokHmS1FdW5=w1280,,True
Ragnaraika,1px-2ZNpeFVY06n589NO10ng7cLXz_qaI,captions/ygo4_0185.json,Monster,Ragnaraika Skeletal Soldier,ygo4_0185,1px-2ZNpeFVY06n589NO10ng7cLXz_qaI,new_card_first_release,,,images/ygo4_0185.png,2024-04-25,19888,1.0,exact_alias,Plant,pending_konami_verification,43129357,,,2026-08-31T18:26:02+00:00,selected_pending_image_and_caption_qa,https://lh3.googleusercontent.com/sitesv/AG8ngQWEDHz1BbnRHXvorR2WNw1CBtFCQjDedBgh2dGkuu_R7iIeRfVKKKFMl-Uz_iiqLRG56SkDypmUQmyCT8cQ3o1-teH7dQQ8Nsr17W1_w7fLJ1WN9tKq1MsaSGrIu-wRA-m3ve6QIEW9vXlLENrVmGzzyoAfR4jhvLXkCbmeWeai9rpuq0vfPuczj375=s0,thehungtd_full_art,Raika no Musha Dokuro,https://sites.google.com/view/thehungtd/latest-artworks/2024/legacy-of-destruction,https://lh3.googleusercontent.com/sitesv/AG8ngQWEDHz1BbnRHXvorR2WNw1CBtFCQjDedBgh2dGkuu_R7iIeRfVKKKFMl-Uz_iiqLRG56SkDypmUQmyCT8cQ3o1-teH7dQQ8Nsr17W1_w7fLJ1WN9tKq1MsaSGrIu-wRA-m3ve6QIEW9vXlLENrVmGzzyoAfR4jhvLXkCbmeWeai9rpuq0vfPuczj375=w1280,,True
Ragnaraika,14DKPTz5LXh8x1hkreHsNkYDxCvL5nA3o,captions/ygo4_0186.json,Monster,Ragnaraika the Evil Seed,ygo4_0186,14DKPTz5LXh8x1hkreHsNkYDxCvL5nA3o,new_card_first_release,,,images/ygo4_0186.png,2024-04-25,19854,1.0,exact_alias,Plant,pending_konami_verification,99153051,,,2026-08-31T18:26:02+00:00,selected_pending_image_and_caption_qa,https://lh3.googleusercontent.com/sitesv/AG8ngQWqIRcGKV91OpHAbsl77FHESuaxTyTTGZW7WszvA1k94YE4poAt1qS7wpInD9WGa-MCHicRih1czN_3-klZUrwOr8CN7qLLckOgkxgtxM5B7fNrG3cdLmhoXlcjfPVVDjmfM3uAWLjrIFQy07eaoAHxo6EvuLfwMp8YoPn3fh02ntdSnkFSeF8sN1KC7tY=s0,thehungtd_full_art,Raika no Marikoube,https://sites.google.com/view/thehungtd/latest-artworks/2024/legacy-of-destruction,https://lh3.googleusercontent.com/sitesv/AG8ngQWqIRcGKV91OpHAbsl77FHESuaxTyTTGZW7WszvA1k94YE4poAt1qS7wpInD9WGa-MCHicRih1czN_3-klZUrwOr8CN7qLLckOgkxgtxM5B7fNrG3cdLmhoXlcjfPVVDjmfM3uAWLjrIFQy07eaoAHxo6EvuLfwMp8YoPn3fh02ntdSnkFSeF8sN1KC7tY=w1280,,True
,1OekiL-SMW41kfkdt9QslxD6J7X-XzU2K,captions/ygo4_0187.json,Monster,Cosmic Tree Irmistil,ygo4_0187,1OekiL-SMW41kfkdt9QslxD6J7X-XzU2K,new_card_first_release,,,images/ygo4_0187.png,2024-07-18,20230,1.0,exact_alias,Plant,pending_konami_verification,74139959,,,2026-08-31T18:26:00+00:00,selected_pending_image_and_caption_qa,https://lh3.googleusercontent.com/sitesv/AG8ngQWiNHRxdZiZixS2LYFsqRGcgHHZzDT9J1BZ9d1AUM-kbQ_MGZomhUT2fqcmDnB_RIHVMVrK2dCEDtjs_K3ydHHBKKAwQETEkQIDEXfLnLMbsE62RYdOpJa-F0i0KL4Q8RLK5ZKclAbF1DUOVLJwx2QyHryWiFxI21J6XY3-FeQYrVPDyhQiGPojxPMN=s0,thehungtd_full_art,Astral World Tree Illumistil,https://sites.google.com/view/thehungtd/latest-artworks/2024/infinite-forbidden,https://lh3.googleusercontent.com/sitesv/AG8ngQWiNHRxdZiZixS2LYFsqRGcgHHZzDT9J1BZ9d1AUM-kbQ_MGZomhUT2fqcmDnB_RIHVMVrK2dCEDtjs_K3ydHHBKKAwQETEkQIDEXfLnLMbsE62RYdOpJa-F0i0KL4Q8RLK5ZKclAbF1DUOVLJwx2QyHryWiFxI21J6XY3-FeQYrVPDyhQiGPojxPMN=w1280,,True
Metalfoes,77693536,captions/ygo4_0188.json,Monster,Fullmetalfoes Alkahest,ygo4_0188,,new_card_first_release,,,images/ygo4_0188.png,2016-11-03,12629,1.0,api_identity_exact,Psychic,pending_konami_verification,77693536,,,2026-08-31T18:26:10+00:00,selected_pending_image_and_caption_qa,https://images.ygoprodeck.com/images/cards_cropped/77693536.jpg,ygoprodeck_cropped_art,Fullmetalfoes Alkahest,https://db.ygoprodeck.com/api/v7/cardinfo.php?misc=yes,https://images.ygoprodeck.com/images/cards_cropped/77693536.jpg,,True
Metalfoes,4688231,captions/ygo4_0189.json,Monster,Metalfoes Mithrilium,ygo4_0189,,new_card_first_release,,,images/ygo4_0189.png,2016-11-03,12630,1.0,api_identity_exact,Psychic,pending_konami_verification,4688231,,,2026-08-31T18:26:10+00:00,selected_pending_image_and_caption_qa,https://images.ygoprodeck.com/images/cards_cropped/4688231.jpg,ygoprodeck_cropped_art,Metalfoes Mithrilium,https://db.ygoprodeck.com/api/v7/cardinfo.php?misc=yes,https://images.ygoprodeck.com/images/cards_cropped/4688231.jpg,,True
Ritual Beast,1Qf-2TkcF5MOKGTw0Rki17H7kJdqFWNUM,captions/ygo4_0190.json,Monster,Ritual Beast Ulti-Reirautari,ygo4_0190,1Qf-2TkcF5MOKGTw0Rki17H7kJdqFWNUM,new_card_first_release,,,images/ygo4_0190.png,2024-06-20,19633,1.0,exact_alias,Psychic,pending_konami_verification,96113307,,,2026-08-31T18:26:06+00:00,selected_pending_image_and_caption_qa,https://lh3.googleusercontent.com/sitesv/AG8ngQVxJOidCHNsA4amvSPWUKbocPEWIk4tuxUCEvalN3w7YhtxTue_rcHeLaig7X-IneD13QYuqgqchS90IB3C55Ds0sP7SZzgrUqQMbsqFWp5C-qZQABASi3tVzWRt9E8NEupR5dj3-fhkZSQVnvqussiwOFqQzjQi3JJnDxj4HZb0naCBuLcDpF6kB9ugjs=s0,thehungtd_full_art,Ritual Beast Ulti-Reirautari,https://sites.google.com/view/thehungtd/latest-artworks/2024/terminal-world,https://lh3.googleusercontent.com/sitesv/AG8ngQVxJOidCHNsA4amvSPWUKbocPEWIk4tuxUCEvalN3w7YhtxTue_rcHeLaig7X-IneD13QYuqgqchS90IB3C55Ds0sP7SZzgrUqQMbsqFWp5C-qZQABASi3tVzWRt9E8NEupR5dj3-fhkZSQVnvqussiwOFqQzjQi3JJnDxj4HZb0naCBuLcDpF6kB9ugjs=w1280,,True
Ritual Beast,1Lg110glqhDCYqgChaxI8pYMn0DGB0Au2,captions/ygo4_0191.json,Monster,Spiritual Beast Tamer Lara,ygo4_0191,1Lg110glqhDCYqgChaxI8pYMn0DGB0Au2,new_card_first_release,,,images/ygo4_0191.png,2024-06-20,19631,1.0,exact_alias,Psychic,pending_konami_verification,23623653,,,2026-08-31T18:26:06+00:00,selected_pending_image_and_caption_qa,https://lh3.googleusercontent.com/sitesv/AG8ngQXVvGzfcJF44The9142e7usLcVmgnNyUaBEJE9EH4oVWygV1_ToRA6Xi2dCRlkGmrJDyDIqgk7q7nONgCOkPKVFctOgUUlEp06AyxOGsyo-n6DfGauUqLVaeKL2zgv4R444IV5AUnLhBPRcnKvulQ_mcrVJ_0k6PsDzzWEecrDynjVunLkcTKE5AQ=s0,thehungtd_full_art,Spiritual Beast Tamer Lara,https://sites.google.com/view/thehungtd/latest-artworks/2024/terminal-world,https://lh3.googleusercontent.com/sitesv/AG8ngQXVvGzfcJF44The9142e7usLcVmgnNyUaBEJE9EH4oVWygV1_ToRA6Xi2dCRlkGmrJDyDIqgk7q7nONgCOkPKVFctOgUUlEp06AyxOGsyo-n6DfGauUqLVaeKL2zgv4R444IV5AUnLhBPRcnKvulQ_mcrVJ_0k6PsDzzWEecrDynjVunLkcTKE5AQ=w1280,,True
,1IYQs0_RSYfMDn_303voEidTLRYBLLqMk,captions/ygo4_0192.json,Monster,Mind Castlin,ygo4_0192,1IYQs0_RSYfMDn_303voEidTLRYBLLqMk,new_card_first_release,,,images/ygo4_0192.png,2024-09-19,20436,1.0,exact_alias,Psychic,pending_konami_verification,12172567,,,2026-08-31T18:25:57+00:00,selected_pending_image_and_caption_qa,https://lh3.googleusercontent.com/sitesv/AG8ngQVejlNZiGWiOdsCLXiDnOOooaGfpVvRJvp2RXfJ2SonCZdaz4yiD0vOJGPOeS-ovjSJ7labCHhv1mDINRYk1V_ZjDzbwvIxsUDriHq60puYD0H1eWiHuNg6EatRrqL7aQvx_dZ8rUj5qsQ9NIxst6lFbpin0eNZqy_60bnNHBH00OHnFCQM-zQvB_sQ4io=s0,thehungtd_full_art,Mind Castlin,https://sites.google.com/view/thehungtd/latest-artworks/2024/world-premiere-pack-2024,https://lh3.googleusercontent.com/sitesv/AG8ngQVejlNZiGWiOdsCLXiDnOOooaGfpVvRJvp2RXfJ2SonCZdaz4yiD0vOJGPOeS-ovjSJ7labCHhv1mDINRYk1V_ZjDzbwvIxsUDriHq60puYD0H1eWiHuNg6EatRrqL7aQvx_dZ8rUj5qsQ9NIxst6lFbpin0eNZqy_60bnNHBH00OHnFCQM-zQvB_sQ4io=w1280,,True
Ashened,1d_Ufk8jhItO2ZDfMnpQcE7qirEeBUyWU,captions/ygo4_0193.json,Monster,Hero of the Ashened City,ygo4_0193,1d_Ufk8jhItO2ZDfMnpQcE7qirEeBUyWU,new_card_first_release,,,images/ygo4_0193.png,2024-02-08,19837,1.0,exact_alias,Pyro,pending_konami_verification,30676200,,,2026-08-31T18:26:04+00:00,selected_pending_image_and_caption_qa,https://lh3.googleusercontent.com/sitesv/AG8ngQUBNDwelCHuXsdQFFPUVtz7bFwTFx7VaCqDdF_xHsdXgilOjaRTCHVdGRlu5zN9afDhmjE5GgEWxJp1hbTkuAfUgX59tRCzU2RKSVY2WSWwDRN7d3kFWFkZdgpY2CTOlBroCVLm9TRMbaxtqLpdfX4tDdaq25_9_buExpX7lEQ8T4jqntDNjGPYeAD6=s0,thehungtd_full_art,Hero of the Ashened City,https://sites.google.com/view/thehungtd/latest-artworks/2024/phantom-nightmare,https://lh3.googleusercontent.com/sitesv/AG8ngQUBNDwelCHuXsdQFFPUVtz7bFwTFx7VaCqDdF_xHsdXgilOjaRTCHVdGRlu5zN9afDhmjE5GgEWxJp1hbTkuAfUgX59tRCzU2RKSVY2WSWwDRN7d3kFWFkZdgpY2CTOlBroCVLm9TRMbaxtqLpdfX4tDdaq25_9_buExpX7lEQ8T4jqntDNjGPYeAD6=w1280,,True
Ashened,1UAE1auzEW7MMWsAtlW0hLFkghzQMSWBw,captions/ygo4_0194.json,Monster,King of the Ashened City,ygo4_0194,1UAE1auzEW7MMWsAtlW0hLFkghzQMSWBw,new_card_first_release,,,images/ygo4_0194.png,2024-02-08,19836,1.0,exact_alias,Pyro,pending_konami_verification,4271596,,,2026-08-31T18:26:04+00:00,selected_pending_image_and_caption_qa,https://lh3.googleusercontent.com/sitesv/AG8ngQVESNwytYkPYAnnW8Y-pdDDIX3zcG0eP1FLj86Qh7tvj6-tRFM_Sn8WQitoZIbX9U6AmL-36zOxZIlVMlCFKI5va_rmg1EDJDllL1MOwNyn1mr-WYhodS1hMhb2vFGthibRXQDTKe57uPeTtdNNicRzyeXsf3LzEx31-DABQR4p4EqdrEezI_vOdYsvmss=s0,thehungtd_full_art,King of the Ashened City,https://sites.google.com/view/thehungtd/latest-artworks/2024/phantom-nightmare,https://lh3.googleusercontent.com/sitesv/AG8ngQVESNwytYkPYAnnW8Y-pdDDIX3zcG0eP1FLj86Qh7tvj6-tRFM_Sn8WQitoZIbX9U6AmL-36zOxZIlVMlCFKI5va_rmg1EDJDllL1MOwNyn1mr-WYhodS1hMhb2vFGthibRXQDTKe57uPeTtdNNicRzyeXsf3LzEx31-DABQR4p4EqdrEezI_vOdYsvmss=w1280,,True
Ashened,1VhSjj8pAvvlJt0Rvg2rs5ngwagm06eIC,captions/ygo4_0195.json,Monster,King of the Ashened City,ygo4_0195,1VhSjj8pAvvlJt0Rvg2rs5ngwagm06eIC,new_card_first_release,,,images/ygo4_0195.png,2024-02-08,19836,1.0,exact_alias,Pyro,pending_konami_verification,4271596,,,2026-08-31T18:25:57+00:00,selected_pending_image_and_caption_qa,https://lh3.googleusercontent.com/sitesv/AG8ngQVWtmLQdk-_HmkqU7XVWQ5gmCAug4rtETCx5iaoMy6KTnlTALEotipN6J8IQaD8_ZhalJqbtiGyd_C9QzfRILkc__3LgQqYevhUWIXWVGBQuGBHfXIgI-7ebwoU0182cZP4PLhAEM2nvGRsLy2hUPK9AiQ0SXy14-0Ernml-3DdeP-3GfUwL4ITYxxdV0U=s0,thehungtd_full_art,King of the Ashened City,https://sites.google.com/view/thehungtd/latest-artworks/2024/world-premiere-pack-2024,https://lh3.googleusercontent.com/sitesv/AG8ngQVWtmLQdk-_HmkqU7XVWQ5gmCAug4rtETCx5iaoMy6KTnlTALEotipN6J8IQaD8_ZhalJqbtiGyd_C9QzfRILkc__3LgQqYevhUWIXWVGBQuGBHfXIgI-7ebwoU0182cZP4PLhAEM2nvGRsLy2hUPK9AiQ0SXy14-0Ernml-3DdeP-3GfUwL4ITYxxdV0U=w1280,,True
Ashened,1KC6Btu8AZprYhwMN4cNynNEiHXkU_nLI,captions/ygo4_0196.json,Monster,Priestess of the Ashened City,ygo4_0196,1KC6Btu8AZprYhwMN4cNynNEiHXkU_nLI,new_card_first_release,,,images/ygo4_0196.png,2024-02-08,19838,1.0,exact_alias,Pyro,pending_konami_verification,67660909,,,2026-08-31T18:26:04+00:00,selected_pending_image_and_caption_qa,https://lh3.googleusercontent.com/sitesv/AG8ngQW3SKkkK5I5-Xk_Y9ObDnca4uktEQX3290PLqo5Y-UlYzzE_gmNZ1dhKgP8D3p8r5cjNore9a9VaaTxKHN3f8lA8KLh9hEmgpc3zCXksVFqNCRR__fc2BhFjOLSSmGx7DlRA3yaIeTuDLlLF0eLTBdWvVAIFUBNltWGjz5yrKL4O3EnE1PXYzhWsOisQQE=s0,thehungtd_full_art,Priestess of the Ashened City,https://sites.google.com/view/thehungtd/latest-artworks/2024/phantom-nightmare,https://lh3.googleusercontent.com/sitesv/AG8ngQW3SKkkK5I5-Xk_Y9ObDnca4uktEQX3290PLqo5Y-UlYzzE_gmNZ1dhKgP8D3p8r5cjNore9a9VaaTxKHN3f8lA8KLh9hEmgpc3zCXksVFqNCRR__fc2BhFjOLSSmGx7DlRA3yaIeTuDLlLF0eLTBdWvVAIFUBNltWGjz5yrKL4O3EnE1PXYzhWsOisQQE=w1280,,True
Ashened,1fTnp1ugLReZeD6PoE7Z-_IuHwIRdFStp,captions/ygo4_0197.json,Monster,Priestess of the Ashened City,ygo4_0197,1fTnp1ugLReZeD6PoE7Z-_IuHwIRdFStp,new_card_first_release,,,images/ygo4_0197.png,2024-02-08,19838,1.0,exact_alias,Pyro,pending_konami_verification,67660909,,,2026-08-31T18:25:57+00:00,selected_pending_image_and_caption_qa,https://lh3.googleusercontent.com/sitesv/AG8ngQVseTayAdcmG3WoTZgx32AQMX2oYeHMdTUCujE2ZO_VhV1rubBCZEtaqwDVDSqn54gscdPAzQdtkKSvK0gVBMFr-nUO_FAuKPw1CLpxtgEmUwEN71dHb_jmwpJBPco8zdpjMRMZoJ7n7XH1dKHSovUhvPXRf3hIkmOVcFoOobZ7FEw8J8TXyavDD5ze=s0,thehungtd_full_art,Priestess of the Ashened City,https://sites.google.com/view/thehungtd/latest-artworks/2024/world-premiere-pack-2024,https://lh3.googleusercontent.com/sitesv/AG8ngQVseTayAdcmG3WoTZgx32AQMX2oYeHMdTUCujE2ZO_VhV1rubBCZEtaqwDVDSqn54gscdPAzQdtkKSvK0gVBMFr-nUO_FAuKPw1CLpxtgEmUwEN71dHb_jmwpJBPco8zdpjMRMZoJ7n7XH1dKHSovUhvPXRf3hIkmOVcFoOobZ7FEw8J8TXyavDD5ze=w1280,,True
Snake-Eye,15t7HRbBAfKuES26eIjWI4FXR3jKL7NfV,captions/ygo4_0198.json,Monster,Snake-Eyes Poplar,ygo4_0198,15t7HRbBAfKuES26eIjWI4FXR3jKL7NfV,new_card_first_release,,,images/ygo4_0198.png,2024-02-08,19467,1.0,exact_alias,Pyro,pending_konami_verification,90241276,,,2026-08-31T18:26:04+00:00,selected_pending_image_and_caption_qa,https://lh3.googleusercontent.com/sitesv/AG8ngQV9CLKrbwkVsWSIYh-3tgePgItC4j5eEua6rxesCnb2-dQasOPb0ZUHNlmMmpWiJXom_jynXpNPiBjkSXWf7vowfn4wP9qA3GaQB5VZNYHDVACDPafVibUL-QwNMVo0RR3uFODUvd7ypJLwTINoDAFrxzgigUynmjHuReLqalQvdOlHpwfPN5plAI7m=s0,thehungtd_full_art,Snake-Eyes Populus,https://sites.google.com/view/thehungtd/latest-artworks/2024/phantom-nightmare,https://lh3.googleusercontent.com/sitesv/AG8ngQV9CLKrbwkVsWSIYh-3tgePgItC4j5eEua6rxesCnb2-dQasOPb0ZUHNlmMmpWiJXom_jynXpNPiBjkSXWf7vowfn4wP9qA3GaQB5VZNYHDVACDPafVibUL-QwNMVo0RR3uFODUvd7ypJLwTINoDAFrxzgigUynmjHuReLqalQvdOlHpwfPN5plAI7m=w1280,,True
,1FzSdQfufU4m2K_NTlfUsR6rwihl_xD-7,captions/ygo4_0199.json,Monster,Veidos the Eruption Dragon of Extinction,ygo4_0199,1FzSdQfufU4m2K_NTlfUsR6rwihl_xD-7,new_card_first_release,,,images/ygo4_0199.png,2024-02-08,19835,1.0,exact_alias,Pyro,pending_konami_verification,78783557,,,2026-08-31T18:26:04+00:00,selected_pending_image_and_caption_qa,https://lh3.googleusercontent.com/sitesv/AG8ngQU-4gtmh_wQj-wBGjKxw-d2GgAdswgGQyrQP7__OJ-1_d20HSLur8w1AS-EWbD2vH1im-3RmrRRYSphPxhI3ocbOSirkucaRtB-UOdRgLIoH3OlsomtEAlVTdQ1E7DOrj2fX1CvsDaSekEvZB2TY8Szz74kWMv9nnaQ2NFjQsFCOxf8OrWbrwwM321J=s0,thehungtd_full_art,Veidos the Eruption Dragon of Extinction,https://sites.google.com/view/thehungtd/latest-artworks/2024/phantom-nightmare,https://lh3.googleusercontent.com/sitesv/AG8ngQU-4gtmh_wQj-wBGjKxw-d2GgAdswgGQyrQP7__OJ-1_d20HSLur8w1AS-EWbD2vH1im-3RmrRRYSphPxhI3ocbOSirkucaRtB-UOdRgLIoH3OlsomtEAlVTdQ1E7DOrj2fX1CvsDaSekEvZB2TY8Szz74kWMv9nnaQ2NFjQsFCOxf8OrWbrwwM321J=w1280,,True
,1OI4ham1HHg3POpZBgna_ELK-pbV_80Ix,captions/ygo4_0200.json,Monster,Veidos the Eruption Dragon of Extinction,ygo4_0200,1OI4ham1HHg3POpZBgna_ELK-pbV_80Ix,new_card_first_release,,,images/ygo4_0200.png,2024-02-08,19835,1.0,exact_alias,Pyro,pending_konami_verification,78783557,,,2026-08-31T18:25:57+00:00,selected_pending_image_and_caption_qa,https://lh3.googleusercontent.com/sitesv/AG8ngQUhWbSH_TKFBIKhcZezkO2-GP3AxUtSShSPVnjdiwl42_G7W0_7HZOZeqNDSbxWZDJWuZ-p-irJi6teZCYaO642yIcF2DjstiTHUDPWarMPi1sXrAtnrIZm3nP_u8HmhODQfgCfLwfSGkCmZzVM7yW2hB8xKbGQouC94QUY2iifrnm7ANRzMkT7XuNe=s0,thehungtd_full_art,Veidos the Eruption Dragon of Extinction,https://sites.google.com/view/thehungtd/latest-artworks/2024/world-premiere-pack-2024,https://lh3.googleusercontent.com/sitesv/AG8ngQUhWbSH_TKFBIKhcZezkO2-GP3AxUtSShSPVnjdiwl42_G7W0_7HZOZeqNDSbxWZDJWuZ-p-irJi6teZCYaO642yIcF2DjstiTHUDPWarMPi1sXrAtnrIZm3nP_u8HmhODQfgCfLwfSGkCmZzVM7yW2hB8xKbGQouC94QUY2iifrnm7ANRzMkT7XuNe=w1280,,True
,1rBPNTTJVbqU-tlIFfcDtkry0y8GG4E4Z,captions/ygo4_0201.json,Monster,Cooling Embers,ygo4_0201,1rBPNTTJVbqU-tlIFfcDtkry0y8GG4E4Z,new_card_first_release,,,images/ygo4_0201.png,2024-04-25,19874,1.0,exact_alias,Pyro,pending_konami_verification,83819309,,,2026-08-31T18:26:02+00:00,selected_pending_image_and_caption_qa,https://lh3.googleusercontent.com/sitesv/AG8ngQUT0L_H-kwHZ5cp0MjQLz_20alzh77BtINvXswZBQH7xbLEd-23pGTnScceB7W3iHIfwTYSWZSuvHbGX3DPKffaIEW4ihju3UWSv6TqPsZYOfgAWhLlAyqbDCltMFCYRsYSzjcnwHJKC4a2xRJjqZ91CjFWOh1AL3kwM2S_SE-lunnCtbwhtMCNnVLRMnU=s0,thehungtd_full_art,Freezing Fire,https://sites.google.com/view/thehungtd/latest-artworks/2024/legacy-of-destruction,https://lh3.googleusercontent.com/sitesv/AG8ngQUT0L_H-kwHZ5cp0MjQLz_20alzh77BtINvXswZBQH7xbLEd-23pGTnScceB7W3iHIfwTYSWZSuvHbGX3DPKffaIEW4ihju3UWSv6TqPsZYOfgAWhLlAyqbDCltMFCYRsYSzjcnwHJKC4a2xRJjqZ91CjFWOh1AL3kwM2S_SE-lunnCtbwhtMCNnVLRMnU=w1280,,True
Ashened,105iwkAjbAFaUziFZNnZP4UWi8GjojgNs,captions/ygo4_0202.json,Monster,Embers of the Ashened,ygo4_0202,105iwkAjbAFaUziFZNnZP4UWi8GjojgNs,new_card_first_release,,,images/ygo4_0202.png,2024-04-25,20069,1.0,exact_alias,Pyro,pending_konami_verification,35035985,,,2026-08-31T18:25:57+00:00,selected_pending_image_and_caption_qa,https://lh3.googleusercontent.com/sitesv/AG8ngQXMES-BEuc77uRg6dEbkS_QHnXKU8NUqCHCzSSZl4o5fn61hbYV3lYOhgwU5l0AXrsCPuQMFzWAXmW9un5mF7YTroso1GTa1al_GLORFonAEVVpwVWpGLe_EVIWWNvQ5vHWCHg_zFSL6Hjd80XdhhWOi2fvtIjdUhjuDL7zR_XkOVLt4ot_Cqx6Gmq6hoY=s0,thehungtd_full_art,Embers of the Ashened,https://sites.google.com/view/thehungtd/latest-artworks/2024/world-premiere-pack-2024,https://lh3.googleusercontent.com/sitesv/AG8ngQXMES-BEuc77uRg6dEbkS_QHnXKU8NUqCHCzSSZl4o5fn61hbYV3lYOhgwU5l0AXrsCPuQMFzWAXmW9un5mF7YTroso1GTa1al_GLORFonAEVVpwVWpGLe_EVIWWNvQ5vHWCHg_zFSL6Hjd80XdhhWOi2fvtIjdUhjuDL7zR_XkOVLt4ot_Cqx6Gmq6hoY=w1280,,True
Ashened,1QFAbetPwZpNwrWvQXJPdQi9-uU4Mxgd0,captions/ygo4_0203.json,Monster,Embers of the Ashened,ygo4_0203,1QFAbetPwZpNwrWvQXJPdQi9-uU4Mxgd0,new_card_first_release,,,images/ygo4_0203.png,2024-04-25,20069,1.0,exact_alias,Pyro,pending_konami_verification,35035985,,,2026-08-31T18:26:02+00:00,selected_pending_image_and_caption_qa,https://lh3.googleusercontent.com/sitesv/AG8ngQU-sQQXL4s_O86rFyAMlwfqhvY1EYdXJWTdeHeV0LQ1Pdh-fIxsEyCewF75UnOyAXPZu_yN7lTTwlxS1_tsJbpd8cYQSSxm5MgeAtTvyDyXDwiZPOXfWKozPEGscxkBnhYtOThWMazL8eVJpPXBVe6Vk0GO2sca75zJXkI6mH75iZr5kBvl1JkYN8xgcpM=s0,thehungtd_full_art,Embers of the Ashened,https://sites.google.com/view/thehungtd/latest-artworks/2024/legacy-of-destruction,https://lh3.googleusercontent.com/sitesv/AG8ngQU-sQQXL4s_O86rFyAMlwfqhvY1EYdXJWTdeHeV0LQ1Pdh-fIxsEyCewF75UnOyAXPZu_yN7lTTwlxS1_tsJbpd8cYQSSxm5MgeAtTvyDyXDwiZPOXfWKozPEGscxkBnhYtOThWMazL8eVJpPXBVe6Vk0GO2sca75zJXkI6mH75iZr5kBvl1JkYN8xgcpM=w1280,,True
Ashened,1q7d4NmnC_2rWVGU31jMd4Iox6bMtfDYt,captions/ygo4_0204.json,Monster,Shaman of the Ashened City,ygo4_0204,1q7d4NmnC_2rWVGU31jMd4Iox6bMtfDYt,new_card_first_release,,,images/ygo4_0204.png,2024-04-25,20066,1.0,exact_alias,Pyro,pending_konami_verification,35151572,,,2026-08-31T18:26:02+00:00,selected_pending_image_and_caption_qa,https://lh3.googleusercontent.com/sitesv/AG8ngQVXuiwWF_x4fCzUH4KrbtVNdvWPpoBPTBQKUnp-aFA-51m3IbEGmWkUpmZMmzZtYEA2JPtqTR5nGZIzmUhtmOfM_-lNNZwB2NWksVA7hW2c22H5XT1w9AmUn8M_0w-du8jBxLzZhAnAQkeRgfB9smZ15X8Md4vu8EC7DuECRRxZN5lYqd6KgDChv-4z=s0,thehungtd_full_art,Shaman of the Ashened City,https://sites.google.com/view/thehungtd/latest-artworks/2024/legacy-of-destruction,https://lh3.googleusercontent.com/sitesv/AG8ngQVXuiwWF_x4fCzUH4KrbtVNdvWPpoBPTBQKUnp-aFA-51m3IbEGmWkUpmZMmzZtYEA2JPtqTR5nGZIzmUhtmOfM_-lNNZwB2NWksVA7hW2c22H5XT1w9AmUn8M_0w-du8jBxLzZhAnAQkeRgfB9smZ15X8Md4vu8EC7DuECRRxZN5lYqd6KgDChv-4z=w1280,,True
Ashened,1uaouUV6Tr5fVDlwKxyIjw3zzp0m75kX3,captions/ygo4_0205.json,Monster,Shaman of the Ashened City,ygo4_0205,1uaouUV6Tr5fVDlwKxyIjw3zzp0m75kX3,new_card_first_release,,,images/ygo4_0205.png,2024-04-25,20066,1.0,exact_alias,Pyro,pending_konami_verification,35151572,,,2026-08-31T18:25:57+00:00,selected_pending_image_and_caption_qa,https://lh3.googleusercontent.com/sitesv/AG8ngQUN4gSNz1VOFQvnezgJxOPATiwXORI5gC_HDnR_xPs5d4DdRBRZY0umIKRt1dJKtekTt8B64REI3r_B4m6ZH-iv5Rpb20k8gWijsPDX2F1yESjgkkRB-dCZXAj9B3zYwZyDj3oHVuLxqT-55HHNi4JWpyV29OHx7dMCLhrxTr8ruAENiEDubq278rZitT8=s0,thehungtd_full_art,Shaman of the Ashened City,https://sites.google.com/view/thehungtd/latest-artworks/2024/world-premiere-pack-2024,https://lh3.googleusercontent.com/sitesv/AG8ngQUN4gSNz1VOFQvnezgJxOPATiwXORI5gC_HDnR_xPs5d4DdRBRZY0umIKRt1dJKtekTt8B64REI3r_B4m6ZH-iv5Rpb20k8gWijsPDX2F1yESjgkkRB-dCZXAj9B3zYwZyDj3oHVuLxqT-55HHNi4JWpyV29OHx7dMCLhrxTr8ruAENiEDubq278rZitT8=w1280,,True
Ashened,19Zudac3x2BcRXWx6hGHDii66kSOENK26,captions/ygo4_0206.json,Monster,Spearhead of the Ashened City,ygo4_0206,19Zudac3x2BcRXWx6hGHDii66kSOENK26,new_card_first_release,,,images/ygo4_0206.png,2024-04-25,20067,1.0,exact_alias,Pyro,pending_konami_verification,62156277,,,2026-08-31T18:26:02+00:00,selected_pending_image_and_caption_qa,https://lh3.googleusercontent.com/sitesv/AG8ngQUw5F-GFgkeI_rUFl8c7JlPvi4uBYvtSwueRyjCZ00_urRAQ4DXW-065R7QlsX333qPW0DCrXIn5M22T73-lLykDTDchPft_ePtypPvJfzFOEJowXTGseVvkZoMAax9QSMoVyRSrrAn3AZ_yl5K_5SmGf6Ppm81wX1ICDUk31Y1vJNNFvwssqsZZe_o4bU=s0,thehungtd_full_art,Spearhead of the Ashened City,https://sites.google.com/view/thehungtd/latest-artworks/2024/legacy-of-destruction,https://lh3.googleusercontent.com/sitesv/AG8ngQUw5F-GFgkeI_rUFl8c7JlPvi4uBYvtSwueRyjCZ00_urRAQ4DXW-065R7QlsX333qPW0DCrXIn5M22T73-lLykDTDchPft_ePtypPvJfzFOEJowXTGseVvkZoMAax9QSMoVyRSrrAn3AZ_yl5K_5SmGf6Ppm81wX1ICDUk31Y1vJNNFvwssqsZZe_o4bU=w1280,,True
,1YBsVTjMXsuD2jq_O4opj5rKjQ4S92wDZ,captions/ygo4_0207.json,Monster,Veidos the Dragon of Endless Darkness,ygo4_0207,1YBsVTjMXsuD2jq_O4opj5rKjQ4S92wDZ,new_card_first_release,,,images/ygo4_0207.png,2024-04-25,20068,1.0,exact_alias,Pyro,pending_konami_verification,8540986,,,2026-08-31T18:26:02+00:00,selected_pending_image_and_caption_qa,https://lh3.googleusercontent.com/sitesv/AG8ngQXQZ3VHYbFu1QTfBwDPqbb_0G1y0nuujDVg2hhAkblmEN4F2a100sI9JgA99PlO3zE9CZUCZEvyZizKZchns4U1c09PDTnqPSSuekANJmzCpXFMSkytm9WBLWqjrCxUrmS9eK3ZeQ8FIamNSahIfWeonZPuoxFNdkDPiiDlDggVQSw6I1G_u_v1oxAFbus=s0,thehungtd_full_art,Veidos the Dragon of Endless Darkness,https://sites.google.com/view/thehungtd/latest-artworks/2024/legacy-of-destruction,https://lh3.googleusercontent.com/sitesv/AG8ngQXQZ3VHYbFu1QTfBwDPqbb_0G1y0nuujDVg2hhAkblmEN4F2a100sI9JgA99PlO3zE9CZUCZEvyZizKZchns4U1c09PDTnqPSSuekANJmzCpXFMSkytm9WBLWqjrCxUrmS9eK3ZeQ8FIamNSahIfWeonZPuoxFNdkDPiiDlDggVQSw6I1G_u_v1oxAFbus=w1280,,True
,1m7bT_6bCzetbP3bUx2oVMeUe9MQXWbvA,captions/ygo4_0208.json,Monster,Veidos the Dragon of Endless Darkness,ygo4_0208,1m7bT_6bCzetbP3bUx2oVMeUe9MQXWbvA,new_card_first_release,,,images/ygo4_0208.png,2024-04-25,20068,1.0,exact_alias,Pyro,pending_konami_verification,8540986,,,2026-08-31T18:25:57+00:00,selected_pending_image_and_caption_qa,https://lh3.googleusercontent.com/sitesv/AG8ngQWDohZvMX_kFbUpgACklQwtaN_akw2ngZ2zfWhOAP5iq-hYTvBNY94WYmMGPBAbZC-_wb3KeH6A4GiJ3TxmNFE7pMsZRDIbNKq5vOhQMMnoegUZKpzbPhjEVpxJz_2oeNWI7IecTZY8n1k8jaHPaUuIi2Jqmwd163BVqkcoasJxOF0O3Nz6kXtNIr2mshY=s0,thehungtd_full_art,Veidos the Dragon of Endless Darkness,https://sites.google.com/view/thehungtd/latest-artworks/2024/world-premiere-pack-2024,https://lh3.googleusercontent.com/sitesv/AG8ngQWDohZvMX_kFbUpgACklQwtaN_akw2ngZ2zfWhOAP5iq-hYTvBNY94WYmMGPBAbZC-_wb3KeH6A4GiJ3TxmNFE7pMsZRDIbNKq5vOhQMMnoegUZKpzbPhjEVpxJz_2oeNWI7IecTZY8n1k8jaHPaUuIi2Jqmwd163BVqkcoasJxOF0O3Nz6kXtNIr2mshY=w1280,,True
Centur-Ion,1zk9cRSYa7BxRhCGM1QBKbVHnyt7euKMC,captions/ygo4_0209.json,Monster,Centur-Ion Chimerea,ygo4_0209,1zk9cRSYa7BxRhCGM1QBKbVHnyt7euKMC,new_card_first_release,,,images/ygo4_0209.png,2024-07-27,20492,1.0,exact_alias,Pyro,pending_konami_verification,81696879,,,2026-08-31T18:25:58+00:00,selected_pending_image_and_caption_qa,https://lh3.googleusercontent.com/sitesv/AG8ngQVyaXRmL466Jj_u4o60YjYyfDV7Kp0d7i_KpWpoGF_Iqa49g6BVE-7XHRr4CNYHtFzthoI0nfbPcqVG6EBac0owjXBoKhQ731MsqML948g3g17H-hbzLCS8UlOxczPXlpqfGwiNxetSsabvZhPUOKmNcLCGMC3fAojXXQxnz86no-9zK3wM2IvPASid7zk=s0,thehungtd_full_art,Centur-Ion Cimelia,https://sites.google.com/view/thehungtd/latest-artworks/2024/rage-of-the-abyss,https://lh3.googleusercontent.com/sitesv/AG8ngQVyaXRmL466Jj_u4o60YjYyfDV7Kp0d7i_KpWpoGF_Iqa49g6BVE-7XHRr4CNYHtFzthoI0nfbPcqVG6EBac0owjXBoKhQ731MsqML948g3g17H-hbzLCS8UlOxczPXlpqfGwiNxetSsabvZhPUOKmNcLCGMC3fAojXXQxnz86no-9zK3wM2IvPASid7zk=w1280,,True
Anotherverse,1uoVZUrkO11xUuN8U5XlG_ibthqUmxMFQ,captions/ygo4_0210.json,Monster,Anotherverse Solaria,ygo4_0210,1uoVZUrkO11xUuN8U5XlG_ibthqUmxMFQ,new_card_first_release,,,images/ygo4_0210.png,2024-08-18,20691,1.0,exact_alias,Pyro,pending_konami_verification,63028558,,,2026-08-31T18:25:56+00:00,selected_pending_image_and_caption_qa,https://lh3.googleusercontent.com/sitesv/AG8ngQXxCyMAQ3PzbcqFWMs8OwKilF1jT4SYJtkLCbfJQ3VTGkL_-jEPktZR_VKAcyb0VVo4Nzc62B_0HnmVN8FN4mz_MrjhQRdHVpUJL_g7GL6U62s1No6r8MvE411zJiOT355R7auFNbn-DYfI3FY5LY-vE4QXJUYJZ9S1ujugaMo-3F_QisuPFwChHrsm=s0,thehungtd_full_art,Anotherverse Solaria,https://sites.google.com/view/thehungtd/latest-artworks/2024/other,https://lh3.googleusercontent.com/sitesv/AG8ngQXxCyMAQ3PzbcqFWMs8OwKilF1jT4SYJtkLCbfJQ3VTGkL_-jEPktZR_VKAcyb0VVo4Nzc62B_0HnmVN8FN4mz_MrjhQRdHVpUJL_g7GL6U62s1No6r8MvE411zJiOT355R7auFNbn-DYfI3FY5LY-vE4QXJUYJZ9S1ujugaMo-3F_QisuPFwChHrsm=w1280,,True
Ryzeal,11JfD77RhUXwWEChq0VKfnDCoT0QVJeAu,captions/ygo4_0211.json,Monster,Ice Ryzeal,ygo4_0211,11JfD77RhUXwWEChq0VKfnDCoT0QVJeAu,new_card_first_release,,,images/ygo4_0211.png,2024-12-05,20574,1.0,exact_alias,Pyro,pending_konami_verification,8633261,,,2026-08-31T18:25:59+00:00,selected_pending_image_and_caption_qa,https://lh3.googleusercontent.com/sitesv/AG8ngQWnWGQe5rMFGWGuuq6Mab6X4sbx_o_iTpTdvUw62snDsLTo0ImDGfxivkIr6l6_xDQIUZ6Ch4BMAM2Pt7YLucZY8ItwoMs_teXMqbKSPEWaA6fJ8puuDTLZU19dkoLmVIll_IAJezZ4aAk5bZmIcEcCLDNwNXYTOoHQBKAeUUqiQ53vY5kHL04NbV0-Cc0=s0,thehungtd_full_art,Ice Raizeol,https://sites.google.com/view/thehungtd/latest-artworks/2024/deck-build-pack-crossover-breakers,https://lh3.googleusercontent.com/sitesv/AG8ngQWnWGQe5rMFGWGuuq6Mab6X4sbx_o_iTpTdvUw62snDsLTo0ImDGfxivkIr6l6_xDQIUZ6Ch4BMAM2Pt7YLucZY8ItwoMs_teXMqbKSPEWaA6fJ8puuDTLZU19dkoLmVIll_IAJezZ4aAk5bZmIcEcCLDNwNXYTOoHQBKAeUUqiQ53vY5kHL04NbV0-Cc0=w1280,,True
Fur Hire,66740005,captions/ygo4_0212.json,Monster,"Bravo, Fighter Fur Hire",ygo4_0212,,new_card_first_release,,,images/ygo4_0212.png,2018-05-24,13660,1.0,api_identity_exact,Reptile,pending_konami_verification,66740005,,,2026-08-31T18:26:10+00:00,selected_pending_image_and_caption_qa,https://images.ygoprodeck.com/images/cards_cropped/66740005.jpg,ygoprodeck_cropped_art,"Bravo, Fighter Fur Hire",https://db.ygoprodeck.com/api/v7/cardinfo.php?misc=yes,https://images.ygoprodeck.com/images/cards_cropped/66740005.jpg,,True
Danger!,99745551,captions/ygo4_0213.json,Monster,Danger!? Tsuchinoko?,ygo4_0213,,new_card_first_release,,,images/ygo4_0213.png,2018-10-18,14070,1.0,api_identity_exact,Reptile,pending_konami_verification,99745551,,,2026-08-31T18:26:10+00:00,selected_pending_image_and_caption_qa,https://images.ygoprodeck.com/images/cards_cropped/99745551.jpg,ygoprodeck_cropped_art,Danger!? Tsuchinoko?,https://db.ygoprodeck.com/api/v7/cardinfo.php?misc=yes,https://images.ygoprodeck.com/images/cards_cropped/99745551.jpg,,True
Reptilianne,57647597,captions/ygo4_0214.json,Monster,Reptilianne Lamia,ygo4_0214,,new_card_first_release,,,images/ygo4_0214.png,2019-07-25,14473,1.0,api_identity_exact,Reptile,pending_konami_verification,57647597,,,2026-08-31T18:26:10+00:00,selected_pending_image_and_caption_qa,https://images.ygoprodeck.com/images/cards_cropped/57647597.jpg,ygoprodeck_cropped_art,Reptilianne Lamia,https://db.ygoprodeck.com/api/v7/cardinfo.php?misc=yes,https://images.ygoprodeck.com/images/cards_cropped/57647597.jpg,,True
Ragnaraika,1ezOutxMXsjPrlor-VkBrPefcSko1YWsC,captions/ygo4_0215.json,Monster,Ragnaraika Armored Lizard,ygo4_0215,1ezOutxMXsjPrlor-VkBrPefcSko1YWsC,new_card_first_release,,,images/ygo4_0215.png,2024-04-25,19856,1.0,exact_alias,Reptile,pending_konami_verification,52543404,,,2026-08-31T18:26:02+00:00,selected_pending_image_and_caption_qa,https://lh3.googleusercontent.com/sitesv/AG8ngQUPAJOvjLhyaRehXaEE2rQz4sXMlH4UXgk4di8Xfz2J27ADUqWmYrNvoAp0iE8xFLZqVroRQ2t_-8Th_SPS4w41VI07-Fh63NFfEiH2LQ6O1S6SJRfankmsrPPoVz3KjoYWHOW7ipHtecNee4ASUwLfXNx7mAxRAHuGaO8Zg40WoyxfhPVVbKyXtVHZoZ8=s0,thehungtd_full_art,Ragnaraika Armored Lizard,https://sites.google.com/view/thehungtd/latest-artworks/2024/legacy-of-destruction,https://lh3.googleusercontent.com/sitesv/AG8ngQUPAJOvjLhyaRehXaEE2rQz4sXMlH4UXgk4di8Xfz2J27ADUqWmYrNvoAp0iE8xFLZqVroRQ2t_-8Th_SPS4w41VI07-Fh63NFfEiH2LQ6O1S6SJRfankmsrPPoVz3KjoYWHOW7ipHtecNee4ASUwLfXNx7mAxRAHuGaO8Zg40WoyxfhPVVbKyXtVHZoZ8=w1280,,True
Ragnaraika,1o_PtfGGvLYY6vJxc-Dx7rlGwusGqYcKc,captions/ygo4_0216.json,Monster,Ragnaraika Chain Coils,ygo4_0216,1o_PtfGGvLYY6vJxc-Dx7rlGwusGqYcKc,new_card_first_release,,,images/ygo4_0216.png,2024-04-25,19890,1.0,exact_alias,Reptile,pending_konami_verification,6908161,,,2026-08-31T18:26:02+00:00,selected_pending_image_and_caption_qa,https://lh3.googleusercontent.com/sitesv/AG8ngQXfR3wZexUScd0j1oMx_DMCNVPerv44k0ZcmkpMTn7rNhCKGNlz1l5Et8M3OFhebOAbSGtEzkpP1N4RxMX_x39X14koGVI2uyYnk0DkLCXx9EV0bjq2tuOhE8LPDeo7s2nYJ8P7Dc-jAUIlJsWJv4cFoXQY0pBhxHQsYYneJyfZEsl8z1Cvms6ZkbY1xYE=s0,thehungtd_full_art,Raika no Kusarigami,https://sites.google.com/view/thehungtd/latest-artworks/2024/legacy-of-destruction,https://lh3.googleusercontent.com/sitesv/AG8ngQXfR3wZexUScd0j1oMx_DMCNVPerv44k0ZcmkpMTn7rNhCKGNlz1l5Et8M3OFhebOAbSGtEzkpP1N4RxMX_x39X14koGVI2uyYnk0DkLCXx9EV0bjq2tuOhE8LPDeo7s2nYJ8P7Dc-jAUIlJsWJv4cFoXQY0pBhxHQsYYneJyfZEsl8z1Cvms6ZkbY1xYE=w1280,,True
Millennium,1EgzYzZFT_umpr3TYEFpEJx6QZRlSgZPo,captions/ygo4_0217.json,Monster,Golem that Guards the Millennium Treasures,ygo4_0217,1EgzYzZFT_umpr3TYEFpEJx6QZRlSgZPo,new_card_first_release,,,images/ygo4_0217.png,2024-07-18,20181,1.0,exact_alias,Rock,pending_konami_verification,74169516,,,2026-08-31T18:26:00+00:00,selected_pending_image_and_caption_qa,https://lh3.googleusercontent.com/sitesv/AG8ngQXlNjuuTiaW6LEcGWzrq1v7MZfRGSwtUKj87qf1m3ZbS1B9h1ACb7hD6tjkzTABvECKOUK8aPVHtJuxjozsWJiRk6yvI-pylqjywnHgTTsRhNlL5u5rPsfLxnodjYqyI15EFbeLwM9b7uqbDpjXF6FrPFqjxG79ffPOiPt6fyN-KRjBKZoX1lqMRMYXslk=s0,thehungtd_full_art,Golem that Guards the Millennium Treasures,https://sites.google.com/view/thehungtd/latest-artworks/2024/infinite-forbidden,https://lh3.googleusercontent.com/sitesv/AG8ngQXlNjuuTiaW6LEcGWzrq1v7MZfRGSwtUKj87qf1m3ZbS1B9h1ACb7hD6tjkzTABvECKOUK8aPVHtJuxjozsWJiRk6yvI-pylqjywnHgTTsRhNlL5u5rPsfLxnodjYqyI15EFbeLwM9b7uqbDpjXF6FrPFqjxG79ffPOiPt6fyN-KRjBKZoX1lqMRMYXslk=w1280,,True
,1WTF1qfJixl86Jn2Od4CDpFoLwR5fd1Ap,captions/ygo4_0218.json,Monster,"Rubysapphirus, the Adamant Jewel",ygo4_0218,1WTF1qfJixl86Jn2Od4CDpFoLwR5fd1Ap,new_card_first_release,,,images/ygo4_0218.png,2024-07-27,20520,1.0,exact_alias,Rock,pending_konami_verification,6906306,,,2026-08-31T18:25:58+00:00,selected_pending_image_and_caption_qa,https://lh3.googleusercontent.com/sitesv/AG8ngQUgPeq6WfWRROxyOJ5KlF8MbBLXb6SVginIHzo2YidVHvkAaFr05efMjDWyOtLZyHhM2PID0DfarOO2ZM09HQgtM5QMzzKuCi6-vzwjCiWDbvg0_XxY4HFc2-6_8mkc_7TcTwQG4909v41w9XfIV_qEueG15_EWK7-2eNSZ_1FN_JaD_Xu9Cw-xZMn8s04=s0,thehungtd_full_art,Rubisapphirus the Jewel of Maximum Mohs,https://sites.google.com/view/thehungtd/latest-artworks/2024/rage-of-the-abyss,https://lh3.googleusercontent.com/sitesv/AG8ngQUgPeq6WfWRROxyOJ5KlF8MbBLXb6SVginIHzo2YidVHvkAaFr05efMjDWyOtLZyHhM2PID0DfarOO2ZM09HQgtM5QMzzKuCi6-vzwjCiWDbvg0_XxY4HFc2-6_8mkc_7TcTwQG4909v41w9XfIV_qEueG15_EWK7-2eNSZ_1FN_JaD_Xu9Cw-xZMn8s04=w1280,,True
,1fyFw-2Z1laNO168Gl7_nnlQMe_iZH0q6,captions/ygo4_0219.json,Monster,"Theia, the Primal Being",ygo4_0219,1fyFw-2Z1laNO168Gl7_nnlQMe_iZH0q6,new_card_first_release,,,images/ygo4_0219.png,2024-09-19,20435,1.0,exact_alias,Rock,pending_konami_verification,85687952,,,2026-08-31T18:25:57+00:00,selected_pending_image_and_caption_qa,https://lh3.googleusercontent.com/sitesv/AG8ngQUKNctS_FBCfa4nH8K2UA4v2NwHEmXdZ3cESLW6NOw8iGmigqGIemXElpjwq1k7e4yCsxilDV2AvUDGzvvtkSLS015Cd-PSKvcZynwrypDPhBRyCsxe4RrkYjfcVEeFeyrXC_Gpuusw-BvBjXiNNPKyOkqOutTZFNUbfK40LFgwbGQIkBe7j_biSdWz2mQ=s0,thehungtd_full_art,"Theia, the Primal Being",https://sites.google.com/view/thehungtd/latest-artworks/2024/world-premiere-pack-2024,https://lh3.googleusercontent.com/sitesv/AG8ngQUKNctS_FBCfa4nH8K2UA4v2NwHEmXdZ3cESLW6NOw8iGmigqGIemXElpjwq1k7e4yCsxilDV2AvUDGzvvtkSLS015Cd-PSKvcZynwrypDPhBRyCsxe4RrkYjfcVEeFeyrXC_Gpuusw-BvBjXiNNPKyOkqOutTZFNUbfK40LFgwbGQIkBe7j_biSdWz2mQ=w1280,,True
Mimighoul,1HurqiszjcCXaNTRA-RGzI3U5QVJE_f_3,captions/ygo4_0220.json,Monster,Giant Mimighoul,ygo4_0220,1HurqiszjcCXaNTRA-RGzI3U5QVJE_f_3,new_card_first_release,,,images/ygo4_0220.png,2024-10-10,20717,1.0,exact_alias,Rock,pending_konami_verification,16955631,,,2026-08-31T18:25:58+00:00,selected_pending_image_and_caption_qa,https://lh3.googleusercontent.com/sitesv/AG8ngQVlvLkYmHcbKLwpeDHWqAllI9Dwm7qhB2iFexsbmoV2ZQzdayYCHKL6fBjqxMMGV6q8TacSOyZF3QRegd-n9NYSAmISTTRpr6Sm3dXOcfziwC_2TvM9drTmJQtS3yJvCYfZUWaWghjDhaBnDv1xDzTvmbRzvYZRrI5MrHN7VO-vefUE_OrDvFmba0TPkwM=s0,thehungtd_full_art,Giant Mimighoul,https://sites.google.com/view/thehungtd/latest-artworks/2024/rage-of-the-abyss,https://lh3.googleusercontent.com/sitesv/AG8ngQVlvLkYmHcbKLwpeDHWqAllI9Dwm7qhB2iFexsbmoV2ZQzdayYCHKL6fBjqxMMGV6q8TacSOyZF3QRegd-n9NYSAmISTTRpr6Sm3dXOcfziwC_2TvM9drTmJQtS3yJvCYfZUWaWghjDhaBnDv1xDzTvmbRzvYZRrI5MrHN7VO-vefUE_OrDvFmba0TPkwM=w1280,,True
Mimighoul,1eiO1hhBTq_WhKyGSYkVdtmU3Usn3IXrf,captions/ygo4_0221.json,Monster,Mimighoul Throne,ygo4_0221,1eiO1hhBTq_WhKyGSYkVdtmU3Usn3IXrf,new_card_first_release,,,images/ygo4_0221.png,2024-10-10,20718,1.0,exact_alias,Rock,pending_konami_verification,42940335,,,2026-08-31T18:25:58+00:00,selected_pending_image_and_caption_qa,https://lh3.googleusercontent.com/sitesv/AG8ngQUZbwNDdXoUORbSx5SAyBwb9OeyPX1xxEjROZE37ck0KBL82S7eBDECAbI1-t3dp3cauD6nJSFpp0_dVD4HIkBnRG9TBGE5m3QZq0TJAiGLFYasty2bh2yiqIlA2Za2PJ104NW8z4MydLvcQsDQS2ZoxxcZBBNS8gD2-sit_Kx-tPhWJAWdXGXN2qrMCZ4=s0,thehungtd_full_art,Mimighoul Throne,https://sites.google.com/view/thehungtd/latest-artworks/2024/rage-of-the-abyss,https://lh3.googleusercontent.com/sitesv/AG8ngQUZbwNDdXoUORbSx5SAyBwb9OeyPX1xxEjROZE37ck0KBL82S7eBDECAbI1-t3dp3cauD6nJSFpp0_dVD4HIkBnRG9TBGE5m3QZq0TJAiGLFYasty2bh2yiqIlA2Za2PJ104NW8z4MydLvcQsDQS2ZoxxcZBBNS8gD2-sit_Kx-tPhWJAWdXGXN2qrMCZ4=w1280,,True
Evil HERO,12t98_KPNJhX4FdgZv-ivwF41sv7B7gyk,captions/ygo4_0222.json,Monster,Evil HERO Dead-End Prison,ygo4_0222,12t98_KPNJhX4FdgZv-ivwF41sv7B7gyk,new_card_first_release,,,images/ygo4_0222.png,2025-01-23,20741,1.0,exact_alias,Rock,pending_konami_verification,30583090,,,2026-08-31T18:25:56+00:00,selected_pending_image_and_caption_qa,https://lh3.googleusercontent.com/sitesv/AG8ngQXdvOnO2MFQzIUIQsIfUA0c66U3c_n38g2XrCYqJ5h6KR599T8qXGRN4HG6Ite9IGysuZcJqx4rS0HlZpxWgm38Ibk60h_a7CzABGWwZFGvtsYlQu69dNCE4RNwddKG-Lgk4CvuzviNh1x9Khxak5pWf7ThHvnu7z8pv8iwDrMIfR2-zgCdEtfhSDEK3y8=s0,thehungtd_full_art,Evil HERO Doom Prison,https://sites.google.com/view/thehungtd/latest-artworks/2024/supreme-darkness,https://lh3.googleusercontent.com/sitesv/AG8ngQXdvOnO2MFQzIUIQsIfUA0c66U3c_n38g2XrCYqJ5h6KR599T8qXGRN4HG6Ite9IGysuZcJqx4rS0HlZpxWgm38Ibk60h_a7CzABGWwZFGvtsYlQu69dNCE4RNwddKG-Lgk4CvuzviNh1x9Khxak5pWf7ThHvnu7z8pv8iwDrMIfR2-zgCdEtfhSDEK3y8=w1280,,True
Abyss-,1XTZc6gooh8XD9APawRyOdmew_xbjFmxD,captions/ygo4_0223.json,Monster,Mermail King - Neptabyss,ygo4_0223,1XTZc6gooh8XD9APawRyOdmew_xbjFmxD,new_card_first_release,,,images/ygo4_0223.png,2024-07-27,20522,1.0,exact_alias,Sea Serpent,pending_konami_verification,69385019,,,2026-08-31T18:25:58+00:00,selected_pending_image_and_caption_qa,https://lh3.googleusercontent.com/sitesv/AG8ngQWiq2hCMWuSP74GkttZnlP8yJnx5bw3NLcTNoRwBrP8wyI9cU6c6W0r21on8_3BOGuaF9e2VEQUWtlLUdLb-JygLScUEb2mU7JB81rQUox4jF5Tjx4FSp6Gk3Y-4LvxJSGZKaF0tC1fwPh0aQ7aKE-gI-vCm49DwxaVNQvteIpB50GXgqT_O4WGF4WB=s0,thehungtd_full_art,Neptabyss the Royal Mermail,https://sites.google.com/view/thehungtd/latest-artworks/2024/rage-of-the-abyss,https://lh3.googleusercontent.com/sitesv/AG8ngQWiq2hCMWuSP74GkttZnlP8yJnx5bw3NLcTNoRwBrP8wyI9cU6c6W0r21on8_3BOGuaF9e2VEQUWtlLUdLb-JygLScUEb2mU7JB81rQUox4jF5Tjx4FSp6Gk3Y-4LvxJSGZKaF0tC1fwPh0aQ7aKE-gI-vCm49DwxaVNQvteIpB50GXgqT_O4WGF4WB=w1280,,True
Atlantean,1RfM6Amx7Svm2KrmXJNr-D25XHjZTJdZp,captions/ygo4_0224.json,Monster,Mermail Shadow Squad,ygo4_0224,1RfM6Amx7Svm2KrmXJNr-D25XHjZTJdZp,new_card_first_release,,,images/ygo4_0224.png,2024-07-27,20494,1.0,exact_alias,Sea Serpent,pending_konami_verification,53085623,,,2026-08-31T18:25:58+00:00,selected_pending_image_and_caption_qa,https://lh3.googleusercontent.com/sitesv/AG8ngQXQJor21is-X6iqhGR7GJQ8_OTuJPo__rwLHoKsUpcmRe4cU50t_N6Xp_kZTbaYuLn9Gg-3ulwTy0VyShkEOoobZUGIPU5lRbGsKlmCCEBvBFImRqNYbAPT2d3zIfWlPioTlqzYYOx1qLte0mQc2jLlh3twsyF-beB_WfU1G3wv0oyQgAYeSjoZtOHVjPU=s0,thehungtd_full_art,Mermail Shadow Bodyguards,https://sites.google.com/view/thehungtd/latest-artworks/2024/rage-of-the-abyss,https://lh3.googleusercontent.com/sitesv/AG8ngQXQJor21is-X6iqhGR7GJQ8_OTuJPo__rwLHoKsUpcmRe4cU50t_N6Xp_kZTbaYuLn9Gg-3ulwTy0VyShkEOoobZUGIPU5lRbGsKlmCCEBvBFImRqNYbAPT2d3zIfWlPioTlqzYYOx1qLte0mQc2jLlh3twsyF-beB_WfU1G3wv0oyQgAYeSjoZtOHVjPU=w1280,,True
Number,1fqq4Hlgfl_qARNqD1hJJM79P6vAsG-B6,captions/ygo4_0225.json,Monster,Number C32: Shark Drake LeVeiss,ygo4_0225,1fqq4Hlgfl_qARNqD1hJJM79P6vAsG-B6,new_card_first_release,,,images/ygo4_0225.png,2024-07-27,20517,1.0,exact_alias,Sea Serpent,pending_konami_verification,7628844,,,2026-08-31T18:25:58+00:00,selected_pending_image_and_caption_qa,https://lh3.googleusercontent.com/sitesv/AG8ngQUbzHHre33wxH1YGVFJdocNPHLeJHohwWKskYqqOzo3dVutwJtyyFWl3TiiL8Q9-mcPgCzWNI5KpVNPs89P7H_CVLI9ILmzclqW0FhC9qC-cQZSqgpE56acWjzUygJrNJyh1U7NgL-_NNA_O6T1X88jDrN2sxZ3ya2xVwnXdbZ_jj5sAifnky6lZ7N0=s0,thehungtd_full_art,Number C32: Shark Drake Leviathan,https://sites.google.com/view/thehungtd/latest-artworks/2024/rage-of-the-abyss,https://lh3.googleusercontent.com/sitesv/AG8ngQUbzHHre33wxH1YGVFJdocNPHLeJHohwWKskYqqOzo3dVutwJtyyFWl3TiiL8Q9-mcPgCzWNI5KpVNPs89P7H_CVLI9ILmzclqW0FhC9qC-cQZSqgpE56acWjzUygJrNJyh1U7NgL-_NNA_O6T1X88jDrN2sxZ3ya2xVwnXdbZ_jj5sAifnky6lZ7N0=w1280,,True
Abyss-,1L4_UX8Uc36ffqJxQijLy2p9sHsw6Hsv6,captions/ygo4_0226.json,Monster,"Poseidra Abyss, the Atlantean Dragon Lord",ygo4_0226,1L4_UX8Uc36ffqJxQijLy2p9sHsw6Hsv6,new_card_first_release,,,images/ygo4_0226.png,2024-07-27,20519,1.0,exact_alias,Sea Serpent,pending_konami_verification,60517697,,,2026-08-31T18:25:58+00:00,selected_pending_image_and_caption_qa,https://lh3.googleusercontent.com/sitesv/AG8ngQUbIL25cygRxA71xue02PTiDNppwXv_VcX5559SzFiBOdtaX8IXm1bRqlkscUcDeJcFSChwLaLNhEWYdChg1YWx7evoB7UcKizwTrZcSLOvNR5cp4oSN3IUnNT2LT1WeEzq5XIL0kYp5MAbwYsBAqTS9QHOXWO0S_8OpPWx1-himlnWlB5QbEJx3ySQFuk=s0,thehungtd_full_art,"Poseidra Abyss, the Atlantean Dragon Deity",https://sites.google.com/view/thehungtd/latest-artworks/2024/rage-of-the-abyss,https://lh3.googleusercontent.com/sitesv/AG8ngQUbIL25cygRxA71xue02PTiDNppwXv_VcX5559SzFiBOdtaX8IXm1bRqlkscUcDeJcFSChwLaLNhEWYdChg1YWx7evoB7UcKizwTrZcSLOvNR5cp4oSN3IUnNT2LT1WeEzq5XIL0kYp5MAbwYsBAqTS9QHOXWO0S_8OpPWx1-himlnWlB5QbEJx3ySQFuk=w1280,,True
Abyss-,19pcs_JJeZmdUxm_AHDPkkt0PUX-yavNX,captions/ygo4_0227.json,Monster,"Abysstrite, the Atlantean Spirit",ygo4_0227,19pcs_JJeZmdUxm_AHDPkkt0PUX-yavNX,new_card_first_release,,,images/ygo4_0227.png,2025-01-23,20783,1.0,exact_alias,Sea Serpent,pending_konami_verification,9453320,,,2026-08-31T18:25:56+00:00,selected_pending_image_and_caption_qa,https://lh3.googleusercontent.com/sitesv/AG8ngQXGovEsAWSmlx0Mu1TFtNatpo1RRYeUsOy8VJ0SujFHNLM8CQ5RnzEFQLxqqYq2qY4yw2jary6B7HFWOf9LNG3AkhWGTqNUjLhrYRC6q-fhT6IfSL0_y5jD_7xlVsOXxza1w8NSlRBMT0zvZILTQHwTP4P0Kgs9ku2cpn4b2oP64Uvxk7H7RWy7xC-9GTc=s0,thehungtd_full_art,"Abysstrite, the Atlantean Spirit",https://sites.google.com/view/thehungtd/latest-artworks/2024/supreme-darkness,https://lh3.googleusercontent.com/sitesv/AG8ngQXGovEsAWSmlx0Mu1TFtNatpo1RRYeUsOy8VJ0SujFHNLM8CQ5RnzEFQLxqqYq2qY4yw2jary6B7HFWOf9LNG3AkhWGTqNUjLhrYRC6q-fhT6IfSL0_y5jD_7xlVsOXxza1w8NSlRBMT0zvZILTQHwTP4P0Kgs9ku2cpn4b2oP64Uvxk7H7RWy7xC-9GTc=w1280,,True
,18Bh3ht1VaVLPPbgP_w8U5ecQG64vXm3c,captions/ygo4_0228.json,Monster,"Driangle, Dragon of the Dark Deep",ygo4_0228,18Bh3ht1VaVLPPbgP_w8U5ecQG64vXm3c,new_card_first_release,,,images/ygo4_0228.png,2025-01-23,20761,1.0,exact_alias,Sea Serpent,pending_konami_verification,98248208,,,2026-08-31T18:25:56+00:00,selected_pending_image_and_caption_qa,https://lh3.googleusercontent.com/sitesv/AG8ngQUV35IE6tzpbrzDgInfh1O2KblTpx9PCDAkVHDo_F83naoHj81GocTD0iAQRG4AxH7hOW_4yk7p8MqcBUe8_yEhjJ2Qm-Wtdq1Gb8CAL2_AOhyGBEKkpaSMnaLRmjBofrKqxD7DvaPaPsimVleTVYfQ3LIfeK6K3eIujiRq7skWq7lHeFjGKTwSBEfAEv0=s0,thehungtd_full_art,Dark Sea Serpent - Dryagle,https://sites.google.com/view/thehungtd/latest-artworks/2024/supreme-darkness,https://lh3.googleusercontent.com/sitesv/AG8ngQUV35IE6tzpbrzDgInfh1O2KblTpx9PCDAkVHDo_F83naoHj81GocTD0iAQRG4AxH7hOW_4yk7p8MqcBUe8_yEhjJ2Qm-Wtdq1Gb8CAL2_AOhyGBEKkpaSMnaLRmjBofrKqxD7DvaPaPsimVleTVYfQ3LIfeK6K3eIujiRq7skWq7lHeFjGKTwSBEfAEv0=w1280,,True
Atlantean,1kfGUaOMOoR6fEooUwq4jpopLX-7CIVUL,captions/ygo4_0229.json,Monster,"Poseidra, the Storming Atlantean",ygo4_0229,1kfGUaOMOoR6fEooUwq4jpopLX-7CIVUL,new_card_first_release,,,images/ygo4_0229.png,2025-01-23,20755,1.0,exact_alias,Sea Serpent,pending_konami_verification,99193444,,,2026-08-31T18:25:56+00:00,selected_pending_image_and_caption_qa,https://lh3.googleusercontent.com/sitesv/AG8ngQVGM2lQ0kUZkPX2fE2GJ1P_sgJQW-VwXEoNxQQqVJ7-XPL9tHaSnziSP2EdnY_M6pHTfGy7ndnu4oBiGBTx_h6akLDDqp675H_mpB-6iczOCORbMKF-xNu8_DppTTfrZldl77pxmqdC8WL62JWS0667gQ6jQe1P-1-hSaXRS_lbnfnpa2AeAhDQGI8f=s0,thehungtd_full_art,"Poseidra, the Rumbling Atlantean",https://sites.google.com/view/thehungtd/latest-artworks/2024/supreme-darkness,https://lh3.googleusercontent.com/sitesv/AG8ngQVGM2lQ0kUZkPX2fE2GJ1P_sgJQW-VwXEoNxQQqVJ7-XPL9tHaSnziSP2EdnY_M6pHTfGy7ndnu4oBiGBTx_h6akLDDqp675H_mpB-6iczOCORbMKF-xNu8_DppTTfrZldl77pxmqdC8WL62JWS0667gQ6jQe1P-1-hSaXRS_lbnfnpa2AeAhDQGI8f=w1280,,True
,1s5IUcEwzw4LtJ-ZOr6rwtKMNF9CQ7enS,captions/ygo4_0230.json,Monster,Ignihorse Dragonith,ygo4_0230,1s5IUcEwzw4LtJ-ZOr6rwtKMNF9CQ7enS,new_card_first_release,,,images/ygo4_0230.png,2026-07-02,20476,1.0,exact_alias,Sea Serpent,pending_konami_verification,28103028,,,2026-08-31T18:25:56+00:00,selected_pending_image_and_caption_qa,https://lh3.googleusercontent.com/sitesv/AG8ngQU5J0dilqYQGatYMGxURYzIBVqSzPBJ59-MXdsb-XMAwBse8o-la_sotjRpBVexKD5hhBT--k0Rxu_bMjBss1no9B7xwWo7XBvLeTkkKuR2n8ERN4CnVp7--T6srs9m5V-1PPnRdIhhfoi9i8N09vxAqh0CwX6cB2OrT1LG4YmR28RN3A-jCpIHPIqNXBA=s0,thehungtd_full_art,Ignihorse Dragonith,https://sites.google.com/view/thehungtd/latest-artworks/2024/other,https://lh3.googleusercontent.com/sitesv/AG8ngQU5J0dilqYQGatYMGxURYzIBVqSzPBJ59-MXdsb-XMAwBse8o-la_sotjRpBVexKD5hhBT--k0Rxu_bMjBss1no9B7xwWo7XBvLeTkkKuR2n8ERN4CnVp7--T6srs9m5V-1PPnRdIhhfoi9i8N09vxAqh0CwX6cB2OrT1LG4YmR28RN3A-jCpIHPIqNXBA=w1280,,True
,1yDHEfzDKUrRnpGZj-FizlhTUnqH2QPkl,captions/ygo4_0231.json,Monster,"Incredible Ecclesia, the Virtuous",ygo4_0231,1yDHEfzDKUrRnpGZj-FizlhTUnqH2QPkl,new_card_first_release,,,images/ygo4_0231.png,2021-11-04,16493,1.0,exact_alias,Spellcaster,pending_konami_verification,55273560,,,2026-08-31T18:25:56+00:00,selected_pending_image_and_caption_qa,https://lh3.googleusercontent.com/sitesv/AG8ngQUAvVg6dmUWtvZt0Q73tz1iukg5a9xidEGrWjWRZHB1qoI-hifUf8nETd38j3kb5PnIhXkqSfhEb3zVZQwOEkzBJ305DUq7wE6vkIrRy-WzsyBNsVSRw62f_opjy6dbDZlXDq15M8H5fHG1ajQa5hGQLhVG43zdq3I80v9aI9YthGaOfCk1ILSuNrjd=s0,thehungtd_full_art,"Incredible Ecclesia, the Virtuous 2nd",https://sites.google.com/view/thehungtd/latest-artworks/2024/other,https://lh3.googleusercontent.com/sitesv/AG8ngQUAvVg6dmUWtvZt0Q73tz1iukg5a9xidEGrWjWRZHB1qoI-hifUf8nETd38j3kb5PnIhXkqSfhEb3zVZQwOEkzBJ305DUq7wE6vkIrRy-WzsyBNsVSRw62f_opjy6dbDZlXDq15M8H5fHG1ajQa5hGQLhVG43zdq3I80v9aI9YthGaOfCk1ILSuNrjd=w1280,,True
,1d1L_1KEBOaH_JJ3izFwtho7W6obz_aVp,captions/ygo4_0232.json,Monster,"Blazing Cartesia, the Virtuous",ygo4_0232,1d1L_1KEBOaH_JJ3izFwtho7W6obz_aVp,new_card_first_release,,,images/ygo4_0232.png,2022-10-20,17767,1.0,exact_alias,Spellcaster,pending_konami_verification,95515789,,,2026-08-31T18:25:56+00:00,selected_pending_image_and_caption_qa,https://lh3.googleusercontent.com/sitesv/AG8ngQV-lZvHtR-1gdsV0uoGfGNAn_JARcC46Enz6oo4AeDMr4NrpTNoOUO6VF2sFItBVy25BsY3w3R3NXkQIqLs93ahdbp0H5195vmlbVP0yqNxkr8QcLsal8KO3SlvltLCXZVJ3-sb3kVAaw9AyzxVTw-0Mj5szQErK7ZQCXTpfCU4zz_Hg8UBuCpJGdfC4sg=s0,thehungtd_full_art,"Blazing Cartesia, the Virtuous 2nd",https://sites.google.com/view/thehungtd/latest-artworks/2024/other,https://lh3.googleusercontent.com/sitesv/AG8ngQV-lZvHtR-1gdsV0uoGfGNAn_JARcC46Enz6oo4AeDMr4NrpTNoOUO6VF2sFItBVy25BsY3w3R3NXkQIqLs93ahdbp0H5195vmlbVP0yqNxkr8QcLsal8KO3SlvltLCXZVJ3-sb3kVAaw9AyzxVTw-0Mj5szQErK7ZQCXTpfCU4zz_Hg8UBuCpJGdfC4sg=w1280,,True
,1ci61uU4P4mkj-EHVif2geCZ8iWkZiYIw,captions/ygo4_0233.json,Monster,Magicians of Bonds and Unity,ygo4_0233,1ci61uU4P4mkj-EHVif2geCZ8iWkZiYIw,new_card_first_release,,,images/ygo4_0233.png,2023-07-27,18868,1.0,exact_alias,Spellcaster,pending_konami_verification,15845914,,,2026-08-31T18:26:04+00:00,selected_pending_image_and_caption_qa,https://lh3.googleusercontent.com/sitesv/AG8ngQVCmwUxxsvcF3Fmmjn3ne-o0AHWiWXHxn5xzFmdELe_G0mfJa7zjbdaXGu1pEjD_Z1_QeEasKOICxzhBhqGq5__2UIjvVViS7a_ttayT_oOpdFoGM08inzn4BPt_-mS4WIz4NS32bJpRqaVOFCNi2wW-BUoosm1d4UkNHUj7WOldDK_wbgdQ5Y7Mr_FOtk=s0,thehungtd_full_art,Magicians of Bonds and Unity 3rd,https://sites.google.com/view/thehungtd/latest-artworks/2024/phantom-nightmare,https://lh3.googleusercontent.com/sitesv/AG8ngQVCmwUxxsvcF3Fmmjn3ne-o0AHWiWXHxn5xzFmdELe_G0mfJa7zjbdaXGu1pEjD_Z1_QeEasKOICxzhBhqGq5__2UIjvVViS7a_ttayT_oOpdFoGM08inzn4BPt_-mS4WIz4NS32bJpRqaVOFCNi2wW-BUoosm1d4UkNHUj7WOldDK_wbgdQ5Y7Mr_FOtk=w1280,,True
,1ya4WqckuTCZz2hhIPGxEMq-z3z6fER0g,captions/ygo4_0234.json,Monster,Krishnerd Witch,ygo4_0234,1ya4WqckuTCZz2hhIPGxEMq-z3z6fER0g,new_card_first_release,,,images/ygo4_0234.png,2024-04-25,20060,1.0,exact_alias,Spellcaster,pending_konami_verification,37006702,,,2026-08-31T18:25:57+00:00,selected_pending_image_and_caption_qa,https://lh3.googleusercontent.com/sitesv/AG8ngQXp5AOKBEcH-0kC0spyQ8boW3xoP4n9RXJdKDKqoR7__8AGNvh0UksGaHql0eizGvNUANHFsryi9eymFqazrgYSN_Nqbj9s0UgSurBBsK9QvUuo-T2KVsjpMqVmbj1qp472usznY17vnvpsI3OvHvF-WY3xPzzljVCYUZIzJyZiXzwZpaJ6aby2IfNY37M=s0,thehungtd_full_art,Krishnerd Witch,https://sites.google.com/view/thehungtd/latest-artworks/2024/world-premiere-pack-2024,https://lh3.googleusercontent.com/sitesv/AG8ngQXp5AOKBEcH-0kC0spyQ8boW3xoP4n9RXJdKDKqoR7__8AGNvh0UksGaHql0eizGvNUANHFsryi9eymFqazrgYSN_Nqbj9s0UgSurBBsK9QvUuo-T2KVsjpMqVmbj1qp472usznY17vnvpsI3OvHvF-WY3xPzzljVCYUZIzJyZiXzwZpaJ6aby2IfNY37M=w1280,,True
Vaalmonica,1VoQQtyg5KEter0IXsHlrbWrUABCf7QW_,captions/ygo4_0235.json,Monster,Selettrice Vaalmonica,ygo4_0235,1VoQQtyg5KEter0IXsHlrbWrUABCf7QW_,new_card_first_release,,,images/ygo4_0235.png,2024-04-25,19863,1.0,exact_alias,Spellcaster,pending_konami_verification,23093373,,,2026-08-31T18:26:02+00:00,selected_pending_image_and_caption_qa,https://lh3.googleusercontent.com/sitesv/AG8ngQWIkPS7LpCmRFZP10wZevSrwHvmJss0U9HgjcLpoEymI9VyLRKZpXAXItbvBu7GL-7UT2pZI4lD8zXPNaxMMzBGmekSw7JZDyTYrWqcdzXdh2SzaeO9h82WFAlCx-b_ZLa1Gr4ffylYhhHZPf1wS4R5OOMUjY1b3t4x7vX4yjzKK7Q95rvaxwGWOxHr=s0,thehungtd_full_art,Selettrice Vaalmonica,https://sites.google.com/view/thehungtd/latest-artworks/2024/legacy-of-destruction,https://lh3.googleusercontent.com/sitesv/AG8ngQWIkPS7LpCmRFZP10wZevSrwHvmJss0U9HgjcLpoEymI9VyLRKZpXAXItbvBu7GL-7UT2pZI4lD8zXPNaxMMzBGmekSw7JZDyTYrWqcdzXdh2SzaeO9h82WFAlCx-b_ZLa1Gr4ffylYhhHZPf1wS4R5OOMUjY1b3t4x7vX4yjzKK7Q95rvaxwGWOxHr=w1280,,True
Silent Magician,1_zsF9Ty9DOyUNps1IBUkLUNIEo3TaPVG,captions/ygo4_0236.json,Monster,Silent Magician Zero,ygo4_0236,1_zsF9Ty9DOyUNps1IBUkLUNIEo3TaPVG,new_card_first_release,,,images/ygo4_0236.png,2024-04-25,19844,1.0,exact_alias,Spellcaster,pending_konami_verification,65726770,,,2026-08-31T18:26:02+00:00,selected_pending_image_and_caption_qa,https://lh3.googleusercontent.com/sitesv/AG8ngQWzl6-Cl_hZKRcWojUT4W9I_FG9tAQLfXfyHvrNhN2sLBnpthTcFQ4alBjyGsPFuHWSjV1uw0ZlTjhUl5bKjF9cRK57gpUSx_oHRbXbMb0ygFO27gPlFFTA_oNh27XQP8Q-YyV_U5gH2y8EbMHku-Qwz8OZXIeoYC_zZSsYL2KvS5uNBmP15PvgfWo_=s0,thehungtd_full_art,Silent Magician Zero,https://sites.google.com/view/thehungtd/latest-artworks/2024/legacy-of-destruction,https://lh3.googleusercontent.com/sitesv/AG8ngQWzl6-Cl_hZKRcWojUT4W9I_FG9tAQLfXfyHvrNhN2sLBnpthTcFQ4alBjyGsPFuHWSjV1uw0ZlTjhUl5bKjF9cRK57gpUSx_oHRbXbMb0ygFO27gPlFFTA_oNh27XQP8Q-YyV_U5gH2y8EbMHku-Qwz8OZXIeoYC_zZSsYL2KvS5uNBmP15PvgfWo_=w1280,,True
Snake-Eye,1pSNJTghd-KJhhKYL4OKAhkPqw1lSH--_,captions/ygo4_0237.json,Monster,Snake-Eyes Diabellstar,ygo4_0237,1pSNJTghd-KJhhKYL4OKAhkPqw1lSH--_,new_card_first_release,,,images/ygo4_0237.png,2024-04-25,19852,1.0,exact_alias,Spellcaster,pending_konami_verification,27260347,,,2026-08-31T18:26:02+00:00,selected_pending_image_and_caption_qa,https://lh3.googleusercontent.com/sitesv/AG8ngQVCAANBapolSqvHnuanCnjoRQsbPzOPaDTWDQ1ch4hF6ru-fTUdkyw0XoS7zQCls8u257EjJcv7n9_C06JHlOTW1XoPM_0l0VAtzE7Bsg8BqXOGuZZnJn3WGgqF5Xos_KAcciJWAK7yrSjpsW1O5HceO_xP3EvQTiuFyHlACz_W-135gtVg6ADeJpSwReQ=s0,thehungtd_full_art,Snake-Eyes Diabellstar,https://sites.google.com/view/thehungtd/latest-artworks/2024/legacy-of-destruction,https://lh3.googleusercontent.com/sitesv/AG8ngQVCAANBapolSqvHnuanCnjoRQsbPzOPaDTWDQ1ch4hF6ru-fTUdkyw0XoS7zQCls8u257EjJcv7n9_C06JHlOTW1XoPM_0l0VAtzE7Bsg8BqXOGuZZnJn3WGgqF5Xos_KAcciJWAK7yrSjpsW1O5HceO_xP3EvQTiuFyHlACz_W-135gtVg6ADeJpSwReQ=w1280,,True
,1r1FMFiRJoKhhcHZw92oY2XwFfs7QYknO,captions/ygo4_0238.json,Monster,Mira Match,ygo4_0238,1r1FMFiRJoKhhcHZw92oY2XwFfs7QYknO,new_card_first_release,,,images/ygo4_0238.png,2024-06-20,19934,1.0,exact_alias,Spellcaster,pending_konami_verification,44201739,,,2026-08-31T18:25:56+00:00,selected_pending_image_and_caption_qa,https://lh3.googleusercontent.com/sitesv/AG8ngQXKjpDshWaYBTLwiO7l4iPAWA_xPfDqHAUO7q_B31tJA5SaI0esUfR_kF1_XUnzV8dSpxovCjFxbghRJRI27ytAu2nrL7L7LusM5nmL4ukO7DnScGTWFu_pSfPg8LarLH4_6b1nd8QsCAwbV7Z5BPe1YKr9kFF7Hwwzj7ly20uLvA8JgBePXEaMDfVN6jY=s0,thehungtd_full_art,Mirah and Matchnoko,https://sites.google.com/view/thehungtd/latest-artworks/2024/other,https://lh3.googleusercontent.com/sitesv/AG8ngQXKjpDshWaYBTLwiO7l4iPAWA_xPfDqHAUO7q_B31tJA5SaI0esUfR_kF1_XUnzV8dSpxovCjFxbghRJRI27ytAu2nrL7L7LusM5nmL4ukO7DnScGTWFu_pSfPg8LarLH4_6b1nd8QsCAwbV7Z5BPe1YKr9kFF7Hwwzj7ly20uLvA8JgBePXEaMDfVN6jY=w1280,,True
Allure Queen,1lLPzXEMcd_AbHEt37czvH9IHCTVWqXJP,captions/ygo4_0239.json,Monster,Golden Allure Queen,ygo4_0239,1lLPzXEMcd_AbHEt37czvH9IHCTVWqXJP,new_card_first_release,,,images/ygo4_0239.png,2024-06-22,20414,1.0,exact_alias,Spellcaster,pending_konami_verification,95937545,,,2026-08-31T18:26:01+00:00,selected_pending_image_and_caption_qa,https://lh3.googleusercontent.com/sitesv/AG8ngQVmXnFHiWr9iRW1jQwZPRhDhle-SUSSk9XgzWufqBvUhuRx9pFkShsNvK6UFMXNH9YRjQhcs2AOFfq8GZlBAybtf_4JZ61qGanYnA1ntm-gBhl3YUqpfrM765gLxcpbPUgD130XD2hkknBwdfIMAlyc2XlnK-io6Ykmwr--N45PFznNt1jJSjbn7kM6=s0,thehungtd_full_art,Golden Allure Queen,https://sites.google.com/view/thehungtd/latest-artworks/2024/animation-chronicle-2024,https://lh3.googleusercontent.com/sitesv/AG8ngQVmXnFHiWr9iRW1jQwZPRhDhle-SUSSk9XgzWufqBvUhuRx9pFkShsNvK6UFMXNH9YRjQhcs2AOFfq8GZlBAybtf_4JZ61qGanYnA1ntm-gBhl3YUqpfrM765gLxcpbPUgD130XD2hkknBwdfIMAlyc2XlnK-io6Ykmwr--N45PFznNt1jJSjbn7kM6=w1280,,True
,15464375,captions/ygo4_0240.json,Monster,Adularia of the June Moon,ygo4_0240,,new_card_first_release,,,images/ygo4_0240.png,2023-05-04,17915,1.0,api_identity_exact,Spellcaster,pending_konami_verification,15464375,,Replaced passcode 6812770: available artwork was non-square composite,2026-08-31T18:26:10+00:00,selected_pending_image_and_caption_qa,https://images.ygoprodeck.com/images/cards_cropped/15464375.jpg,ygoprodeck_cropped_art,Adularia of the June Moon,https://db.ygoprodeck.com/api/v7/cardinfo.php?misc=yes,https://images.ygoprodeck.com/images/cards_cropped/15464375.jpg,,True
Performage,1k7p5Jcb53nODa0_aeM6-L3o5J4cehyRZ,captions/ygo4_0241.json,Monster,Performage Shadow Maker,ygo4_0241,1k7p5Jcb53nODa0_aeM6-L3o5J4cehyRZ,new_card_first_release,,,images/ygo4_0241.png,2024-06-22,20410,1.0,exact_alias,Spellcaster,pending_konami_verification,69655484,,,2026-08-31T18:26:01+00:00,selected_pending_image_and_caption_qa,https://lh3.googleusercontent.com/sitesv/AG8ngQUVOApeeezSqrPSAhL3gmNkpf12yIicxEFTOQPEUj3b-48ioxSdcxZjvWBDWIHDR0jv0b3MRN-jvzpYPWF0Wxw3XDa3d70MesC6t_SZt66gdtsgosqf2QO5aMCOEVoklTRjzq8H67E_LegGCL7GGZN1QFX8Ns48nsIp7QrjlIuKsVgmNIpeBFSh9pOR=s0,thehungtd_full_art,Performage Shadow Maker,https://sites.google.com/view/thehungtd/latest-artworks/2024/animation-chronicle-2024,https://lh3.googleusercontent.com/sitesv/AG8ngQUVOApeeezSqrPSAhL3gmNkpf12yIicxEFTOQPEUj3b-48ioxSdcxZjvWBDWIHDR0jv0b3MRN-jvzpYPWF0Wxw3XDa3d70MesC6t_SZt66gdtsgosqf2QO5aMCOEVoklTRjzq8H67E_LegGCL7GGZN1QFX8Ns48nsIp7QrjlIuKsVgmNIpeBFSh9pOR=w1280,,True
Performage,1MMarNlF5svAf541Dj8vZTWQClj2d-79F,captions/ygo4_0242.json,Monster,Performage Trapeze Witch,ygo4_0242,1MMarNlF5svAf541Dj8vZTWQClj2d-79F,new_card_first_release,,,images/ygo4_0242.png,2024-06-22,20409,1.0,exact_alias,Spellcaster,pending_konami_verification,33206889,,,2026-08-31T18:26:01+00:00,selected_pending_image_and_caption_qa,https://lh3.googleusercontent.com/sitesv/AG8ngQVeVF8amNQKdVYdZoQYSlpVtvk_OckRvu2v03buj3sGnl8OR2bPwAPOJ1aGveSKQx20m1UA6awq7qjyiC2FQ7aEuHKYe8lbM4t3yzZCuAJdWayqIB7r-GC0s4-D6IbgVqZem_1z-2fnokXFz8CVN5K57gBBXhtREyevBKCZP-5JFPxDMQ4XwvU85gitPkw=s0,thehungtd_full_art,Performage Trapeze Witch,https://sites.google.com/view/thehungtd/latest-artworks/2024/animation-chronicle-2024,https://lh3.googleusercontent.com/sitesv/AG8ngQVeVF8amNQKdVYdZoQYSlpVtvk_OckRvu2v03buj3sGnl8OR2bPwAPOJ1aGveSKQx20m1UA6awq7qjyiC2FQ7aEuHKYe8lbM4t3yzZCuAJdWayqIB7r-GC0s4-D6IbgVqZem_1z-2fnokXFz8CVN5K57gBBXhtREyevBKCZP-5JFPxDMQ4XwvU85gitPkw=w1280,,True
,28776350,captions/ygo4_0243.json,Monster,Akashic Magician,ygo4_0243,,new_card_first_release,,,images/ygo4_0243.png,2017-10-19,13267,1.0,api_identity_exact,Spellcaster,pending_konami_verification,28776350,,Replaced passcode 34323367: available artwork was non-square composite,2026-08-31T18:26:10+00:00,selected_pending_image_and_caption_qa,https://images.ygoprodeck.com/images/cards_cropped/28776350.jpg,ygoprodeck_cropped_art,Akashic Magician,https://db.ygoprodeck.com/api/v7/cardinfo.php?misc=yes,https://images.ygoprodeck.com/images/cards_cropped/28776350.jpg,,True
Invoked,86120752,captions/ygo4_0244.json,Monster,Aleister the Invoker,ygo4_0244,,new_card_first_release,,,images/ygo4_0244.png,2017-02-23,12843,1.0,api_identity_exact,Spellcaster,pending_konami_verification,86120752,,Replaced passcode 70417076: available artwork was non-square composite,2026-08-31T18:26:10+00:00,selected_pending_image_and_caption_qa,https://images.ygoprodeck.com/images/cards_cropped/86120752.jpg,ygoprodeck_cropped_art,Aleister the Invoker,https://db.ygoprodeck.com/api/v7/cardinfo.php?misc=yes,https://images.ygoprodeck.com/images/cards_cropped/86120752.jpg,,True
White Forest,1hRgPCyGzzirl4B-lQcaIV2Iub0e5ciDG,captions/ygo4_0245.json,Monster,Astellar of the White Forest,ygo4_0245,1hRgPCyGzzirl4B-lQcaIV2Iub0e5ciDG,new_card_first_release,,,images/ygo4_0245.png,2024-07-18,20192,1.0,exact_alias,Spellcaster,pending_konami_verification,25592142,,,2026-08-31T18:26:00+00:00,selected_pending_image_and_caption_qa,https://lh3.googleusercontent.com/sitesv/AG8ngQWnHzL4GCCERKr5L7vT024YioPQZMcx8ZQLll97Km8ICkqaRn5pej3ezj0nm6uAsKc5HDI46RDU1nf7-eoaId1w275sxYKXlpGKOLBLFC_s7hTkzfoufMsb6sVVJJNW0u1C9e1S6iWQO1bVMAgtMf8i_4nZJyXI6NW22BjefEdECoj3a77zif0uBg=s0,thehungtd_full_art,Asteria of the White Woods,https://sites.google.com/view/thehungtd/latest-artworks/2024/infinite-forbidden,https://lh3.googleusercontent.com/sitesv/AG8ngQWnHzL4GCCERKr5L7vT024YioPQZMcx8ZQLll97Km8ICkqaRn5pej3ezj0nm6uAsKc5HDI46RDU1nf7-eoaId1w275sxYKXlpGKOLBLFC_s7hTkzfoufMsb6sVVJJNW0u1C9e1S6iWQO1bVMAgtMf8i_4nZJyXI6NW22BjefEdECoj3a77zif0uBg=w1280,,True
Dark Magician,1EzcRii1jWaj3dr6Rx5uS_L4YYmx29Lm8,captions/ygo4_0246.json,Monster,Dark Magician the Magician of Black Magic,ygo4_0246,1EzcRii1jWaj3dr6Rx5uS_L4YYmx29Lm8,new_card_first_release,,,images/ygo4_0246.png,2024-07-18,20185,1.0,exact_alias,Spellcaster,pending_konami_verification,342673,,,2026-08-31T18:26:00+00:00,selected_pending_image_and_caption_qa,https://lh3.googleusercontent.com/sitesv/AG8ngQUaVHw7xrnwqWrHsnjr1K9oZX-GvQNxTxk_ARdaO9jq17WwDrVXTzjPmoQFeq1b4MY8kT-P4tGPifntwRPDKsyLRmHiSzde08Pfo4N76mNKy6MSMGyOZdujfQRqHtQ8ZPBs8f7XtbBtoP21xZyMqX_I4v0T_efxn4yj_YmJI13oguu-XlMC8S6sPvyGa0Q=s0,thehungtd_full_art,Dark Magician the Ebon Sorcerer,https://sites.google.com/view/thehungtd/latest-artworks/2024/infinite-forbidden,https://lh3.googleusercontent.com/sitesv/AG8ngQUaVHw7xrnwqWrHsnjr1K9oZX-GvQNxTxk_ARdaO9jq17WwDrVXTzjPmoQFeq1b4MY8kT-P4tGPifntwRPDKsyLRmHiSzde08Pfo4N76mNKy6MSMGyOZdujfQRqHtQ8ZPBs8f7XtbBtoP21xZyMqX_I4v0T_efxn4yj_YmJI13oguu-XlMC8S6sPvyGa0Q=w1280,,True
White Forest,1njktrGrO_27M6RakDarqjlfJYoiYevAt,captions/ygo4_0247.json,Monster,Elzette of the White Forest,ygo4_0247,1njktrGrO_27M6RakDarqjlfJYoiYevAt,new_card_first_release,,,images/ygo4_0247.png,2024-07-18,20193,1.0,exact_alias,Spellcaster,pending_konami_verification,61980241,,,2026-08-31T18:26:00+00:00,selected_pending_image_and_caption_qa,https://lh3.googleusercontent.com/sitesv/AG8ngQVkF2EbhJYNagXV4cybBunfdXE3CUK-pFx8KuE8iaPfLpQ3DVXqQsNHN1zQXNz2UhHXzr-7yyUNBm79fRP-PVX2IwzcDOCzexM98LUne2dfSSPDbO_PTkUmBr6VGYqlvb-i9g9AJvHNqf5zpKdVJCMdWiovYfMag59w6UVd0z8WXmzrw5Eb0GwBi0Mf6o4=s0,thehungtd_full_art,Risette of the White Woods,https://sites.google.com/view/thehungtd/latest-artworks/2024/infinite-forbidden,https://lh3.googleusercontent.com/sitesv/AG8ngQVkF2EbhJYNagXV4cybBunfdXE3CUK-pFx8KuE8iaPfLpQ3DVXqQsNHN1zQXNz2UhHXzr-7yyUNBm79fRP-PVX2IwzcDOCzexM98LUne2dfSSPDbO_PTkUmBr6VGYqlvb-i9g9AJvHNqf5zpKdVJCMdWiovYfMag59w6UVd0z8WXmzrw5Eb0GwBi0Mf6o4=w1280,,True
White Forest,1fk5QgIn1GdMAWzKSFRCTvsteVwpM5VvL,captions/ygo4_0248.json,Monster,"Rciela, Sinister Soul of the White Forest",ygo4_0248,1fk5QgIn1GdMAWzKSFRCTvsteVwpM5VvL,new_card_first_release,,,images/ygo4_0248.png,2024-07-18,20218,1.0,exact_alias,Spellcaster,pending_konami_verification,77313225,,,2026-08-31T18:26:00+00:00,selected_pending_image_and_caption_qa,https://lh3.googleusercontent.com/sitesv/AG8ngQWTSKSui0P5cz_2Dl8QW25lTgBGjpN9T2KCPNYLzuPqPH8kPgMTj-aOqIgQUeeUKysBuvEKKQw6KUJxEfOINCg1QK_bSkV2D7zfxa-hGkbNno_us-X5PEKP-z0EugiC8adqSwZcE1UQplEMKRkKh-CecrsH24s_3NafOy16Af69CboMGxUW9HZniFMv=s0,thehungtd_full_art,"Rciela, Wicked of the White Woods",https://sites.google.com/view/thehungtd/latest-artworks/2024/infinite-forbidden,https://lh3.googleusercontent.com/sitesv/AG8ngQWTSKSui0P5cz_2Dl8QW25lTgBGjpN9T2KCPNYLzuPqPH8kPgMTj-aOqIgQUeeUKysBuvEKKQw6KUJxEfOINCg1QK_bSkV2D7zfxa-hGkbNno_us-X5PEKP-z0EugiC8adqSwZcE1UQplEMKRkKh-CecrsH24s_3NafOy16Af69CboMGxUW9HZniFMv=w1280,,True
White Forest,1PRnMvF2rq1mkBV4xIZhRUgctyBagbL5o,captions/ygo4_0249.json,Monster,"Silvera, Wolf Tamer of the White Forest",ygo4_0249,1PRnMvF2rq1mkBV4xIZhRUgctyBagbL5o,new_card_first_release,,,images/ygo4_0249.png,2024-07-18,20217,1.0,exact_alias,Spellcaster,pending_konami_verification,41924516,,,2026-08-31T18:26:00+00:00,selected_pending_image_and_caption_qa,https://lh3.googleusercontent.com/sitesv/AG8ngQV3HOslPr1ydecwQ8_7-wIUKMfq-gs6QIB_O6PqRMbMHJZj86dBwAUmcGY3VwRctJTWKbGe-qu-Gg9RY4mrT2mgjlCBCTZ-eBIzqU0i-KtCRW2vqtJJtA6R_4_JIpHdEVmUZdvE8cMtC--EK6fyxQuYCpopBZ5Se00mUP_o4nJg0-xizqbtSykBzRpbqYY=s0,thehungtd_full_art,"Silvera, Witchwolf of the White Woods",https://sites.google.com/view/thehungtd/latest-artworks/2024/infinite-forbidden,https://lh3.googleusercontent.com/sitesv/AG8ngQV3HOslPr1ydecwQ8_7-wIUKMfq-gs6QIB_O6PqRMbMHJZj86dBwAUmcGY3VwRctJTWKbGe-qu-Gg9RY4mrT2mgjlCBCTZ-eBIzqU0i-KtCRW2vqtJJtA6R_4_JIpHdEVmUZdvE8cMtC--EK6fyxQuYCpopBZ5Se00mUP_o4nJg0-xizqbtSykBzRpbqYY=w1280,,True
Exodia,1_sHzb7IPOuQ2EO9ILkphxCZ5nx_sIddw,captions/ygo4_0250.json,Monster,The Unstoppable Exodia Incarnate,ygo4_0250,1_sHzb7IPOuQ2EO9ILkphxCZ5nx_sIddw,new_card_first_release,,,images/ygo4_0250.png,2024-07-18,20212,1.0,exact_alias,Spellcaster,pending_konami_verification,83257450,,,2026-08-31T18:26:00+00:00,selected_pending_image_and_caption_qa,https://lh3.googleusercontent.com/sitesv/AG8ngQXiOXy65KgM3cBZ-l_DwucbjXDxZrC_BZ7OIe7XIrFXm5fWo7Qb6blOzk15h5gBmxXZ172iSlMiioAYXJd75TfJNLEGUPxJF_yOONWa-m1plhTp7fiOMi656kunqOG-i3cP8c5czKtQPrYvFbw97cYYiTMhTdhm_SAd-03Ts7SW99e14t8FO6s5TcmWLiU=s0,thehungtd_full_art,The Phantom Exodia Incarnate,https://sites.google.com/view/thehungtd/latest-artworks/2024/infinite-forbidden,https://lh3.googleusercontent.com/sitesv/AG8ngQXiOXy65KgM3cBZ-l_DwucbjXDxZrC_BZ7OIe7XIrFXm5fWo7Qb6blOzk15h5gBmxXZ172iSlMiioAYXJd75TfJNLEGUPxJF_yOONWa-m1plhTp7fiOMi656kunqOG-i3cP8c5czKtQPrYvFbw97cYYiTMhTdhm_SAd-03Ts7SW99e14t8FO6s5TcmWLiU=w1280,,True
Vaalmonica,16UWIO3ge28ERItZHx71e9ghnjE4ZtPpY,captions/ygo4_0251.json,Monster,"Varar, Vaalmonican Concord",ygo4_0251,16UWIO3ge28ERItZHx71e9ghnjE4ZtPpY,new_card_first_release,,,images/ygo4_0251.png,2024-07-18,20228,1.0,exact_alias,Spellcaster,pending_konami_verification,1340142,,,2026-08-31T18:26:00+00:00,selected_pending_image_and_caption_qa,https://lh3.googleusercontent.com/sitesv/AG8ngQXtSWMsvrK1F3lupFBw7SWMCwnLt6f5OsSkofc9m9v75qbhTfBK7F_P4yMixLfn83kbzwLy-QCsjpngkpdUcjEcBgmLQ6YtbA7ydQVIEj4TDtr4IR4wVunWjf9voNKjqFhKEYSZxbHyPzkhH6TimRFlnUPMMTi8eiyfqyBREq3eorKvlvx3eISKLlHB9uM=s0,thehungtd_full_art,"Valar, Vaalmonican Hallow Hymn",https://sites.google.com/view/thehungtd/latest-artworks/2024/infinite-forbidden,https://lh3.googleusercontent.com/sitesv/AG8ngQXtSWMsvrK1F3lupFBw7SWMCwnLt6f5OsSkofc9m9v75qbhTfBK7F_P4yMixLfn83kbzwLy-QCsjpngkpdUcjEcBgmLQ6YtbA7ydQVIEj4TDtr4IR4wVunWjf9voNKjqFhKEYSZxbHyPzkhH6TimRFlnUPMMTi8eiyfqyBREq3eorKvlvx3eISKLlHB9uM=w1280,,True
Centur-Ion,1FbVE1S1k-RgzC5Fhnqkit3tCzqAQ-QWq,captions/ygo4_0252.json,Monster,Centur-Ion Primera Primus,ygo4_0252,1FbVE1S1k-RgzC5Fhnqkit3tCzqAQ-QWq,new_card_first_release,,,images/ygo4_0252.png,2024-07-27,20514,1.0,exact_alias,Spellcaster,pending_konami_verification,8841431,,,2026-08-31T18:25:58+00:00,selected_pending_image_and_caption_qa,https://lh3.googleusercontent.com/sitesv/AG8ngQVlaF-UKttnEpVatuOamG-qIdjJ3hN4tRE3wvqKc6omQI4OacE3h61BgPh9QKjFL8Sj1PfT5b8C4S7oSVtSubxpsWfRmu5VjBoNBL_t9hgsIRmAvyjdGsR5_064da3fFeBZIdhveLq1XeUtLm7iG2wcqHGHm4veonpONee7BcCSspfAgMB8LGn1xBSi=s0,thehungtd_full_art,Centur-Ion Primera Primus,https://sites.google.com/view/thehungtd/latest-artworks/2024/rage-of-the-abyss,https://lh3.googleusercontent.com/sitesv/AG8ngQVlaF-UKttnEpVatuOamG-qIdjJ3hN4tRE3wvqKc6omQI4OacE3h61BgPh9QKjFL8Sj1PfT5b8C4S7oSVtSubxpsWfRmu5VjBoNBL_t9hgsIRmAvyjdGsR5_064da3fFeBZIdhveLq1XeUtLm7iG2wcqHGHm4veonpONee7BcCSspfAgMB8LGn1xBSi=w1280,,True
Allure Queen,1xp8xj3EkIGgRFoEdTjl--e8C75JfQjXs,captions/ygo4_0253.json,Monster,Chaos Allure Queen,ygo4_0253,1xp8xj3EkIGgRFoEdTjl--e8C75JfQjXs,new_card_first_release,,,images/ygo4_0253.png,2024-07-27,20487,1.0,exact_alias,Spellcaster,pending_konami_verification,29925614,,,2026-08-31T18:25:58+00:00,selected_pending_image_and_caption_qa,https://lh3.googleusercontent.com/sitesv/AG8ngQWVKgRu4WOatflYCGA-tGTgRg_qS1Zy_vvJuzSldoEQ8LKVpuksV-ncVZ7MMR8_u3yqUqL2rqc6i7Fli9jqQH3Lyl0Ve2XFnwb8U3mVZzhBJMvAH50jt0zUrpm41PunelooUhkDBLTLPo6Km-06OJRIAOq3jVN0vl3gsxz-haCk2G8cF3cD2vcNRg=s0,thehungtd_full_art,Chaotic Allure Queen,https://sites.google.com/view/thehungtd/latest-artworks/2024/rage-of-the-abyss,https://lh3.googleusercontent.com/sitesv/AG8ngQWVKgRu4WOatflYCGA-tGTgRg_qS1Zy_vvJuzSldoEQ8LKVpuksV-ncVZ7MMR8_u3yqUqL2rqc6i7Fli9jqQH3Lyl0Ve2XFnwb8U3mVZzhBJMvAH50jt0zUrpm41PunelooUhkDBLTLPo6Km-06OJRIAOq3jVN0vl3gsxz-haCk2G8cF3cD2vcNRg=w1280,,True
Charmer,1r0Exwgmezta4Q9CmNkipwZisMSu-lJWw,captions/ygo4_0254.json,Monster,Eria the Water Channeler,ygo4_0254,1r0Exwgmezta4Q9CmNkipwZisMSu-lJWw,new_card_first_release,,,images/ygo4_0254.png,2024-07-27,20499,1.0,exact_alias,Spellcaster,pending_konami_verification,15746348,,,2026-08-31T18:25:58+00:00,selected_pending_image_and_caption_qa,https://lh3.googleusercontent.com/sitesv/AG8ngQXuECn_-JQobmwbv6oWU0jfLkEJjnNUL2g9v2zcKWKsh5UYK0edxel7UUOuv2rjzj_AMHpjzNrfW3VFXacH1tNxnjjw8Zf7VxpOXaMJMWOpu1CBUhmEjv6ccaYKEvxshh5meGxDRa7YpjdVkk7Gk2SQ7C37qRl6_eqZpgKsx7wwzHCmAJzgPHj7sULKVhY=s0,thehungtd_full_art,Eria the Water Channeler,https://sites.google.com/view/thehungtd/latest-artworks/2024/rage-of-the-abyss,https://lh3.googleusercontent.com/sitesv/AG8ngQXuECn_-JQobmwbv6oWU0jfLkEJjnNUL2g9v2zcKWKsh5UYK0edxel7UUOuv2rjzj_AMHpjzNrfW3VFXacH1tNxnjjw8Zf7VxpOXaMJMWOpu1CBUhmEjv6ccaYKEvxshh5meGxDRa7YpjdVkk7Gk2SQ7C37qRl6_eqZpgKsx7wwzHCmAJzgPHj7sULKVhY=w1280,,True
,1EjHPnu6LGThcnx1DiroRfRhXrpTik83B,captions/ygo4_0255.json,Monster,Metal Illusionist,ygo4_0255,1EjHPnu6LGThcnx1DiroRfRhXrpTik83B,new_card_first_release,,,images/ygo4_0255.png,2024-07-27,20484,1.0,exact_alias,Spellcaster,pending_konami_verification,29157292,,,2026-08-31T18:25:58+00:00,selected_pending_image_and_caption_qa,https://lh3.googleusercontent.com/sitesv/AG8ngQUHdWi97B9XJ-3IqWo7BbNzbMASZin4H9RuKe43kSFV98tek9ffNbmR7V53S1lqS0Ey7BU24M8RlLnQYdLn_Vii2nE53q7JgtObf5AaH-wrnNPQRGHfqjXQSi4eu98EmYPgYxXmFDRV1yXlj_ZBER_chG_TA_dbFFWNcuFjPJpCKVkjPgqMhLEiX8cQ=s0,thehungtd_full_art,Metal Copycat,https://sites.google.com/view/thehungtd/latest-artworks/2024/rage-of-the-abyss,https://lh3.googleusercontent.com/sitesv/AG8ngQUHdWi97B9XJ-3IqWo7BbNzbMASZin4H9RuKe43kSFV98tek9ffNbmR7V53S1lqS0Ey7BU24M8RlLnQYdLn_Vii2nE53q7JgtObf5AaH-wrnNPQRGHfqjXQSi4eu98EmYPgYxXmFDRV1yXlj_ZBER_chG_TA_dbFFWNcuFjPJpCKVkjPgqMhLEiX8cQ=w1280,,True
Invoked,97973962,captions/ygo4_0256.json,Monster,Aleister the Invoker of Madness,ygo4_0256,,new_card_first_release,,,images/ygo4_0256.png,2018-08-16,13509,1.0,api_identity_exact,Spellcaster,pending_konami_verification,97973962,,Replaced passcode 92530005: available artwork was non-square composite,2026-08-31T18:26:10+00:00,selected_pending_image_and_caption_qa,https://images.ygoprodeck.com/images/cards_cropped/97973962.jpg,ygoprodeck_cropped_art,Aleister the Invoker of Madness,https://db.ygoprodeck.com/api/v7/cardinfo.php?misc=yes,https://images.ygoprodeck.com/images/cards_cropped/97973962.jpg,,True
,1ZhdIl3kKPET-e8DC-aUPCHrVMf5grjyI,captions/ygo4_0257.json,Monster,Maiden of White,ygo4_0257,1ZhdIl3kKPET-e8DC-aUPCHrVMf5grjyI,new_card_first_release,,,images/ygo4_0257.png,2024-09-07,20602,1.0,exact_alias,Spellcaster,pending_konami_verification,17947697,,,2026-08-31T18:25:58+00:00,selected_pending_image_and_caption_qa,https://lh3.googleusercontent.com/sitesv/AG8ngQWbAybgFrHFA9fCZb0KW8gyD5f0TJPjCJYJLuziDbXsXdFlUp5MIGoxWZUMI2rnbe9Xn_A0xw_v7-l_eCDhf6Orj2ZYF1Wfh5K-ttySpGJgI09ueIhar34o9ECeNTGo8Blxw52kFqhbIEV0Dct5XMGM4Aov40-LMLt_I3UK0FTtfYSKmxKgZSGALpxz=s0,thehungtd_full_art,Maiden of White,https://sites.google.com/view/thehungtd/latest-artworks/2024/structure-deck-advent-of-the-eyes-of-blue,https://lh3.googleusercontent.com/sitesv/AG8ngQWbAybgFrHFA9fCZb0KW8gyD5f0TJPjCJYJLuziDbXsXdFlUp5MIGoxWZUMI2rnbe9Xn_A0xw_v7-l_eCDhf6Orj2ZYF1Wfh5K-ttySpGJgI09ueIhar34o9ECeNTGo8Blxw52kFqhbIEV0Dct5XMGM4Aov40-LMLt_I3UK0FTtfYSKmxKgZSGALpxz=w1280,,True
Magistus,18dwHHdR4kErvtHpyKpYmXZeURnou8t3X,captions/ygo4_0258.json,Monster,Magistus Chorozo,ygo4_0258,18dwHHdR4kErvtHpyKpYmXZeURnou8t3X,new_card_first_release,,,images/ygo4_0258.png,2025-01-23,20471,1.0,exact_alias,Spellcaster,pending_konami_verification,66532962,,,2026-08-31T18:25:56+00:00,selected_pending_image_and_caption_qa,https://lh3.googleusercontent.com/sitesv/AG8ngQU9tCtuVkMsUDjgepg44iMvsf2oWlBFrvX3grstaH3eUwTNGc1Pf2Q7gEGrWCOySkPoMnAE20U5G9Qi1J9D3IU02ix1YWHNtngiAp5RjaI79Gba7gdFTRshlltdCwtsfm6jE08IzeGmBL2RN3RmVTi0RAhtAONdfqZKTM185XdVmT_p9-zmnhb8fXYeF_E=s0,thehungtd_full_art,Magistus Chorozo,https://sites.google.com/view/thehungtd/latest-artworks/2024/other,https://lh3.googleusercontent.com/sitesv/AG8ngQU9tCtuVkMsUDjgepg44iMvsf2oWlBFrvX3grstaH3eUwTNGc1Pf2Q7gEGrWCOySkPoMnAE20U5G9Qi1J9D3IU02ix1YWHNtngiAp5RjaI79Gba7gdFTRshlltdCwtsfm6jE08IzeGmBL2RN3RmVTi0RAhtAONdfqZKTM185XdVmT_p9-zmnhb8fXYeF_E=w1280,,True
25th Anniversary Monsters,1rNFRGBicuVoK1XZS4vukYTw-fY8bCzIl,captions/ygo4_0259.json,Monster,Paladins of Bonds and Unity,ygo4_0259,1rNFRGBicuVoK1XZS4vukYTw-fY8bCzIl,new_card_first_release,,,images/ygo4_0259.png,2025-01-23,20818,1.0,exact_alias,Spellcaster,pending_konami_verification,99217226,,,2026-08-31T18:25:56+00:00,selected_pending_image_and_caption_qa,https://lh3.googleusercontent.com/sitesv/AG8ngQX0mSTx3Ha1bBPtfika7dietYancLtC14toYGGIXlMbM4uMN4c60vbZub2_luLlY8uRiDglEEOVake2yiwFYFUT0CIyWHJaTxE0h6tNAHMkf50Zhrg43RFFUbgE-LcRXUc7OHk2X6HkxbgKknTWnRnag4BMxLCG5ZJyxAh9Y3i6St4q8-vkWnV0C1Zf=s0,thehungtd_full_art,Paladins of Bonds and Unity,https://sites.google.com/view/thehungtd/latest-artworks/2024/supreme-darkness,https://lh3.googleusercontent.com/sitesv/AG8ngQX0mSTx3Ha1bBPtfika7dietYancLtC14toYGGIXlMbM4uMN4c60vbZub2_luLlY8uRiDglEEOVake2yiwFYFUT0CIyWHJaTxE0h6tNAHMkf50Zhrg43RFFUbgE-LcRXUc7OHk2X6HkxbgKknTWnRnag4BMxLCG5ZJyxAh9Y3i6St4q8-vkWnV0C1Zf=w1280,,True
Magician Girl,1CuNp1Hlix1tL9EJ3DoLT4Q8mwcYR-Cq1,captions/ygo4_0260.json,Monster,Performapal Sky Magician Girl,ygo4_0260,1CuNp1Hlix1tL9EJ3DoLT4Q8mwcYR-Cq1,new_card_first_release,,,images/ygo4_0260.png,2025-01-23,20571,1.0,exact_alias,Spellcaster,pending_konami_verification,3859859,,,2026-08-31T18:25:56+00:00,selected_pending_image_and_caption_qa,https://lh3.googleusercontent.com/sitesv/AG8ngQW9-QX66dXcel3ymHt4OFjXsJ6UUivaeWRMcfR7D_Cg9Ana_vpcebZTR9pWChaE0vEfmTiq6ubrcJwFLRPuYMgyZXWjha5TtYL9VetV_Yv7qiGR8-n8rpNKkK-ZKmNeZyOb01oDMKM0UxgcxEcOoopd9MjlJZ_1IaEgQRQ20aqlN2Ddp_bl9AQ38-LY0kg=s0,thehungtd_full_art,Performapal Sky Magician Girl,https://sites.google.com/view/thehungtd/latest-artworks/2024/other,https://lh3.googleusercontent.com/sitesv/AG8ngQW9-QX66dXcel3ymHt4OFjXsJ6UUivaeWRMcfR7D_Cg9Ana_vpcebZTR9pWChaE0vEfmTiq6ubrcJwFLRPuYMgyZXWjha5TtYL9VetV_Yv7qiGR8-n8rpNKkK-ZKmNeZyOb01oDMKM0UxgcxEcOoopd9MjlJZ_1IaEgQRQ20aqlN2Ddp_bl9AQ38-LY0kg=w1280,,True
Aleister,57294268,captions/ygo4_0261.json,Monster,Aleister the Reminiscent,ygo4_0261,,new_card_first_release,,,images/ygo4_0261.png,2026-07-02,22964,1.0,api_identity_exact,Spellcaster,pending_konami_verification,57294268,,Replaced passcode 7934362: available artwork was non-square composite,2026-08-31T18:26:10+00:00,selected_pending_image_and_caption_qa,https://images.ygoprodeck.com/images/cards_cropped/57294268.jpg,ygoprodeck_cropped_art,Aleister the Reminiscent,https://db.ygoprodeck.com/api/v7/cardinfo.php?misc=yes,https://images.ygoprodeck.com/images/cards_cropped/57294268.jpg,,True
Performage,1j2RKtYUv0xjfuYiX_3eDX53CAdzyHP6D,captions/ygo4_0262.json,Monster,Performage Trapeze High Magician,ygo4_0262,1j2RKtYUv0xjfuYiX_3eDX53CAdzyHP6D,new_card_first_release,,,images/ygo4_0262.png,2025-03-13,20411,1.0,exact_alias,Spellcaster,pending_konami_verification,6659193,,,2026-08-31T18:26:01+00:00,selected_pending_image_and_caption_qa,https://lh3.googleusercontent.com/sitesv/AG8ngQW06n7WupRsI4l1LQn_9dkMqZ-TskyT7tz_cTMsHp36tdfkIvFwAFlCBRcGBVBQqxInu8UKzT3ITcfCoXhMi7LDGTXPmDnx0FbsWsS7im7nyKbKXY-69sQxmrNniOivg0gKheLh3KXmrnmOYKjlm9co1UTFaoSu-SV2VtQEUDXXVzkZJh25ah-oBkuklVk=s0,thehungtd_full_art,Performage Trapeze High Magician,https://sites.google.com/view/thehungtd/latest-artworks/2024/animation-chronicle-2024,https://lh3.googleusercontent.com/sitesv/AG8ngQW06n7WupRsI4l1LQn_9dkMqZ-TskyT7tz_cTMsHp36tdfkIvFwAFlCBRcGBVBQqxInu8UKzT3ITcfCoXhMi7LDGTXPmDnx0FbsWsS7im7nyKbKXY-69sQxmrNniOivg0gKheLh3KXmrnmOYKjlm9co1UTFaoSu-SV2VtQEUDXXVzkZJh25ah-oBkuklVk=w1280,,True
Batteryman,44586426,captions/ygo4_0263.json,Monster,Batteryman Solar,ygo4_0263,,new_card_first_release,,,images/ygo4_0263.png,2018-05-03,13581,1.0,api_identity_exact,Thunder,pending_konami_verification,44586426,,,2026-08-31T18:26:10+00:00,selected_pending_image_and_caption_qa,https://images.ygoprodeck.com/images/cards_cropped/44586426.jpg,ygoprodeck_cropped_art,Batteryman Solar,https://db.ygoprodeck.com/api/v7/cardinfo.php?misc=yes,https://images.ygoprodeck.com/images/cards_cropped/44586426.jpg,,True
Thunder Dragon,15291624,captions/ygo4_0264.json,Monster,Thunder Dragon Colossus,ygo4_0264,,new_card_first_release,,,images/ygo4_0264.png,2018-10-18,13923,1.0,api_identity_exact,Thunder,pending_konami_verification,15291624,,,2026-08-31T18:26:10+00:00,selected_pending_image_and_caption_qa,https://images.ygoprodeck.com/images/cards_cropped/15291624.jpg,ygoprodeck_cropped_art,Thunder Dragon Colossus,https://db.ygoprodeck.com/api/v7/cardinfo.php?misc=yes,https://images.ygoprodeck.com/images/cards_cropped/15291624.jpg,,True
Memento,1_GY3qa7H_VMxdEWdNWbct3xqyj_19SQU,captions/ygo4_0265.json,Monster,Mementotlan Twin Dragon,ygo4_0265,1_GY3qa7H_VMxdEWdNWbct3xqyj_19SQU,new_card_first_release,,,images/ygo4_0265.png,2024-04-25,19878,1.0,exact_alias,Thunder,pending_konami_verification,19181420,,,2026-08-31T18:26:02+00:00,selected_pending_image_and_caption_qa,https://lh3.googleusercontent.com/sitesv/AG8ngQXQm2z7iFek8Yzzx_yP3SgizmJ0FgQdoI1UnPGcv3OwguqzqEOBH-_I0WDTiILXFOR7lM-HX5vMJZjzs0mzEBNKbveVT0ZnB9HA6oQvBjLABvEECe3pKvWZlf1x34bHaInaw2USPGgqglZFL7Dy4rGAUp_0vNfOQJQZJ_W7wkjmC1ZQcQe6OhjCjVS9=s0,thehungtd_full_art,Mementotlan Twin Dragon,https://sites.google.com/view/thehungtd/latest-artworks/2024/legacy-of-destruction,https://lh3.googleusercontent.com/sitesv/AG8ngQXQm2z7iFek8Yzzx_yP3SgizmJ0FgQdoI1UnPGcv3OwguqzqEOBH-_I0WDTiILXFOR7lM-HX5vMJZjzs0mzEBNKbveVT0ZnB9HA6oQvBjLABvEECe3pKvWZlf1x34bHaInaw2USPGgqglZFL7Dy4rGAUp_0vNfOQJQZJ_W7wkjmC1ZQcQe6OhjCjVS9=w1280,,True
,10JchW8KmxCoTGwsGxQ5NTQkkqNXhF5lg,captions/ygo4_0266.json,Monster,Paralyzing Mushroom,ygo4_0266,10JchW8KmxCoTGwsGxQ5NTQkkqNXhF5lg,new_card_first_release,,,images/ygo4_0266.png,2024-07-18,20204,1.0,exact_alias,Thunder,pending_konami_verification,22712877,,,2026-08-31T18:26:00+00:00,selected_pending_image_and_caption_qa,https://lh3.googleusercontent.com/sitesv/AG8ngQWmRkWikToT2oyv5pjlMT-a9P10fMh3smvrHTZBmOJkeqKDfgcfmZONi3OvYZum5lgxUz5qQYnbjkMOLI9XP6hde09c0guEmqUwxnkzSSRjdY4CLOQ1vJYiK5WBDZe5svWZxHN_kDrbZT8KMElqhpvBLKTDbV5QM-sNRMDNiVTPaOwqQFbXvvJq6rtn=s0,thehungtd_full_art,Shiivertake,https://sites.google.com/view/thehungtd/latest-artworks/2024/infinite-forbidden,https://lh3.googleusercontent.com/sitesv/AG8ngQWmRkWikToT2oyv5pjlMT-a9P10fMh3smvrHTZBmOJkeqKDfgcfmZONi3OvYZum5lgxUz5qQYnbjkMOLI9XP6hde09c0guEmqUwxnkzSSRjdY4CLOQ1vJYiK5WBDZe5svWZxHN_kDrbZT8KMElqhpvBLKTDbV5QM-sNRMDNiVTPaOwqQFbXvvJq6rtn=w1280,,True
Ryzeal,1J2buz71-c2xlVnY2fGCV3KIjYtDoRZDN,captions/ygo4_0267.json,Monster,Node Ryzeal,ygo4_0267,1J2buz71-c2xlVnY2fGCV3KIjYtDoRZDN,new_card_first_release,,,images/ygo4_0267.png,2024-12-05,20573,1.0,exact_alias,Thunder,pending_konami_verification,72238166,,,2026-08-31T18:25:59+00:00,selected_pending_image_and_caption_qa,https://lh3.googleusercontent.com/sitesv/AG8ngQWmWlvFiCU6F5a7QSoNc0ZNNuY7pUucoD3rf6rVevfUZZ5BpzTaQ-9nTUhMya7HXGcFHKZ9vx4ZWttth34o0MGOeM7K04bNXs90dpUvGCzIOEpZAr3TucgbGP4HJsjfykvXQm1OS2lyuNAGsE4a0L_UAMwRXAuVkEhq6wMJLqIqXvMwHHMD_8LIE-F3Gy0=s0,thehungtd_full_art,Node Raizeol,https://sites.google.com/view/thehungtd/latest-artworks/2024/deck-build-pack-crossover-breakers,https://lh3.googleusercontent.com/sitesv/AG8ngQWmWlvFiCU6F5a7QSoNc0ZNNuY7pUucoD3rf6rVevfUZZ5BpzTaQ-9nTUhMya7HXGcFHKZ9vx4ZWttth34o0MGOeM7K04bNXs90dpUvGCzIOEpZAr3TucgbGP4HJsjfykvXQm1OS2lyuNAGsE4a0L_UAMwRXAuVkEhq6wMJLqIqXvMwHHMD_8LIE-F3Gy0=w1280,,True
Sky Striker,1lXAovRqqXkS_XPvKTMo9RDdNMpaXFo-3,captions/ygo4_0268.json,Monster,Sky Striker Ace - Roze,ygo4_0268,1lXAovRqqXkS_XPvKTMo9RDdNMpaXFo-3,new_card_first_release,,,images/ygo4_0268.png,2020-01-30,14829,1.0,exact_alias,Warrior,pending_konami_verification,37351133,,,2026-08-31T18:26:06+00:00,selected_pending_image_and_caption_qa,https://lh3.googleusercontent.com/sitesv/AG8ngQWfs00TTkRuXSxgVBXJ3QWBqFM7xaql1KyUWC5Owt23sxCyTGzeO8yDetdcvo4qABRww5D0XBZGPHZfDizuOJuiWyRsulBz7Dkj1KbynVjqhUkEt169F1nQFr-mENadnxX1yd9Uobp54Rs3qQDKY0Tz8XFSuH-5S1rhrjYdexnYE1RRoivPqDaL4nD581I=s0,thehungtd_full_art,Sky Striker Ace - Roze 2nd,https://sites.google.com/view/thehungtd/latest-artworks/2024/premium-pack-2024,https://lh3.googleusercontent.com/sitesv/AG8ngQWfs00TTkRuXSxgVBXJ3QWBqFM7xaql1KyUWC5Owt23sxCyTGzeO8yDetdcvo4qABRww5D0XBZGPHZfDizuOJuiWyRsulBz7Dkj1KbynVjqhUkEt169F1nQFr-mENadnxX1yd9Uobp54Rs3qQDKY0Tz8XFSuH-5S1rhrjYdexnYE1RRoivPqDaL4nD581I=w1280,,True
Flame Swordsman,1KdJoFegVA1fvSkz8RR-ns_8AV6FkbVCV,captions/ygo4_0269.json,Monster,Mirage Swordsman,ygo4_0269,1KdJoFegVA1fvSkz8RR-ns_8AV6FkbVCV,new_card_first_release,,,images/ygo4_0269.png,2024-01-18,19726,1.0,exact_alias,Warrior,pending_konami_verification,73936388,,,2026-08-31T18:25:57+00:00,selected_pending_image_and_caption_qa,https://lh3.googleusercontent.com/sitesv/AG8ngQV5wyNHA4XkXPP60mmFjQ09kv1dsZGBIeGTH5-3M00ICHOo7tfkWB-rcrNjYdLJuKCbxvJcTerl0_IYDddIw5TPfCiHxK8EG_QDGpRSyWnt11sC5Q_9_lRQpnBqS5RKZpSoq_DBOApMBVQI5Aoa2s64OwymnAtUboQ3qSMgJH66bfQMDo85x1Wwxiwmi6o=s0,thehungtd_full_art,Mirage Swordsman,https://sites.google.com/view/thehungtd/latest-artworks/2024/world-premiere-pack-2024,https://lh3.googleusercontent.com/sitesv/AG8ngQV5wyNHA4XkXPP60mmFjQ09kv1dsZGBIeGTH5-3M00ICHOo7tfkWB-rcrNjYdLJuKCbxvJcTerl0_IYDddIw5TPfCiHxK8EG_QDGpRSyWnt11sC5Q_9_lRQpnBqS5RKZpSoq_DBOApMBVQI5Aoa2s64OwymnAtUboQ3qSMgJH66bfQMDo85x1Wwxiwmi6o=w1280,,True
Flame Swordsman,183FDT6AuWEdwnvuN1VpCq9UvunP8qDsd,captions/ygo4_0270.json,Monster,Ultimate Flame Swordsman,ygo4_0270,183FDT6AuWEdwnvuN1VpCq9UvunP8qDsd,new_card_first_release,,,images/ygo4_0270.png,2024-01-18,19727,1.0,exact_alias,Warrior,pending_konami_verification,324483,,,2026-08-31T18:26:04+00:00,selected_pending_image_and_caption_qa,https://lh3.googleusercontent.com/sitesv/AG8ngQUo0RWFMm7SLVMbaC2rcq4Z-btCwfQOLazQ1DAT-WMX2KD--iBaazNf0b2g2FMaArStv_6enclG9lI7V8f53VzvmEaPACugAps-jr5bDxjm7pPTWqHSWUx1rr8u785FKIXf9CHe979EsDcl_coq03GJlZDNbYGATN3kGu41yhCfon-M5hAeKT45UwHhyfI=s0,thehungtd_full_art,Ultimate Flame Swordsman,https://sites.google.com/view/thehungtd/latest-artworks/2024/maze-of-millennia,https://lh3.googleusercontent.com/sitesv/AG8ngQUo0RWFMm7SLVMbaC2rcq4Z-btCwfQOLazQ1DAT-WMX2KD--iBaazNf0b2g2FMaArStv_6enclG9lI7V8f53VzvmEaPACugAps-jr5bDxjm7pPTWqHSWUx1rr8u785FKIXf9CHe979EsDcl_coq03GJlZDNbYGATN3kGu41yhCfon-M5hAeKT45UwHhyfI=w1280,,True
Flame Swordsman,1ZL0Dp1emxMLHFUXMZClSavWsOx7vwjfL,captions/ygo4_0271.json,Monster,Ultimate Flame Swordsman,ygo4_0271,1ZL0Dp1emxMLHFUXMZClSavWsOx7vwjfL,new_card_first_release,,,images/ygo4_0271.png,2024-01-18,19727,1.0,exact_alias,Warrior,pending_konami_verification,324483,,,2026-08-31T18:25:57+00:00,selected_pending_image_and_caption_qa,https://lh3.googleusercontent.com/sitesv/AG8ngQXYZGAAAdPnZeRNV4u3hMS1MSgrib5al_TyYrgw9J_aKFO16S-VDttaKcckJloSWajAIFRvyID02xPUxWJCM8fg5NJhedSsrCpJsQMZEJo4LAtke3WezJa2yAQCYDsmxCyz2R_KQjS-o-tqDXjDOUti74bWdyoRTuTMdRMui_2YONLDjSixiRRASi_Fq9o=s0,thehungtd_full_art,Ultimate Flame Swordsman,https://sites.google.com/view/thehungtd/latest-artworks/2024/world-premiere-pack-2024,https://lh3.googleusercontent.com/sitesv/AG8ngQXYZGAAAdPnZeRNV4u3hMS1MSgrib5al_TyYrgw9J_aKFO16S-VDttaKcckJloSWajAIFRvyID02xPUxWJCM8fg5NJhedSsrCpJsQMZEJo4LAtke3WezJa2yAQCYDsmxCyz2R_KQjS-o-tqDXjDOUti74bWdyoRTuTMdRMui_2YONLDjSixiRRASi_Fq9o=w1280,,True
Goblin,15IkI5zhy8kCW9szsc5mh8ubnjjdS6u3-,captions/ygo4_0272.json,Monster,Goblin Freefall Squad,ygo4_0272,15IkI5zhy8kCW9szsc5mh8ubnjjdS6u3-,new_card_first_release,,,images/ygo4_0272.png,2024-02-08,19485,1.0,exact_alias,Warrior,pending_konami_verification,85123771,,,2026-08-31T18:26:04+00:00,selected_pending_image_and_caption_qa,https://lh3.googleusercontent.com/sitesv/AG8ngQV0Y99fDRrwUNDemkIGlcd9nFZJAWgfj38Fbq0v6chug6I1s2QnOmvOnEXHf2Qr1T0S-ZeBubsAlpOYWEC1U64ohfhm_bMMUfsNFfRP6iKX66u2hdGa9Qsh88Xe75ml6oe227QsquZOG41Wea_XPTpdnhxKx8dDnH5kXgiicdSxYUeyCln3Ie0Bq0xu=s0,thehungtd_full_art,Goblin Paratrooper Squad,https://sites.google.com/view/thehungtd/latest-artworks/2024/phantom-nightmare,https://lh3.googleusercontent.com/sitesv/AG8ngQV0Y99fDRrwUNDemkIGlcd9nFZJAWgfj38Fbq0v6chug6I1s2QnOmvOnEXHf2Qr1T0S-ZeBubsAlpOYWEC1U64ohfhm_bMMUfsNFfRP6iKX66u2hdGa9Qsh88Xe75ml6oe227QsquZOG41Wea_XPTpdnhxKx8dDnH5kXgiicdSxYUeyCln3Ie0Bq0xu=w1280,,True
Silent Swordsman,1SCsvy3A0_YjbJHtcBC1QNCHiQWeCwLUk,captions/ygo4_0273.json,Monster,Silent Swordsman Zero,ygo4_0273,1SCsvy3A0_YjbJHtcBC1QNCHiQWeCwLUk,new_card_first_release,,,images/ygo4_0273.png,2024-04-25,19843,1.0,exact_alias,Warrior,pending_konami_verification,39321065,,,2026-08-31T18:26:02+00:00,selected_pending_image_and_caption_qa,https://lh3.googleusercontent.com/sitesv/AG8ngQVg_YnAtvgeC4VG1GPUzDRSj6QxR8oF-DCkIcreZy_vnVTecCI9lXtOfnJtwKhemhZUs1feKc_gD1Dos9EIlJ1vWJDBpOIq5psmkWP0sV_WrPcNp0Y_HOkdBjOf0hIq3AnWAnXgXuJ-EgNVF5ORflPXafxuhO1dfVjA9Mf52YXN0f0WBZ3yiL7Ej7cGq4A=s0,thehungtd_full_art,Silent Swordsman Zero,https://sites.google.com/view/thehungtd/latest-artworks/2024/legacy-of-destruction,https://lh3.googleusercontent.com/sitesv/AG8ngQVg_YnAtvgeC4VG1GPUzDRSj6QxR8oF-DCkIcreZy_vnVTecCI9lXtOfnJtwKhemhZUs1feKc_gD1Dos9EIlJ1vWJDBpOIq5psmkWP0sV_WrPcNp0Y_HOkdBjOf0hIq3AnWAnXgXuJ-EgNVF5ORflPXafxuhO1dfVjA9Mf52YXN0f0WBZ3yiL7Ej7cGq4A=w1280,,True
,1BA4tit_E1yrbLEuvcU12VmurGPulPT8G,captions/ygo4_0274.json,Monster,Ace★Spades Speculation,ygo4_0274,1BA4tit_E1yrbLEuvcU12VmurGPulPT8G,new_card_first_release,,,images/ygo4_0274.png,2024-06-20,19935,1.0,exact_alias,Warrior,pending_konami_verification,10796448,,,2026-08-31T18:25:56+00:00,selected_pending_image_and_caption_qa,https://lh3.googleusercontent.com/sitesv/AG8ngQWsAXXg0sPv54q6bO6bZu1DyFT0qDBo4JnjEIM3DiTheclTO05u8QmSX8wkGCf5s23dImohc4XMBQEEXyfZ0kdVh5WUr56K9be4-6yZ-w5geJvFi62LNEvJ4CXxWllmus_Mc5oL2ENqGUMIn62zG7bQCvHCfW9GDqm41cWpk6Qz93VW7zC2oNPuds6GMIQ=s0,thehungtd_full_art,A★Speculation,https://sites.google.com/view/thehungtd/latest-artworks/2024/other,https://lh3.googleusercontent.com/sitesv/AG8ngQWsAXXg0sPv54q6bO6bZu1DyFT0qDBo4JnjEIM3DiTheclTO05u8QmSX8wkGCf5s23dImohc4XMBQEEXyfZ0kdVh5WUr56K9be4-6yZ-w5geJvFi62LNEvJ4CXxWllmus_Mc5oL2ENqGUMIn62zG7bQCvHCfW9GDqm41cWpk6Qz93VW7zC2oNPuds6GMIQ=w1280,,True
Toy,10DWZmBseCQdoRSE6Hn2TXHVN2q0nL1Cj,captions/ygo4_0275.json,Monster,Toy Soldier,ygo4_0275,10DWZmBseCQdoRSE6Hn2TXHVN2q0nL1Cj,new_card_first_release,,,images/ygo4_0275.png,2024-06-20,6791,1.0,exact_alias,Warrior,pending_konami_verification,65504487,,,2026-08-31T18:26:06+00:00,selected_pending_image_and_caption_qa,https://lh3.googleusercontent.com/sitesv/AG8ngQWroqIGcB1pFxzXqRmERoQGIPhChG547kUmg0sbS4jFaMni1t4xMLfYTk4hiEBHzqA5YLi8No1FYuWRECbR7Z8C6iBGvrbt09PJX9yyE-QGvFz3zmXEAijDJQ9tGzz-ZBnWxPUfW2eRBx2CyAt8Z8JSDTY_kG1J8Dij2BPKhnyAaB3Fev_3IIrmrVTP=s0,thehungtd_full_art,Toy Soldier,https://sites.google.com/view/thehungtd/latest-artworks/2024/premium-pack-2024,https://lh3.googleusercontent.com/sitesv/AG8ngQWroqIGcB1pFxzXqRmERoQGIPhChG547kUmg0sbS4jFaMni1t4xMLfYTk4hiEBHzqA5YLi8No1FYuWRECbR7Z8C6iBGvrbt09PJX9yyE-QGvFz3zmXEAijDJQ9tGzz-ZBnWxPUfW2eRBx2CyAt8Z8JSDTY_kG1J8Dij2BPKhnyAaB3Fev_3IIrmrVTP=w1280,,True
Clear,1eKO4B38Gid99Xnyj2g9beV9OiL_uBZyj,captions/ygo4_0276.json,Monster,Clear Vicious Knight,ygo4_0276,1eKO4B38Gid99Xnyj2g9beV9OiL_uBZyj,new_card_first_release,,,images/ygo4_0276.png,2024-06-22,20396,1.0,exact_alias,Warrior,pending_konami_verification,70095046,,,2026-08-31T18:26:01+00:00,selected_pending_image_and_caption_qa,https://lh3.googleusercontent.com/sitesv/AG8ngQUw783XSHPHkUOjuWGKC_1-5kuCM6WJvPCBwDefML9ht6QrCrJDYJqdAo8vk2d2tAG3MZCul7fhOQTqypzzssLdrmCfz8Dsmw-rUd8OILjYhYqYLJzLXDo7tPsMmsJV27aOZ7DAHCa3fN_sWIsIMS95FDse_RkACkMzzbvhM7UInhqyhmaGbHyg5yKDU9A=s0,thehungtd_full_art,Clear Vicious Knight,https://sites.google.com/view/thehungtd/latest-artworks/2024/animation-chronicle-2024,https://lh3.googleusercontent.com/sitesv/AG8ngQUw783XSHPHkUOjuWGKC_1-5kuCM6WJvPCBwDefML9ht6QrCrJDYJqdAo8vk2d2tAG3MZCul7fhOQTqypzzssLdrmCfz8Dsmw-rUd8OILjYhYqYLJzLXDo7tPsMmsJV27aOZ7DAHCa3fN_sWIsIMS95FDse_RkACkMzzbvhM7UInhqyhmaGbHyg5yKDU9A=w1280,,True
Millennium,1k3wjQGhY_Diuoc6Vb5qcng4rIvkSXEzV,captions/ygo4_0277.json,Monster,Shield of the Millennium Dynasty,ygo4_0277,1k3wjQGhY_Diuoc6Vb5qcng4rIvkSXEzV,new_card_first_release,,,images/ygo4_0277.png,2024-07-18,20182,1.0,exact_alias,Warrior,pending_konami_verification,1164211,,,2026-08-31T18:26:00+00:00,selected_pending_image_and_caption_qa,https://lh3.googleusercontent.com/sitesv/AG8ngQVqx4RPjydRs9XObr1QsKYspe4UE5B0Zeq8tFhHe8o2Z2xGJFbxzsE34pBj3z87ttQnI-UjmAxKhSE_nriS4uYcIYnjA9fXvCQFJCrFnW-BmwZKAUZQdDlP1H3xl7lwDGJoCqCFg9bXp2_zRpbCdZlPm_Y6_ynWR_4xOWQwAZpv_tI-FLLg8d_6QGmA=s0,thehungtd_full_art,Shield of the Millennium Dynasty,https://sites.google.com/view/thehungtd/latest-artworks/2024/infinite-forbidden,https://lh3.googleusercontent.com/sitesv/AG8ngQVqx4RPjydRs9XObr1QsKYspe4UE5B0Zeq8tFhHe8o2Z2xGJFbxzsE34pBj3z87ttQnI-UjmAxKhSE_nriS4uYcIYnjA9fXvCQFJCrFnW-BmwZKAUZQdDlP1H3xl7lwDGJoCqCFg9bXp2_zRpbCdZlPm_Y6_ynWR_4xOWQwAZpv_tI-FLLg8d_6QGmA=w1280,,True
Six Samurai,1dl0jKfGtT-cdFqsXavapUsTfwE0dbkpS,captions/ygo4_0278.json,Monster,Anarchist Monk of the Six Samurai,ygo4_0278,1dl0jKfGtT-cdFqsXavapUsTfwE0dbkpS,new_card_first_release,,,images/ygo4_0278.png,2024-07-27,20495,1.0,exact_alias,Warrior,pending_konami_verification,80570228,,,2026-08-31T18:25:58+00:00,selected_pending_image_and_caption_qa,https://lh3.googleusercontent.com/sitesv/AG8ngQXDIevG8s7SpXyptpHMO9BK2vLJD-Bz9TqzwnxBfP_tJP2IpqWFnjkynKHoc8RQGTWXfhCJgeeiGD-EKfV1BSb3NPEjwBzFtnmTPlk5ktoR7PS9uC0glnUuH7dnZjGNHjBdkf063eLepeltpug-Egi0nitHWlGI9Q_saapVNuA7ugZ1WC22tMt5MhFS38I=s0,thehungtd_full_art,Anarchist Monk of the Six Samurai,https://sites.google.com/view/thehungtd/latest-artworks/2024/rage-of-the-abyss,https://lh3.googleusercontent.com/sitesv/AG8ngQXDIevG8s7SpXyptpHMO9BK2vLJD-Bz9TqzwnxBfP_tJP2IpqWFnjkynKHoc8RQGTWXfhCJgeeiGD-EKfV1BSb3NPEjwBzFtnmTPlk5ktoR7PS9uC0glnUuH7dnZjGNHjBdkf063eLepeltpug-Egi0nitHWlGI9Q_saapVNuA7ugZ1WC22tMt5MhFS38I=w1280,,True
Six Samurai,1bKXJ-E51dRYp-0dZUJaV9-pLhVd_xh1j,captions/ygo4_0279.json,Monster,Legendary Lord Six Samurai - Enishi,ygo4_0279,1bKXJ-E51dRYp-0dZUJaV9-pLhVd_xh1j,new_card_first_release,,,images/ygo4_0279.png,2024-07-27,20516,1.0,exact_alias,Warrior,pending_konami_verification,70634245,,,2026-08-31T18:25:58+00:00,selected_pending_image_and_caption_qa,https://lh3.googleusercontent.com/sitesv/AG8ngQXhlQKjoLlelKDAqCrY792q0eY-iE4TY6wgKfUTcg2i5_ILhO8ajEwO-VMLkHHHvw5K7KtjO79636ucv2Ht870a7j0paHib9aUUw-nmpVF6onisXj81LcF68W2JH6vIKubVIYafms8SIBKk_iY0hoFyh2VC3ayGdCOHSq-TCwcEOWsuRyIlNWMlig=s0,thehungtd_full_art,Legendary Klesha Six Samurai - Enishi,https://sites.google.com/view/thehungtd/latest-artworks/2024/rage-of-the-abyss,https://lh3.googleusercontent.com/sitesv/AG8ngQXhlQKjoLlelKDAqCrY792q0eY-iE4TY6wgKfUTcg2i5_ILhO8ajEwO-VMLkHHHvw5K7KtjO79636ucv2Ht870a7j0paHib9aUUw-nmpVF6onisXj81LcF68W2JH6vIKubVIYafms8SIBKk_iY0hoFyh2VC3ayGdCOHSq-TCwcEOWsuRyIlNWMlig=w1280,,True
Six Samurai,1_wx9QM0Du0t9ZiECkMlO5SDOlRgTshXY,captions/ygo4_0280.json,Monster,Legendary Lord Six Samurai - Shi En,ygo4_0280,1_wx9QM0Du0t9ZiECkMlO5SDOlRgTshXY,new_card_first_release,,,images/ygo4_0280.png,2024-07-27,20515,1.0,exact_alias,Warrior,pending_konami_verification,34235530,,,2026-08-31T18:25:58+00:00,selected_pending_image_and_caption_qa,https://lh3.googleusercontent.com/sitesv/AG8ngQWBSQ9N1BMlWJ0wY4Ckxq11Pat_4QTVqdG63Vc1e0RIVvxXL-ysrEZUcJ3rzaY8evphjkuviJD0jQ1ZnYtM97fVUPRd1Ind6qii4oYaIoVQQLAhSpq0HcicjzoPIDjoeIHU0JN4CXox1qUCkT-xKptbOAuYs-OxkZvT0grVBBnzbR0ArudkFcLaqdj-YjA=s0,thehungtd_full_art,Legendary Klesha Six Samurai - Shi En,https://sites.google.com/view/thehungtd/latest-artworks/2024/rage-of-the-abyss,https://lh3.googleusercontent.com/sitesv/AG8ngQWBSQ9N1BMlWJ0wY4Ckxq11Pat_4QTVqdG63Vc1e0RIVvxXL-ysrEZUcJ3rzaY8evphjkuviJD0jQ1ZnYtM97fVUPRd1Ind6qii4oYaIoVQQLAhSpq0HcicjzoPIDjoeIHU0JN4CXox1qUCkT-xKptbOAuYs-OxkZvT0grVBBnzbR0ArudkFcLaqdj-YjA=w1280,,True
Six Samurai,1bUfMd6XRuOO07AMd6YrPfSjIQSPInbLI,captions/ygo4_0281.json,Monster,Tactical Trainer of the Six Samurai,ygo4_0281,1bUfMd6XRuOO07AMd6YrPfSjIQSPInbLI,new_card_first_release,,,images/ygo4_0281.png,2024-07-27,20496,1.0,exact_alias,Warrior,pending_konami_verification,16968936,,,2026-08-31T18:25:58+00:00,selected_pending_image_and_caption_qa,https://lh3.googleusercontent.com/sitesv/AG8ngQXq-NF67Kdmbb-VZQUzdB2KTQ-RX9bhO95QhsuPejyjGOCIe64aGHj605PidOO_yZCjYwxNhFMSJuI8Lcal0K2M_Ht1asKAiojK-zMNfpf6DsZvGlbdBP4fyiEsMjCfnQDhgqcz5FtDT0-m_Nv88Bn7oCx5Divt3Gs302S2z0vKfKROTXjXV2m272wsjd0=s0,thehungtd_full_art,Instructor of the Six Samurai,https://sites.google.com/view/thehungtd/latest-artworks/2024/rage-of-the-abyss,https://lh3.googleusercontent.com/sitesv/AG8ngQXq-NF67Kdmbb-VZQUzdB2KTQ-RX9bhO95QhsuPejyjGOCIe64aGHj605PidOO_yZCjYwxNhFMSJuI8Lcal0K2M_Ht1asKAiojK-zMNfpf6DsZvGlbdBP4fyiEsMjCfnQDhgqcz5FtDT0-m_Nv88Bn7oCx5Divt3Gs302S2z0vKfKROTXjXV2m272wsjd0=w1280,,True
Mimighoul,1iAM_0xRAbR2LmLiIS0Ed9c_9bNjskgY6,captions/ygo4_0282.json,Monster,Mimighoul Armor,ygo4_0282,1iAM_0xRAbR2LmLiIS0Ed9c_9bNjskgY6,new_card_first_release,,,images/ygo4_0282.png,2024-10-10,20714,1.0,exact_alias,Warrior,pending_konami_verification,11677278,,,2026-08-31T18:25:58+00:00,selected_pending_image_and_caption_qa,https://lh3.googleusercontent.com/sitesv/AG8ngQUz-5BRFJrgxFuzRFrEQwdrSMdQ0VFpW2iQeUn8twVRCJIi977jjdlIKVo5mIhOTDn9lb7xziAwZFIUW4oA3b_Lw4-E4asjLN-L6AYwo_VPBK6dVZUvUceq4whGv4gQRkL0WRQjRYGbTwGK7pmVz27qZ43F9VCIJ2lG5PRctXKPadDMRViOKGlyT4FB=s0,thehungtd_full_art,Mimighoul Armor,https://sites.google.com/view/thehungtd/latest-artworks/2024/rage-of-the-abyss,https://lh3.googleusercontent.com/sitesv/AG8ngQUz-5BRFJrgxFuzRFrEQwdrSMdQ0VFpW2iQeUn8twVRCJIi977jjdlIKVo5mIhOTDn9lb7xziAwZFIUW4oA3b_Lw4-E4asjLN-L6AYwo_VPBK6dVZUvUceq4whGv4gQRkL0WRQjRYGbTwGK7pmVz27qZ43F9VCIJ2lG5PRctXKPadDMRViOKGlyT4FB=w1280,,True
Argostars,1hOXSLoaqNqUR4xBiPYpTOkj9mY4TE_ri,captions/ygo4_0283.json,Monster,Argostars - Glorious Adra,ygo4_0283,1hOXSLoaqNqUR4xBiPYpTOkj9mY4TE_ri,new_card_first_release,,,images/ygo4_0283.png,2025-01-17,20749,1.0,exact_alias,Warrior,pending_konami_verification,91438674,,,2026-08-31T18:25:56+00:00,selected_pending_image_and_caption_qa,https://lh3.googleusercontent.com/sitesv/AG8ngQUyTWIz1Ypfy4MfQLxd7gxfz_670rarSoYJmbxtTQLdEG_BiMLCwnFyHgGavVdqyhLHCSJQOexOu87z6DMDncODzmEKz5XVFJRy8B2u7ciTnZvofAzkGxw0zlbG4b1hwwnXnwtQBV6LfzbHu3Bie50BgqrGQUokKgzf7eladkCpOhb7krIaZS0R1PQKqYI=s0,thehungtd_full_art,ARG☆S - Adra the Laurels,https://sites.google.com/view/thehungtd/latest-artworks/2024/supreme-darkness,https://lh3.googleusercontent.com/sitesv/AG8ngQUyTWIz1Ypfy4MfQLxd7gxfz_670rarSoYJmbxtTQLdEG_BiMLCwnFyHgGavVdqyhLHCSJQOexOu87z6DMDncODzmEKz5XVFJRy8B2u7ciTnZvofAzkGxw0zlbG4b1hwwnXnwtQBV6LfzbHu3Bie50BgqrGQUokKgzf7eladkCpOhb7krIaZS0R1PQKqYI=w1280,,True
,1yBC0JbrDy_4sNIiNtUQ4yGMy_dC27aXw,captions/ygo4_0284.json,Monster,Eclipse Twins,ygo4_0284,1yBC0JbrDy_4sNIiNtUQ4yGMy_dC27aXw,new_card_first_release,,,images/ygo4_0284.png,2025-01-23,20784,1.0,exact_alias,Warrior,pending_konami_verification,45852939,,,2026-08-31T18:25:56+00:00,selected_pending_image_and_caption_qa,https://lh3.googleusercontent.com/sitesv/AG8ngQXVVzcmv5AM8g8Q1g4ZAGFuAE2TLUrKjSDP7PWUWeJEcz3YWrB8DcWB5OeONWBiTSwpHNuZAlnemGeZE7hr532w2YXeV8pWOG04Q7njZ5pu74YSsy0KOWz51TOAPoLGxitlP-tDITWwr7D2S-lHnRlaV_Ml-1WjKBFLAGImGqh1ZDOSzDDfu-8hi6Zb=s0,thehungtd_full_art,Twins of the Eclipse,https://sites.google.com/view/thehungtd/latest-artworks/2024/supreme-darkness,https://lh3.googleusercontent.com/sitesv/AG8ngQXVVzcmv5AM8g8Q1g4ZAGFuAE2TLUrKjSDP7PWUWeJEcz3YWrB8DcWB5OeONWBiTSwpHNuZAlnemGeZE7hr532w2YXeV8pWOG04Q7njZ5pu74YSsy0KOWz51TOAPoLGxitlP-tDITWwr7D2S-lHnRlaV_Ml-1WjKBFLAGImGqh1ZDOSzDDfu-8hi6Zb=w1280,,True
Raidraptor,10qmRyKsl-qWKZWkMrsnG2NuC8-PHcimQ,captions/ygo4_0285.json,Monster,Raidraptor - Bloom Vulture,ygo4_0285,10qmRyKsl-qWKZWkMrsnG2NuC8-PHcimQ,new_card_first_release,,,images/ygo4_0285.png,2024-02-08,19460,1.0,exact_alias,Winged Beast,pending_konami_verification,25191307,,,2026-08-31T18:26:04+00:00,selected_pending_image_and_caption_qa,https://lh3.googleusercontent.com/sitesv/AG8ngQXkEom2YNFix-BPQQkVBAyP78SLPzVenpBj-8v1oBKLs0eiAxp-20mW_yaJdEo3z0Yqr5qezWK4hxLa_yKZfcoI8lezTTEqvDEt4G9z_0aYgjLFjdDGoroUCkdqbN370KZuyNOmOiFfJO1BoSffN0Wmcnb4rvsmJawRG6rCkpRjRiUzJaUySZ9ExbJSKK4=s0,thehungtd_full_art,Raidraptor - Bloom Vulture,https://sites.google.com/view/thehungtd/latest-artworks/2024/phantom-nightmare,https://lh3.googleusercontent.com/sitesv/AG8ngQXkEom2YNFix-BPQQkVBAyP78SLPzVenpBj-8v1oBKLs0eiAxp-20mW_yaJdEo3z0Yqr5qezWK4hxLa_yKZfcoI8lezTTEqvDEt4G9z_0aYgjLFjdDGoroUCkdqbN370KZuyNOmOiFfJO1BoSffN0Wmcnb4rvsmJawRG6rCkpRjRiUzJaUySZ9ExbJSKK4=w1280,,True
Raidraptor,1w_pgpcm6cTjEC_xc5unctbg9RALxDSvu,captions/ygo4_0286.json,Monster,Raidraptor - Brave Strix,ygo4_0286,1w_pgpcm6cTjEC_xc5unctbg9RALxDSvu,new_card_first_release,,,images/ygo4_0286.png,2024-02-08,19501,1.0,exact_alias,Winged Beast,pending_konami_verification,8617563,,,2026-08-31T18:26:04+00:00,selected_pending_image_and_caption_qa,https://lh3.googleusercontent.com/sitesv/AG8ngQWYoxbcag5UtyHlbRhfNmpnRAfS6ySfaAhmhSG8kSRKc4KDiWtRVng3_fYmZx7LWZ0lbfo2fVC-rcFY3OXjt9Ju56OpcrP8uXhi9p93Eg0c0S4eP6DlJ5n3eoinEurBGyl7Nrddfu0S9McEH1_3P4cZu8o_oZUWXteZ9LyiZlQkY0kXaQNw-oleDu0iLcM=s0,thehungtd_full_art,Raidraptor - Brave Strix,https://sites.google.com/view/thehungtd/latest-artworks/2024/phantom-nightmare,https://lh3.googleusercontent.com/sitesv/AG8ngQWYoxbcag5UtyHlbRhfNmpnRAfS6ySfaAhmhSG8kSRKc4KDiWtRVng3_fYmZx7LWZ0lbfo2fVC-rcFY3OXjt9Ju56OpcrP8uXhi9p93Eg0c0S4eP6DlJ5n3eoinEurBGyl7Nrddfu0S9McEH1_3P4cZu8o_oZUWXteZ9LyiZlQkY0kXaQNw-oleDu0iLcM=w1280,,True
Raidraptor,1FY09huHelHV55ZhS749CeK3g5fzZ1Fz-,captions/ygo4_0287.json,Monster,Raidraptor - Noir Lanius,ygo4_0287,1FY09huHelHV55ZhS749CeK3g5fzZ1Fz-,new_card_first_release,,,images/ygo4_0287.png,2024-02-08,19459,1.0,exact_alias,Winged Beast,pending_konami_verification,99707692,,,2026-08-31T18:26:04+00:00,selected_pending_image_and_caption_qa,https://lh3.googleusercontent.com/sitesv/AG8ngQVM5dp7iznl0A5WGcszL6yLWpgfMftF-GWlQaXoNegVKgIK7S23P3Xzy827oAnS9Uo1Jfg0naSDDz14s2h0266ZIO9ijuFpxcAGMgPlBjTqGHgJadXRFll3m0jTogDP3lh5IoTLLsLtrtkfyOeY6xR1GafT6d9ClvyjWcmE9_OFxMCVAWwzpMVaWaPO=s0,thehungtd_full_art,Raidraptor - Noir Lanius,https://sites.google.com/view/thehungtd/latest-artworks/2024/phantom-nightmare,https://lh3.googleusercontent.com/sitesv/AG8ngQVM5dp7iznl0A5WGcszL6yLWpgfMftF-GWlQaXoNegVKgIK7S23P3Xzy827oAnS9Uo1Jfg0naSDDz14s2h0266ZIO9ijuFpxcAGMgPlBjTqGHgJadXRFll3m0jTogDP3lh5IoTLLsLtrtkfyOeY6xR1GafT6d9ClvyjWcmE9_OFxMCVAWwzpMVaWaPO=w1280,,True
Raidraptor,1VTWPtlfpOsk1Ubg-NOpmUQJIzX39FHBZ,captions/ygo4_0288.json,Monster,Raidraptor - Rising Rebellion Falcon,ygo4_0288,1VTWPtlfpOsk1Ubg-NOpmUQJIzX39FHBZ,new_card_first_release,,,images/ygo4_0288.png,2024-02-08,19500,1.0,exact_alias,Winged Beast,pending_konami_verification,71222868,,,2026-08-31T18:26:04+00:00,selected_pending_image_and_caption_qa,https://lh3.googleusercontent.com/sitesv/AG8ngQX2SkRSpYqNE7ks1il5ryTZeBLi4Y1gUlcIv5VA7FGYUPEaQ6sgnpKWTt8SxBJk-YuR7ZdeTAD4ljpFjR9RYQyZLOBpmYDGupOABhZAGU0_E7TxlF_uHxKu-5ZX8PfM9b5N5YiVRF9zv0K9xyAmawqKACOIfx7NEbGdBko_JGW_fzX32ikvg1_ui9xhmag=s0,thehungtd_full_art,Raidraptor - Rising Rebellion Falcon,https://sites.google.com/view/thehungtd/latest-artworks/2024/phantom-nightmare,https://lh3.googleusercontent.com/sitesv/AG8ngQX2SkRSpYqNE7ks1il5ryTZeBLi4Y1gUlcIv5VA7FGYUPEaQ6sgnpKWTt8SxBJk-YuR7ZdeTAD4ljpFjR9RYQyZLOBpmYDGupOABhZAGU0_E7TxlF_uHxKu-5ZX8PfM9b5N5YiVRF9zv0K9xyAmawqKACOIfx7NEbGdBko_JGW_fzX32ikvg1_ui9xhmag=w1280,,True
Ice Barrier,1TSc7F1POERzn3okMA3iYX0Dagn_9Yxx6,captions/ygo4_0289.json,Monster,"Georgius, Swordman of the Ice Barrier",ygo4_0289,1TSc7F1POERzn3okMA3iYX0Dagn_9Yxx6,new_card_first_release,,,images/ygo4_0289.png,2024-06-20,19620,1.0,exact_alias,Winged Beast,pending_konami_verification,32991027,,,2026-08-31T18:26:06+00:00,selected_pending_image_and_caption_qa,https://lh3.googleusercontent.com/sitesv/AG8ngQXKDpbcY0WZbnlgxGYOwatpvfrHWWnm1gpfuS15ubTtvkHTkVV7xppx-ttjFZzkzZt0Smshdwi-hR1sBrUvADA7yqCG8pfNkioGvEPPVu2Dy6ajauj3p3L05JZbRzE2uFkDOTb5yDBUApXVDzig4KmY6r_g-65wLiI4H0LLo9A1s9hFydnkeiABtV4Baqg=s0,thehungtd_full_art,"Georgius, Swordsman of the Ice Barrier",https://sites.google.com/view/thehungtd/latest-artworks/2024/terminal-world,https://lh3.googleusercontent.com/sitesv/AG8ngQXKDpbcY0WZbnlgxGYOwatpvfrHWWnm1gpfuS15ubTtvkHTkVV7xppx-ttjFZzkzZt0Smshdwi-hR1sBrUvADA7yqCG8pfNkioGvEPPVu2Dy6ajauj3p3L05JZbRzE2uFkDOTb5yDBUApXVDzig4KmY6r_g-65wLiI4H0LLo9A1s9hFydnkeiABtV4Baqg=w1280,,True
Mulcharmy,1UplkrgoZ9JG7jEOjcbu9HGCB_AIvBb2l,captions/ygo4_0290.json,Monster,Mulcharmy Fuwalos,ygo4_0290,1UplkrgoZ9JG7jEOjcbu9HGCB_AIvBb2l,new_card_first_release,,,images/ygo4_0290.png,2024-07-27,20500,1.0,exact_alias,Winged Beast,pending_konami_verification,42141493,,,2026-08-31T18:25:58+00:00,selected_pending_image_and_caption_qa,https://lh3.googleusercontent.com/sitesv/AG8ngQWRKmG-nooEM0YqYl1FQ9ip5OnCv0jOCRxp7gJzynUABf_EvlBn1AdfRlv8L9Knt_PUhXbowp6KUM4n2zP2Z-Hen9rhVD7GdgTag7qSxK2cOUebE4TorZidzQ9pMsq99dfkwvynJgepL98ROlQ66hmWXN0XKmOWitYqsQFR1jaxV4lhdTlNbcjedrNz=s0,thehungtd_full_art,Mulcharmy Fuwaross,https://sites.google.com/view/thehungtd/latest-artworks/2024/rage-of-the-abyss,https://lh3.googleusercontent.com/sitesv/AG8ngQWRKmG-nooEM0YqYl1FQ9ip5OnCv0jOCRxp7gJzynUABf_EvlBn1AdfRlv8L9Knt_PUhXbowp6KUM4n2zP2Z-Hen9rhVD7GdgTag7qSxK2cOUebE4TorZidzQ9pMsq99dfkwvynJgepL98ROlQ66hmWXN0XKmOWitYqsQFR1jaxV4lhdTlNbcjedrNz=w1280,,True
Yang Zing,65536818,captions/ygo4_0291.json,Monster,"Denglong, First of the Yang Zing",ygo4_0291,,new_card_first_release,,,images/ygo4_0291.png,2016-11-03,12638,1.0,api_identity_exact,Wyrm,pending_konami_verification,65536818,,,2026-08-31T18:26:10+00:00,selected_pending_image_and_caption_qa,https://images.ygoprodeck.com/images/cards_cropped/65536818.jpg,ygoprodeck_cropped_art,"Denglong, First of the Yang Zing",https://db.ygoprodeck.com/api/v7/cardinfo.php?misc=yes,https://images.ygoprodeck.com/images/cards_cropped/65536818.jpg,,True
,1FZBH6QZj7jLDwFUYW5db9MGCqZvhsfRq,captions/ygo4_0292.json,Monster,"Varudras, the Final Bringer of the End Times",ygo4_0292,1FZBH6QZj7jLDwFUYW5db9MGCqZvhsfRq,new_card_first_release,,,images/ygo4_0292.png,2024-04-25,19886,1.0,exact_alias,Wyrm,pending_konami_verification,70636044,,,2026-08-31T18:26:02+00:00,selected_pending_image_and_caption_qa,https://lh3.googleusercontent.com/sitesv/AG8ngQXooWnrUVSVEHTfIMMCt4fjE_CxCQ2ixIvCouAPRP8UwHraPJub194FFBfrNU9uGBxTvLO8GvU9Rrv_2h_25AIgw5QdIHa_cqfmA6q9SYjUDMFuK3JPbsqmqGX8pYBWicXDtH5S_JUD5uLtIE1ABoZtpcqGy7LY7zQPqTNCcl4Wf1tWvo7Yr4BvobLDgG4=s0,thehungtd_full_art,Decanelogue - Valdrath,https://sites.google.com/view/thehungtd/latest-artworks/2024/legacy-of-destruction,https://lh3.googleusercontent.com/sitesv/AG8ngQXooWnrUVSVEHTfIMMCt4fjE_CxCQ2ixIvCouAPRP8UwHraPJub194FFBfrNU9uGBxTvLO8GvU9Rrv_2h_25AIgw5QdIHa_cqfmA6q9SYjUDMFuK3JPbsqmqGX8pYBWicXDtH5S_JUD5uLtIE1ABoZtpcqGy7LY7zQPqTNCcl4Wf1tWvo7Yr4BvobLDgG4=w1280,,True
Ritual Beast,1HE2eCjU4hO9SBPmuRcNNHr8FYuQM1Lt3,captions/ygo4_0293.json,Monster,Ritual Beast Ulti-Nochiudrago,ygo4_0293,1HE2eCjU4hO9SBPmuRcNNHr8FYuQM1Lt3,new_card_first_release,,,images/ygo4_0293.png,2024-06-20,19632,1.0,exact_alias,Wyrm,pending_konami_verification,69718652,,,2026-08-31T18:26:06+00:00,selected_pending_image_and_caption_qa,https://lh3.googleusercontent.com/sitesv/AG8ngQXxdUTW6_1mLWN3rfziFBWkadjcZWXWyKIisZlwmgjOJHYXYkgZmbEaMC_jsV5p5FthWqiEg6hk8JTfXalw5gwUwRmZXfHbFzjmPVuMUPgbhfZBYRObJWCc9mMVvnSyMwIdwolck0vqIfZxDas3J1aU3ZDR0yxPy-bDqZ2_C3phUlWNRVJxq3RYvy5_XcA=s0,thehungtd_full_art,Ritual Beast Ulti-Nochiudrago,https://sites.google.com/view/thehungtd/latest-artworks/2024/terminal-world,https://lh3.googleusercontent.com/sitesv/AG8ngQXxdUTW6_1mLWN3rfziFBWkadjcZWXWyKIisZlwmgjOJHYXYkgZmbEaMC_jsV5p5FthWqiEg6hk8JTfXalw5gwUwRmZXfHbFzjmPVuMUPgbhfZBYRObJWCc9mMVvnSyMwIdwolck0vqIfZxDas3J1aU3ZDR0yxPy-bDqZ2_C3phUlWNRVJxq3RYvy5_XcA=w1280,,True
Tenyi,1CPD3ycaltkEGeOqNwCamm1XM0Vuduf1d,captions/ygo4_0294.json,Monster,Tenyi Spirit - Mula Adhara,ygo4_0294,1CPD3ycaltkEGeOqNwCamm1XM0Vuduf1d,new_card_first_release,,,images/ygo4_0294.png,2025-01-23,20779,1.0,exact_alias,Wyrm,pending_konami_verification,73121813,,,2026-08-31T18:25:56+00:00,selected_pending_image_and_caption_qa,https://lh3.googleusercontent.com/sitesv/AG8ngQXxGwmvcWk4Y2v8E_DeXxPblVmfNvKmd4S_37SHq4_56dXGtvAw9-npykXC6xFy6cKy7kAeLuk9Vz0lsNF8G0IArZSvHlNLqYStnJFF1xzAMjWBwmZh4o0ub739hFN4tYF3PR57-e8zOLp6jRfTP9BjSxq5FZ0fMhXMtAH1TeFGHn73OcAE2YxnIj4VFO0=s0,thehungtd_full_art,Tenyi Spirit - Mula Adhara,https://sites.google.com/view/thehungtd/latest-artworks/2024/supreme-darkness,https://lh3.googleusercontent.com/sitesv/AG8ngQXxGwmvcWk4Y2v8E_DeXxPblVmfNvKmd4S_37SHq4_56dXGtvAw9-npykXC6xFy6cKy7kAeLuk9Vz0lsNF8G0IArZSvHlNLqYStnJFF1xzAMjWBwmZh4o0ub739hFN4tYF3PR57-e8zOLp6jRfTP9BjSxq5FZ0fMhXMtAH1TeFGHn73OcAE2YxnIj4VFO0=w1280,,True
Tenyi,129EB1iHhcjuIeTdPVvrlhjZI7ZbwVyJL,captions/ygo4_0295.json,Monster,Tenyi Spirit - Suruya,ygo4_0295,129EB1iHhcjuIeTdPVvrlhjZI7ZbwVyJL,new_card_first_release,,,images/ygo4_0295.png,2025-01-23,20760,1.0,exact_alias,Wyrm,pending_konami_verification,52854600,,,2026-08-31T18:25:56+00:00,selected_pending_image_and_caption_qa,https://lh3.googleusercontent.com/sitesv/AG8ngQVY3k5Qx2hPPtBH6adddaj_GOAk-K6vjJ-fBCt1SCLqvXdVrrrXglS3BSHHEtBfPPvxXWZN2Td7X-tZUmZMJwNFuhsP-GPOJpbDVQ7U6ipTeAsGV9d3e0HDzZKkN8Bes9ydXA6kw3p98H9_7PFey4bETRda4bf5wOJLuALGKbeRijdb1Fhb4Hw7guOWXwE=s0,thehungtd_full_art,Tenyi Spirit - Surya,https://sites.google.com/view/thehungtd/latest-artworks/2024/supreme-darkness,https://lh3.googleusercontent.com/sitesv/AG8ngQVY3k5Qx2hPPtBH6adddaj_GOAk-K6vjJ-fBCt1SCLqvXdVrrrXglS3BSHHEtBfPPvxXWZN2Td7X-tZUmZMJwNFuhsP-GPOJpbDVQ7U6ipTeAsGV9d3e0HDzZKkN8Bes9ydXA6kw3p98H9_7PFey4bETRda4bf5wOJLuALGKbeRijdb1Fhb4Hw7guOWXwE=w1280,,True
,1uflXplvK_zJe0saEVWsv7-pYnQ3f0cZ0,captions/ygo4_0296.json,Monster,Procession of the Tea Jar,ygo4_0296,1uflXplvK_zJe0saEVWsv7-pYnQ3f0cZ0,new_card_first_release,,,images/ygo4_0296.png,2024-02-08,19486,1.0,exact_alias,Zombie,pending_konami_verification,12612470,,,2026-08-31T18:26:04+00:00,selected_pending_image_and_caption_qa,https://lh3.googleusercontent.com/sitesv/AG8ngQUQNgQyEnt7CiRYuv6MUIMCqgJwX3gkVggUfA5cyNxTNlo1SK3Ae0MAYgf55RLLhbevNSPfNuu94iKWaBUBmgEl_VsLF7jzbqpU1bAty-JhPvmvi-ezGCNYV0-XoLIuvoxhQTpV571kHbewFasetzDYbDnelF2Ayv9kXnDNwYuvFCnNhb7h_azJdV8NjQs=s0,thehungtd_full_art,Douyou Chatsubou,https://sites.google.com/view/thehungtd/latest-artworks/2024/phantom-nightmare,https://lh3.googleusercontent.com/sitesv/AG8ngQUQNgQyEnt7CiRYuv6MUIMCqgJwX3gkVggUfA5cyNxTNlo1SK3Ae0MAYgf55RLLhbevNSPfNuu94iKWaBUBmgEl_VsLF7jzbqpU1bAty-JhPvmvi-ezGCNYV0-XoLIuvoxhQTpV571kHbewFasetzDYbDnelF2Ayv9kXnDNwYuvFCnNhb7h_azJdV8NjQs=w1280,,True
Wight,1DKgvWlDKaG_UEZd16o30XC9QYKn7RdJg,captions/ygo4_0297.json,Monster,Wightlord,ygo4_0297,1DKgvWlDKaG_UEZd16o30XC9QYKn7RdJg,new_card_first_release,,,images/ygo4_0297.png,2024-04-25,19866,1.0,exact_alias,Zombie,pending_konami_verification,22970795,,,2026-08-31T18:26:02+00:00,selected_pending_image_and_caption_qa,https://lh3.googleusercontent.com/sitesv/AG8ngQXsCHzv-NCJC822q9lNb2zdn3bky7JAPVkVcNCbyieTispFKtWB1pr5-SbPT9fAIsFNNbAkapzygXDt55aIQ2jDwr9sLqYrLQ42zVdtlz_yHAFBk7uiRllKvSxzzzVvLsVsYnrH_PllPVni567kov1qZbuY__oV7lEO4BG_2YwGEz-WrBOC2qKFurcrFWk=s0,thehungtd_full_art,Wightsworn,https://sites.google.com/view/thehungtd/latest-artworks/2024/legacy-of-destruction,https://lh3.googleusercontent.com/sitesv/AG8ngQXsCHzv-NCJC822q9lNb2zdn3bky7JAPVkVcNCbyieTispFKtWB1pr5-SbPT9fAIsFNNbAkapzygXDt55aIQ2jDwr9sLqYrLQ42zVdtlz_yHAFBk7uiRllKvSxzzzVvLsVsYnrH_PllPVni567kov1qZbuY__oV7lEO4BG_2YwGEz-WrBOC2qKFurcrFWk=w1280,,True
Mimighoul,1g9ndCUJpO197GGs3ik3K_ael-ifbKmeH,captions/ygo4_0298.json,Monster,Mimighoul Master,ygo4_0298,1g9ndCUJpO197GGs3ik3K_ael-ifbKmeH,new_card_first_release,,,images/ygo4_0298.png,2024-07-18,20428,1.0,exact_alias,Zombie,pending_konami_verification,55537983,,,2026-08-31T18:26:00+00:00,selected_pending_image_and_caption_qa,https://lh3.googleusercontent.com/sitesv/AG8ngQUrsJp-I1I6OGH-R4UJb00z6GOaaEFHq1Qw8EZQq6iTrc9U1RNodB_Pndpp2KJAqOT2JN7sNOCtt3pUESqT_giPKuS1jf3j3rtxDupNu5fl5GL8qeDyP2GTHl1zdmoSCh5BiiLd7ua3ZZq2ZZDl37BKiA-VqRGQItzfD0rvMemFJvgfpMgllzylLc4zpkM=s0,thehungtd_full_art,Mimighoul Master,https://sites.google.com/view/thehungtd/latest-artworks/2024/infinite-forbidden,https://lh3.googleusercontent.com/sitesv/AG8ngQUrsJp-I1I6OGH-R4UJb00z6GOaaEFHq1Qw8EZQq6iTrc9U1RNodB_Pndpp2KJAqOT2JN7sNOCtt3pUESqT_giPKuS1jf3j3rtxDupNu5fl5GL8qeDyP2GTHl1zdmoSCh5BiiLd7ua3ZZq2ZZDl37BKiA-VqRGQItzfD0rvMemFJvgfpMgllzylLc4zpkM=w1280,,True
,1q386OrSexUPoKvnEry9dRSGqvdkUdVIy,captions/ygo4_0299.json,Monster,"Flying Mary, the Wandering Ghost Ship",ygo4_0299,1q386OrSexUPoKvnEry9dRSGqvdkUdVIy,new_card_first_release,,,images/ygo4_0299.png,2024-07-27,20523,1.0,exact_alias,Zombie,pending_konami_verification,95784714,,,2026-08-31T18:25:58+00:00,selected_pending_image_and_caption_qa,https://lh3.googleusercontent.com/sitesv/AG8ngQUaR1KKsbCeJJshNR-vMTSacCh1SP_qsFjxA4yPYODeVIAD2MEHHTatFjYn-86Y4KzCj3qMQChcwSDX84dxh_4vyWMrfOzKobsqXfmo2H1ZjZFe67ppnO1VRmGzmVybm3coPd4-TcCnvYulUKYPcjVmov4ksuWmRruuqjWYAn6ZlB27AnYI7E4sOfobXRU=s0,thehungtd_full_art,Flying Mary,https://sites.google.com/view/thehungtd/latest-artworks/2024/rage-of-the-abyss,https://lh3.googleusercontent.com/sitesv/AG8ngQUaR1KKsbCeJJshNR-vMTSacCh1SP_qsFjxA4yPYODeVIAD2MEHHTatFjYn-86Y4KzCj3qMQChcwSDX84dxh_4vyWMrfOzKobsqXfmo2H1ZjZFe67ppnO1VRmGzmVybm3coPd4-TcCnvYulUKYPcjVmov4ksuWmRruuqjWYAn6ZlB27AnYI7E4sOfobXRU=w1280,,True
,1P5sV85a7a8u1L0PkmQjd6QI03U2NsKuI,captions/ygo4_0300.json,Monster,Wandering Titan of Tartarus,ygo4_0300,1P5sV85a7a8u1L0PkmQjd6QI03U2NsKuI,new_card_first_release,,,images/ygo4_0300.png,2024-07-27,20497,1.0,exact_alias,Zombie,pending_konami_verification,43363035,,,2026-08-31T18:25:58+00:00,selected_pending_image_and_caption_qa,https://lh3.googleusercontent.com/sitesv/AG8ngQXi2vdw4MMnpByaAzQdjP1cuKIwHwrG4ya_EIRhM2m1o396w_CSSEdoypVQijrXJ-GaxzuBU1M0ewZRy9SMev1mx5cn5caoLjkSuNna-rNneXN3y9PbqVYJNB5u7j0BxeQGVp_XoinYRK8OW2zQrq1GzCDwPPyqqUdsQVrnSam_mbFs4CNBBlqztikKfUM=s0,thehungtd_full_art,Transient Titan of Tartarus,https://sites.google.com/view/thehungtd/latest-artworks/2024/rage-of-the-abyss,https://lh3.googleusercontent.com/sitesv/AG8ngQXi2vdw4MMnpByaAzQdjP1cuKIwHwrG4ya_EIRhM2m1o396w_CSSEdoypVQijrXJ-GaxzuBU1M0ewZRy9SMev1mx5cn5caoLjkSuNna-rNneXN3y9PbqVYJNB5u7j0BxeQGVp_XoinYRK8OW2zQrq1GzCDwPPyqqUdsQVrnSam_mbFs4CNBBlqztikKfUM=w1280,,True
Constellar,4820694,captions/ygo4_0301.json,Spell,Constellar Tempest,ygo4_0301,,new_card_first_release,,,images/ygo4_0301.png,2016-11-03,11454,1.0,api_identity_exact,,pending_konami_verification,4820694,,,2026-08-31T18:26:10+00:00,selected_pending_image_and_caption_qa,https://images.ygoprodeck.com/images/cards_cropped/4820694.jpg,ygoprodeck_cropped_art,Constellar Tempest,https://db.ygoprodeck.com/api/v7/cardinfo.php?misc=yes,https://images.ygoprodeck.com/images/cards_cropped/4820694.jpg,Continuous,True
Abyss Actor,86578200,captions/ygo4_0302.json,Spell,Abyss Prop - Wild Wagon,ygo4_0302,,new_card_first_release,,,images/ygo4_0302.png,2016-11-17,12720,1.0,api_identity_exact,,pending_konami_verification,86578200,,,2026-08-31T18:26:10+00:00,selected_pending_image_and_caption_qa,https://images.ygoprodeck.com/images/cards_cropped/86578200.jpg,ygoprodeck_cropped_art,Abyss Prop - Wild Wagon,https://db.ygoprodeck.com/api/v7/cardinfo.php?misc=yes,https://images.ygoprodeck.com/images/cards_cropped/86578200.jpg,Continuous,True
D/D,45974017,captions/ygo4_0303.json,Spell,Dark Contract with the Yamimakai,ygo4_0303,,new_card_first_release,,,images/ygo4_0303.png,2017-01-19,12230,1.0,api_identity_exact,,pending_konami_verification,45974017,,,2026-08-31T18:26:10+00:00,selected_pending_image_and_caption_qa,https://images.ygoprodeck.com/images/cards_cropped/45974017.jpg,ygoprodeck_cropped_art,Dark Contract with the Yamimakai,https://db.ygoprodeck.com/api/v7/cardinfo.php?misc=yes,https://images.ygoprodeck.com/images/cards_cropped/45974017.jpg,Continuous,True
D/D,60168186,captions/ygo4_0304.json,Spell,Dark Contract with the Entities,ygo4_0304,,new_card_first_release,,,images/ygo4_0304.png,2017-02-09,12867,1.0,api_identity_exact,,pending_konami_verification,60168186,,,2026-08-31T18:26:10+00:00,selected_pending_image_and_caption_qa,https://images.ygoprodeck.com/images/cards_cropped/60168186.jpg,ygoprodeck_cropped_art,Dark Contract with the Entities,https://db.ygoprodeck.com/api/v7/cardinfo.php?misc=yes,https://images.ygoprodeck.com/images/cards_cropped/60168186.jpg,Continuous,True
Flame Swordsman,1d0iMncm5DNFyrRl9hQhi8pVLkYzrGYP0,captions/ygo4_0305.json,Spell,Flame Swordsrealm,ygo4_0305,1d0iMncm5DNFyrRl9hQhi8pVLkYzrGYP0,new_card_first_release,,,images/ygo4_0305.png,2024-01-18,19729,1.0,exact_alias,,pending_konami_verification,73714736,,,2026-08-31T18:25:57+00:00,selected_pending_image_and_caption_qa,https://lh3.googleusercontent.com/sitesv/AG8ngQUxch7Lhc8dB9mDsGXWPmZ3Ftsq28YQN5IIehHg70srYk_LBTCqGbPaq89gB4NuAN5feUV8h5bE6q-0ExfLrmRPYHA33hlekj6MXcMJmsZSO1G723cbyjR8a0IKR5H0ZkAVTDhMF0NVSv1dS8YfSk3aFJU141PJnGwhv_aw5yYZtAu-5xsPUbjvVsrh=s0,thehungtd_full_art,Flame Swordsrealm,https://sites.google.com/view/thehungtd/latest-artworks/2024/world-premiere-pack-2024,https://lh3.googleusercontent.com/sitesv/AG8ngQUxch7Lhc8dB9mDsGXWPmZ3Ftsq28YQN5IIehHg70srYk_LBTCqGbPaq89gB4NuAN5feUV8h5bE6q-0ExfLrmRPYHA33hlekj6MXcMJmsZSO1G723cbyjR8a0IKR5H0ZkAVTDhMF0NVSv1dS8YfSk3aFJU141PJnGwhv_aw5yYZtAu-5xsPUbjvVsrh=w1280,Continuous,True
Raidraptor,1YEj7aX0_N2VyGkF3u5F61TShnceTjbYx,captions/ygo4_0306.json,Spell,Raidraptor - Roost,ygo4_0306,1YEj7aX0_N2VyGkF3u5F61TShnceTjbYx,new_card_first_release,,,images/ygo4_0306.png,2024-02-08,19512,1.0,exact_alias,,pending_konami_verification,64049553,,,2026-08-31T18:26:04+00:00,selected_pending_image_and_caption_qa,https://lh3.googleusercontent.com/sitesv/AG8ngQUAotCQ95RZ51_YggTyNUojG9LuJ60Ob6cCJA2x7h24dvX77CKoQWheupYP2Zk3n50ldRljW1KoN0M7ktg7we798ufEs5i9M8EoK5MYXnpFGN--1JZ-JBiEWZe-5fzKFaky6P12Yr0br9rcUjkDwdGqToERl8G8Vwgazbmht6eR8OO31hmQzWOaXhOHRyM=s0,thehungtd_full_art,Raidraptor - Roost,https://sites.google.com/view/thehungtd/latest-artworks/2024/phantom-nightmare,https://lh3.googleusercontent.com/sitesv/AG8ngQUAotCQ95RZ51_YggTyNUojG9LuJ60Ob6cCJA2x7h24dvX77CKoQWheupYP2Zk3n50ldRljW1KoN0M7ktg7we798ufEs5i9M8EoK5MYXnpFGN--1JZ-JBiEWZe-5fzKFaky6P12Yr0br9rcUjkDwdGqToERl8G8Vwgazbmht6eR8OO31hmQzWOaXhOHRyM=w1280,Continuous,True
,1JKbmqkVDcPm5bMunTWxAgwsQqWPn6L7X,captions/ygo4_0307.json,Spell,Sunset Beat,ygo4_0307,1JKbmqkVDcPm5bMunTWxAgwsQqWPn6L7X,new_card_first_release,,,images/ygo4_0307.png,2024-02-08,19831,1.0,exact_alias,,pending_konami_verification,42510430,,,2026-08-31T18:25:57+00:00,selected_pending_image_and_caption_qa,https://lh3.googleusercontent.com/sitesv/AG8ngQUMItoG28ZlW2ctwPnq1vJAdsZscBYENShLehN16NAq3SspvFIP4nvOUzAIADBlZ0M0ktASmSlWxI4b1F4TKYquSCwxHlrIdc4Xq6Yy9ZI5dhxtb-pgXkCU1I3umnEJaSHqxlgqWa_pdVPuJrvvXc5BJzBuYliea_2jcmnOLneqPnv-OL_ehjbnmCvLmLw=s0,thehungtd_full_art,Sunset Beat,https://sites.google.com/view/thehungtd/latest-artworks/2024/world-premiere-pack-2024,https://lh3.googleusercontent.com/sitesv/AG8ngQUMItoG28ZlW2ctwPnq1vJAdsZscBYENShLehN16NAq3SspvFIP4nvOUzAIADBlZ0M0ktASmSlWxI4b1F4TKYquSCwxHlrIdc4Xq6Yy9ZI5dhxtb-pgXkCU1I3umnEJaSHqxlgqWa_pdVPuJrvvXc5BJzBuYliea_2jcmnOLneqPnv-OL_ehjbnmCvLmLw=w1280,Continuous,True
White,1fG9j8IOWkmeJSzqxL_CrVaefLQPdDRiA,captions/ygo4_0308.json,Spell,White Reincarnation,ygo4_0308,1fG9j8IOWkmeJSzqxL_CrVaefLQPdDRiA,new_card_first_release,,,images/ygo4_0308.png,2024-02-08,19513,1.0,exact_alias,,pending_konami_verification,91434208,,,2026-08-31T18:26:04+00:00,selected_pending_image_and_caption_qa,https://lh3.googleusercontent.com/sitesv/AG8ngQUGTRTUAFhEiPW1cyVLhcPrPhva7UhG222qDCV09q5bEVFFeIoeIWUlrK8iEzogm0k2WdIkQz4XgTY7sd6nwaSTCWTJhQ9P5-Crf6GOeevRmK1WgNck5CQJzHdLIUI57O2Amij6ho7KVlsGmGD-VGknOfgIkEDRl8Lmx0qijh3afSkIkXcKuRHkgGB4qGo=s0,thehungtd_full_art,White Reincarnation,https://sites.google.com/view/thehungtd/latest-artworks/2024/phantom-nightmare,https://lh3.googleusercontent.com/sitesv/AG8ngQUGTRTUAFhEiPW1cyVLhcPrPhva7UhG222qDCV09q5bEVFFeIoeIWUlrK8iEzogm0k2WdIkQz4XgTY7sd6nwaSTCWTJhQ9P5-Crf6GOeevRmK1WgNck5CQJzHdLIUI57O2Amij6ho7KVlsGmGD-VGknOfgIkEDRl8Lmx0qijh3afSkIkXcKuRHkgGB4qGo=w1280,Continuous,True
Ancient Gear,1PMjfeWRWIUftoZ8s73pe6X0DhR6uKKap,captions/ygo4_0309.json,Spell,Ancient Gear Advance,ygo4_0309,1PMjfeWRWIUftoZ8s73pe6X0DhR6uKKap,new_card_first_release,,,images/ygo4_0309.png,2024-04-25,19896,1.0,exact_alias,,pending_konami_verification,4064925,,,2026-08-31T18:26:02+00:00,selected_pending_image_and_caption_qa,https://lh3.googleusercontent.com/sitesv/AG8ngQVYhKjxz3ubWaBWU3MMC0Tvrlq7a89YTzC3c6rKBISYiOf9c97-wDe1Z47fy2TGyHbBR-bFvQIuiq94fe_0jee8P9EclqeH2n_q5OlxTEKLj0Y7M8XRRwiWt6GlsNUasdriAvRBna0crOnOWumBPJMtn48ZCMAiCfEYYC2bzG3rCwio8AWkTCba_w=s0,thehungtd_full_art,Ancient Gear Advance,https://sites.google.com/view/thehungtd/latest-artworks/2024/legacy-of-destruction,https://lh3.googleusercontent.com/sitesv/AG8ngQVYhKjxz3ubWaBWU3MMC0Tvrlq7a89YTzC3c6rKBISYiOf9c97-wDe1Z47fy2TGyHbBR-bFvQIuiq94fe_0jee8P9EclqeH2n_q5OlxTEKLj0Y7M8XRRwiWt6GlsNUasdriAvRBna0crOnOWumBPJMtn48ZCMAiCfEYYC2bzG3rCwio8AWkTCba_w=w1280,Continuous,True
Shining Sarcophagus,1oUDjzILY4UVS-wj6wwajp4v__HbJGkhA,captions/ygo4_0310.json,Spell,Shining Sarcophagus,ygo4_0310,1oUDjzILY4UVS-wj6wwajp4v__HbJGkhA,new_card_first_release,,,images/ygo4_0310.png,2024-04-25,19892,1.0,exact_alias,,pending_konami_verification,79791878,,,2026-08-31T18:26:02+00:00,selected_pending_image_and_caption_qa,https://lh3.googleusercontent.com/sitesv/AG8ngQXGhAHvNnAonWJTSUxH1EWIUlog_6T4ASvTPYs6Ho3zQkAA6Nv24t8Y9O73Td6-MecyNRZKBEza2i-Je-X9zalLwRdMW6Kq_fT8OVhLgbV94e9b1t8jxDopt9ubD2rXHMMGLyNCrJnXfb6o7zNeR9ymLxB0m47YIsJVypzPcOMvWtFmRWRz9fuooG_WMVc=s0,thehungtd_full_art,Gold Sarcophagus of Light,https://sites.google.com/view/thehungtd/latest-artworks/2024/legacy-of-destruction,https://lh3.googleusercontent.com/sitesv/AG8ngQXGhAHvNnAonWJTSUxH1EWIUlog_6T4ASvTPYs6Ho3zQkAA6Nv24t8Y9O73Td6-MecyNRZKBEza2i-Je-X9zalLwRdMW6Kq_fT8OVhLgbV94e9b1t8jxDopt9ubD2rXHMMGLyNCrJnXfb6o7zNeR9ymLxB0m47YIsJVypzPcOMvWtFmRWRz9fuooG_WMVc=w1280,Continuous,True
,1c8jWRS9bAuZ40sj1b9jMtyR2_PH1aULT,captions/ygo4_0311.json,Spell,Gathering Light,ygo4_0311,1c8jWRS9bAuZ40sj1b9jMtyR2_PH1aULT,new_card_first_release,,,images/ygo4_0311.png,2024-06-20,19744,1.0,exact_alias,,pending_konami_verification,69802283,,,2026-08-31T18:26:06+00:00,selected_pending_image_and_caption_qa,https://lh3.googleusercontent.com/sitesv/AG8ngQXaYzZhieSqMUARetXTsKVRzRN6YsD2djqofgWAH3BZbQzUPF8TY8GvQhLotwXZHs8PQpBoJ-p-_6RKXoBhZROVptHCsL0bAIKFp5NxScirrO5fKYl2sD-R8ojbgGjU6lvvBCdee4GWvsgyg82y5ysH10Jebyp1f6jmZu0FUfeRZeLSSMagAyU1RUq7GL8=s0,thehungtd_full_art,Gathering Light,https://sites.google.com/view/thehungtd/latest-artworks/2024/premium-pack-2024,https://lh3.googleusercontent.com/sitesv/AG8ngQXaYzZhieSqMUARetXTsKVRzRN6YsD2djqofgWAH3BZbQzUPF8TY8GvQhLotwXZHs8PQpBoJ-p-_6RKXoBhZROVptHCsL0bAIKFp5NxScirrO5fKYl2sD-R8ojbgGjU6lvvBCdee4GWvsgyg82y5ysH10Jebyp1f6jmZu0FUfeRZeLSSMagAyU1RUq7GL8=w1280,Continuous,True
Ritual Beast,1O7_PUF69MRWwsVCz50nrW21flnhWxkoi,captions/ygo4_0312.json,Spell,Ritual Beast Inheritance,ygo4_0312,1O7_PUF69MRWwsVCz50nrW21flnhWxkoi,new_card_first_release,,,images/ygo4_0312.png,2024-06-20,19634,1.0,exact_alias,,pending_konami_verification,22501005,,,2026-08-31T18:26:06+00:00,selected_pending_image_and_caption_qa,https://lh3.googleusercontent.com/sitesv/AG8ngQVGYcRDVdzXIsTi64tXLhm7f3NocmTJ29eWbdTBaAzoilbQWZm-HUD6UstRooedPMqBvg9pYsUDkyAdXwTPe2j48FnhpEFqMyBqVqdURjftVDSmwYLoIGU-pSXYMZPcIjUq7-V0MpI044kkY6wccYfJcnA_SkKmsInL7q2aaGasgGF2twzxw0BMosRHIwM=s0,thehungtd_full_art,Ritual Beast Inheritance,https://sites.google.com/view/thehungtd/latest-artworks/2024/terminal-world,https://lh3.googleusercontent.com/sitesv/AG8ngQVGYcRDVdzXIsTi64tXLhm7f3NocmTJ29eWbdTBaAzoilbQWZm-HUD6UstRooedPMqBvg9pYsUDkyAdXwTPe2j48FnhpEFqMyBqVqdURjftVDSmwYLoIGU-pSXYMZPcIjUq7-V0MpI044kkY6wccYfJcnA_SkKmsInL7q2aaGasgGF2twzxw0BMosRHIwM=w1280,Continuous,True
Void,1aWIqTw-L1_hMOZ-6-4P2astCyK5VIYmd,captions/ygo4_0313.json,Spell,Void Breach,ygo4_0313,1aWIqTw-L1_hMOZ-6-4P2astCyK5VIYmd,new_card_first_release,,,images/ygo4_0313.png,2024-06-20,19630,1.0,exact_alias,,pending_konami_verification,96235944,,,2026-08-31T18:26:06+00:00,selected_pending_image_and_caption_qa,https://lh3.googleusercontent.com/sitesv/AG8ngQVtazFYspzxL9TiTHsIXcELArVT77CTy4cYApSIAi1UB05gI2MgQVwAZaIDcwJKKRf5g-l2jWJW_AVfmXtK-m0n-BDecb2tXAGo5L-2aQ91m1IufpQaSzyIVSb8hkESDXcF1a1n5mGeUolAIT3TP9mTYB-wtHE6d5WTrYB7-FGLF5jbKBZVqWxc4STj=s0,thehungtd_full_art,Void Barrier,https://sites.google.com/view/thehungtd/latest-artworks/2024/terminal-world,https://lh3.googleusercontent.com/sitesv/AG8ngQVtazFYspzxL9TiTHsIXcELArVT77CTy4cYApSIAi1UB05gI2MgQVwAZaIDcwJKKRf5g-l2jWJW_AVfmXtK-m0n-BDecb2tXAGo5L-2aQ91m1IufpQaSzyIVSb8hkESDXcF1a1n5mGeUolAIT3TP9mTYB-wtHE6d5WTrYB7-FGLF5jbKBZVqWxc4STj=w1280,Continuous,True
,1-cZDVsl3H14-khbMC0lTwofJiodHJI5c,captions/ygo4_0314.json,Spell,Allure Dance,ygo4_0314,1-cZDVsl3H14-khbMC0lTwofJiodHJI5c,new_card_first_release,,,images/ygo4_0314.png,2024-06-22,20416,1.0,exact_alias,,pending_konami_verification,68316358,,,2026-08-31T18:26:01+00:00,selected_pending_image_and_caption_qa,https://lh3.googleusercontent.com/sitesv/AG8ngQU5obawyf_OZisj5lG0o4YdRXRRwc2V4vZZ7fHHVWl41bQujdzQzUlYBg3JyolXqafkCUyMpDDhrIDioLRt5sUHCPpy910eAdQr-c9aZ2JLupvotmGuTpzOlCSua3mYVKujZOjsojT4EFPmSdzfg4qgZLA4jqFz8HmeyrYItC-AtVQysKzfgv381_cUljA=s0,thehungtd_full_art,Allure Dance,https://sites.google.com/view/thehungtd/latest-artworks/2024/animation-chronicle-2024,https://lh3.googleusercontent.com/sitesv/AG8ngQU5obawyf_OZisj5lG0o4YdRXRRwc2V4vZZ7fHHVWl41bQujdzQzUlYBg3JyolXqafkCUyMpDDhrIDioLRt5sUHCPpy910eAdQr-c9aZ2JLupvotmGuTpzOlCSua3mYVKujZOjsojT4EFPmSdzfg4qgZLA4jqFz8HmeyrYItC-AtVQysKzfgv381_cUljA=w1280,Continuous,True
Clear,1OiGaYbCATNDW5pJPnIhXRRjbCUajDHwp,captions/ygo4_0315.json,Spell,Clear Wall,ygo4_0315,1OiGaYbCATNDW5pJPnIhXRRjbCUajDHwp,new_card_first_release,,,images/ygo4_0315.png,2024-06-22,20397,1.0,exact_alias,,pending_konami_verification,6089145,,,2026-08-31T18:26:01+00:00,selected_pending_image_and_caption_qa,https://lh3.googleusercontent.com/sitesv/AG8ngQX_IuVY7Osxa2ts1ReO3MXW8dZT0fQealzlRQRxSrdh7gHZCmQzNJVAjIZk5V_15ZSAo9B1bv1kX6Aoj93TDNhFirEXXNtR5at1WRvZejKdjlYstqY-NH66PQSgY085eVGSqR2_dEsAWGqOu6ZNXALOG9N1yJxeJZZHC05EnQM4EgTB183P6FIv4swszNs=s0,thehungtd_full_art,Clear Wall,https://sites.google.com/view/thehungtd/latest-artworks/2024/animation-chronicle-2024,https://lh3.googleusercontent.com/sitesv/AG8ngQX_IuVY7Osxa2ts1ReO3MXW8dZT0fQealzlRQRxSrdh7gHZCmQzNJVAjIZk5V_15ZSAo9B1bv1kX6Aoj93TDNhFirEXXNtR5at1WRvZejKdjlYstqY-NH66PQSgY085eVGSqR2_dEsAWGqOu6ZNXALOG9N1yJxeJZZHC05EnQM4EgTB183P6FIv4swszNs=w1280,Continuous,True
,1pqgmyDPoBkZwK2fGBn9-bb53mrrkOWiC,captions/ygo4_0316.json,Spell,That's 10!,ygo4_0316,1pqgmyDPoBkZwK2fGBn9-bb53mrrkOWiC,new_card_first_release,,,images/ygo4_0316.png,2024-07-18,20246,1.0,exact_alias,,pending_konami_verification,97223101,,,2026-08-31T18:26:00+00:00,selected_pending_image_and_caption_qa,https://lh3.googleusercontent.com/sitesv/AG8ngQUWf6Hku35MRXZLtAOXPQsQjXe70Uy52q4KijVahyvoRirwhRNp48U3E0hQ1pfFjiPg8SAAalc7W8MfTjoYR8MmlGjX0iNnoGQQ71hQ_ev-E-J6Cwt7KgwletvYmdznjsB1p60AdfOjmGWSxQI5iurW_xtnI17nU4fOWhgqpyghFyxBm27UAIj6y6At-HQ=s0,thehungtd_full_art,BBS - Be Back Site,https://sites.google.com/view/thehungtd/latest-artworks/2024/infinite-forbidden,https://lh3.googleusercontent.com/sitesv/AG8ngQUWf6Hku35MRXZLtAOXPQsQjXe70Uy52q4KijVahyvoRirwhRNp48U3E0hQ1pfFjiPg8SAAalc7W8MfTjoYR8MmlGjX0iNnoGQQ71hQ_ev-E-J6Cwt7KgwletvYmdznjsB1p60AdfOjmGWSxQI5iurW_xtnI17nU4fOWhgqpyghFyxBm27UAIj6y6At-HQ=w1280,Continuous,True
Sinful Spoils,1hTiF8sEEymVkAkoGyqYfSQXwjwmj8SF7,captions/ygo4_0317.json,Spell,Deception of the Sinful Spoils,ygo4_0317,1hTiF8sEEymVkAkoGyqYfSQXwjwmj8SF7,new_card_first_release,,,images/ygo4_0317.png,2024-07-27,20531,1.0,exact_alias,,pending_konami_verification,66328392,,,2026-08-31T18:25:58+00:00,selected_pending_image_and_caption_qa,https://lh3.googleusercontent.com/sitesv/AG8ngQV7SF8_04gQ2-HAJICwbQ_AgqSpVrsiwtwGI0a8Y3draDTg-wyFBIECPubem7Vq9QzauBBllHejwxstrgCAT6VSGiuTZ0IumdLELtcPjwtgByh8INzWxEcBNhjbvKkdozd4Uq8uq0xgl2fPswxLQLqEq4gbTH5gqNg7_Dt8ejNHIHSQ5WqsVlZ3T3aNStE=s0,thehungtd_full_art,Sinful Spoils Deception,https://sites.google.com/view/thehungtd/latest-artworks/2024/rage-of-the-abyss,https://lh3.googleusercontent.com/sitesv/AG8ngQV7SF8_04gQ2-HAJICwbQ_AgqSpVrsiwtwGI0a8Y3draDTg-wyFBIECPubem7Vq9QzauBBllHejwxstrgCAT6VSGiuTZ0IumdLELtcPjwtgByh8INzWxEcBNhjbvKkdozd4Uq8uq0xgl2fPswxLQLqEq4gbTH5gqNg7_Dt8ejNHIHSQ5WqsVlZ3T3aNStE=w1280,Continuous,True
Primite,1mPC2Fyu2FJJDF7KFED1c6qQFLvurgDUE,captions/ygo4_0318.json,Spell,Primite Lordly Lode,ygo4_0318,1mPC2Fyu2FJJDF7KFED1c6qQFLvurgDUE,new_card_first_release,,,images/ygo4_0318.png,2024-07-27,20534,1.0,exact_alias,,pending_konami_verification,56506740,,,2026-08-31T18:25:58+00:00,selected_pending_image_and_caption_qa,https://lh3.googleusercontent.com/sitesv/AG8ngQXweUnIdEjeXAtUe3beukWlUl2G-3VdtxZhnUJ52iopauSkmCAcLflj496XBZueYBzvDAyOSzCHhjzPxgb46MaxLJ1cyN5BJrTcSDO_Uut0mvGQREoQZl5k1X-ro-S18GI2L3dS_g0hK0E-Qgs71ZbrFESkyHmkEDc7tMd3lJZHZbolY4c8RX1T1WcXENo=s0,thehungtd_full_art,Primoredial Imperialode,https://sites.google.com/view/thehungtd/latest-artworks/2024/rage-of-the-abyss,https://lh3.googleusercontent.com/sitesv/AG8ngQXweUnIdEjeXAtUe3beukWlUl2G-3VdtxZhnUJ52iopauSkmCAcLflj496XBZueYBzvDAyOSzCHhjzPxgb46MaxLJ1cyN5BJrTcSDO_Uut0mvGQREoQZl5k1X-ro-S18GI2L3dS_g0hK0E-Qgs71ZbrFESkyHmkEDc7tMd3lJZHZbolY4c8RX1T1WcXENo=w1280,Continuous,True
Sangen,1jCOydBhNMet050KmAx7N8aIjJof--5Mg,captions/ygo4_0319.json,Spell,Sangen Furo,ygo4_0319,1jCOydBhNMet050KmAx7N8aIjJof--5Mg,new_card_first_release,,,images/ygo4_0319.png,2024-07-27,20537,1.0,exact_alias,,pending_konami_verification,55484152,,,2026-08-31T18:25:58+00:00,selected_pending_image_and_caption_qa,https://lh3.googleusercontent.com/sitesv/AG8ngQVmvPvf0LY08jJj41hnHd5JG86QckIhjI2A-lHNI-yaEvS3HSswPsBc5yHAWcW3YwF5OGrQN4kl2cloEXqVeINNUaMqTx-d7-mWdtGfOUQ8uzhwMJNG0uUZe1FCKNnmVtATD1h4xqBAWwc5KYNE84O3h2wbPQnOspQiqdaoh1x8F6VqyajCOwNiENr3nm8=s0,thehungtd_full_art,Sangen Fuuro,https://sites.google.com/view/thehungtd/latest-artworks/2024/rage-of-the-abyss,https://lh3.googleusercontent.com/sitesv/AG8ngQVmvPvf0LY08jJj41hnHd5JG86QckIhjI2A-lHNI-yaEvS3HSswPsBc5yHAWcW3YwF5OGrQN4kl2cloEXqVeINNUaMqTx-d7-mWdtGfOUQ8uzhwMJNG0uUZe1FCKNnmVtATD1h4xqBAWwc5KYNE84O3h2wbPQnOspQiqdaoh1x8F6VqyajCOwNiENr3nm8=w1280,Continuous,True
,1H4K37kljC41M-9cDWnfeAn6SiAUUuyVh,captions/ygo4_0320.json,Spell,Token Support,ygo4_0320,1H4K37kljC41M-9cDWnfeAn6SiAUUuyVh,new_card_first_release,,,images/ygo4_0320.png,2024-07-27,20543,1.0,exact_alias,,pending_konami_verification,53545926,,,2026-08-31T18:25:58+00:00,selected_pending_image_and_caption_qa,https://lh3.googleusercontent.com/sitesv/AG8ngQWyBIF02DPwRMHKAuJ0mNItp5XnQOIjbW-VXu29_r-IFhDAEwbggFXJ0i4xkYfmEvyYZZamkDSULG_Aer6-q7OdTrPzamYi_J8f-U3D9jmULRJca7mjqDz137zhX8ORzWdvVhEsDM4RbrkKVAhJ5fwrQh6gLzLqYaBwIdR35GmauKoKErGm8Oe43ng45ug=s0,thehungtd_full_art,Token Alliance,https://sites.google.com/view/thehungtd/latest-artworks/2024/rage-of-the-abyss,https://lh3.googleusercontent.com/sitesv/AG8ngQWyBIF02DPwRMHKAuJ0mNItp5XnQOIjbW-VXu29_r-IFhDAEwbggFXJ0i4xkYfmEvyYZZamkDSULG_Aer6-q7OdTrPzamYi_J8f-U3D9jmULRJca7mjqDz137zhX8ORzWdvVhEsDM4RbrkKVAhJ5fwrQh6gLzLqYaBwIdR35GmauKoKErGm8Oe43ng45ug=w1280,Continuous,True
Mimighoul,1Wz7Lf-tCVMI7LAJjeq-bygJzm_VplGNi,captions/ygo4_0321.json,Spell,Mimighoul Charm,ygo4_0321,1Wz7Lf-tCVMI7LAJjeq-bygJzm_VplGNi,new_card_first_release,,,images/ygo4_0321.png,2024-10-04,20720,1.0,exact_alias,,pending_konami_verification,55733143,,,2026-08-31T18:25:58+00:00,selected_pending_image_and_caption_qa,https://lh3.googleusercontent.com/sitesv/AG8ngQVq08CoZ3MoAsOjcJRlXU6eomOt1FZRo8v7D2N1ek-YRhsYcpuLlbQyUNUeNUqxhz8Kzmks_5GjlPRnojsg6Qjzxxc8z2um_ldnB9LuD85XBkLitISyfypyUOUZjLzx4rWsF9ZChPxQ9ue5uoCjLzhze2F2vr3ltw2m2m-Pz9_f1mGcQUubwBUIeeXP=s0,thehungtd_full_art,Mimighoul Charm,https://sites.google.com/view/thehungtd/latest-artworks/2024/rage-of-the-abyss,https://lh3.googleusercontent.com/sitesv/AG8ngQVq08CoZ3MoAsOjcJRlXU6eomOt1FZRo8v7D2N1ek-YRhsYcpuLlbQyUNUeNUqxhz8Kzmks_5GjlPRnojsg6Qjzxxc8z2um_ldnB9LuD85XBkLitISyfypyUOUZjLzx4rWsF9ZChPxQ9ue5uoCjLzhze2F2vr3ltw2m2m-Pz9_f1mGcQUubwBUIeeXP=w1280,Continuous,True
Crystron,1AmEYhn5EVBjWd9DJ-SyP362TVez5RsUn,captions/ygo4_0322.json,Spell,Crystron Inclusion,ygo4_0322,1AmEYhn5EVBjWd9DJ-SyP362TVez5RsUn,new_card_first_release,,,images/ygo4_0322.png,2025-01-23,20798,1.0,exact_alias,,pending_konami_verification,31552317,,,2026-08-31T18:25:56+00:00,selected_pending_image_and_caption_qa,https://lh3.googleusercontent.com/sitesv/AG8ngQUC0Vh6mjnGGy2vaq0Z-5FTyHLHjB7naVIXqIwbFL-tElXs72YE0cNo9ZeiYp-tSUQAVrdrjRDNWRxc4X2wtsT6R553ceSABitv5qgSOPKGZZtsU4NOiQzabykUBLF2zlrhMgi45UvOYxtWLuQDmJfIgwALh7sqTa4cKHryJYNKwOb1yngjP-R2e4vNheQ=s0,thehungtd_full_art,Crystron Inclusion,https://sites.google.com/view/thehungtd/latest-artworks/2024/supreme-darkness,https://lh3.googleusercontent.com/sitesv/AG8ngQUC0Vh6mjnGGy2vaq0Z-5FTyHLHjB7naVIXqIwbFL-tElXs72YE0cNo9ZeiYp-tSUQAVrdrjRDNWRxc4X2wtsT6R553ceSABitv5qgSOPKGZZtsU4NOiQzabykUBLF2zlrhMgi45UvOYxtWLuQDmJfIgwALh7sqTa4cKHryJYNKwOb1yngjP-R2e4vNheQ=w1280,Continuous,True
Materiactor,1Q-zmp60kaU0PbGXwqHrDTBxPBetv8YSY,captions/ygo4_0323.json,Spell,Materiactor Meltdown,ygo4_0323,1Q-zmp60kaU0PbGXwqHrDTBxPBetv8YSY,new_card_first_release,,,images/ygo4_0323.png,2025-01-23,20796,1.0,exact_alias,,pending_konami_verification,38669664,,,2026-08-31T18:25:56+00:00,selected_pending_image_and_caption_qa,https://lh3.googleusercontent.com/sitesv/AG8ngQX93A_qIjUbB0Vv4eB-rSO0ThZ8ETYqkEhXeK8G1LV1z9kUT2MRabG6h0UgMqKJNPgu0OX4bp7jOY-NGNOkhRtEdA_hLyxmG_-FtXGQdmBhMKYN3dcGnCV0qbo_PsvrA5UIl1jQXHs_mByW8orHW49Woq61v4scQcwX1ugEq01PPZUyPhmRA6VM7229qP0=s0,thehungtd_full_art,Materiactor Meltdown,https://sites.google.com/view/thehungtd/latest-artworks/2024/supreme-darkness,https://lh3.googleusercontent.com/sitesv/AG8ngQX93A_qIjUbB0Vv4eB-rSO0ThZ8ETYqkEhXeK8G1LV1z9kUT2MRabG6h0UgMqKJNPgu0OX4bp7jOY-NGNOkhRtEdA_hLyxmG_-FtXGQdmBhMKYN3dcGnCV0qbo_PsvrA5UIl1jQXHs_mByW8orHW49Woq61v4scQcwX1ugEq01PPZUyPhmRA6VM7229qP0=w1280,Continuous,True
,1dI_jpMtlTo3N_J_PrCrkb17eewiaR62d,captions/ygo4_0324.json,Spell,Ocean of Regeneration,ygo4_0324,1dI_jpMtlTo3N_J_PrCrkb17eewiaR62d,new_card_first_release,,,images/ygo4_0324.png,2025-03-13,20392,1.0,exact_alias,,pending_konami_verification,44728989,,,2026-08-31T18:26:01+00:00,selected_pending_image_and_caption_qa,https://lh3.googleusercontent.com/sitesv/AG8ngQXL9_KaBUEPEwefmjQnpgruSxJ0ZxKJ7e53fI39ut2A4d95a0S_lNZMb8BIHL6enjdxuYZsRg1CKtF4oAo2stcuLC_6QVfBJp-QV3-okwNF0mVN66kGCKVhySTubklAir1dOWxPk5EAF6CCTvB-8j88R3QM60dyGEQOzXsJkO5yARdzf2Fl--GxZEUJxXs=s0,thehungtd_full_art,Ocean of Regeneration,https://sites.google.com/view/thehungtd/latest-artworks/2024/animation-chronicle-2024,https://lh3.googleusercontent.com/sitesv/AG8ngQXL9_KaBUEPEwefmjQnpgruSxJ0ZxKJ7e53fI39ut2A4d95a0S_lNZMb8BIHL6enjdxuYZsRg1CKtF4oAo2stcuLC_6QVfBJp-QV3-okwNF0mVN66kGCKVhySTubklAir1dOWxPk5EAF6CCTvB-8j88R3QM60dyGEQOzXsJkO5yARdzf2Fl--GxZEUJxXs=w1280,Continuous,True
Predaplant,14463695,captions/ygo4_0325.json,Spell,Predapruning,ygo4_0325,,new_card_first_release,,,images/ygo4_0325.png,2017-02-23,12838,1.0,api_identity_exact,,pending_konami_verification,14463695,,,2026-08-31T18:26:10+00:00,selected_pending_image_and_caption_qa,https://images.ygoprodeck.com/images/cards_cropped/14463695.jpg,ygoprodeck_cropped_art,Predapruning,https://db.ygoprodeck.com/api/v7/cardinfo.php?misc=yes,https://images.ygoprodeck.com/images/cards_cropped/14463695.jpg,Equip,True
Phantasm Spiral,48308134,captions/ygo4_0326.json,Spell,Phantasm Spiral Crash,ygo4_0326,,new_card_first_release,,,images/ygo4_0326.png,2017-05-04,12971,1.0,api_identity_exact,,pending_konami_verification,48308134,,,2026-08-31T18:26:10+00:00,selected_pending_image_and_caption_qa,https://images.ygoprodeck.com/images/cards_cropped/48308134.jpg,ygoprodeck_cropped_art,Phantasm Spiral Crash,https://db.ygoprodeck.com/api/v7/cardinfo.php?misc=yes,https://images.ygoprodeck.com/images/cards_cropped/48308134.jpg,Equip,True
Phantasm Spiral,75702749,captions/ygo4_0327.json,Spell,Phantasm Spiral Grip,ygo4_0327,,new_card_first_release,,,images/ygo4_0327.png,2017-05-04,12972,1.0,api_identity_exact,,pending_konami_verification,75702749,,,2026-08-31T18:26:10+00:00,selected_pending_image_and_caption_qa,https://images.ygoprodeck.com/images/cards_cropped/75702749.jpg,ygoprodeck_cropped_art,Phantasm Spiral Grip,https://db.ygoprodeck.com/api/v7/cardinfo.php?misc=yes,https://images.ygoprodeck.com/images/cards_cropped/75702749.jpg,Equip,True
Phantasm Spiral,1197847,captions/ygo4_0328.json,Spell,Phantasm Spiral Wave,ygo4_0328,,new_card_first_release,,,images/ygo4_0328.png,2017-05-04,12973,1.0,api_identity_exact,,pending_konami_verification,1197847,,,2026-08-31T18:26:10+00:00,selected_pending_image_and_caption_qa,https://images.ygoprodeck.com/images/cards_cropped/1197847.jpg,ygoprodeck_cropped_art,Phantasm Spiral Wave,https://db.ygoprodeck.com/api/v7/cardinfo.php?misc=yes,https://images.ygoprodeck.com/images/cards_cropped/1197847.jpg,Equip,True
SPYRAL,73828446,captions/ygo4_0329.json,Spell,SPYRAL GEAR - Fully Armed,ygo4_0329,,new_card_first_release,,,images/ygo4_0329.png,2017-05-04,13027,1.0,api_identity_exact,,pending_konami_verification,73828446,,,2026-08-31T18:26:10+00:00,selected_pending_image_and_caption_qa,https://images.ygoprodeck.com/images/cards_cropped/73828446.jpg,ygoprodeck_cropped_art,SPYRAL GEAR - Fully Armed,https://db.ygoprodeck.com/api/v7/cardinfo.php?misc=yes,https://images.ygoprodeck.com/images/cards_cropped/73828446.jpg,Equip,True
Flame Swordsman,1wxA1BxXXkdvvIdvAAko61HJmpxKUCNvn,captions/ygo4_0330.json,Spell,Salamandra Fusion,ygo4_0330,1wxA1BxXXkdvvIdvAAko61HJmpxKUCNvn,new_card_first_release,,,images/ygo4_0330.png,2024-01-18,19730,1.0,exact_alias,,pending_konami_verification,9102835,,,2026-08-31T18:25:57+00:00,selected_pending_image_and_caption_qa,https://lh3.googleusercontent.com/sitesv/AG8ngQU7I041B3fmqN8PcFLU9z8xKIyY77J4sPl_dMbq9xdkV2kmzHsLhLdkEybEy2hmNOZBz-UFS8Ty-Kk7iGilnubMkZGzQfnF1djxxgUNIsxD_oUv8vpTfR-Z-TsjdC_K_OKULS1xaGLxfmFLcLZ289SPXbekuQGa477DdAsGlACBq7ulFZozfVahamJlULw=s0,thehungtd_full_art,Salamandra Fusion,https://sites.google.com/view/thehungtd/latest-artworks/2024/world-premiere-pack-2024,https://lh3.googleusercontent.com/sitesv/AG8ngQU7I041B3fmqN8PcFLU9z8xKIyY77J4sPl_dMbq9xdkV2kmzHsLhLdkEybEy2hmNOZBz-UFS8Ty-Kk7iGilnubMkZGzQfnF1djxxgUNIsxD_oUv8vpTfR-Z-TsjdC_K_OKULS1xaGLxfmFLcLZ289SPXbekuQGa477DdAsGlACBq7ulFZozfVahamJlULw=w1280,Equip,True
,1vEIXLqoD3bxU-gpchl_S3X66qpRcX_ES,captions/ygo4_0331.json,Spell,Soul Fist,ygo4_0331,1vEIXLqoD3bxU-gpchl_S3X66qpRcX_ES,new_card_first_release,,,images/ygo4_0331.png,2024-06-22,20413,1.0,exact_alias,,pending_konami_verification,69533836,,,2026-08-31T18:26:01+00:00,selected_pending_image_and_caption_qa,https://lh3.googleusercontent.com/sitesv/AG8ngQVxYOF-BpXqZPQ2hDy4SzP5O9JuIT6-cs0AeAqZt0Eok8stNALphQMmupbiCQUPrtjxBAvPdexM5kX7Fr454M_OAlyYtJKWPhAhzwzkLSABhgIa4TqX0r0EeuzWufzmudbHW9Ug-zlNlYbbDzqnDPF-dq8xN-iV5IcfPY3IBXdJkpD4mvQDDIeSBV8t-_I=s0,thehungtd_full_art,Soul Fist,https://sites.google.com/view/thehungtd/latest-artworks/2024/animation-chronicle-2024,https://lh3.googleusercontent.com/sitesv/AG8ngQVxYOF-BpXqZPQ2hDy4SzP5O9JuIT6-cs0AeAqZt0Eok8stNALphQMmupbiCQUPrtjxBAvPdexM5kX7Fr454M_OAlyYtJKWPhAhzwzkLSABhgIa4TqX0r0EeuzWufzmudbHW9Ug-zlNlYbbDzqnDPF-dq8xN-iV5IcfPY3IBXdJkpD4mvQDDIeSBV8t-_I=w1280,Equip,True
Abyss-,1VVgIh9a3gVJZux3QZJp0oDalXOqGAv_f,captions/ygo4_0332.json,Spell,Abyss-sting Triaina,ygo4_0332,1VVgIh9a3gVJZux3QZJp0oDalXOqGAv_f,new_card_first_release,,,images/ygo4_0332.png,2024-07-27,20538,1.0,exact_alias,,pending_konami_verification,81878201,,,2026-08-31T18:25:58+00:00,selected_pending_image_and_caption_qa,https://lh3.googleusercontent.com/sitesv/AG8ngQVl-XZ9fLQhKtracC-2Fy_uBRQt0iJEvLIXAruka59wNophptmi1ILfXa9q5jGy6oCvuOcjQGneMXwuQZqgmgLQzAidoiFsFph7rhTBl0XxnSv4t9EqNW7K5QLVXZmKHSm2kxxhrQU_TYeBP1DXACx7pLBHWO09IRYKb06RUn8972vVE8R4yTjRHk-xKNg=s0,thehungtd_full_art,Abyss-sting of Triaina,https://sites.google.com/view/thehungtd/latest-artworks/2024/rage-of-the-abyss,https://lh3.googleusercontent.com/sitesv/AG8ngQVl-XZ9fLQhKtracC-2Fy_uBRQt0iJEvLIXAruka59wNophptmi1ILfXa9q5jGy6oCvuOcjQGneMXwuQZqgmgLQzAidoiFsFph7rhTBl0XxnSv4t9EqNW7K5QLVXZmKHSm2kxxhrQU_TYeBP1DXACx7pLBHWO09IRYKb06RUn8972vVE8R4yTjRHk-xKNg=w1280,Equip,True
Xyz,1C35drRxblgI7jO8jSfA7-oNf0BxgcT5g,captions/ygo4_0333.json,Spell,Reincarnation Unveiling Mail,ygo4_0333,1C35drRxblgI7jO8jSfA7-oNf0BxgcT5g,new_card_first_release,,,images/ygo4_0333.png,2024-07-27,20525,1.0,exact_alias,,pending_konami_verification,68663427,,,2026-08-31T18:25:58+00:00,selected_pending_image_and_caption_qa,https://lh3.googleusercontent.com/sitesv/AG8ngQUEvaTTtHIr_32OeOQaWkdcV3JhT2U4lykjPpSDJDftnpyhoZWT3GHz22d9yvtTyb8o0U5hBnDS8pfcUfVSy-lHxJ9mthvqQMAhTSNvXKhSUmwatctq5a9LngddIlLKM2y8asGdupt7wpJJdPEHky1swM4Hu6P9swL9lCtn2iAgEx27CfttIgJZy1j_rZw=s0,thehungtd_full_art,Reincarnate Unveil Mail,https://sites.google.com/view/thehungtd/latest-artworks/2024/rage-of-the-abyss,https://lh3.googleusercontent.com/sitesv/AG8ngQUEvaTTtHIr_32OeOQaWkdcV3JhT2U4lykjPpSDJDftnpyhoZWT3GHz22d9yvtTyb8o0U5hBnDS8pfcUfVSy-lHxJ9mthvqQMAhTSNvXKhSUmwatctq5a9LngddIlLKM2y8asGdupt7wpJJdPEHky1swM4Hu6P9swL9lCtn2iAgEx27CfttIgJZy1j_rZw=w1280,Equip,True
Wedju,1ORGMS7ryoG1Rsde_S1LTtjb0ekltSRgx,captions/ygo4_0334.json,Spell,Grief Tablet,ygo4_0334,1ORGMS7ryoG1Rsde_S1LTtjb0ekltSRgx,new_card_first_release,,,images/ygo4_0334.png,2025-03-13,20388,1.0,exact_alias,,pending_konami_verification,18046862,,,2026-08-31T18:26:01+00:00,selected_pending_image_and_caption_qa,https://lh3.googleusercontent.com/sitesv/AG8ngQULl72DfK-MtHtu1PrR9swlnwWVVdYa-izlqdhpjugS-n5SQU4BXnB4tvmHbR_cDErQWQxkqfLxEeybn_av7bNQbYNZNGilnOMS0ggfBA0BuvAZYIqlWbVBSU_4Ab-LKRmCSEZxABO9GzW2Sos6aoNqbdQjgzDHRXvVtgbf9KTadw2SZAi_l5JJKgII=s0,thehungtd_full_art,Grief Tablet,https://sites.google.com/view/thehungtd/latest-artworks/2024/animation-chronicle-2024,https://lh3.googleusercontent.com/sitesv/AG8ngQULl72DfK-MtHtu1PrR9swlnwWVVdYa-izlqdhpjugS-n5SQU4BXnB4tvmHbR_cDErQWQxkqfLxEeybn_av7bNQbYNZNGilnOMS0ggfBA0BuvAZYIqlWbVBSU_4Ab-LKRmCSEZxABO9GzW2Sos6aoNqbdQjgzDHRXvVtgbf9KTadw2SZAi_l5JJKgII=w1280,Equip,True
,1AIHl9MkVKPsIWncLOcjkSSwwp-dxTc1X,captions/ygo4_0335.json,Spell,Spirit Illusion,ygo4_0335,1AIHl9MkVKPsIWncLOcjkSSwwp-dxTc1X,new_card_first_release,,,images/ygo4_0335.png,2025-03-13,20390,1.0,exact_alias,,pending_konami_verification,71939275,,,2026-08-31T18:26:01+00:00,selected_pending_image_and_caption_qa,https://lh3.googleusercontent.com/sitesv/AG8ngQUWmXKS0IzsAgh6Mu91Emsw201dXyzPUlViKyPfqpc16Su2PzIU1YmVM6yctoiVnmxxfhr9Dy29RVc7cU3pXAyR3LOotxHn6-97HS7rxIhRflznUsMadablp5qV4cD5KEOI5-UcEBNdMa4Tka32kJIet_p0XjRfluMTVmy5dAXhlDoNLZvS075WS7ZOP7c=s0,thehungtd_full_art,Spirit Illusion,https://sites.google.com/view/thehungtd/latest-artworks/2024/animation-chronicle-2024,https://lh3.googleusercontent.com/sitesv/AG8ngQUWmXKS0IzsAgh6Mu91Emsw201dXyzPUlViKyPfqpc16Su2PzIU1YmVM6yctoiVnmxxfhr9Dy29RVc7cU3pXAyR3LOotxHn6-97HS7rxIhRflznUsMadablp5qV4cD5KEOI5-UcEBNdMa4Tka32kJIet_p0XjRfluMTVmy5dAXhlDoNLZvS075WS7ZOP7c=w1280,Equip,True
Spirit Message,16625614,captions/ygo4_0336.json,Spell,Dark Sanctuary,ygo4_0336,,new_card_first_release,,,images/ygo4_0336.png,2016-09-15,12572,1.0,api_identity_exact,,pending_konami_verification,16625614,,,2026-08-31T18:26:10+00:00,selected_pending_image_and_caption_qa,https://images.ygoprodeck.com/images/cards_cropped/16625614.jpg,ygoprodeck_cropped_art,Dark Sanctuary,https://db.ygoprodeck.com/api/v7/cardinfo.php?misc=yes,https://images.ygoprodeck.com/images/cards_cropped/16625614.jpg,Field,True
Magnet,4740489,captions/ygo4_0337.json,Spell,Magnetic Field,ygo4_0337,,new_card_first_release,,,images/ygo4_0337.png,2016-10-20,12578,1.0,api_identity_exact,,pending_konami_verification,4740489,,,2026-08-31T18:26:10+00:00,selected_pending_image_and_caption_qa,https://images.ygoprodeck.com/images/cards_cropped/4740489.jpg,ygoprodeck_cropped_art,Magnetic Field,https://db.ygoprodeck.com/api/v7/cardinfo.php?misc=yes,https://images.ygoprodeck.com/images/cards_cropped/4740489.jpg,Field,True
Symphonic Warrior,75304793,captions/ygo4_0338.json,Spell,Symph Amplifire,ygo4_0338,,new_card_first_release,,,images/ygo4_0338.png,2017-02-09,11610,1.0,api_identity_exact,,pending_konami_verification,75304793,,,2026-08-31T18:26:10+00:00,selected_pending_image_and_caption_qa,https://images.ygoprodeck.com/images/cards_cropped/75304793.jpg,ygoprodeck_cropped_art,Symph Amplifire,https://db.ygoprodeck.com/api/v7/cardinfo.php?misc=yes,https://images.ygoprodeck.com/images/cards_cropped/75304793.jpg,Field,True
Invoked,47679935,captions/ygo4_0339.json,Spell,Magical Meltdown,ygo4_0339,,new_card_first_release,,,images/ygo4_0339.png,2017-02-23,12851,1.0,api_identity_exact,,pending_konami_verification,47679935,,,2026-08-31T18:26:10+00:00,selected_pending_image_and_caption_qa,https://images.ygoprodeck.com/images/cards_cropped/47679935.jpg,ygoprodeck_cropped_art,Magical Meltdown,https://db.ygoprodeck.com/api/v7/cardinfo.php?misc=yes,https://images.ygoprodeck.com/images/cards_cropped/47679935.jpg,Field,True
Sacred Beast,13301895,captions/ygo4_0340.json,Spell,Fallen Paradise,ygo4_0340,,new_card_first_release,,,images/ygo4_0340.png,2017-03-30,12904,1.0,api_identity_exact,,pending_konami_verification,13301895,,,2026-08-31T18:26:10+00:00,selected_pending_image_and_caption_qa,https://images.ygoprodeck.com/images/cards_cropped/13301895.jpg,ygoprodeck_cropped_art,Fallen Paradise,https://db.ygoprodeck.com/api/v7/cardinfo.php?misc=yes,https://images.ygoprodeck.com/images/cards_cropped/13301895.jpg,Field,True
Ashened,1BeWpytpAagTZGOudMTkqYfh-KQ7yv49K,captions/ygo4_0341.json,Spell,"Obsidim, the Ashened City",ygo4_0341,1BeWpytpAagTZGOudMTkqYfh-KQ7yv49K,new_card_first_release,,,images/ygo4_0341.png,2024-02-08,19839,1.0,exact_alias,,pending_konami_verification,3055018,,,2026-08-31T18:26:04+00:00,selected_pending_image_and_caption_qa,https://lh3.googleusercontent.com/sitesv/AG8ngQX5BEvrKBEDhc7asnQWkIvddl0GZPTVmnTA_Q8ypiRDZsx3zUkJ9SwInLm3pEv3nIKP3wjyHNw_4gk9XEk-ZWHRq1e9yVfB5oYfTUNrH_ZBO58K2Wc-bxQ4M-ch8pnZ6RsLGBm3CkcRNETyfzlH0GA70D2_StYwyMLPizZjL4zok01NrsPDc0vfCms67PM=s0,thehungtd_full_art,"Obsidim, the Ashened City",https://sites.google.com/view/thehungtd/latest-artworks/2024/phantom-nightmare,https://lh3.googleusercontent.com/sitesv/AG8ngQX5BEvrKBEDhc7asnQWkIvddl0GZPTVmnTA_Q8ypiRDZsx3zUkJ9SwInLm3pEv3nIKP3wjyHNw_4gk9XEk-ZWHRq1e9yVfB5oYfTUNrH_ZBO58K2Wc-bxQ4M-ch8pnZ6RsLGBm3CkcRNETyfzlH0GA70D2_StYwyMLPizZjL4zok01NrsPDc0vfCms67PM=w1280,Field,True
Ashened,1WWKxqNziyzcuzSZdIOwj_PlINHzwwGmM,captions/ygo4_0342.json,Spell,"Obsidim, the Ashened City",ygo4_0342,1WWKxqNziyzcuzSZdIOwj_PlINHzwwGmM,new_card_first_release,,,images/ygo4_0342.png,2024-02-08,19839,1.0,exact_alias,,pending_konami_verification,3055018,,,2026-08-31T18:25:57+00:00,selected_pending_image_and_caption_qa,https://lh3.googleusercontent.com/sitesv/AG8ngQWQKfXzCPICcGTjnax2lqtDmliNaA6q-5LhtKz7Ted_rVy1PuaZsAreu0BP7x1wAoRAlCQMmEk-pjijvqCE1BFj5m5dObVY8A2q-KUEOM6_2ZYLTmPI5jriZ5KCK0CMvo2pN1DF_Q6w7lvKHvImKsayTDi9f-LMqgpvh3C96DtUYoKw-WFSiq4esE-yn0g=s0,thehungtd_full_art,"Obsidim, the Ashened City",https://sites.google.com/view/thehungtd/latest-artworks/2024/world-premiere-pack-2024,https://lh3.googleusercontent.com/sitesv/AG8ngQWQKfXzCPICcGTjnax2lqtDmliNaA6q-5LhtKz7Ted_rVy1PuaZsAreu0BP7x1wAoRAlCQMmEk-pjijvqCE1BFj5m5dObVY8A2q-KUEOM6_2ZYLTmPI5jriZ5KCK0CMvo2pN1DF_Q6w7lvKHvImKsayTDi9f-LMqgpvh3C96DtUYoKw-WFSiq4esE-yn0g=w1280,Field,True
,1FI4jd06z9Ewt5NGWN5qpKG48QyLya1OR,captions/ygo4_0343.json,Spell,Multi-Universe,ygo4_0343,1FI4jd06z9Ewt5NGWN5qpKG48QyLya1OR,new_card_first_release,,,images/ygo4_0343.png,2024-04-25,20062,1.0,exact_alias,,pending_konami_verification,885016,,,2026-08-31T18:25:57+00:00,selected_pending_image_and_caption_qa,https://lh3.googleusercontent.com/sitesv/AG8ngQU6WNV_4NS1MyIcG7mH2QShAkH4ua0mIoom-JffH8Fsw1zf7uNYqPtq8fzy848Osh64q9gUQjXhtww5BDlopS5_zZon7A4co54Z0IdNcEBKAQI5_rsk1aAFYUDNC989pin3JMhWCMH-BU9wzFqBWnKcAVeouyUwrIpF2v0XSpq-9c6UNpYInd7uca0CIQo=s0,thehungtd_full_art,Multi-Universe,https://sites.google.com/view/thehungtd/latest-artworks/2024/world-premiere-pack-2024,https://lh3.googleusercontent.com/sitesv/AG8ngQU6WNV_4NS1MyIcG7mH2QShAkH4ua0mIoom-JffH8Fsw1zf7uNYqPtq8fzy848Osh64q9gUQjXhtww5BDlopS5_zZon7A4co54Z0IdNcEBKAQI5_rsk1aAFYUDNC989pin3JMhWCMH-BU9wzFqBWnKcAVeouyUwrIpF2v0XSpq-9c6UNpYInd7uca0CIQo=w1280,Field,True
,1qLUA5k5KFEzMmTi5npPuv5Ei_RiQOAxF,captions/ygo4_0344.json,Spell,Nightmare Throne,ygo4_0344,1qLUA5k5KFEzMmTi5npPuv5Ei_RiQOAxF,new_card_first_release,,,images/ygo4_0344.png,2024-04-25,19902,1.0,exact_alias,,pending_konami_verification,93729896,,,2026-08-31T18:26:02+00:00,selected_pending_image_and_caption_qa,https://lh3.googleusercontent.com/sitesv/AG8ngQWR3yMr08UnXySEWWyYfR2ZJAcNluBNyAFHh9cMDRT0EzB-ybPLpwEwjvx_ZCQCo_FTqFmtfJbx7aXI7rOKE5KKd39wTmcfUEgv6_ELNBCoAEldZQmYhhjC-TbH0vc_gmBfwl6jity1H9lxxefb_9_wWfEvYAVAbFIw8jZrW0lU8APVkIE3szZ8cFemLLA=s0,thehungtd_full_art,Nightmare Throne,https://sites.google.com/view/thehungtd/latest-artworks/2024/legacy-of-destruction,https://lh3.googleusercontent.com/sitesv/AG8ngQWR3yMr08UnXySEWWyYfR2ZJAcNluBNyAFHh9cMDRT0EzB-ybPLpwEwjvx_ZCQCo_FTqFmtfJbx7aXI7rOKE5KKd39wTmcfUEgv6_ELNBCoAEldZQmYhhjC-TbH0vc_gmBfwl6jity1H9lxxefb_9_wWfEvYAVAbFIw8jZrW0lU8APVkIE3szZ8cFemLLA=w1280,Field,True
,10nRvJlwkxeI6vK4JkDLYhLBKOsKq7jCC,captions/ygo4_0345.json,Spell,Allure Palace,ygo4_0345,10nRvJlwkxeI6vK4JkDLYhLBKOsKq7jCC,new_card_first_release,,,images/ygo4_0345.png,2024-06-22,20415,1.0,exact_alias,,pending_konami_verification,31322640,,,2026-08-31T18:26:01+00:00,selected_pending_image_and_caption_qa,https://lh3.googleusercontent.com/sitesv/AG8ngQW6wJtGyLK5pDni3tOjHfCjj96pxVTXRs1JmGBz_rjh2Xr6ODIX-3hW_-HGxerEAphjohhuqdlzucayQFhj7unKKlEd2opK5_SmCgb0RWuufrs_0ysXX19NKp3y5yi1-SyzbUMsUak0iZaqB69UBWq44T5hXwW3j7cSUzJGCiWcYTIMqrkQTZ3lZqOOkR4=s0,thehungtd_full_art,Allure Palace,https://sites.google.com/view/thehungtd/latest-artworks/2024/animation-chronicle-2024,https://lh3.googleusercontent.com/sitesv/AG8ngQW6wJtGyLK5pDni3tOjHfCjj96pxVTXRs1JmGBz_rjh2Xr6ODIX-3hW_-HGxerEAphjohhuqdlzucayQFhj7unKKlEd2opK5_SmCgb0RWuufrs_0ysXX19NKp3y5yi1-SyzbUMsUak0iZaqB69UBWq44T5hXwW3j7cSUzJGCiWcYTIMqrkQTZ3lZqOOkR4=w1280,Field,True
,1t7oy-eoYOQ1nDAU2_u1l05Ol98U2DLA0,captions/ygo4_0346.json,Spell,Mansion of the Dreadful Dolls,ygo4_0346,1t7oy-eoYOQ1nDAU2_u1l05Ol98U2DLA0,new_card_first_release,,,images/ygo4_0346.png,2024-07-18,20235,1.0,exact_alias,,pending_konami_verification,36890111,,,2026-08-31T18:26:00+00:00,selected_pending_image_and_caption_qa,https://lh3.googleusercontent.com/sitesv/AG8ngQUZ2CXKcRdRpHyhv3bE-B-kng_emR7nBOQzlWXJAUDf0wCge3Bay7hKNvIlOxzGLkVv2y5RtkElrKJlJ26a4bdJUcCMxLN0ODv536P3zjMUfsKQ-kCNAPdQTw0WoYJEO3vmhIpXiNiDt5ddrBbJ7vfmF_ToHRhBbuNn4A_Nj6vp_spVSj-wIYtS2GWL4u0=s0,thehungtd_full_art,Mansion of the Underworld Dolls,https://sites.google.com/view/thehungtd/latest-artworks/2024/infinite-forbidden,https://lh3.googleusercontent.com/sitesv/AG8ngQUZ2CXKcRdRpHyhv3bE-B-kng_emR7nBOQzlWXJAUDf0wCge3Bay7hKNvIlOxzGLkVv2y5RtkElrKJlJ26a4bdJUcCMxLN0ODv536P3zjMUfsKQ-kCNAPdQTw0WoYJEO3vmhIpXiNiDt5ddrBbJ7vfmF_ToHRhBbuNn4A_Nj6vp_spVSj-wIYtS2GWL4u0=w1280,Field,True
Mimighoul,1WktKvscnBrcFFNGXgP7BfKP4mZF0QJ5I,captions/ygo4_0347.json,Spell,Mimighoul Dungeon,ygo4_0347,1WktKvscnBrcFFNGXgP7BfKP4mZF0QJ5I,new_card_first_release,,,images/ygo4_0347.png,2024-07-18,20432,1.0,exact_alias,,pending_konami_verification,86809440,,,2026-08-31T18:26:00+00:00,selected_pending_image_and_caption_qa,https://lh3.googleusercontent.com/sitesv/AG8ngQUCFvLEwJHWv0R6pMYuxqrNeNVsZcK7DpQPaXW31OlwOWr7t7C7ND65q9AO3SRJPEDvE_G3QFjPMH7kjSdJ9jR0bnI7Pu8kCxa-mPySFsb8L0d5C2jdlIzsWKnsKMu3a6iuqik6DaQiaSp58owhdI8Yzwl0WS2ewifMmo_617ca92PSYbkYSOIdrWO9Tes=s0,thehungtd_full_art,Mimighoul Dungeon,https://sites.google.com/view/thehungtd/latest-artworks/2024/infinite-forbidden,https://lh3.googleusercontent.com/sitesv/AG8ngQUCFvLEwJHWv0R6pMYuxqrNeNVsZcK7DpQPaXW31OlwOWr7t7C7ND65q9AO3SRJPEDvE_G3QFjPMH7kjSdJ9jR0bnI7Pu8kCxa-mPySFsb8L0d5C2jdlIzsWKnsKMu3a6iuqik6DaQiaSp58owhdI8Yzwl0WS2ewifMmo_617ca92PSYbkYSOIdrWO9Tes=w1280,Field,True
Wedju,1x1sAeAshX0cP9On09CLJ6JHOYGB9H2eh,captions/ygo4_0348.json,Spell,Wedju Temple,ygo4_0348,1x1sAeAshX0cP9On09CLJ6JHOYGB9H2eh,new_card_first_release,,,images/ygo4_0348.png,2024-07-18,20233,1.0,exact_alias,,pending_konami_verification,63017368,,,2026-08-31T18:26:00+00:00,selected_pending_image_and_caption_qa,https://lh3.googleusercontent.com/sitesv/AG8ngQU2nY2CGYkyXU7SllDo9qhLgZt3-xo7WZvFk33X1_MvvPU9veQqsZ6Uxsug_tkyAwq0QVr7ggAq4cxUrks-HKj0BVI9JS28_1ijYVts47y8unZwy7DfvXalWEl2X4xpQkt-riqnv-YGPG96tqlfZwkWEj6r_GE3VtPV2_virS-XpYVlENImXSptMBd1hUc=s0,thehungtd_full_art,Shrine of Wedju,https://sites.google.com/view/thehungtd/latest-artworks/2024/infinite-forbidden,https://lh3.googleusercontent.com/sitesv/AG8ngQU2nY2CGYkyXU7SllDo9qhLgZt3-xo7WZvFk33X1_MvvPU9veQqsZ6Uxsug_tkyAwq0QVr7ggAq4cxUrks-HKj0BVI9JS28_1ijYVts47y8unZwy7DfvXalWEl2X4xpQkt-riqnv-YGPG96tqlfZwkWEj6r_GE3VtPV2_virS-XpYVlENImXSptMBd1hUc=w1280,Field,True
Tenyi,1BN_qlJzAOVJtEToN3qINx3pzSNAE-b4g,captions/ygo4_0349.json,Spell,Tenyinfinity,ygo4_0349,1BN_qlJzAOVJtEToN3qINx3pzSNAE-b4g,new_card_first_release,,,images/ygo4_0349.png,2025-01-23,20799,1.0,exact_alias,,pending_konami_verification,77946022,,,2026-08-31T18:25:56+00:00,selected_pending_image_and_caption_qa,https://lh3.googleusercontent.com/sitesv/AG8ngQUqCI-BbQ7ufSitdeP5uJRO9wT2Oo_vc5qXtKukWfgB3NVE9y0PCuKzupuQYG9_I_D4l2G1bhgCF1y2afEDLhJ1p225IcsRVqgDHlMqj1LEkHLHeF-kSU-IdnnO6gcQArYr3NgAmARbH-SCtzzG8qYsdX2PxwutHKGJFEABHp7mN1nLCvijtkm4k2uAABE=s0,thehungtd_full_art,Eternal Perfection of the Tenyi,https://sites.google.com/view/thehungtd/latest-artworks/2024/supreme-darkness,https://lh3.googleusercontent.com/sitesv/AG8ngQUqCI-BbQ7ufSitdeP5uJRO9wT2Oo_vc5qXtKukWfgB3NVE9y0PCuKzupuQYG9_I_D4l2G1bhgCF1y2afEDLhJ1p225IcsRVqgDHlMqj1LEkHLHeF-kSU-IdnnO6gcQArYr3NgAmARbH-SCtzzG8qYsdX2PxwutHKGJFEABHp7mN1nLCvijtkm4k2uAABE=w1280,Field,True
Magician,37803970,captions/ygo4_0350.json,Spell,Amazing Pendulum,ygo4_0350,,new_card_first_release,,,images/ygo4_0350.png,2016-11-03,12643,1.0,api_identity_exact,,pending_konami_verification,37803970,,,2026-08-31T18:26:10+00:00,selected_pending_image_and_caption_qa,https://images.ygoprodeck.com/images/cards_cropped/37803970.jpg,ygoprodeck_cropped_art,Amazing Pendulum,https://db.ygoprodeck.com/api/v7/cardinfo.php?misc=yes,https://images.ygoprodeck.com/images/cards_cropped/37803970.jpg,Normal,True
Flower Cardian,30786387,captions/ygo4_0351.json,Spell,Flower Stacking,ygo4_0351,,new_card_first_release,,,images/ygo4_0351.png,2016-11-03,12645,1.0,api_identity_exact,,pending_konami_verification,30786387,,,2026-08-31T18:26:10+00:00,selected_pending_image_and_caption_qa,https://images.ygoprodeck.com/images/cards_cropped/30786387.jpg,ygoprodeck_cropped_art,Flower Stacking,https://db.ygoprodeck.com/api/v7/cardinfo.php?misc=yes,https://images.ygoprodeck.com/images/cards_cropped/30786387.jpg,Normal,True
Flower Cardian,66171432,captions/ygo4_0352.json,Spell,Super Koi Koi,ygo4_0352,,new_card_first_release,,,images/ygo4_0352.png,2016-11-03,12646,1.0,api_identity_exact,,pending_konami_verification,66171432,,,2026-08-31T18:26:10+00:00,selected_pending_image_and_caption_qa,https://images.ygoprodeck.com/images/cards_cropped/66171432.jpg,ygoprodeck_cropped_art,Super Koi Koi,https://db.ygoprodeck.com/api/v7/cardinfo.php?misc=yes,https://images.ygoprodeck.com/images/cards_cropped/66171432.jpg,Normal,True
Aroma,12h_3Ksf_Pp8_VHYNr4ewaQx6NW2_Jvvq,captions/ygo4_0353.json,Spell,Aroma Blend,ygo4_0353,12h_3Ksf_Pp8_VHYNr4ewaQx6NW2_Jvvq,new_card_first_release,,,images/ygo4_0353.png,2024-02-08,19523,1.0,exact_alias,,pending_konami_verification,25861589,,,2026-08-31T18:26:04+00:00,selected_pending_image_and_caption_qa,https://lh3.googleusercontent.com/sitesv/AG8ngQUQnBdlE7c1OiCikH44hWGuV8HfUWL6eg2omZchBwHFuonY_QitEy7z2XEwVYUNJ3cZpph8FCEauJOoSmnY-FerpqoIsqmXrOa8dyE-RsZ2AGlPs-tuCV3H7Da2sLPO1eGjMHfC54370ncHoqHpF7UsLqkUA_b_TmvdhdxG0-5fsMICX2Vh5HZ5lUZuteg=s0,thehungtd_full_art,Aroma Blend,https://sites.google.com/view/thehungtd/latest-artworks/2024/phantom-nightmare,https://lh3.googleusercontent.com/sitesv/AG8ngQUQnBdlE7c1OiCikH44hWGuV8HfUWL6eg2omZchBwHFuonY_QitEy7z2XEwVYUNJ3cZpph8FCEauJOoSmnY-FerpqoIsqmXrOa8dyE-RsZ2AGlPs-tuCV3H7Da2sLPO1eGjMHfC54370ncHoqHpF7UsLqkUA_b_TmvdhdxG0-5fsMICX2Vh5HZ5lUZuteg=w1280,Normal,True
,1AqrBpnXyI71Wr0bRuPrkHYMnxDpcZVGd,captions/ygo4_0354.json,Spell,Flock Together,ygo4_0354,1AqrBpnXyI71Wr0bRuPrkHYMnxDpcZVGd,new_card_first_release,,,images/ygo4_0354.png,2024-02-08,19527,1.0,exact_alias,,pending_konami_verification,50134646,,,2026-08-31T18:26:04+00:00,selected_pending_image_and_caption_qa,https://lh3.googleusercontent.com/sitesv/AG8ngQXuSqWYF9bcjH-f3BjWs0hP24Lv0XZhV2IjI5i1pZRIq1Kf4DSVpUuXs5oXl1j--wp3w5rzdAVDUKUFUuDy9O6E93z3mC-2cTqLXIiEGMqZtYFos3KFwigUDAwdia_kHqDGCNGSEoQhNeczB1VV1URxqs_YB1IH3-3r0ecOxrqKLwGLKGW1WNH0GQFiYD8=s0,thehungtd_full_art,White-Eye Pressure,https://sites.google.com/view/thehungtd/latest-artworks/2024/phantom-nightmare,https://lh3.googleusercontent.com/sitesv/AG8ngQXuSqWYF9bcjH-f3BjWs0hP24Lv0XZhV2IjI5i1pZRIq1Kf4DSVpUuXs5oXl1j--wp3w5rzdAVDUKUFUuDy9O6E93z3mC-2cTqLXIiEGMqZtYFos3KFwigUDAwdia_kHqDGCNGSEoQhNeczB1VV1URxqs_YB1IH3-3r0ecOxrqKLwGLKGW1WNH0GQFiYD8=w1280,Normal,True
Goblin,1nw5tU-6xkCqAP2c7wEn0l25FUm1Mn8l4,captions/ygo4_0355.json,Spell,Goblin Biker Grand Entrance,ygo4_0355,1nw5tU-6xkCqAP2c7wEn0l25FUm1Mn8l4,new_card_first_release,,,images/ygo4_0355.png,2024-02-08,19516,1.0,exact_alias,,pending_konami_verification,90711610,,,2026-08-31T18:26:04+00:00,selected_pending_image_and_caption_qa,https://lh3.googleusercontent.com/sitesv/AG8ngQX-KAtaq5C_r6asp3MFlAB61JLcCV3iohlavnC1TYDwSslv0THeCKg0FKAy6S5kLQVloVdht-9dxpPYf8fH0Wity3lIxWtg9yM3h_qPsOpM1ohTI51eAFHQ02BsJD32zRcGm1SmOKvUAlz7Rr1dTFB4Wr1aMGSxiPSkynAWacNAdqfvY6fZztH-lECbow0=s0,thehungtd_full_art,Grand Arrival of the Goblin Riders,https://sites.google.com/view/thehungtd/latest-artworks/2024/phantom-nightmare,https://lh3.googleusercontent.com/sitesv/AG8ngQX-KAtaq5C_r6asp3MFlAB61JLcCV3iohlavnC1TYDwSslv0THeCKg0FKAy6S5kLQVloVdht-9dxpPYf8fH0Wity3lIxWtg9yM3h_qPsOpM1ohTI51eAFHQ02BsJD32zRcGm1SmOKvUAlz7Rr1dTFB4Wr1aMGSxiPSkynAWacNAdqfvY6fZztH-lECbow0=w1280,Normal,True
,1oPsbLxcnZc1FCR4O5fheOe-YG5ATSdZV,captions/ygo4_0356.json,Spell,Mutamorphosis,ygo4_0356,1oPsbLxcnZc1FCR4O5fheOe-YG5ATSdZV,new_card_first_release,,,images/ygo4_0356.png,2024-02-08,19525,1.0,exact_alias,,pending_konami_verification,88654892,,,2026-08-31T18:26:04+00:00,selected_pending_image_and_caption_qa,https://lh3.googleusercontent.com/sitesv/AG8ngQX56-uswhIoZfMy6uZ1QjyBdXgAzlTClKQSRMEGrqh1m_zNVBNR9zXxP6zDyhp1aIzbSxfY5nwjVXCBDWj8u2E9ZkXsdLxhLje9wqLXtnhXSixjOC1Tp0GPMhcvSb7fPxOSCkA46h1XMbdqhADK3Q_u5ALCgRON22hBrys4RXFARLGlV1jpzvacu11_UyE=s0,thehungtd_full_art,Back Mutation,https://sites.google.com/view/thehungtd/latest-artworks/2024/phantom-nightmare,https://lh3.googleusercontent.com/sitesv/AG8ngQX56-uswhIoZfMy6uZ1QjyBdXgAzlTClKQSRMEGrqh1m_zNVBNR9zXxP6zDyhp1aIzbSxfY5nwjVXCBDWj8u2E9ZkXsdLxhLje9wqLXtnhXSixjOC1Tp0GPMhcvSb7fPxOSCkA46h1XMbdqhADK3Q_u5ALCgRON22hBrys4RXFARLGlV1jpzvacu11_UyE=w1280,Normal,True
Ashened,1f2Kp8WcI2IecDtxk3CisxO3QvvgNbBdq,captions/ygo4_0357.json,Spell,Extinguishing the Ashened,ygo4_0357,1f2Kp8WcI2IecDtxk3CisxO3QvvgNbBdq,new_card_first_release,,,images/ygo4_0357.png,2024-04-25,20071,1.0,exact_alias,,pending_konami_verification,98828338,,,2026-08-31T18:26:02+00:00,selected_pending_image_and_caption_qa,https://lh3.googleusercontent.com/sitesv/AG8ngQUp6YKSxcqAohKZt3ToFcwJWxpvBOWCP8F_rQikVTMtUHSxvlXmf1_ssDTpG4ipDvrlT7Xiqya0PnaEdptGJNPgR8Kr2EFXW4ZfleJJpz2UzZMH5JzDagGrl3VEgSJ4fgq7qnaV3Dk9clZcCdiYrY0BlIkbfOvLVOb5bbk7XuB22Vv3mXTvFAII_HVZjLk=s0,thehungtd_full_art,Extinguishing the Ashened,https://sites.google.com/view/thehungtd/latest-artworks/2024/legacy-of-destruction,https://lh3.googleusercontent.com/sitesv/AG8ngQUp6YKSxcqAohKZt3ToFcwJWxpvBOWCP8F_rQikVTMtUHSxvlXmf1_ssDTpG4ipDvrlT7Xiqya0PnaEdptGJNPgR8Kr2EFXW4ZfleJJpz2UzZMH5JzDagGrl3VEgSJ4fgq7qnaV3Dk9clZcCdiYrY0BlIkbfOvLVOb5bbk7XuB22Vv3mXTvFAII_HVZjLk=w1280,Normal,True
Ashened,1qKqPOYrSXQsYQpgtzOZkUKMbllXhzi8J,captions/ygo4_0358.json,Spell,Extinguishing the Ashened,ygo4_0358,1qKqPOYrSXQsYQpgtzOZkUKMbllXhzi8J,new_card_first_release,,,images/ygo4_0358.png,2024-04-25,20071,1.0,exact_alias,,pending_konami_verification,98828338,,,2026-08-31T18:25:57+00:00,selected_pending_image_and_caption_qa,https://lh3.googleusercontent.com/sitesv/AG8ngQVQUayqpMrHv0VWA4oj0iOrgiD24gTuzY4eB_kgK1o-4ugQjGVFijnhak-rtyhT8UqKa7leOdoYD6pb3PKeQqc7gLzmWSthresBbnWwdS3f8HNkkJvc2f-_p5N7fPGL963nlS8oXaVrZBYki5t-JI2Gp8FVdCqavih6dcpRW8vt7PIO3-criWv7xjJf=s0,thehungtd_full_art,Extinguishing the Ashened,https://sites.google.com/view/thehungtd/latest-artworks/2024/world-premiere-pack-2024,https://lh3.googleusercontent.com/sitesv/AG8ngQVQUayqpMrHv0VWA4oj0iOrgiD24gTuzY4eB_kgK1o-4ugQjGVFijnhak-rtyhT8UqKa7leOdoYD6pb3PKeQqc7gLzmWSthresBbnWwdS3f8HNkkJvc2f-_p5N7fPGL963nlS8oXaVrZBYki5t-JI2Gp8FVdCqavih6dcpRW8vt7PIO3-criWv7xjJf=w1280,Normal,True
Melodious,1g9uaueimF1GffxmMAI9AaNEDbLs_NAWY,captions/ygo4_0359.json,Spell,Melodious Concerto,ygo4_0359,1g9uaueimF1GffxmMAI9AaNEDbLs_NAWY,new_card_first_release,,,images/ygo4_0359.png,2024-04-25,19897,1.0,exact_alias,,pending_konami_verification,31458630,,,2026-08-31T18:26:02+00:00,selected_pending_image_and_caption_qa,https://lh3.googleusercontent.com/sitesv/AG8ngQUXfRbovmHOFJEXNLEES93R0ja0iBYN7zgGdyaaaieVHRGjUqPl--rrVPUg-1KPkRdCR1I28D_e1p69oyZfCMznx6dV9iYqF_uBpBqfaBuGp0BztR5yJIzmDIQEDGWIbIHzKDKAOXFBKdWpJvtyO9SV0xrbWdUngJFcYWQtTokBQdTgOrUTCUMaU0M8lLE=s0,thehungtd_full_art,Melodious Concerto,https://sites.google.com/view/thehungtd/latest-artworks/2024/legacy-of-destruction,https://lh3.googleusercontent.com/sitesv/AG8ngQUXfRbovmHOFJEXNLEES93R0ja0iBYN7zgGdyaaaieVHRGjUqPl--rrVPUg-1KPkRdCR1I28D_e1p69oyZfCMznx6dV9iYqF_uBpBqfaBuGp0BztR5yJIzmDIQEDGWIbIHzKDKAOXFBKdWpJvtyO9SV0xrbWdUngJFcYWQtTokBQdTgOrUTCUMaU0M8lLE=w1280,Normal,True
Vaalmonica,10oIl5T4PpWsfiMRKFOtBd3cwfG23bhn9,captions/ygo4_0360.json,Spell,Vaalmonica Disarmonia,ygo4_0360,10oIl5T4PpWsfiMRKFOtBd3cwfG23bhn9,new_card_first_release,,,images/ygo4_0360.png,2024-04-25,19907,1.0,exact_alias,,pending_konami_verification,65496951,,,2026-08-31T18:26:02+00:00,selected_pending_image_and_caption_qa,https://lh3.googleusercontent.com/sitesv/AG8ngQUNveVugBINSqhfijKzqvpHkkwYzTi0WNyBR0Imo4Ifwvjm3i8Iw4GBx9xgMsUdyx_jasjzllLWje58JewkXMSYiJnQkD_AWcNBwcpxookqNITYMLtGS4nDank2R2PkXH9YztJ6b6kbkxQbopgLoeeuiMXxuigTLjdxIsg5-boIlyb_MxZMlZLUCFGlYnk=s0,thehungtd_full_art,Vaalmonica Disarmonia,https://sites.google.com/view/thehungtd/latest-artworks/2024/legacy-of-destruction,https://lh3.googleusercontent.com/sitesv/AG8ngQUNveVugBINSqhfijKzqvpHkkwYzTi0WNyBR0Imo4Ifwvjm3i8Iw4GBx9xgMsUdyx_jasjzllLWje58JewkXMSYiJnQkD_AWcNBwcpxookqNITYMLtGS4nDank2R2PkXH9YztJ6b6kbkxQbopgLoeeuiMXxuigTLjdxIsg5-boIlyb_MxZMlZLUCFGlYnk=w1280,Normal,True
Seventh,1N6KIw5o1QW2s9XnrqQYWw1AeL7TSiyUi,captions/ygo4_0361.json,Spell,Seventh Tachyon,ygo4_0361,1N6KIw5o1QW2s9XnrqQYWw1AeL7TSiyUi,new_card_first_release,,,images/ygo4_0361.png,2024-05-25,20282,1.0,exact_alias,,pending_konami_verification,7477101,,,2026-08-31T18:26:01+00:00,selected_pending_image_and_caption_qa,https://lh3.googleusercontent.com/sitesv/AG8ngQV1RevhwppU_wxfDtDoTUp53DnCQ56xlAajTjuECsZR8mbhxbUKok4amJW2hMBWSqmrMJtG_MVS8Xxdh_RQRXziYTRU-k4UemHTllJ4beCuj_ePgMrrTOIap2F-80ePE42jRX_7Lm3l1KiVfQoUGiiVwrgGQu1p6AMNllIOhj0Fimv1r6h21_jwn5j5arw=s0,thehungtd_full_art,Seventh Tachyon,https://sites.google.com/view/thehungtd/latest-artworks/2024/duelist-pack-duelists-of-brilliance,https://lh3.googleusercontent.com/sitesv/AG8ngQV1RevhwppU_wxfDtDoTUp53DnCQ56xlAajTjuECsZR8mbhxbUKok4amJW2hMBWSqmrMJtG_MVS8Xxdh_RQRXziYTRU-k4UemHTllJ4beCuj_ePgMrrTOIap2F-80ePE42jRX_7Lm3l1KiVfQoUGiiVwrgGQu1p6AMNllIOhj0Fimv1r6h21_jwn5j5arw=w1280,Normal,True
,1elxb-jeinuxVIniw9DkV7qEWzTOz1aKM,captions/ygo4_0362.json,Spell,Union Activation,ygo4_0362,1elxb-jeinuxVIniw9DkV7qEWzTOz1aKM,new_card_first_release,,,images/ygo4_0362.png,2024-05-25,20289,1.0,exact_alias,,pending_konami_verification,38527680,,,2026-08-31T18:26:01+00:00,selected_pending_image_and_caption_qa,https://lh3.googleusercontent.com/sitesv/AG8ngQWwBbM2EYVuQZdHTt9PEVwyXPGvquB4tR_kLMBJHZlgqzv_w2GxIWjNXgdO6_o-9VfgZZtF8R1nRfK3l482yPxDo-b4BBk6wpvHm9p3Sskln3alAGMzUJ6a5wOUsM3a2xaOYNe17z64bq4YCF-dQ3vI95HvTd07X4yxJJjiQ5ic8n8ET27__TkM_eQHxyc=s0,thehungtd_full_art,Union Activation,https://sites.google.com/view/thehungtd/latest-artworks/2024/duelist-pack-duelists-of-brilliance,https://lh3.googleusercontent.com/sitesv/AG8ngQWwBbM2EYVuQZdHTt9PEVwyXPGvquB4tR_kLMBJHZlgqzv_w2GxIWjNXgdO6_o-9VfgZZtF8R1nRfK3l482yPxDo-b4BBk6wpvHm9p3Sskln3alAGMzUJ6a5wOUsM3a2xaOYNe17z64bq4YCF-dQ3vI95HvTd07X4yxJJjiQ5ic8n8ET27__TkM_eQHxyc=w1280,Normal,True
,1c70NmnuGiEzxmCm-d1Vn4MNDGRpDtOT6,captions/ygo4_0363.json,Spell,Oil,ygo4_0363,1c70NmnuGiEzxmCm-d1Vn4MNDGRpDtOT6,new_card_first_release,,,images/ygo4_0363.png,2024-06-20,7054,1.0,exact_alias,,pending_konami_verification,74055055,,,2026-08-31T18:26:06+00:00,selected_pending_image_and_caption_qa,https://lh3.googleusercontent.com/sitesv/AG8ngQXeYOIbE4qy7Im4GdwzkzIWt6zTTz26bw7Ju3wVJq6TaV2YZNZ8WJHczeUa2kj_EtzcbXG3oVRfPElD4GpDKzB8ctifiHKjGNACFFK7_OMD_au0Azcn8LmEi0wFPl4-nS0xx1_JQvu33w0HygVk8RMbMnCdMmVrPIdxKNVy7f5dKUl-AbK3iF8wMWkM=s0,thehungtd_full_art,Oil,https://sites.google.com/view/thehungtd/latest-artworks/2024/premium-pack-2024,https://lh3.googleusercontent.com/sitesv/AG8ngQXeYOIbE4qy7Im4GdwzkzIWt6zTTz26bw7Ju3wVJq6TaV2YZNZ8WJHczeUa2kj_EtzcbXG3oVRfPElD4GpDKzB8ctifiHKjGNACFFK7_OMD_au0Azcn8LmEi0wFPl4-nS0xx1_JQvu33w0HygVk8RMbMnCdMmVrPIdxKNVy7f5dKUl-AbK3iF8wMWkM=w1280,Normal,True
Void,1th9HxbxPP68DdJqkvHrCutzrqpxIOlFG,captions/ygo4_0364.json,Spell,Void Reignition,ygo4_0364,1th9HxbxPP68DdJqkvHrCutzrqpxIOlFG,new_card_first_release,,,images/ygo4_0364.png,2024-06-20,19629,1.0,exact_alias,,pending_konami_verification,60830240,,,2026-08-31T18:26:06+00:00,selected_pending_image_and_caption_qa,https://lh3.googleusercontent.com/sitesv/AG8ngQUaZTOxzPnLD2u53ypHzDFRF1IKE1wZHPhtVsmEkVxP8LrG3nvS0Dd4YTTt9TfjH6FZSKvq44WXEmiLseUW8z9B9Az5e2A_Tjtya92O5mQdxPY_U6P6TkA-OIjxoWdpuTv_EbUKcxJPwdfHXMsAivHpvdr0LTfH552r5TuRhoP9vDjiO3m-_L9JqAENLMc=s0,thehungtd_full_art,Void Blaze-Up,https://sites.google.com/view/thehungtd/latest-artworks/2024/terminal-world,https://lh3.googleusercontent.com/sitesv/AG8ngQUaZTOxzPnLD2u53ypHzDFRF1IKE1wZHPhtVsmEkVxP8LrG3nvS0Dd4YTTt9TfjH6FZSKvq44WXEmiLseUW8z9B9Az5e2A_Tjtya92O5mQdxPY_U6P6TkA-OIjxoWdpuTv_EbUKcxJPwdfHXMsAivHpvdr0LTfH552r5TuRhoP9vDjiO3m-_L9JqAENLMc=w1280,Normal,True
White Forest,1WtpZWKfGIR932c5ajXl20e5i1bJR_G18,captions/ygo4_0365.json,Spell,Beware the White Forest,ygo4_0365,1WtpZWKfGIR932c5ajXl20e5i1bJR_G18,new_card_first_release,,,images/ygo4_0365.png,2024-07-18,20238,1.0,exact_alias,,pending_konami_verification,35778533,,,2026-08-31T18:26:00+00:00,selected_pending_image_and_caption_qa,https://lh3.googleusercontent.com/sitesv/AG8ngQWhP1T4eIotMXlQKYZzxLs1v-I3ILltgc3sDjSsU0-8tp-EzGbUEdKJ_WeDVtTBP_kTtsrBRB-P96N_u5jzw6i8TDq0jk2oLkBp1deWCkezrGe-0G8jP2J1peOY5qtFPpchy4pJubITSExU-RKOdCR0_bjf8gXsjAjSmPdSf1n-ADikMiUocjrulWxDvmA=s0,thehungtd_full_art,Beware the White Woods,https://sites.google.com/view/thehungtd/latest-artworks/2024/infinite-forbidden,https://lh3.googleusercontent.com/sitesv/AG8ngQWhP1T4eIotMXlQKYZzxLs1v-I3ILltgc3sDjSsU0-8tp-EzGbUEdKJ_WeDVtTBP_kTtsrBRB-P96N_u5jzw6i8TDq0jk2oLkBp1deWCkezrGe-0G8jP2J1peOY5qtFPpchy4pJubITSExU-RKOdCR0_bjf8gXsjAjSmPdSf1n-ADikMiUocjrulWxDvmA=w1280,Normal,True
Fiendsmith,1mHaZO2ZUif9_3jwiQus_ZRU0wzDYywdW,captions/ygo4_0366.json,Spell,Fiendsmith's Tract,ygo4_0366,1mHaZO2ZUif9_3jwiQus_ZRU0wzDYywdW,new_card_first_release,,,images/ygo4_0366.png,2024-07-18,20240,1.0,exact_alias,,pending_konami_verification,98567237,,,2026-08-31T18:26:00+00:00,selected_pending_image_and_caption_qa,https://lh3.googleusercontent.com/sitesv/AG8ngQUb3fPYaQnRRd_ODF37aqkAs82JSbke0ap2mcl6d7YKPSwlB5MQK92JaJS3X9ORGRj3xKqRHJQDvC_fQGg1PXpfl13RPZ0FDv2VF2svUfeH9zSAOqkbD2XsE-ZoZDOjRjPZGx1icsPcyFlOzHlJlW3ECwtiglRZb-WfUub9QXv03fLHvxs8iLzP1XUCxfw=s0,thehungtd_full_art,Fiendsmith Tractus,https://sites.google.com/view/thehungtd/latest-artworks/2024/infinite-forbidden,https://lh3.googleusercontent.com/sitesv/AG8ngQUb3fPYaQnRRd_ODF37aqkAs82JSbke0ap2mcl6d7YKPSwlB5MQK92JaJS3X9ORGRj3xKqRHJQDvC_fQGg1PXpfl13RPZ0FDv2VF2svUfeH9zSAOqkbD2XsE-ZoZDOjRjPZGx1icsPcyFlOzHlJlW3ECwtiglRZb-WfUub9QXv03fLHvxs8iLzP1XUCxfw=w1280,Normal,True
Millennium,1K4zEKpkvJ7kPcr778r_VPpE5ssepl9Or,captions/ygo4_0367.json,Spell,Millennium Ankh,ygo4_0367,1K4zEKpkvJ7kPcr778r_VPpE5ssepl9Or,new_card_first_release,,,images/ygo4_0367.png,2024-07-18,20232,1.0,exact_alias,,pending_konami_verification,37613663,,,2026-08-31T18:26:00+00:00,selected_pending_image_and_caption_qa,https://lh3.googleusercontent.com/sitesv/AG8ngQVnFkkdvZheJuKWVry-j8-jp1tgk-ExeKhw4S-Dgx3H1K3g5KyhgJUsUM1p87pGaP7xBJo9rUj1J-quzj1mF-Y6VrXN6LXvRyOC1QK4uXVjTmvyDUnkpw1VHxLIhsqt2VBL08j7zK12dxH4yFYRqPtDk0_fgeP8SQ9x6TjenDQZP3Aadcec1xNBF-ZafKI=s0,thehungtd_full_art,Millennium Cross,https://sites.google.com/view/thehungtd/latest-artworks/2024/infinite-forbidden,https://lh3.googleusercontent.com/sitesv/AG8ngQVnFkkdvZheJuKWVry-j8-jp1tgk-ExeKhw4S-Dgx3H1K3g5KyhgJUsUM1p87pGaP7xBJo9rUj1J-quzj1mF-Y6VrXN6LXvRyOC1QK4uXVjTmvyDUnkpw1VHxLIhsqt2VBL08j7zK12dxH4yFYRqPtDk0_fgeP8SQ9x6TjenDQZP3Aadcec1xNBF-ZafKI=w1280,Normal,True
Mimighoul,1Zck5U2yMl_MuclO3fCCHvmPHdBR7MMgN,captions/ygo4_0368.json,Spell,Mimighoul Maker,ygo4_0368,1Zck5U2yMl_MuclO3fCCHvmPHdBR7MMgN,new_card_first_release,,,images/ygo4_0368.png,2024-07-18,20433,1.0,exact_alias,,pending_konami_verification,13204145,,,2026-08-31T18:26:00+00:00,selected_pending_image_and_caption_qa,https://lh3.googleusercontent.com/sitesv/AG8ngQUyUX_Q5ReYoEjv2i96TO2K4-0-0_8BBRExG_m76pZj9oZA-JvunJFfmU0LIaJccEVZgZlr9Ll40Ut8w9w16LbEmpCq1aRrB74b6KrUYNMueTKQRRFZWjM4tSsuRoVPbZb3XZo2EQWOJcyJtBoUrtiuvzx5SBun8tz9RZ2e5t3tr4Le-mYjIf7gl9pslb8=s0,thehungtd_full_art,Mimighoul Maker,https://sites.google.com/view/thehungtd/latest-artworks/2024/infinite-forbidden,https://lh3.googleusercontent.com/sitesv/AG8ngQUyUX_Q5ReYoEjv2i96TO2K4-0-0_8BBRExG_m76pZj9oZA-JvunJFfmU0LIaJccEVZgZlr9Ll40Ut8w9w16LbEmpCq1aRrB74b6KrUYNMueTKQRRFZWjM4tSsuRoVPbZb3XZo2EQWOJcyJtBoUrtiuvzx5SBun8tz9RZ2e5t3tr4Le-mYjIf7gl9pslb8=w1280,Normal,True
White Forest,1dZQfY49_sH0ZRKWm3H7x0GBiVbmGM_IN,captions/ygo4_0369.json,Spell,Tales of the White Forest,ygo4_0369,1dZQfY49_sH0ZRKWm3H7x0GBiVbmGM_IN,new_card_first_release,,,images/ygo4_0369.png,2024-07-18,20237,1.0,exact_alias,,pending_konami_verification,99289828,,,2026-08-31T18:26:00+00:00,selected_pending_image_and_caption_qa,https://lh3.googleusercontent.com/sitesv/AG8ngQWjsuc18Sat6WDkc6xUGd-T1dQJaG_YpuwKHa9kNoUIdvLdGurjLsXy-91YfbOlv2xWB_JJijXX5fh8702DFCRNWYtfwLadAStEWOuc3hEsVKQLHjV6s5C90GFaV-nXutP5sKqPN-Mufe6SqHe4C83A9ddFQEB0-1VN1Ff2_36r11CcSdIF7_KmnGxcMx4=s0,thehungtd_full_art,Legend of the White Woods,https://sites.google.com/view/thehungtd/latest-artworks/2024/infinite-forbidden,https://lh3.googleusercontent.com/sitesv/AG8ngQWjsuc18Sat6WDkc6xUGd-T1dQJaG_YpuwKHa9kNoUIdvLdGurjLsXy-91YfbOlv2xWB_JJijXX5fh8702DFCRNWYtfwLadAStEWOuc3hEsVKQLHjV6s5C90GFaV-nXutP5sKqPN-Mufe6SqHe4C83A9ddFQEB0-1VN1Ff2_36r11CcSdIF7_KmnGxcMx4=w1280,Normal,True
Aqua Jet,15277KIsYCPKsMlHALO__U-VHHFAyTTGV,captions/ygo4_0370.json,Spell,Aqua Jet Surface,ygo4_0370,15277KIsYCPKsMlHALO__U-VHHFAyTTGV,new_card_first_release,,,images/ygo4_0370.png,2024-07-27,20524,1.0,exact_alias,,pending_konami_verification,32278723,,,2026-08-31T18:25:58+00:00,selected_pending_image_and_caption_qa,https://lh3.googleusercontent.com/sitesv/AG8ngQX_T06EJ68-_ZFg_HD2eaJRTTfusjStzsVEcI0GBa6P_bhTfwrz2egIgAIu8PO5JdvsDVh0mdnOLWv-w4RcDA0RVRoVqGvU0yKb6cUqQnURBxxHcZuq5qLKBdAKz1YdyGrfZzk27I6ZOzcGLgzsdj_MnZxIl4LgPiNlNnqi5uVRnVISOjckrJUoSkHh=s0,thehungtd_full_art,Surface Aqua Jet,https://sites.google.com/view/thehungtd/latest-artworks/2024/rage-of-the-abyss,https://lh3.googleusercontent.com/sitesv/AG8ngQX_T06EJ68-_ZFg_HD2eaJRTTfusjStzsVEcI0GBa6P_bhTfwrz2egIgAIu8PO5JdvsDVh0mdnOLWv-w4RcDA0RVRoVqGvU0yKb6cUqQnURBxxHcZuq5qLKBdAKz1YdyGrfZzk27I6ZOzcGLgzsdj_MnZxIl4LgPiNlNnqi5uVRnVISOjckrJUoSkHh=w1280,Normal,True
,1D78iGkovnTUKFB97rVfvGcf892DOPgaJ,captions/ygo4_0371.json,Spell,Armed Rebeellion,ygo4_0371,1D78iGkovnTUKFB97rVfvGcf892DOPgaJ,new_card_first_release,,,images/ygo4_0371.png,2024-07-27,20527,1.0,exact_alias,,pending_konami_verification,21056275,,,2026-08-31T18:25:58+00:00,selected_pending_image_and_caption_qa,https://lh3.googleusercontent.com/sitesv/AG8ngQXl2F-GwecW8oitYiyV1mpwIE95Ejg90n6gs4WLHfFcqChCC3fUiVSNUAFCPEGA15bGu8HebAC6aYNg6T4qt3mlev5Iynj9eB8vM-I93bVqRa1lkA6G2-ivqwhWZ1RTdIyteINv6rIC-HmJ7ys2X3XDDx9Na0z1Z3nnKIE1CLeKF1bIVjPRjIOOfOZvbs8=s0,thehungtd_full_art,Armament Swarm,https://sites.google.com/view/thehungtd/latest-artworks/2024/rage-of-the-abyss,https://lh3.googleusercontent.com/sitesv/AG8ngQXl2F-GwecW8oitYiyV1mpwIE95Ejg90n6gs4WLHfFcqChCC3fUiVSNUAFCPEGA15bGu8HebAC6aYNg6T4qt3mlev5Iynj9eB8vM-I93bVqRa1lkA6G2-ivqwhWZ1RTdIyteINv6rIC-HmJ7ys2X3XDDx9Na0z1Z3nnKIE1CLeKF1bIVjPRjIOOfOZvbs8=w1280,Normal,True
,1KbqJQ7whAB3x-CrOt-PKxIHiNelCtaDv,captions/ygo4_0372.json,Spell,Firestorms Over Atlantis,ygo4_0372,1KbqJQ7whAB3x-CrOt-PKxIHiNelCtaDv,new_card_first_release,,,images/ygo4_0372.png,2024-07-27,20542,1.0,exact_alias,,pending_konami_verification,17151328,,,2026-08-31T18:25:58+00:00,selected_pending_image_and_caption_qa,https://lh3.googleusercontent.com/sitesv/AG8ngQWodDEkzLn1ldTgQIGjexk3JJA7t00K4sNIOUgUBSx-v2rRnuIntAzLXNkQMOzFCL70HK8dEVTFthbGsB14PLplESYsGIXKbIeytbDjkOQCJujPW_hLlGEsvuj60rhP0f9scK5EmfVOrnIiceeVtgNRWQTzU2-nYKHtxdqCSU1INaHhDGao-iQAmk3m=s0,thehungtd_full_art,Turmoil of Sea and Flames,https://sites.google.com/view/thehungtd/latest-artworks/2024/rage-of-the-abyss,https://lh3.googleusercontent.com/sitesv/AG8ngQWodDEkzLn1ldTgQIGjexk3JJA7t00K4sNIOUgUBSx-v2rRnuIntAzLXNkQMOzFCL70HK8dEVTFthbGsB14PLplESYsGIXKbIeytbDjkOQCJujPW_hLlGEsvuj60rhP0f9scK5EmfVOrnIiceeVtgNRWQTzU2-nYKHtxdqCSU1INaHhDGao-iQAmk3m=w1280,Normal,True
,1oDJWa_Q0CSwDNZ6Yyjbt4bYbghj6tGIB,captions/ygo4_0373.json,Spell,Incoming Machine!,ygo4_0373,1oDJWa_Q0CSwDNZ6Yyjbt4bYbghj6tGIB,new_card_first_release,,,images/ygo4_0373.png,2024-07-27,20526,1.0,exact_alias,,pending_konami_verification,94661166,,,2026-08-31T18:25:58+00:00,selected_pending_image_and_caption_qa,https://lh3.googleusercontent.com/sitesv/AG8ngQXx9245J-J2swsAdUMU4U3paGfTBYECkxyteM8vszk867D_J83NU5bRiO6BKx0ArSnKpeIXsafL68UgwCkNN0MgNoU7MJr1ba5bziktZIYM8RFkG1zcBu42TN46V7YZwO3Oq-LvNv5pl5vKwTU8Y_aD10KSiFMxeMs27efgzDpo0zH4VdrdH2Mpiu21qu0=s0,thehungtd_full_art,Approaching Machine,https://sites.google.com/view/thehungtd/latest-artworks/2024/rage-of-the-abyss,https://lh3.googleusercontent.com/sitesv/AG8ngQXx9245J-J2swsAdUMU4U3paGfTBYECkxyteM8vszk867D_J83NU5bRiO6BKx0ArSnKpeIXsafL68UgwCkNN0MgNoU7MJr1ba5bziktZIYM8RFkG1zcBu42TN46V7YZwO3Oq-LvNv5pl5vKwTU8Y_aD10KSiFMxeMs27efgzDpo0zH4VdrdH2Mpiu21qu0=w1280,Normal,True
Morganite,1umbkXJY2mWVRc2ZOkqaU5WYTvY33Qkqi,captions/ygo4_0374.json,Spell,Succumbing-Song Morganite,ygo4_0374,1umbkXJY2mWVRc2ZOkqaU5WYTvY33Qkqi,new_card_first_release,,,images/ygo4_0374.png,2024-07-27,20541,1.0,exact_alias,,pending_konami_verification,81756619,,,2026-08-31T18:25:58+00:00,selected_pending_image_and_caption_qa,https://lh3.googleusercontent.com/sitesv/AG8ngQXBnqodD8Ly-W5ZlShtptm_GgE889mnxbkxsG0OMfOVEOPkRN5PMQQbk7Ps5IdtXbpWQhWDB-l7BeCzqcPDF3QMZ-OgI31NQg-eJbn-32uvOer7-gV8Kq_L1S6acAJot4-ey6j1ws5EDqsH0grVq9-1MBs-jE2UJijWTv5RheLrx3DQ5UCgl7EL2CgzjhM=s0,thehungtd_full_art,End-Exalting Morganite,https://sites.google.com/view/thehungtd/latest-artworks/2024/rage-of-the-abyss,https://lh3.googleusercontent.com/sitesv/AG8ngQXBnqodD8Ly-W5ZlShtptm_GgE889mnxbkxsG0OMfOVEOPkRN5PMQQbk7Ps5IdtXbpWQhWDB-l7BeCzqcPDF3QMZ-OgI31NQg-eJbn-32uvOer7-gV8Kq_L1S6acAJot4-ey6j1ws5EDqsH0grVq9-1MBs-jE2UJijWTv5RheLrx3DQ5UCgl7EL2CgzjhM=w1280,Normal,True
Azamina,1Uazo1lR5fhN2HGvkHlzcep6WEjFWlrL7,captions/ygo4_0375.json,Spell,The Hallowed Azamina,ygo4_0375,1Uazo1lR5fhN2HGvkHlzcep6WEjFWlrL7,new_card_first_release,,,images/ygo4_0375.png,2024-07-27,20529,1.0,exact_alias,,pending_konami_verification,94845588,,,2026-08-31T18:25:58+00:00,selected_pending_image_and_caption_qa,https://lh3.googleusercontent.com/sitesv/AG8ngQW_AxaqfAW1p6-qolD78mYffefxXXEBEaCu-epm42wWko0tmJvgan84g1n_eRG8wlerM0gctCNAuAJfMda6pIKuQkw_6D8E4SN2Cf0OZ8A0ITQ3AD_EOP9q5E9JwMT1oGMy04MdZIL0L7GBmfGYBWWGAcF9GNUSK4HMOhClEzLYTlykDvvwAmm2S2P5=s0,thehungtd_full_art,Sacred Azamina,https://sites.google.com/view/thehungtd/latest-artworks/2024/rage-of-the-abyss,https://lh3.googleusercontent.com/sitesv/AG8ngQW_AxaqfAW1p6-qolD78mYffefxXXEBEaCu-epm42wWko0tmJvgan84g1n_eRG8wlerM0gctCNAuAJfMda6pIKuQkw_6D8E4SN2Cf0OZ8A0ITQ3AD_EOP9q5E9JwMT1oGMy04MdZIL0L7GBmfGYBWWGAcF9GNUSK4HMOhClEzLYTlykDvvwAmm2S2P5=w1280,Normal,True
Polymerization,1jJ6CvJyfnZFwL-FmWlgPTHRif97i4tg8,captions/ygo4_0376.json,Spell,Heavy Polymerization,ygo4_0376,1jJ6CvJyfnZFwL-FmWlgPTHRif97i4tg8,new_card_first_release,,,images/ygo4_0376.png,2024-09-19,20437,1.0,exact_alias,,pending_konami_verification,58570206,,,2026-08-31T18:25:57+00:00,selected_pending_image_and_caption_qa,https://lh3.googleusercontent.com/sitesv/AG8ngQWXrc3hMbxlYaI0Cyr2fAY8k1PK_7dvmGCORI5rYR0zs1iAIBHG8gtryJu26bS4VjUSwipw0Mt0G_SJWYCG87BZJnAcmPRQcVC3XIjiNjXkSxMlg0JgvqEEVJOVCToksVdLuVWNrZqjwKbQWrGKa71jvxZdXUPMbkjBrtHvIuOTWKCxsrKrp-Sanux89DM=s0,thehungtd_full_art,Heavy Polymerization,https://sites.google.com/view/thehungtd/latest-artworks/2024/world-premiere-pack-2024,https://lh3.googleusercontent.com/sitesv/AG8ngQWXrc3hMbxlYaI0Cyr2fAY8k1PK_7dvmGCORI5rYR0zs1iAIBHG8gtryJu26bS4VjUSwipw0Mt0G_SJWYCG87BZJnAcmPRQcVC3XIjiNjXkSxMlg0JgvqEEVJOVCToksVdLuVWNrZqjwKbQWrGKa71jvxZdXUPMbkjBrtHvIuOTWKCxsrKrp-Sanux89DM=w1280,Normal,True
Mimighoul,1j5DxzGMCvTKEDYbeLTkVDPZb1aV00UIE,captions/ygo4_0377.json,Spell,Mimighoul Fork,ygo4_0377,1j5DxzGMCvTKEDYbeLTkVDPZb1aV00UIE,new_card_first_release,,,images/ygo4_0377.png,2024-10-10,20719,1.0,exact_alias,,pending_konami_verification,19338434,,,2026-08-31T18:25:58+00:00,selected_pending_image_and_caption_qa,https://lh3.googleusercontent.com/sitesv/AG8ngQVVuO5kDBGvo4iJusuYwmqgVctnsKfRPEI5gOtUg9-Do6uc4MzS6UUCAj_un2XGOVRhnJcxeJ7IGGkmWl8mJWt8yt7tiITRpyu4_4c8f4C54IMyFBixVJmzcL7863eiZWR8rHj4KmTpFiYbd-cQyDa5QS_hOoGofOf8xpXc77pxXZZCfLyiLLhCBEqprIs=s0,thehungtd_full_art,Mimighoul Fork,https://sites.google.com/view/thehungtd/latest-artworks/2024/rage-of-the-abyss,https://lh3.googleusercontent.com/sitesv/AG8ngQVVuO5kDBGvo4iJusuYwmqgVctnsKfRPEI5gOtUg9-Do6uc4MzS6UUCAj_un2XGOVRhnJcxeJ7IGGkmWl8mJWt8yt7tiITRpyu4_4c8f4C54IMyFBixVJmzcL7863eiZWR8rHj4KmTpFiYbd-cQyDa5QS_hOoGofOf8xpXc77pxXZZCfLyiLLhCBEqprIs=w1280,Normal,True
Contact,1uX7JpJoDTWHTjp-QF0RGvcCCIZwuyoA3,captions/ygo4_0378.json,Spell,Dark Contact,ygo4_0378,1uX7JpJoDTWHTjp-QF0RGvcCCIZwuyoA3,new_card_first_release,,,images/ygo4_0378.png,2025-01-23,20788,1.0,exact_alias,,pending_konami_verification,77124096,,,2026-08-31T18:25:56+00:00,selected_pending_image_and_caption_qa,https://lh3.googleusercontent.com/sitesv/AG8ngQUWtbIZk4JaanGoc1oxOsD5G8PMnYJNhiYod_NnLUj6mEGAiaW8yj3AJvxIqciO91aTjv1sdV9zi5K7_d__Rz6Z66tblno3oZZH6gNG85AoUXXm-_WMYL4RqBj2kqkcxqxovatJaN1o4mxW4ISx6_OyeNx2JOMzqQfAJeAXnjSXHoP8rjPREic78I1jkyI=s0,thehungtd_full_art,Dark Contact,https://sites.google.com/view/thehungtd/latest-artworks/2024/supreme-darkness,https://lh3.googleusercontent.com/sitesv/AG8ngQUWtbIZk4JaanGoc1oxOsD5G8PMnYJNhiYod_NnLUj6mEGAiaW8yj3AJvxIqciO91aTjv1sdV9zi5K7_d__Rz6Z66tblno3oZZH6gNG85AoUXXm-_WMYL4RqBj2kqkcxqxovatJaN1o4mxW4ISx6_OyeNx2JOMzqQfAJeAXnjSXHoP8rjPREic78I1jkyI=w1280,Normal,True
,1XtL9Q7LkZlymItZFFN7ImsbNk17SOvNI,captions/ygo4_0379.json,Spell,Evil Assault,ygo4_0379,1XtL9Q7LkZlymItZFFN7ImsbNk17SOvNI,new_card_first_release,,,images/ygo4_0379.png,2025-01-23,20789,1.0,exact_alias,,pending_konami_verification,3519195,,,2026-08-31T18:25:56+00:00,selected_pending_image_and_caption_qa,https://lh3.googleusercontent.com/sitesv/AG8ngQWYAfJ47_HWQ_7r2gl0DP3w73y05yLBMuY89aNITKYVN8EZczfmCo0IQjwEREAhx-6Pl-diEEPoLhUf-jo4wT-0FcJGJFxIKpNWF3KUVbUMCKyId3xTErVtg5ZDVitoYG4-bHLBtciToIER1xZ5YnkLboxbNoJSfAPqkZZMyZryKVzNMVabfRu3_zUsUTI=s0,thehungtd_full_art,Evil Assault,https://sites.google.com/view/thehungtd/latest-artworks/2024/supreme-darkness,https://lh3.googleusercontent.com/sitesv/AG8ngQWYAfJ47_HWQ_7r2gl0DP3w73y05yLBMuY89aNITKYVN8EZczfmCo0IQjwEREAhx-6Pl-diEEPoLhUf-jo4wT-0FcJGJFxIKpNWF3KUVbUMCKyId3xTErVtg5ZDVitoYG4-bHLBtciToIER1xZ5YnkLboxbNoJSfAPqkZZMyZryKVzNMVabfRu3_zUsUTI=w1280,Normal,True
,18XcMr_qCbFjTU6A7dD_nBWTd55O1lyGW,captions/ygo4_0380.json,Spell,Roar of the Blue-Eyed Dragons,ygo4_0380,18XcMr_qCbFjTU6A7dD_nBWTd55O1lyGW,new_card_first_release,,,images/ygo4_0380.png,2025-02-13,20605,1.0,exact_alias,,pending_konami_verification,17725109,,,2026-08-31T18:25:58+00:00,selected_pending_image_and_caption_qa,https://lh3.googleusercontent.com/sitesv/AG8ngQV7hjJo4YASBrMY-WNQbYTGiQNkLKK-KWEdvzOvOSMsN5YC2Xhoz4BnX9YjNWASoHHFBURJ9699vpfS0fpDAVJPR6o3j6OYviSXx_Xr63B-nu-lWDrTAzwbdgRm-NyB8YAhcCM6i3tQziyQ1OlIHBZ3cCjkyR4H33lD_jnuf6F8D9U05T-CGVVWgXXe=s0,thehungtd_full_art,Saga of the Blue-Eyed Dragon,https://sites.google.com/view/thehungtd/latest-artworks/2024/structure-deck-advent-of-the-eyes-of-blue,https://lh3.googleusercontent.com/sitesv/AG8ngQV7hjJo4YASBrMY-WNQbYTGiQNkLKK-KWEdvzOvOSMsN5YC2Xhoz4BnX9YjNWASoHHFBURJ9699vpfS0fpDAVJPR6o3j6OYviSXx_Xr63B-nu-lWDrTAzwbdgRm-NyB8YAhcCM6i3tQziyQ1OlIHBZ3cCjkyR4H33lD_jnuf6F8D9U05T-CGVVWgXXe=w1280,Normal,True
with Eyes of Blue,1mnNHIeUcJd_Qmqi00ns8wgTyRegvL6xn,captions/ygo4_0381.json,Spell,Wishes for Eyes of Blue,ygo4_0381,1mnNHIeUcJd_Qmqi00ns8wgTyRegvL6xn,new_card_first_release,,,images/ygo4_0381.png,2025-02-13,20604,1.0,exact_alias,,pending_konami_verification,80326401,,,2026-08-31T18:25:58+00:00,selected_pending_image_and_caption_qa,https://lh3.googleusercontent.com/sitesv/AG8ngQWWFzGBceYPxnac7AI8lk4ESKZUgM62Hum1ck5Xv0LlkNGC_eJDT9Wgw6ioGqyRH05i7O65TywGlAzyEVCUIqhgCs2mffLPeVPIdD7V0IRkSfbjnXKLp_KhNSCD_PdX4sb_27Xa9iCyfZMxjKqKOzm-q7gI6M3lul49nEbfEZ0KqTJhcuLFZHttcxKTqKE=s0,thehungtd_full_art,Prayers with Eyes of Blue,https://sites.google.com/view/thehungtd/latest-artworks/2024/structure-deck-advent-of-the-eyes-of-blue,https://lh3.googleusercontent.com/sitesv/AG8ngQWWFzGBceYPxnac7AI8lk4ESKZUgM62Hum1ck5Xv0LlkNGC_eJDT9Wgw6ioGqyRH05i7O65TywGlAzyEVCUIqhgCs2mffLPeVPIdD7V0IRkSfbjnXKLp_KhNSCD_PdX4sb_27Xa9iCyfZMxjKqKOzm-q7gI6M3lul49nEbfEZ0KqTJhcuLFZHttcxKTqKE=w1280,Normal,True
Fusion,1Z5PIQDBeS4UEh-wFWEB8cajhCnVTRVhL,captions/ygo4_0382.json,Spell,Double Fusion,ygo4_0382,1Z5PIQDBeS4UEh-wFWEB8cajhCnVTRVhL,new_card_first_release,,,images/ygo4_0382.png,2025-09-25,20949,1.0,exact_alias,,pending_konami_verification,10218411,,,2026-08-31T18:25:56+00:00,selected_pending_image_and_caption_qa,https://lh3.googleusercontent.com/sitesv/AG8ngQU1vve_bJAdKkb4grqZwI4xb6ZW-XRyLAWSuraHMBpXZxNWSTFNaFfVypp-MGdX6Qer8UI8_8InUVT2Z6Sc2eTgjgowmkLH5NOo2DOhPiyyS0novbDI46g4G1_AMdi4NSE0QU7jV0FF_O4sqGi11tubWFKVlWbdDpZn3EiSN09RvkIIRdQmT62Aa5ncxog=s0,thehungtd_full_art,Double Fusion,https://sites.google.com/view/thehungtd/latest-artworks/2024/other,https://lh3.googleusercontent.com/sitesv/AG8ngQU1vve_bJAdKkb4grqZwI4xb6ZW-XRyLAWSuraHMBpXZxNWSTFNaFfVypp-MGdX6Qer8UI8_8InUVT2Z6Sc2eTgjgowmkLH5NOo2DOhPiyyS0novbDI46g4G1_AMdi4NSE0QU7jV0FF_O4sqGi11tubWFKVlWbdDpZn3EiSN09RvkIIRdQmT62Aa5ncxog=w1280,Normal,True
Alien,91231901,captions/ygo4_0383.json,Spell,"""A"" Cell Recombination Device",ygo4_0383,,new_card_first_release,,,images/ygo4_0383.png,2016-11-03,12653,1.0,api_identity_exact,,pending_konami_verification,91231901,,,2026-08-31T18:26:10+00:00,selected_pending_image_and_caption_qa,https://images.ygoprodeck.com/images/cards_cropped/91231901.jpg,ygoprodeck_cropped_art,"""A"" Cell Recombination Device",https://db.ygoprodeck.com/api/v7/cardinfo.php?misc=yes,https://images.ygoprodeck.com/images/cards_cropped/91231901.jpg,Quick-Play,True
Igknight,38848158,captions/ygo4_0384.json,Spell,Igknights Unite,ygo4_0384,,new_card_first_release,,,images/ygo4_0384.png,2016-11-03,12651,1.0,api_identity_exact,,pending_konami_verification,38848158,,,2026-08-31T18:26:10+00:00,selected_pending_image_and_caption_qa,https://images.ygoprodeck.com/images/cards_cropped/38848158.jpg,ygoprodeck_cropped_art,Igknights Unite,https://db.ygoprodeck.com/api/v7/cardinfo.php?misc=yes,https://images.ygoprodeck.com/images/cards_cropped/38848158.jpg,Quick-Play,True
Flame Swordsman,1Vc8MuMeLGEjemEV3oF8MylMKjBihl9Lh,captions/ygo4_0385.json,Spell,Fighting Flame Sword,ygo4_0385,1Vc8MuMeLGEjemEV3oF8MylMKjBihl9Lh,new_card_first_release,,,images/ygo4_0385.png,2024-01-18,19731,1.0,exact_alias,,pending_konami_verification,35697544,,,2026-08-31T18:25:57+00:00,selected_pending_image_and_caption_qa,https://lh3.googleusercontent.com/sitesv/AG8ngQWZNNU_6d0zHp4BQkjwGkfGLu9218iw_O4EhgMpdf15-DS4pu2wGlFghusAg6FTRK0vSMBABgBBeCUtjg0rSrLpbpGGF4QmJHPlq5pCm9vhsHc3oZ1A_mbo2s_LALyN41evFclnV-2X3B_koDKKh-oBS6JH8heYP8tJvMLT-Mh8cs0uzmscRzNdxE_ugIA=s0,thehungtd_full_art,Fighting Flame Sword,https://sites.google.com/view/thehungtd/latest-artworks/2024/world-premiere-pack-2024,https://lh3.googleusercontent.com/sitesv/AG8ngQWZNNU_6d0zHp4BQkjwGkfGLu9218iw_O4EhgMpdf15-DS4pu2wGlFghusAg6FTRK0vSMBABgBBeCUtjg0rSrLpbpGGF4QmJHPlq5pCm9vhsHc3oZ1A_mbo2s_LALyN41evFclnV-2X3B_koDKKh-oBS6JH8heYP8tJvMLT-Mh8cs0uzmscRzNdxE_ugIA=w1280,Quick-Play,True
,16CsP0PXp36B416PT18fXKQzA9d9LsYHn,captions/ygo4_0386.json,Spell,Awakening of Veidos,ygo4_0386,16CsP0PXp36B416PT18fXKQzA9d9LsYHn,new_card_first_release,,,images/ygo4_0386.png,2024-02-08,19840,1.0,exact_alias,,pending_konami_verification,30453613,,,2026-08-31T18:26:04+00:00,selected_pending_image_and_caption_qa,https://lh3.googleusercontent.com/sitesv/AG8ngQVdvpqoBTLCYXE8k0JZnImTYyUAuLY4OKWUtJBrxwattHe95_ZyvfEOuDcD7LidhKnRjI6fNxZcFFOOgLhzfIbNkp0IQ9m16nFnVjwbP89xnvZ2mFGyQJ8l-eYnWDkrD-T3iQ_zH-xk_n849Cynj3XL_Xa-0hVFGOfpgU1eBbxQHvDFpnicNq3mPtXeL7o=s0,thehungtd_full_art,Awakening of Veidos,https://sites.google.com/view/thehungtd/latest-artworks/2024/phantom-nightmare,https://lh3.googleusercontent.com/sitesv/AG8ngQVdvpqoBTLCYXE8k0JZnImTYyUAuLY4OKWUtJBrxwattHe95_ZyvfEOuDcD7LidhKnRjI6fNxZcFFOOgLhzfIbNkp0IQ9m16nFnVjwbP89xnvZ2mFGyQJ8l-eYnWDkrD-T3iQ_zH-xk_n849Cynj3XL_Xa-0hVFGOfpgU1eBbxQHvDFpnicNq3mPtXeL7o=w1280,Quick-Play,True
,1kV5Y05hjbMhePyok6tfusuWXzdOUh6ni,captions/ygo4_0387.json,Spell,Awakening of Veidos,ygo4_0387,1kV5Y05hjbMhePyok6tfusuWXzdOUh6ni,new_card_first_release,,,images/ygo4_0387.png,2024-02-08,19840,1.0,exact_alias,,pending_konami_verification,30453613,,,2026-08-31T18:25:57+00:00,selected_pending_image_and_caption_qa,https://lh3.googleusercontent.com/sitesv/AG8ngQWG-bhQ1cCy11mOklMSiJvOr9PcKDoojb9j2q56Xz-6W7CGIeFZ_sd3GqhYb1BB120ZFIqL0lZaPsianl5MqkBG3TThbrx6bXbyBc8NEFkFXM9wqF0OuxVDessiFPhD6TQj2jonhtPAbPG7hpgahH6Hx_bRlSalI4PsJdcakuHPuhpaqyl-ESpNJrZK=s0,thehungtd_full_art,Awakening of Veidos,https://sites.google.com/view/thehungtd/latest-artworks/2024/world-premiere-pack-2024,https://lh3.googleusercontent.com/sitesv/AG8ngQWG-bhQ1cCy11mOklMSiJvOr9PcKDoojb9j2q56Xz-6W7CGIeFZ_sd3GqhYb1BB120ZFIqL0lZaPsianl5MqkBG3TThbrx6bXbyBc8NEFkFXM9wqF0OuxVDessiFPhD6TQj2jonhtPAbPG7hpgahH6Hx_bRlSalI4PsJdcakuHPuhpaqyl-ESpNJrZK=w1280,Quick-Play,True
Snake-Eye,1f3ItgSGdFptVwU92Y6cRVxX5qxnlRwjz,captions/ygo4_0388.json,Spell,Dramatic Snake-Eye Chase,ygo4_0388,1f3ItgSGdFptVwU92Y6cRVxX5qxnlRwjz,new_card_first_release,,,images/ygo4_0388.png,2024-02-08,19517,1.0,exact_alias,,pending_konami_verification,26700718,,,2026-08-31T18:26:04+00:00,selected_pending_image_and_caption_qa,https://lh3.googleusercontent.com/sitesv/AG8ngQVoZHh1LgVspYwlK11OoI8xKFDpOetSd8xmXtT3YxURwf79bWKUn0PcTShVJ0mAO3bghzUA4cA16YyLv5tyPhk7u6NiBqaMiVrVlvXuI7W-RtMIR4qccFo-18S5_jjRx2hhvzB42G-__sGrPQox09MkHYoJdtEzmO1uoW9HI7hcDPDKRc-DM25aRj1CQS4=s0,thehungtd_full_art,Snake-Eye Dramatic Chase,https://sites.google.com/view/thehungtd/latest-artworks/2024/phantom-nightmare,https://lh3.googleusercontent.com/sitesv/AG8ngQVoZHh1LgVspYwlK11OoI8xKFDpOetSd8xmXtT3YxURwf79bWKUn0PcTShVJ0mAO3bghzUA4cA16YyLv5tyPhk7u6NiBqaMiVrVlvXuI7W-RtMIR4qccFo-18S5_jjRx2hhvzB42G-__sGrPQox09MkHYoJdtEzmO1uoW9HI7hcDPDKRc-DM25aRj1CQS4=w1280,Quick-Play,True
Earthbound,1CHQ-r9EXPNf3v63jBpFtUyJ799Pmmj3P,captions/ygo4_0389.json,Spell,Earthbound Fusion,ygo4_0389,1CHQ-r9EXPNf3v63jBpFtUyJ799Pmmj3P,new_card_first_release,,,images/ygo4_0389.png,2024-02-08,19519,1.0,exact_alias,,pending_konami_verification,99599062,,,2026-08-31T18:26:04+00:00,selected_pending_image_and_caption_qa,https://lh3.googleusercontent.com/sitesv/AG8ngQUF6QRYID4guGi5T_54_MUcGVV5f4v88ILKQ3Do6B72FwFwdIdWKAWmevpu4JwMLE_Z2VwKatwfMOcI-jdBOLT01lZ4VmNHlHyWB-B7w5Rw5D3gLGoFOqFqr-iOPX9xYlP_j6TXdX7N1bGaYer5lxRelFENZdyVbIJxh1s5UwS7ZCOuzpUy7Yi7mqXC=s0,thehungtd_full_art,Earthbound Fusion,https://sites.google.com/view/thehungtd/latest-artworks/2024/phantom-nightmare,https://lh3.googleusercontent.com/sitesv/AG8ngQUF6QRYID4guGi5T_54_MUcGVV5f4v88ILKQ3Do6B72FwFwdIdWKAWmevpu4JwMLE_Z2VwKatwfMOcI-jdBOLT01lZ4VmNHlHyWB-B7w5Rw5D3gLGoFOqFqr-iOPX9xYlP_j6TXdX7N1bGaYer5lxRelFENZdyVbIJxh1s5UwS7ZCOuzpUy7Yi7mqXC=w1280,Quick-Play,True
Shining Sarcophagus,1z5nQb7SIi777JEXa5QJ93dpQ0iF891o3,captions/ygo4_0390.json,Spell,Future Silence,ygo4_0390,1z5nQb7SIi777JEXa5QJ93dpQ0iF891o3,new_card_first_release,,,images/ygo4_0390.png,2024-04-25,19895,1.0,exact_alias,,pending_konami_verification,78679226,,,2026-08-31T18:26:02+00:00,selected_pending_image_and_caption_qa,https://lh3.googleusercontent.com/sitesv/AG8ngQU0TX7QwiMtrGo65A9Qy7B2MXtbmVtwJ7eeTFT3N4nUXRolVPkOlTmKlFa9GPtJxbiogdUvafe7M8Zmg1t147cFUts7C3VTHbs0js23MOWtaZAI7kcggrndLRwZ3reoLBYtE8vbjFui7aU7z4tUdnJRKJci7Dafqj5hc6BoXhcgi7KCoGu40-0WjKbaytY=s0,thehungtd_full_art,Silence Towards the Future,https://sites.google.com/view/thehungtd/latest-artworks/2024/legacy-of-destruction,https://lh3.googleusercontent.com/sitesv/AG8ngQU0TX7QwiMtrGo65A9Qy7B2MXtbmVtwJ7eeTFT3N4nUXRolVPkOlTmKlFa9GPtJxbiogdUvafe7M8Zmg1t147cFUts7C3VTHbs0js23MOWtaZAI7kcggrndLRwZ3reoLBYtE8vbjFui7aU7z4tUdnJRKJci7Dafqj5hc6BoXhcgi7KCoGu40-0WjKbaytY=w1280,Quick-Play,True
Ashened,1JEFZw97LEcnkFa_cPaW8l52Q6aKseGU0,captions/ygo4_0391.json,Spell,Rekindling the Ashened,ygo4_0391,1JEFZw97LEcnkFa_cPaW8l52Q6aKseGU0,new_card_first_release,,,images/ygo4_0391.png,2024-04-25,20070,1.0,exact_alias,,pending_konami_verification,61434639,,,2026-08-31T18:26:02+00:00,selected_pending_image_and_caption_qa,https://lh3.googleusercontent.com/sitesv/AG8ngQW9_5Gpbqucavnbg6q1YkCzzpA4spKKaK54wQDE-11OF8QKWmKuTxWoJhOKMGhsr2MPgGVQJyfRiVNLpK6BQXqzSf4kXN5yo8UCnY17KgbmvYEu_kCRlSinb5hMNo-neV82kv6nCLqaS55qyIQqMO7GpN8vuUtA3UnZw4psoMfv24fyXE99p0wov4v2-Zo=s0,thehungtd_full_art,Rekindling the Ashened,https://sites.google.com/view/thehungtd/latest-artworks/2024/legacy-of-destruction,https://lh3.googleusercontent.com/sitesv/AG8ngQW9_5Gpbqucavnbg6q1YkCzzpA4spKKaK54wQDE-11OF8QKWmKuTxWoJhOKMGhsr2MPgGVQJyfRiVNLpK6BQXqzSf4kXN5yo8UCnY17KgbmvYEu_kCRlSinb5hMNo-neV82kv6nCLqaS55qyIQqMO7GpN8vuUtA3UnZw4psoMfv24fyXE99p0wov4v2-Zo=w1280,Quick-Play,True
Ashened,1qqo9pBlTrXD37rrxnCv0GKM9m_hMjZGN,captions/ygo4_0392.json,Spell,Rekindling the Ashened,ygo4_0392,1qqo9pBlTrXD37rrxnCv0GKM9m_hMjZGN,new_card_first_release,,,images/ygo4_0392.png,2024-04-25,20070,1.0,exact_alias,,pending_konami_verification,61434639,,,2026-08-31T18:25:57+00:00,selected_pending_image_and_caption_qa,https://lh3.googleusercontent.com/sitesv/AG8ngQVwQtm3Dcrlxj3cCpeQv3oNMuLGOK-vBiGfhsi3ssDdv7o9GA9zrKmGqVMnN8LGRp1i-oZWTvpR3i2FiHXf5AIazhZn9dHJ3V69PB0hn85mN4fWaMQlvSCzHDcNtI09onCMTkdVWeJzdm-LfjbG4NtgwiVJgauhlu73ElD3Yh1WqbWXY__T5m12l47H=s0,thehungtd_full_art,Rekindling the Ashened,https://sites.google.com/view/thehungtd/latest-artworks/2024/world-premiere-pack-2024,https://lh3.googleusercontent.com/sitesv/AG8ngQVwQtm3Dcrlxj3cCpeQv3oNMuLGOK-vBiGfhsi3ssDdv7o9GA9zrKmGqVMnN8LGRp1i-oZWTvpR3i2FiHXf5AIazhZn9dHJ3V69PB0hn85mN4fWaMQlvSCzHDcNtI09onCMTkdVWeJzdm-LfjbG4NtgwiVJgauhlu73ElD3Yh1WqbWXY__T5m12l47H=w1280,Quick-Play,True
Sangen,1ozjdxILOkrj4kKeidDMR5DuDNWuatajc,captions/ygo4_0393.json,Spell,Sangen Kaimen,ygo4_0393,1ozjdxILOkrj4kKeidDMR5DuDNWuatajc,new_card_first_release,,,images/ygo4_0393.png,2024-04-25,19901,1.0,exact_alias,,pending_konami_verification,66730191,,,2026-08-31T18:26:02+00:00,selected_pending_image_and_caption_qa,https://lh3.googleusercontent.com/sitesv/AG8ngQUW_CYcabYOIOyHqUO6zRUcpyaYhCtQ8SOdlJ0ov2cGMI2gg9bmr0AkI_JFZ7Nc2E97aTW8VcIdLX4YCH_HlXsQvI49febD9mMUcVuVqC6ds_rHEJpgpjk8VHdWiA8nyyd8ttkolb9Xn1kisuCH-l3Y6pKIuq4_OFHpVgsEymXGV3l2I2V25a_RZ-okW4I=s0,thehungtd_full_art,Brightfleet Opening,https://sites.google.com/view/thehungtd/latest-artworks/2024/legacy-of-destruction,https://lh3.googleusercontent.com/sitesv/AG8ngQUW_CYcabYOIOyHqUO6zRUcpyaYhCtQ8SOdlJ0ov2cGMI2gg9bmr0AkI_JFZ7Nc2E97aTW8VcIdLX4YCH_HlXsQvI49febD9mMUcVuVqC6ds_rHEJpgpjk8VHdWiA8nyyd8ttkolb9Xn1kisuCH-l3Y6pKIuq4_OFHpVgsEymXGV3l2I2V25a_RZ-okW4I=w1280,Quick-Play,True
Shining Sarcophagus,10Nr0w1b3S7bIR1yj1hglsAyCIqfhWtXF,captions/ygo4_0394.json,Spell,Turn Silence,ygo4_0394,10Nr0w1b3S7bIR1yj1hglsAyCIqfhWtXF,new_card_first_release,,,images/ygo4_0394.png,2024-04-25,19893,1.0,exact_alias,,pending_konami_verification,5786513,,,2026-08-31T18:26:02+00:00,selected_pending_image_and_caption_qa,https://lh3.googleusercontent.com/sitesv/AG8ngQXx_nXl-DNhSwya-7-ZwyUU5aLSCIPipbobjS_6RjERkU8Qb57pR_hzMbnPYG0kfGD3fJUwXWEWhrpIBUNgdheNC6duVrvldyzVjbburl0xE9FeAoSSlzF0Zf98M4xX_z84geJcaetym2eaEn4mb6crwH3h_13cD3AtHfT-bsOOj_O-lXOpwy5050k9UYk=s0,thehungtd_full_art,Turn Silence,https://sites.google.com/view/thehungtd/latest-artworks/2024/legacy-of-destruction,https://lh3.googleusercontent.com/sitesv/AG8ngQXx_nXl-DNhSwya-7-ZwyUU5aLSCIPipbobjS_6RjERkU8Qb57pR_hzMbnPYG0kfGD3fJUwXWEWhrpIBUNgdheNC6duVrvldyzVjbburl0xE9FeAoSSlzF0Zf98M4xX_z84geJcaetym2eaEn4mb6crwH3h_13cD3AtHfT-bsOOj_O-lXOpwy5050k9UYk=w1280,Quick-Play,True
Vaalmonica,1rxkyQ_3ssxU22I3ylN0kjtJa8uW_hwX7,captions/ygo4_0395.json,Spell,Vaalmonica Invitare,ygo4_0395,1rxkyQ_3ssxU22I3ylN0kjtJa8uW_hwX7,new_card_first_release,,,images/ygo4_0395.png,2024-04-25,19906,1.0,exact_alias,,pending_konami_verification,38491852,,,2026-08-31T18:26:02+00:00,selected_pending_image_and_caption_qa,https://lh3.googleusercontent.com/sitesv/AG8ngQXOyI5w7vqwlpjHOwd2kbRVlui8sMdIzR0PFuhcNCGqegfkqQ9u51O76dXHEBMvzZuPEUnOlssOS1IQHrwa3ETkyMMlgHrgcYwo0n2J79nUceo3DiZOdXpM0RHFWRoJob25n9eYMzH0auLTnSLdd71VUWESngBRhbMdiOsSdkGa3YBOQw4uLgHTKoV_wsA=s0,thehungtd_full_art,Vaalmonica Invitare,https://sites.google.com/view/thehungtd/latest-artworks/2024/legacy-of-destruction,https://lh3.googleusercontent.com/sitesv/AG8ngQXOyI5w7vqwlpjHOwd2kbRVlui8sMdIzR0PFuhcNCGqegfkqQ9u51O76dXHEBMvzZuPEUnOlssOS1IQHrwa3ETkyMMlgHrgcYwo0n2J79nUceo3DiZOdXpM0RHFWRoJob25n9eYMzH0auLTnSLdd71VUWESngBRhbMdiOsSdkGa3YBOQw4uLgHTKoV_wsA=w1280,Quick-Play,True
Centur-Ion,1kO97B0he40T2mL4ruJsZMRIGYvehwunY,captions/ygo4_0396.json,Spell,Wake Up Centur-Ion!,ygo4_0396,1kO97B0he40T2mL4ruJsZMRIGYvehwunY,new_card_first_release,,,images/ygo4_0396.png,2024-04-25,19905,1.0,exact_alias,,pending_konami_verification,92907248,,,2026-08-31T18:26:02+00:00,selected_pending_image_and_caption_qa,https://lh3.googleusercontent.com/sitesv/AG8ngQVy5HcnofZaZeArfj2IqzTqHjmpUXwFzPxYdOF7Ym9zZRA-qZ0546WSsfjrhA9XK2b19kaW-8A7P6aDnOTBUsqwg9B8sH1fWiWSOTQUsFDfqDoi8yNiUU35yV8InQF8Oc8CfZnwnw1KZxnUScRwTZmN1NV1z8IPCbkrJ2pO3dKMCYdacxX3gxRdyM4Sk_w=s0,thehungtd_full_art,Wake Up Centur-Ion!,https://sites.google.com/view/thehungtd/latest-artworks/2024/legacy-of-destruction,https://lh3.googleusercontent.com/sitesv/AG8ngQVy5HcnofZaZeArfj2IqzTqHjmpUXwFzPxYdOF7Ym9zZRA-qZ0546WSsfjrhA9XK2b19kaW-8A7P6aDnOTBUsqwg9B8sH1fWiWSOTQUsFDfqDoi8yNiUU35yV8InQF8Oc8CfZnwnw1KZxnUScRwTZmN1NV1z8IPCbkrJ2pO3dKMCYdacxX3gxRdyM4Sk_w=w1280,Quick-Play,True
Rank-Up-Magic,1Kqn4kChFbc3q1yF2vmmrEAvkyu2a67CE,captions/ygo4_0397.json,Spell,Rank-Up-Magic Magical Force,ygo4_0397,1Kqn4kChFbc3q1yF2vmmrEAvkyu2a67CE,new_card_first_release,,,images/ygo4_0397.png,2024-06-22,20412,1.0,exact_alias,,pending_konami_verification,32044231,,,2026-08-31T18:26:01+00:00,selected_pending_image_and_caption_qa,https://lh3.googleusercontent.com/sitesv/AG8ngQUL1Oxza6WlP8r1p4mu6lXT7O97uP5ivb7PGiK5A0JTPvdbO-5tfsyY1UlyjYDC0QoUmwCuXcl8DtkfB4ilhUtNeaO7ixq9RTduncn3Gdl5A15MbA2-brR29Z7387PZf9UMDaNpUKLwCMJbLVphXy2RxhugWwiqr9f2KY-NHLwGhOraCiUHvyVCvACFSoQ=s0,thehungtd_full_art,Rank-Up-Magic Magical Force,https://sites.google.com/view/thehungtd/latest-artworks/2024/animation-chronicle-2024,https://lh3.googleusercontent.com/sitesv/AG8ngQUL1Oxza6WlP8r1p4mu6lXT7O97uP5ivb7PGiK5A0JTPvdbO-5tfsyY1UlyjYDC0QoUmwCuXcl8DtkfB4ilhUtNeaO7ixq9RTduncn3Gdl5A15MbA2-brR29Z7387PZf9UMDaNpUKLwCMJbLVphXy2RxhugWwiqr9f2KY-NHLwGhOraCiUHvyVCvACFSoQ=w1280,Quick-Play,True
Light and Darkness Dragon,13aWNm04tu_PR62bOZ2yvyLWBviIKNPCt,captions/ygo4_0398.json,Spell,Dragon's Light and Darkness,ygo4_0398,13aWNm04tu_PR62bOZ2yvyLWBviIKNPCt,new_card_first_release,,,images/ygo4_0398.png,2024-07-18,20236,1.0,exact_alias,,pending_konami_verification,63295720,,,2026-08-31T18:26:00+00:00,selected_pending_image_and_caption_qa,https://lh3.googleusercontent.com/sitesv/AG8ngQUt-0I50XZSyUspMeEvARnxfT7id6Aiq52tx5g3EEi-HS_0JSyRNjWt0oKqiOq-fDtUPe8b3Mb85ihS1CygPDYoU183y7CASDbJyItonjIyta7ruql7ye2ew8y_HRz9Hd7ywk5Zk457EiSnAcXjY0aYeguv_r3MLolYK9xtHCU7qlF-zlUfbrLksIb6=s0,thehungtd_full_art,Dragon's Glory of Light and Dark,https://sites.google.com/view/thehungtd/latest-artworks/2024/infinite-forbidden,https://lh3.googleusercontent.com/sitesv/AG8ngQUt-0I50XZSyUspMeEvARnxfT7id6Aiq52tx5g3EEi-HS_0JSyRNjWt0oKqiOq-fDtUPe8b3Mb85ihS1CygPDYoU183y7CASDbJyItonjIyta7ruql7ye2ew8y_HRz9Hd7ywk5Zk457EiSnAcXjY0aYeguv_r3MLolYK9xtHCU7qlF-zlUfbrLksIb6=w1280,Quick-Play,True
Emblema,1I43kQLeR4SSf5E0w_6MQG_3WhL0leWUC,captions/ygo4_0399.json,Spell,Emblema Salvation,ygo4_0399,1I43kQLeR4SSf5E0w_6MQG_3WhL0leWUC,new_card_first_release,,,images/ygo4_0399.png,2024-07-18,20242,1.0,exact_alias,,pending_konami_verification,61950680,,,2026-08-31T18:26:00+00:00,selected_pending_image_and_caption_qa,https://lh3.googleusercontent.com/sitesv/AG8ngQV6ryzsitwnkzbyyV7-fSO9XKJZPLMT9p9ALEPqgZVL5SWFiEZELE98hNiht0fjkjMk6LbFxpGftTKCwqZ5ORV_uJYvH6oQjGf_gq3fsd2IqEsQpkvNCPm2--pz5gcEowVv_4MMzSDrRgF-pdDchioIxkf_ox4_n6cl6OYzDFMEPqcVUp4Yhgjs1UzMzoA=s0,thehungtd_full_art,Emblema Atonement,https://sites.google.com/view/thehungtd/latest-artworks/2024/infinite-forbidden,https://lh3.googleusercontent.com/sitesv/AG8ngQV6ryzsitwnkzbyyV7-fSO9XKJZPLMT9p9ALEPqgZVL5SWFiEZELE98hNiht0fjkjMk6LbFxpGftTKCwqZ5ORV_uJYvH6oQjGf_gq3fsd2IqEsQpkvNCPm2--pz5gcEowVv_4MMzSDrRgF-pdDchioIxkf_ox4_n6cl6OYzDFMEPqcVUp4Yhgjs1UzMzoA=w1280,Quick-Play,True
Fiendsmith,1WtL4eJmFelr0gQkJpQeaugvhUtQVFzur,captions/ygo4_0400.json,Spell,Fiendsmith's Sanct,ygo4_0400,1WtL4eJmFelr0gQkJpQeaugvhUtQVFzur,new_card_first_release,,,images/ygo4_0400.png,2024-07-18,20241,1.0,exact_alias,,pending_konami_verification,35552985,,,2026-08-31T18:26:00+00:00,selected_pending_image_and_caption_qa,https://lh3.googleusercontent.com/sitesv/AG8ngQVvGpU4BNin9JzyTST-IBND0Sxb2Hi7iJ58JqSQVwauZuPkT_94BseU1aieZOUYyjvkVOGPx8cejva8lMb7h7cdIOHDOkIMD-K0RN6IY0KvOVam5cL59XNeJiBRTodEvbQKxn7lPScjWBb9DeBDGha9rjxm4DzK5O-Z8gd8M5e2ozS6judQrwQIq0WxNpQ=s0,thehungtd_full_art,Fiendsmith Sanctus,https://sites.google.com/view/thehungtd/latest-artworks/2024/infinite-forbidden,https://lh3.googleusercontent.com/sitesv/AG8ngQVvGpU4BNin9JzyTST-IBND0Sxb2Hi7iJ58JqSQVwauZuPkT_94BseU1aieZOUYyjvkVOGPx8cejva8lMb7h7cdIOHDOkIMD-K0RN6IY0KvOVam5cL59XNeJiBRTodEvbQKxn7lPScjWBb9DeBDGha9rjxm4DzK5O-Z8gd8M5e2ozS6judQrwQIq0WxNpQ=w1280,Quick-Play,True
Sinful Spoils,1mJOHH3iPre5wIDgojkK1f63MLAQG_vUi,captions/ygo4_0401.json,Spell,Susurrus of the Sinful Spoils,ygo4_0401,1mJOHH3iPre5wIDgojkK1f63MLAQG_vUi,new_card_first_release,,,images/ygo4_0401.png,2024-07-18,20239,1.0,exact_alias,,pending_konami_verification,62173132,,,2026-08-31T18:26:00+00:00,selected_pending_image_and_caption_qa,https://lh3.googleusercontent.com/sitesv/AG8ngQXbi1VhZzdw2Iu8K8ud1m0DYc53qj2-nsAJbZM_yDbpkLaOCDg4tFkAlEV0LJBevzMevXknznpxQeVDhuQ6v7oyE_WdAIEsd9UPJwuToteuUlS1vCZM1Dgbj3foV76ibxNU_Odk2FyKAbYScP0RSZaTRskTcKisFhwRgCckUoSb7k_gkcGTxy8kxg3CxWY=s0,thehungtd_full_art,Whispers of the Sinful Spoils,https://sites.google.com/view/thehungtd/latest-artworks/2024/infinite-forbidden,https://lh3.googleusercontent.com/sitesv/AG8ngQXbi1VhZzdw2Iu8K8ud1m0DYc53qj2-nsAJbZM_yDbpkLaOCDg4tFkAlEV0LJBevzMevXknznpxQeVDhuQ6v7oyE_WdAIEsd9UPJwuToteuUlS1vCZM1Dgbj3foV76ibxNU_Odk2FyKAbYScP0RSZaTRskTcKisFhwRgCckUoSb7k_gkcGTxy8kxg3CxWY=w1280,Quick-Play,True
,1LbHUncF2OqWY06b19q7i3SjJVWKWgVzJ,captions/ygo4_0402.json,Spell,Vesper Girsu,ygo4_0402,1LbHUncF2OqWY06b19q7i3SjJVWKWgVzJ,new_card_first_release,,,images/ygo4_0402.png,2024-07-18,20243,1.0,exact_alias,,pending_konami_verification,97345699,,,2026-08-31T18:26:00+00:00,selected_pending_image_and_caption_qa,https://lh3.googleusercontent.com/sitesv/AG8ngQUDNJ4GXxMwKT0wwKi_wz7dhRxHAHNgACcBvitIZVF_rc03H1_F0rG-hhu4FSAy72klC0u6EJWPr9brYsgRYFQl8uDCSKmYHRVHU54VB6I_BY6XQUF5cmVd_VZhacWNB7DHAHDb6fSqmn0xsVD4WnevEZCMphJEq1mRJUdF-x_uPLTNBHBc_gl0ikmiXsc=s0,thehungtd_full_art,Vesper Girsu,https://sites.google.com/view/thehungtd/latest-artworks/2024/infinite-forbidden,https://lh3.googleusercontent.com/sitesv/AG8ngQUDNJ4GXxMwKT0wwKi_wz7dhRxHAHNgACcBvitIZVF_rc03H1_F0rG-hhu4FSAy72klC0u6EJWPr9brYsgRYFQl8uDCSKmYHRVHU54VB6I_BY6XQUF5cmVd_VZhacWNB7DHAHDb6fSqmn0xsVD4WnevEZCMphJEq1mRJUdF-x_uPLTNBHBc_gl0ikmiXsc=w1280,Quick-Play,True
Azamina,1S3xE507DcRGDsf7U3F5OzuYmAJIv3VPp,captions/ygo4_0403.json,Spell,Azamina Debtors,ygo4_0403,1S3xE507DcRGDsf7U3F5OzuYmAJIv3VPp,new_card_first_release,,,images/ygo4_0403.png,2024-07-27,20530,1.0,exact_alias,,pending_konami_verification,20934683,,,2026-08-31T18:25:58+00:00,selected_pending_image_and_caption_qa,https://lh3.googleusercontent.com/sitesv/AG8ngQWzV0-J0apwhFXoqAHHYcb1T1DWwanTGf0NCf-uYc4CJCdJVyIKITjO9YCQN2b4GpcOY_RLpfNkzgDu7lS6YPsyWP1YFQYo068Hn2J5BSDRuQy3agWg0ECaiu7WolOHGkpEGReoLyVFV3mHybf74khO8LEcWh6LDUiBf_rWRGf8xuKGXxzeoiK4FLEYUH4=s0,thehungtd_full_art,Azamina Ofeiletis,https://sites.google.com/view/thehungtd/latest-artworks/2024/rage-of-the-abyss,https://lh3.googleusercontent.com/sitesv/AG8ngQWzV0-J0apwhFXoqAHHYcb1T1DWwanTGf0NCf-uYc4CJCdJVyIKITjO9YCQN2b4GpcOY_RLpfNkzgDu7lS6YPsyWP1YFQYo068Hn2J5BSDRuQy3agWg0ECaiu7WolOHGkpEGReoLyVFV3mHybf74khO8LEcWh6LDUiBf_rWRGf8xuKGXxzeoiK4FLEYUH4=w1280,Quick-Play,True
,1Jx7Dof6GopsYYQj8E53vGporRIttt15L,captions/ygo4_0404.json,Spell,Final Bringer of the End Times,ygo4_0404,1Jx7Dof6GopsYYQj8E53vGporRIttt15L,new_card_first_release,,,images/ygo4_0404.png,2024-07-27,20540,1.0,exact_alias,,pending_konami_verification,54261514,,,2026-08-31T18:25:58+00:00,selected_pending_image_and_caption_qa,https://lh3.googleusercontent.com/sitesv/AG8ngQUbTjynxiE5CxAbeyw2b-p2QgKXw68NeGEWLah-wZhKn0QWzFlG_RT1B-RubBMJWeq4EUQvxImgtJKYIArCqmhsOmcO2Yz-pD5LE5NYSHulGvrlwSw7QilzVz39LA_N5htPj3ffP3h_D1iAmjAfUH4RZ1FNCDAsJw-nDfZY1vexM03Hpa-PBxGrOZDBcyE=s0,thehungtd_full_art,Final Bringer's Bellow,https://sites.google.com/view/thehungtd/latest-artworks/2024/rage-of-the-abyss,https://lh3.googleusercontent.com/sitesv/AG8ngQUbTjynxiE5CxAbeyw2b-p2QgKXw68NeGEWLah-wZhKn0QWzFlG_RT1B-RubBMJWeq4EUQvxImgtJKYIArCqmhsOmcO2Yz-pD5LE5NYSHulGvrlwSw7QilzVz39LA_N5htPj3ffP3h_D1iAmjAfUH4RZ1FNCDAsJw-nDfZY1vexM03Hpa-PBxGrOZDBcyE=w1280,Quick-Play,True
Goblin,1LeTMjN00KinsXoe_4SA_Z9NnXnWIXo5f,captions/ygo4_0405.json,Spell,Goblin Biker Grand Breakout,ygo4_0405,1LeTMjN00KinsXoe_4SA_Z9NnXnWIXo5f,new_card_first_release,,,images/ygo4_0405.png,2024-07-27,20533,1.0,exact_alias,,pending_konami_verification,29111045,,,2026-08-31T18:25:58+00:00,selected_pending_image_and_caption_qa,https://lh3.googleusercontent.com/sitesv/AG8ngQUv8Drszc06a9dE1yWlig-gs2Lrm6meYcCXEymHQKRUv1pAy7CzZ8wRZ5QEZEzBAxuJ6S5idYT1YjNV8fJIGhfwrQHKdpVJ3kk6KfBfnZ7UDs-UVs-wc03gRmqCNNYjunYQ0uQR6m4qRM2g833vjgin4XHMiK6GcKJrcgsEkzL5SdCKU03NvSTRewWD=s0,thehungtd_full_art,Goblin Biker Grand Imprisonment,https://sites.google.com/view/thehungtd/latest-artworks/2024/rage-of-the-abyss,https://lh3.googleusercontent.com/sitesv/AG8ngQUv8Drszc06a9dE1yWlig-gs2Lrm6meYcCXEymHQKRUv1pAy7CzZ8wRZ5QEZEzBAxuJ6S5idYT1YjNV8fJIGhfwrQHKdpVJ3kk6KfBfnZ7UDs-UVs-wc03gRmqCNNYjunYQ0uQR6m4qRM2g833vjgin4XHMiK6GcKJrcgsEkzL5SdCKU03NvSTRewWD=w1280,Quick-Play,True
Primite,13qEXYVMOPE-W3wGTYJLiKm3U-ItZihGC,captions/ygo4_0406.json,Spell,Primite Drillbeam,ygo4_0406,13qEXYVMOPE-W3wGTYJLiKm3U-ItZihGC,new_card_first_release,,,images/ygo4_0406.png,2024-07-27,20536,1.0,exact_alias,,pending_konami_verification,29095457,,,2026-08-31T18:25:58+00:00,selected_pending_image_and_caption_qa,https://lh3.googleusercontent.com/sitesv/AG8ngQXX6rHUX6rd9O6PdSlkmTYZIFJK0Zs2XyPN0eYZKsHV89tf_ZI_IpOc3x7MqwpVcHS6ywmGedlrWMpz9Zn4wvuRtHx020LHIa8rBbrhU3dn4BzCNeWOzo85E2i_kRY8e9Xld7n9vrxKNeG1aypsF5sQ9dFIWef19hb2qN1O2sSGlDmRYf53TY1KJyJY83s=s0,thehungtd_full_art,Primoredial Schiller,https://sites.google.com/view/thehungtd/latest-artworks/2024/rage-of-the-abyss,https://lh3.googleusercontent.com/sitesv/AG8ngQXX6rHUX6rd9O6PdSlkmTYZIFJK0Zs2XyPN0eYZKsHV89tf_ZI_IpOc3x7MqwpVcHS6ywmGedlrWMpz9Zn4wvuRtHx020LHIa8rBbrhU3dn4BzCNeWOzo85E2i_kRY8e9Xld7n9vrxKNeG1aypsF5sQ9dFIWef19hb2qN1O2sSGlDmRYf53TY1KJyJY83s=w1280,Quick-Play,True
Primite,1ovwLjp09ezmtEh45ov6ECbvOPLow8sDM,captions/ygo4_0407.json,Spell,Primite Roar,ygo4_0407,1ovwLjp09ezmtEh45ov6ECbvOPLow8sDM,new_card_first_release,,,images/ygo4_0407.png,2024-07-27,20535,1.0,exact_alias,,pending_konami_verification,92501449,,,2026-08-31T18:25:58+00:00,selected_pending_image_and_caption_qa,https://lh3.googleusercontent.com/sitesv/AG8ngQWSGdMHbB-pxzX_ewl1jf4FErYc4-p0ZXBD2dfrUK3QXwlyc57MIPDXNnMX1a-Bbq9JtS_UBZq4re2w8OkxhSZsSic1xw_1oE7gidB8hGvp4fpPu-Xy11ybZwS2gPpdGqTJQtnX0U3RMhCG3DByOtgMDAWGIhoqOT_GflVHhMk2X6p6AW8oD7Ip2-g9B2U=s0,thehungtd_full_art,Primoredial Tremors,https://sites.google.com/view/thehungtd/latest-artworks/2024/rage-of-the-abyss,https://lh3.googleusercontent.com/sitesv/AG8ngQWSGdMHbB-pxzX_ewl1jf4FErYc4-p0ZXBD2dfrUK3QXwlyc57MIPDXNnMX1a-Bbq9JtS_UBZq4re2w8OkxhSZsSic1xw_1oE7gidB8hGvp4fpPu-Xy11ybZwS2gPpdGqTJQtnX0U3RMhCG3DByOtgMDAWGIhoqOT_GflVHhMk2X6p6AW8oD7Ip2-g9B2U=w1280,Quick-Play,True
Six Strike,11ptTu6l3GlXKvZbOm83erhazggxkOftC,captions/ygo4_0408.json,Spell,Six Strike - Double Assault,ygo4_0408,11ptTu6l3GlXKvZbOm83erhazggxkOftC,new_card_first_release,,,images/ygo4_0408.png,2024-07-27,20539,1.0,exact_alias,,pending_konami_verification,28273805,,,2026-08-31T18:25:58+00:00,selected_pending_image_and_caption_qa,https://lh3.googleusercontent.com/sitesv/AG8ngQWbBIkUDl7XLcGcgPUmFVMVCM3W7pHhFj-spq7M-J44fBgaVyI3hLIC_HKbBWW1qo3b7jPLHIbLVplAteslxdillUPdKdKmUIIEoSeSJDpwUIewUbaIsNttza4ubzYDyOD5OItRly9GjHqkMcNSxYbCQx5OIfZJ1KfNGhdXTja2TFAX8AACIcfObfAB1U4=s0,thehungtd_full_art,Six Strike - Double Assault,https://sites.google.com/view/thehungtd/latest-artworks/2024/rage-of-the-abyss,https://lh3.googleusercontent.com/sitesv/AG8ngQWbBIkUDl7XLcGcgPUmFVMVCM3W7pHhFj-spq7M-J44fBgaVyI3hLIC_HKbBWW1qo3b7jPLHIbLVplAteslxdillUPdKdKmUIIEoSeSJDpwUIewUbaIsNttza4ubzYDyOD5OItRly9GjHqkMcNSxYbCQx5OIfZJ1KfNGhdXTja2TFAX8AACIcfObfAB1U4=w1280,Quick-Play,True
Diabell,10V455V6ahKx4m5hWsyNmPKlIzSIae35G,captions/ygo4_0409.json,Spell,Like the Diabell,ygo4_0409,10V455V6ahKx4m5hWsyNmPKlIzSIae35G,new_card_first_release,,,images/ygo4_0409.png,2025-01-23,20794,1.0,exact_alias,,pending_konami_verification,65289956,,,2026-08-31T18:25:56+00:00,selected_pending_image_and_caption_qa,https://lh3.googleusercontent.com/sitesv/AG8ngQUq7QXdeFvQaiBvbQ9hkk3uHeVloPZzVYlMEd35oAtSIymLdbkWVB3E5fp_zgx_jMmbABXj7vg_wVdKreaxv-LdDa1Y8bSFZ_pvZaX0JUn0GZQneWZ80YQq1SEKEOnYAlT_XQaVqaikPdQ2oQ3jSRBFO9F-Jm4OgcaoRuhMejxGY73amYYcmkIR9nJb=s0,thehungtd_full_art,Like the Diabell,https://sites.google.com/view/thehungtd/latest-artworks/2024/supreme-darkness,https://lh3.googleusercontent.com/sitesv/AG8ngQUq7QXdeFvQaiBvbQ9hkk3uHeVloPZzVYlMEd35oAtSIymLdbkWVB3E5fp_zgx_jMmbABXj7vg_wVdKreaxv-LdDa1Y8bSFZ_pvZaX0JUn0GZQneWZ80YQq1SEKEOnYAlT_XQaVqaikPdQ2oQ3jSRBFO9F-Jm4OgcaoRuhMejxGY73amYYcmkIR9nJb=w1280,Quick-Play,True
Diabell,1MIH5YkfrhVko_KEaoxP4IdoSuWGhBSGj,captions/ygo4_0410.json,Spell,Play the Diabell,ygo4_0410,1MIH5YkfrhVko_KEaoxP4IdoSuWGhBSGj,new_card_first_release,,,images/ygo4_0410.png,2025-01-23,20793,1.0,exact_alias,,pending_konami_verification,39881252,,,2026-08-31T18:25:56+00:00,selected_pending_image_and_caption_qa,https://lh3.googleusercontent.com/sitesv/AG8ngQV_v3f16KurQI9SpR6iJF0yoCJXkagUC-64Xc4C_RmseLAFkFHtmnDI-rpm__DHBEIHY5StFCCC0ex94-LoL-1hoGCs3JGdP9kt9oyo6zgugg7aDYq0jD0rTharUSXSKgnf3_j877Uzxiav7Tc_s8qF5DzZCX8rnzvEdYsYigzhs66dSN1tnzsSXR_xIbk=s0,thehungtd_full_art,Play the Diabell,https://sites.google.com/view/thehungtd/latest-artworks/2024/supreme-darkness,https://lh3.googleusercontent.com/sitesv/AG8ngQV_v3f16KurQI9SpR6iJF0yoCJXkagUC-64Xc4C_RmseLAFkFHtmnDI-rpm__DHBEIHY5StFCCC0ex94-LoL-1hoGCs3JGdP9kt9oyo6zgugg7aDYq0jD0rTharUSXSKgnf3_j877Uzxiav7Tc_s8qF5DzZCX8rnzvEdYsYigzhs66dSN1tnzsSXR_xIbk=w1280,Quick-Play,True
Sinful Spoils,1Kwrhu3w7qQVuzhyR0yfWT3Wmd7XJfUUf,captions/ygo4_0411.json,Spell,Sinful Spoils of the White Forest,ygo4_0411,1Kwrhu3w7qQVuzhyR0yfWT3Wmd7XJfUUf,new_card_first_release,,,images/ygo4_0411.png,2025-01-23,20792,1.0,exact_alias,,pending_konami_verification,3496543,,,2026-08-31T18:25:56+00:00,selected_pending_image_and_caption_qa,https://lh3.googleusercontent.com/sitesv/AG8ngQU7VbWTCh8ysL_fHke6NqeWLFclj-m24UrIJJs-r8mi-kNEu_nvHg75XDxtb9hsS7Ixg4ZO-GiRZhQb_ZkjxU63-perVZNVkxL6tcNen49ZQjqxcIZ7dOEF_OcTolo11XJb2ZWOinFATipL5q-jNv-4wqh5u4LunGBd793CbsYb9cyqyYl6XnTV9TiqV44=s0,thehungtd_full_art,Sinful Spoils of the White Forest,https://sites.google.com/view/thehungtd/latest-artworks/2024/supreme-darkness,https://lh3.googleusercontent.com/sitesv/AG8ngQU7VbWTCh8ysL_fHke6NqeWLFclj-m24UrIJJs-r8mi-kNEu_nvHg75XDxtb9hsS7Ixg4ZO-GiRZhQb_ZkjxU63-perVZNVkxL6tcNen49ZQjqxcIZ7dOEF_OcTolo11XJb2ZWOinFATipL5q-jNv-4wqh5u4LunGBd793CbsYb9cyqyYl6XnTV9TiqV44=w1280,Quick-Play,True
Signature move,1Ft7N92Iq6oyY1COA5vNnMTh76p2YslGO,captions/ygo4_0412.json,Spell,Tachyon Spiral of Destruction,ygo4_0412,1Ft7N92Iq6oyY1COA5vNnMTh76p2YslGO,new_card_first_release,,,images/ygo4_0412.png,2025-03-13,20281,1.0,exact_alias,,pending_konami_verification,71083002,,,2026-08-31T18:26:01+00:00,selected_pending_image_and_caption_qa,https://lh3.googleusercontent.com/sitesv/AG8ngQVaOBSSwYDtmqWwHlVzD9ODlp3gDxN24ThyPpsTE6FX6IZQ_aQ2yNVjA9XJ9NzA3n4G8J9kcfh3StqiViclu2kvLDp4Et6ovt_4IVs7Zp5AUC7JBmzkDdLhHE_-WBKRfOvK1_8ElOdnnlPYJAeAouz7ZgovR8UJQDgJvJRMcbT0r9EHeVZqrf-f4x9dpzk=s0,thehungtd_full_art,Tachyon Spiral of Destruction,https://sites.google.com/view/thehungtd/latest-artworks/2024/duelist-pack-duelists-of-brilliance,https://lh3.googleusercontent.com/sitesv/AG8ngQVaOBSSwYDtmqWwHlVzD9ODlp3gDxN24ThyPpsTE6FX6IZQ_aQ2yNVjA9XJ9NzA3n4G8J9kcfh3StqiViclu2kvLDp4Et6ovt_4IVs7Zp5AUC7JBmzkDdLhHE_-WBKRfOvK1_8ElOdnnlPYJAeAouz7ZgovR8UJQDgJvJRMcbT0r9EHeVZqrf-f4x9dpzk=w1280,Quick-Play,True
Cyber Angel,11398951,captions/ygo4_0413.json,Spell,Machine Angel Absolute Ritual,ygo4_0413,,new_card_first_release,,,images/ygo4_0413.png,2017-02-09,12790,1.0,api_identity_exact,,pending_konami_verification,11398951,,,2026-08-31T18:26:10+00:00,selected_pending_image_and_caption_qa,https://images.ygoprodeck.com/images/cards_cropped/11398951.jpg,ygoprodeck_cropped_art,Machine Angel Absolute Ritual,https://db.ygoprodeck.com/api/v7/cardinfo.php?misc=yes,https://images.ygoprodeck.com/images/cards_cropped/11398951.jpg,Ritual,True
Shinobird,73055622,captions/ygo4_0414.json,Spell,Shinobird's Calling,ygo4_0414,,new_card_first_release,,,images/ygo4_0414.png,2017-02-09,12795,1.0,api_identity_exact,,pending_konami_verification,73055622,,,2026-08-31T18:26:10+00:00,selected_pending_image_and_caption_qa,https://images.ygoprodeck.com/images/cards_cropped/73055622.jpg,ygoprodeck_cropped_art,Shinobird's Calling,https://db.ygoprodeck.com/api/v7/cardinfo.php?misc=yes,https://images.ygoprodeck.com/images/cards_cropped/73055622.jpg,Ritual,True
Black Luster Soldier,45948430,captions/ygo4_0415.json,Spell,Super Soldier Synthesis,ygo4_0415,,new_card_first_release,,,images/ygo4_0415.png,2017-02-09,12797,1.0,api_identity_exact,,pending_konami_verification,45948430,,,2026-08-31T18:26:10+00:00,selected_pending_image_and_caption_qa,https://images.ygoprodeck.com/images/cards_cropped/45948430.jpg,ygoprodeck_cropped_art,Super Soldier Synthesis,https://db.ygoprodeck.com/api/v7/cardinfo.php?misc=yes,https://images.ygoprodeck.com/images/cards_cropped/45948430.jpg,Ritual,True
Vendread,94666032,captions/ygo4_0416.json,Spell,Revendread Origin,ygo4_0416,,new_card_first_release,,,images/ygo4_0416.png,2017-08-03,13211,1.0,api_identity_exact,,pending_konami_verification,94666032,,,2026-08-31T18:26:10+00:00,selected_pending_image_and_caption_qa,https://images.ygoprodeck.com/images/cards_cropped/94666032.jpg,ygoprodeck_cropped_art,Revendread Origin,https://db.ygoprodeck.com/api/v7/cardinfo.php?misc=yes,https://images.ygoprodeck.com/images/cards_cropped/94666032.jpg,Ritual,True
Vendread,7986397,captions/ygo4_0417.json,Spell,Revendread Evolution,ygo4_0417,,new_card_first_release,,,images/ygo4_0417.png,2018-05-03,13706,1.0,api_identity_exact,,pending_konami_verification,7986397,,,2026-08-31T18:26:10+00:00,selected_pending_image_and_caption_qa,https://images.ygoprodeck.com/images/cards_cropped/7986397.jpg,ygoprodeck_cropped_art,Revendread Evolution,https://db.ygoprodeck.com/api/v7/cardinfo.php?misc=yes,https://images.ygoprodeck.com/images/cards_cropped/7986397.jpg,Ritual,True
Demise,32828635,captions/ygo4_0418.json,Spell,Cycle of the World,ygo4_0418,,new_card_first_release,,,images/ygo4_0418.png,2018-07-26,13773,1.0,api_identity_exact,,pending_konami_verification,32828635,,,2026-08-31T18:26:10+00:00,selected_pending_image_and_caption_qa,https://images.ygoprodeck.com/images/cards_cropped/32828635.jpg,ygoprodeck_cropped_art,Cycle of the World,https://db.ygoprodeck.com/api/v7/cardinfo.php?misc=yes,https://images.ygoprodeck.com/images/cards_cropped/32828635.jpg,Ritual,True
Salamangreat,38784726,captions/ygo4_0419.json,Spell,Rise of the Salamangreat,ygo4_0419,,new_card_first_release,,,images/ygo4_0419.png,2018-10-18,13939,1.0,api_identity_exact,,pending_konami_verification,38784726,,,2026-08-31T18:26:10+00:00,selected_pending_image_and_caption_qa,https://images.ygoprodeck.com/images/cards_cropped/38784726.jpg,ygoprodeck_cropped_art,Rise of the Salamangreat,https://db.ygoprodeck.com/api/v7/cardinfo.php?misc=yes,https://images.ygoprodeck.com/images/cards_cropped/38784726.jpg,Ritual,True
Nephthys,23459650,captions/ygo4_0420.json,Spell,Rebirth of Nephthys,ygo4_0420,,new_card_first_release,,,images/ygo4_0420.png,2018-11-15,14017,1.0,api_identity_exact,,pending_konami_verification,23459650,,,2026-08-31T18:26:10+00:00,selected_pending_image_and_caption_qa,https://images.ygoprodeck.com/images/cards_cropped/23459650.jpg,ygoprodeck_cropped_art,Rebirth of Nephthys,https://db.ygoprodeck.com/api/v7/cardinfo.php?misc=yes,https://images.ygoprodeck.com/images/cards_cropped/23459650.jpg,Ritual,True
PSY-Frame,51053997,captions/ygo4_0421.json,Trap,PSY-Frame Accelerator,ygo4_0421,,new_card_first_release,,,images/ygo4_0421.png,2016-11-03,12664,1.0,api_identity_exact,,pending_konami_verification,51053997,,,2026-08-31T18:26:10+00:00,selected_pending_image_and_caption_qa,https://images.ygoprodeck.com/images/cards_cropped/51053997.jpg,ygoprodeck_cropped_art,PSY-Frame Accelerator,https://db.ygoprodeck.com/api/v7/cardinfo.php?misc=yes,https://images.ygoprodeck.com/images/cards_cropped/51053997.jpg,Continuous,True
Shiranui,78765160,captions/ygo4_0422.json,Trap,Shiranui Style Samsara,ygo4_0422,,new_card_first_release,,,images/ygo4_0422.png,2017-02-09,12809,1.0,api_identity_exact,,pending_konami_verification,78765160,,,2026-08-31T18:26:10+00:00,selected_pending_image_and_caption_qa,https://images.ygoprodeck.com/images/cards_cropped/78765160.jpg,ygoprodeck_cropped_art,Shiranui Style Samsara,https://db.ygoprodeck.com/api/v7/cardinfo.php?misc=yes,https://images.ygoprodeck.com/images/cards_cropped/78765160.jpg,Continuous,True
Dinomist,60675348,captions/ygo4_0423.json,Trap,Dinomists Howling,ygo4_0423,,new_card_first_release,,,images/ygo4_0423.png,2017-05-04,12990,1.0,api_identity_exact,,pending_konami_verification,60675348,,,2026-08-31T18:26:10+00:00,selected_pending_image_and_caption_qa,https://images.ygoprodeck.com/images/cards_cropped/60675348.jpg,ygoprodeck_cropped_art,Dinomists Howling,https://db.ygoprodeck.com/api/v7/cardinfo.php?misc=yes,https://images.ygoprodeck.com/images/cards_cropped/60675348.jpg,Continuous,True
Ashened,113WkIBEI1Ph8GWkdtrzJqcDZqD-0qilh,captions/ygo4_0424.json,Trap,Ashened for Eternity,ygo4_0424,113WkIBEI1Ph8GWkdtrzJqcDZqD-0qilh,new_card_first_release,,,images/ygo4_0424.png,2024-02-08,19841,1.0,exact_alias,,pending_konami_verification,66848311,,,2026-08-31T18:26:04+00:00,selected_pending_image_and_caption_qa,https://lh3.googleusercontent.com/sitesv/AG8ngQWmSWirB1IxfhmDyaw2D7n7LMlVccnmUdv6NWaA4CwhPfCCZ4sJWFWoDHCWKnviAjkvRs1_R6bU_kXzgnkiXYVUdMa6PNqcfjzTbZm0zwvV68t8OgnNRLWm-ZpObkWRyzFfCMmLwc755QzJ6OvVzyZc4c_R49RxKYLIQ2xOyWRRgnnlCRCB4K3gkwq8=s0,thehungtd_full_art,Ashened for Eternity,https://sites.google.com/view/thehungtd/latest-artworks/2024/phantom-nightmare,https://lh3.googleusercontent.com/sitesv/AG8ngQWmSWirB1IxfhmDyaw2D7n7LMlVccnmUdv6NWaA4CwhPfCCZ4sJWFWoDHCWKnviAjkvRs1_R6bU_kXzgnkiXYVUdMa6PNqcfjzTbZm0zwvV68t8OgnNRLWm-ZpObkWRyzFfCMmLwc755QzJ6OvVzyZc4c_R49RxKYLIQ2xOyWRRgnnlCRCB4K3gkwq8=w1280,Continuous,True
Ashened,15LsCyxRwy-562nFW5vdC104wCrgVrIxZ,captions/ygo4_0425.json,Trap,Ashened for Eternity,ygo4_0425,15LsCyxRwy-562nFW5vdC104wCrgVrIxZ,new_card_first_release,,,images/ygo4_0425.png,2024-02-08,19841,1.0,exact_alias,,pending_konami_verification,66848311,,,2026-08-31T18:25:57+00:00,selected_pending_image_and_caption_qa,https://lh3.googleusercontent.com/sitesv/AG8ngQVekTK6ebhItH9uRPtTM_GKSrYr_amhifpf6vuAdpW_c4SzHQG9glPFwOJz8_-9HHEyh1C5sUUgBcRUfP7AmnbnbDh-E5rrSF-hy6i6TMmhBXE4grK_b01qkw5Nn_rI-d8RJSGmhaRKMOW-GcQsojWV4tkYsKlFTHzU_JWsQgjaQTB0VzASFPecrJEKq-U=s0,thehungtd_full_art,Ashened for Eternity,https://sites.google.com/view/thehungtd/latest-artworks/2024/world-premiere-pack-2024,https://lh3.googleusercontent.com/sitesv/AG8ngQVekTK6ebhItH9uRPtTM_GKSrYr_amhifpf6vuAdpW_c4SzHQG9glPFwOJz8_-9HHEyh1C5sUUgBcRUfP7AmnbnbDh-E5rrSF-hy6i6TMmhBXE4grK_b01qkw5Nn_rI-d8RJSGmhaRKMOW-GcQsojWV4tkYsKlFTHzU_JWsQgjaQTB0VzASFPecrJEKq-U=w1280,Continuous,True
Ancient Gear,1Z4Y4JC4h-eWfodOR2LaNgDtw2BtlrGG5,captions/ygo4_0426.json,Trap,Ancient Gear Duel,ygo4_0426,1Z4Y4JC4h-eWfodOR2LaNgDtw2BtlrGG5,new_card_first_release,,,images/ygo4_0426.png,2024-04-25,19913,1.0,exact_alias,,pending_konami_verification,53541822,,,2026-08-31T18:26:02+00:00,selected_pending_image_and_caption_qa,https://lh3.googleusercontent.com/sitesv/AG8ngQVLY3wrC_X1L4FashHQaxBvxNzTOIgKFNN5nH6HwJ6ulnfbSEtWHqnJ6i4r9X0ZVfxzaeJiTVDKr9_yAu-gE_EUGwttUWhmzkGfCJ1hj9CL7lXB9JHkMjsS99gjzS8ZNslylEEgHBD1zW62J05AsJBs-XPyM0OwQ34oQtZD4NdOrrt0IQOeXEDLHdqgOxg=s0,thehungtd_full_art,Ancient Gear Duel,https://sites.google.com/view/thehungtd/latest-artworks/2024/legacy-of-destruction,https://lh3.googleusercontent.com/sitesv/AG8ngQVLY3wrC_X1L4FashHQaxBvxNzTOIgKFNN5nH6HwJ6ulnfbSEtWHqnJ6i4r9X0ZVfxzaeJiTVDKr9_yAu-gE_EUGwttUWhmzkGfCJ1hj9CL7lXB9JHkMjsS99gjzS8ZNslylEEgHBD1zW62J05AsJBs-XPyM0OwQ34oQtZD4NdOrrt0IQOeXEDLHdqgOxg=w1280,Continuous,True
Ashened,1BqxjAePWJkmrdC3zmqRGe_twPKr_SxgH,captions/ygo4_0427.json,Trap,Ashened to Endlessness,ygo4_0427,1BqxjAePWJkmrdC3zmqRGe_twPKr_SxgH,new_card_first_release,,,images/ygo4_0427.png,2024-04-25,20072,1.0,exact_alias,,pending_konami_verification,34813443,,,2026-08-31T18:26:02+00:00,selected_pending_image_and_caption_qa,https://lh3.googleusercontent.com/sitesv/AG8ngQWmgBRWtvADPDH-6XKaopY3xBSeGNtA6EEXBz6jn1pSQ60_mJgZPbWg2JcFZd3rP3CneEDemArlYkC-5HzM9RhIxfxeM0pGww8xfcCyvPkrhfA2SOi6MV6R-o44pcNshw7YxTFpSI8e5teUYLZz2p-mwnbFigOto7SXVg1nXkGYFmLTWj__MabQVoOuCeo=s0,thehungtd_full_art,Ashened to Endlessness,https://sites.google.com/view/thehungtd/latest-artworks/2024/legacy-of-destruction,https://lh3.googleusercontent.com/sitesv/AG8ngQWmgBRWtvADPDH-6XKaopY3xBSeGNtA6EEXBz6jn1pSQ60_mJgZPbWg2JcFZd3rP3CneEDemArlYkC-5HzM9RhIxfxeM0pGww8xfcCyvPkrhfA2SOi6MV6R-o44pcNshw7YxTFpSI8e5teUYLZz2p-mwnbFigOto7SXVg1nXkGYFmLTWj__MabQVoOuCeo=w1280,Continuous,True
Ashened,1m_kMhPav5VfTk2K5KzsMSQ46BTzdJrkW,captions/ygo4_0428.json,Trap,Ashened to Endlessness,ygo4_0428,1m_kMhPav5VfTk2K5KzsMSQ46BTzdJrkW,new_card_first_release,,,images/ygo4_0428.png,2024-04-25,20072,1.0,exact_alias,,pending_konami_verification,34813443,,,2026-08-31T18:25:57+00:00,selected_pending_image_and_caption_qa,https://lh3.googleusercontent.com/sitesv/AG8ngQVLDb8yOzeom15BhmVWu3OtokQwcZwXPIRobz2Z76EjTYfPXZ27-CIbxOjkpjJuydd1zplBMw7Y_ILZ4Zq_Z6C9rBHW_ch9qxszO7gCIxGWdb3IrU099B6RrKaLE_5REfzns6GlA4fcMQkPoneAW9yF_1YK1-F4oByl6A6g8Zslrh5sbm1S_G54fNBVTXs=s0,thehungtd_full_art,Ashened to Endlessness,https://sites.google.com/view/thehungtd/latest-artworks/2024/world-premiere-pack-2024,https://lh3.googleusercontent.com/sitesv/AG8ngQVLDb8yOzeom15BhmVWu3OtokQwcZwXPIRobz2Z76EjTYfPXZ27-CIbxOjkpjJuydd1zplBMw7Y_ILZ4Zq_Z6C9rBHW_ch9qxszO7gCIxGWdb3IrU099B6RrKaLE_5REfzns6GlA4fcMQkPoneAW9yF_1YK1-F4oByl6A6g8Zslrh5sbm1S_G54fNBVTXs=w1280,Continuous,True
Earthbound,1do64VzAC4_JjRZIBWXtiwnG0_SF8POFk,captions/ygo4_0429.json,Trap,Earthbound Resonance,ygo4_0429,1do64VzAC4_JjRZIBWXtiwnG0_SF8POFk,new_card_first_release,,,images/ygo4_0429.png,2024-06-20,19745,1.0,exact_alias,,pending_konami_verification,95207988,,,2026-08-31T18:26:06+00:00,selected_pending_image_and_caption_qa,https://lh3.googleusercontent.com/sitesv/AG8ngQVxtalBcXpSGOuXSx2WUat-QEEnfaM8EWmMgpA4AwoOR0lCTgTyl98UmpWRGfDPHX7C4LFRZP313v9KmTunYjFzKK9_BSocvNUhVLvMupeG94oickZ9l4lI-MWFSuWpH3Of1K1RwCXhcKHWo5MYxl3YEqPqAc3rqZ9fNFOfTPmZY_4z30IKPQcm1CgoLCk=s0,thehungtd_full_art,Earthbound Resonance,https://sites.google.com/view/thehungtd/latest-artworks/2024/premium-pack-2024,https://lh3.googleusercontent.com/sitesv/AG8ngQVxtalBcXpSGOuXSx2WUat-QEEnfaM8EWmMgpA4AwoOR0lCTgTyl98UmpWRGfDPHX7C4LFRZP313v9KmTunYjFzKK9_BSocvNUhVLvMupeG94oickZ9l4lI-MWFSuWpH3Of1K1RwCXhcKHWo5MYxl3YEqPqAc3rqZ9fNFOfTPmZY_4z30IKPQcm1CgoLCk=w1280,Continuous,True
Ice Barrier,1yqJjV6yiwiEZ6RcSvlqD7ytosq37ZKqu,captions/ygo4_0430.json,Trap,Frozen Domain of the Ice Barrier,ygo4_0430,1yqJjV6yiwiEZ6RcSvlqD7ytosq37ZKqu,new_card_first_release,,,images/ygo4_0430.png,2024-06-20,19622,1.0,exact_alias,,pending_konami_verification,35380371,,,2026-08-31T18:26:06+00:00,selected_pending_image_and_caption_qa,https://lh3.googleusercontent.com/sitesv/AG8ngQUYq3zwgAOLIZSLEsE2VPnOvHdYh1vDZpvHtx-XVCe7txsC38j5sh_GGE4_6FTiP9sUvhxdNgoX35bu_mVHJbYHXrB-IOcgpAAeLWZaKCNVn4J9J2e9Iyr77APo8LSq67nFtWkLfavmJgEBge9KA9jSGeR05Ybau8ZAmwxgL5RSHLWIp1k_A5wYrKN83RM=s0,thehungtd_full_art,Frozen Domain Leading to the Ice Barrier,https://sites.google.com/view/thehungtd/latest-artworks/2024/terminal-world,https://lh3.googleusercontent.com/sitesv/AG8ngQUYq3zwgAOLIZSLEsE2VPnOvHdYh1vDZpvHtx-XVCe7txsC38j5sh_GGE4_6FTiP9sUvhxdNgoX35bu_mVHJbYHXrB-IOcgpAAeLWZaKCNVn4J9J2e9Iyr77APo8LSq67nFtWkLfavmJgEBge9KA9jSGeR05Ybau8ZAmwxgL5RSHLWIp1k_A5wYrKN83RM=w1280,Continuous,True
Synchro,1zjO_foSRpAD8gtaQ_aqkC0d95qzVJ4bP,captions/ygo4_0431.json,Trap,Synchro Panic,ygo4_0431,1zjO_foSRpAD8gtaQ_aqkC0d95qzVJ4bP,new_card_first_release,,,images/ygo4_0431.png,2024-06-20,19751,1.0,exact_alias,,pending_konami_verification,83962752,,,2026-08-31T18:26:06+00:00,selected_pending_image_and_caption_qa,https://lh3.googleusercontent.com/sitesv/AG8ngQUgHNMxixJMYiX-bziKI5IVsQiXDecc1mby4ss13Ru9P1WyYK8EA9J8sTK6uapOz6SbhRnmiLzdwfWQbp93jkKdEL77RZFGMcuB-9V2xDrjJh0BeB8K7pdQtrQVBq1AlX06_4hrwgV38lbTCtDCpbvd5ZQiIh7YNvKYazrtQE7f5Po_hblREnBTa7ie=s0,thehungtd_full_art,Synchro Panic,https://sites.google.com/view/thehungtd/latest-artworks/2024/premium-pack-2024,https://lh3.googleusercontent.com/sitesv/AG8ngQUgHNMxixJMYiX-bziKI5IVsQiXDecc1mby4ss13Ru9P1WyYK8EA9J8sTK6uapOz6SbhRnmiLzdwfWQbp93jkKdEL77RZFGMcuB-9V2xDrjJh0BeB8K7pdQtrQVBq1AlX06_4hrwgV38lbTCtDCpbvd5ZQiIh7YNvKYazrtQE7f5Po_hblREnBTa7ie=w1280,Continuous,True
,1QlXxcQX5871Lydqa9VZs8kjCECU-fp3q,captions/ygo4_0432.json,Trap,Spirit Shield,ygo4_0432,1QlXxcQX5871Lydqa9VZs8kjCECU-fp3q,new_card_first_release,,,images/ygo4_0432.png,2024-06-22,20391,1.0,exact_alias,,pending_konami_verification,8324284,,,2026-08-31T18:26:01+00:00,selected_pending_image_and_caption_qa,https://lh3.googleusercontent.com/sitesv/AG8ngQULFRNX_Au8SEO2WToFquBNbyhM6cnctXlXGqXcpaTUAQI8OC-34MNGw8Oywg4fpV9jb-jgGyfOcEvm2zDumD-2SvGM4ok_RnVtBqWyo-sddW7EDqEb6jFCTl4HUQ02x9Ei9TIYtmPXSU8055uxOSHR_v4rnJ9BwQQN0jPFFGmpdI6GJwOAz9GrtG4r1ME=s0,thehungtd_full_art,Spirit Shield,https://sites.google.com/view/thehungtd/latest-artworks/2024/animation-chronicle-2024,https://lh3.googleusercontent.com/sitesv/AG8ngQULFRNX_Au8SEO2WToFquBNbyhM6cnctXlXGqXcpaTUAQI8OC-34MNGw8Oywg4fpV9jb-jgGyfOcEvm2zDumD-2SvGM4ok_RnVtBqWyo-sddW7EDqEb6jFCTl4HUQ02x9Ei9TIYtmPXSU8055uxOSHR_v4rnJ9BwQQN0jPFFGmpdI6GJwOAz9GrtG4r1ME=w1280,Continuous,True
Drytron,1bP1kjLKpfc8U1jZBLOOQ8KVzkFnJ14FU,captions/ygo4_0433.json,Trap,Meteoroa Drytron,ygo4_0433,1bP1kjLKpfc8U1jZBLOOQ8KVzkFnJ14FU,new_card_first_release,,,images/ygo4_0433.png,2024-07-18,20255,1.0,exact_alias,,pending_konami_verification,24166324,,,2026-08-31T18:26:00+00:00,selected_pending_image_and_caption_qa,https://lh3.googleusercontent.com/sitesv/AG8ngQUjo-RNCcQsz-rzUKKlAcUd4IOtpqH8hzCXjHTtJ6zQhzUSNfrhamoDuljM3qsFahQP6TGz6ZF6ZB-0JScxDo93UAjEDzk-QIY8viwthnZDHnfHOVCT8t7N7FGC7XJGW1AzwGEgsBkreM_IJ6cCBxR__-CqrZAswg8uM_r-urJNusmiiUc3mZFYhiqbpEc=s0,thehungtd_full_art,Meteoaurora Drytron,https://sites.google.com/view/thehungtd/latest-artworks/2024/infinite-forbidden,https://lh3.googleusercontent.com/sitesv/AG8ngQUjo-RNCcQsz-rzUKKlAcUd4IOtpqH8hzCXjHTtJ6zQhzUSNfrhamoDuljM3qsFahQP6TGz6ZF6ZB-0JScxDo93UAjEDzk-QIY8viwthnZDHnfHOVCT8t7N7FGC7XJGW1AzwGEgsBkreM_IJ6cCBxR__-CqrZAswg8uM_r-urJNusmiiUc3mZFYhiqbpEc=w1280,Continuous,True
Trap Monster,1Ointsm2b49l3jwy9MvdMGZryfOw3xCVa,captions/ygo4_0434.json,Trap,Silhouhatte Trick,ygo4_0434,1Ointsm2b49l3jwy9MvdMGZryfOw3xCVa,new_card_first_release,,,images/ygo4_0434.png,2024-07-18,20258,1.0,exact_alias,,pending_konami_verification,24440742,,,2026-08-31T18:26:00+00:00,selected_pending_image_and_caption_qa,https://lh3.googleusercontent.com/sitesv/AG8ngQWhoUWUkDebnIHEuE6sjJ3MlpOCEEIFdOUATZ9MWoDPNRQ4duFFlvQbAj4Dfk3oYvLyqv1wkB7iifu-I5CVPDnZa4PKQ1e9QBKnxJzjpDHok4HmXyDOAWZ_VyF1ZhaE9Z2-iE3XuM2m7wFnh4YIixL5e820VZXrhtiSA3kabpBI8N1mG_MTHSp53Trt=s0,thehungtd_full_art,Silhouhatte,https://sites.google.com/view/thehungtd/latest-artworks/2024/infinite-forbidden,https://lh3.googleusercontent.com/sitesv/AG8ngQWhoUWUkDebnIHEuE6sjJ3MlpOCEEIFdOUATZ9MWoDPNRQ4duFFlvQbAj4Dfk3oYvLyqv1wkB7iifu-I5CVPDnZa4PKQ1e9QBKnxJzjpDHok4HmXyDOAWZ_VyF1ZhaE9Z2-iE3XuM2m7wFnh4YIixL5e820VZXrhtiSA3kabpBI8N1mG_MTHSp53Trt=w1280,Continuous,True
Vaalmonica,1la7scAbLPIYD9o06TqVKOSJzsJj5cWdF,captions/ygo4_0435.json,Trap,Vaalmonica Creation,ygo4_0435,1la7scAbLPIYD9o06TqVKOSJzsJj5cWdF,new_card_first_release,,,images/ygo4_0435.png,2024-07-18,20254,1.0,exact_alias,,pending_konami_verification,98167225,,,2026-08-31T18:26:00+00:00,selected_pending_image_and_caption_qa,https://lh3.googleusercontent.com/sitesv/AG8ngQVScsv8poMa8TNgP_kUF0OmppT0h_yG-duYvQWtRr7YkEymGfdWzGhGxNYHXl36VFEHGU9QkC_XL3tJ94KYyr0npg5ZiR0dVar0airzruU9doPiILWvceeCKpOhsu25qbJ73gNHxOQN2ZIlk4rzz9F6yndafFYoy0H0zLFgb5RFxOTshmNls9gREnspIfQ=s0,thehungtd_full_art,Vaalmonica Creator,https://sites.google.com/view/thehungtd/latest-artworks/2024/infinite-forbidden,https://lh3.googleusercontent.com/sitesv/AG8ngQVScsv8poMa8TNgP_kUF0OmppT0h_yG-duYvQWtRr7YkEymGfdWzGhGxNYHXl36VFEHGU9QkC_XL3tJ94KYyr0npg5ZiR0dVar0airzruU9doPiILWvceeCKpOhsu25qbJ73gNHxOQN2ZIlk4rzz9F6yndafFYoy0H0zLFgb5RFxOTshmNls9gREnspIfQ=w1280,Continuous,True
Goblin,1f5sQpDiiMNEsrSjRAdXVLM2IzFsw_5WA,captions/ygo4_0436.json,Trap,Goblin Biker Grand Crisis,ygo4_0436,1f5sQpDiiMNEsrSjRAdXVLM2IzFsw_5WA,new_card_first_release,,,images/ygo4_0436.png,2024-07-27,20551,1.0,exact_alias,,pending_konami_verification,15094540,,,2026-08-31T18:25:58+00:00,selected_pending_image_and_caption_qa,https://lh3.googleusercontent.com/sitesv/AG8ngQUVG0qg1lGLbfwNHNcJB4l0uuCkbeHHlzyiQ0a4MIdNAVLkDycY_XPd2s8DDWPoJnB2COa8aUqAVfjHy_qe80-IUht_eIw89Bx9JPYBTPK3L7wkRuKx8BrG7QbLv06UV15kMkXtHPsWiJvHJoH5Xj8-JRVY-xlXFFs7MNWqGkUlF5LmB2BS6CwDEcwRsnA=s0,thehungtd_full_art,Goblin Biker Grand Crisis,https://sites.google.com/view/thehungtd/latest-artworks/2024/rage-of-the-abyss,https://lh3.googleusercontent.com/sitesv/AG8ngQUVG0qg1lGLbfwNHNcJB4l0uuCkbeHHlzyiQ0a4MIdNAVLkDycY_XPd2s8DDWPoJnB2COa8aUqAVfjHy_qe80-IUht_eIw89Bx9JPYBTPK3L7wkRuKx8BrG7QbLv06UV15kMkXtHPsWiJvHJoH5Xj8-JRVY-xlXFFs7MNWqGkUlF5LmB2BS6CwDEcwRsnA=w1280,Continuous,True
Ragnaraika,1bz0vQRdCMB9m3mxNBakgS3IOhdl1q5cX,captions/ygo4_0437.json,Trap,Ragnaraika Wisteria of Woe,ygo4_0437,1bz0vQRdCMB9m3mxNBakgS3IOhdl1q5cX,new_card_first_release,,,images/ygo4_0437.png,2024-07-27,20553,1.0,exact_alias,,pending_konami_verification,77573354,,,2026-08-31T18:25:58+00:00,selected_pending_image_and_caption_qa,https://lh3.googleusercontent.com/sitesv/AG8ngQWhACKh2rJ6HhuQVni9EnvNX3burqJhR1FBs5Z6e6XZrzhVIpftTVqFVKEQBsFXwICzSufdRGAV5z3RXdAYgwvJ72AgcWMqvfFSHaeimCcx7L9L3tBabxnOWxJ5WsHuYKuF4OnIKEqa9EVrcTGKBc3GodA4Hzx0GvMueJBy_I7BcultmgYaOUTAq29I5jQ=s0,thehungtd_full_art,Ragnaraika Bleached Wisteria,https://sites.google.com/view/thehungtd/latest-artworks/2024/rage-of-the-abyss,https://lh3.googleusercontent.com/sitesv/AG8ngQWhACKh2rJ6HhuQVni9EnvNX3burqJhR1FBs5Z6e6XZrzhVIpftTVqFVKEQBsFXwICzSufdRGAV5z3RXdAYgwvJ72AgcWMqvfFSHaeimCcx7L9L3tBabxnOWxJ5WsHuYKuF4OnIKEqa9EVrcTGKBc3GodA4Hzx0GvMueJBy_I7BcultmgYaOUTAq29I5jQ=w1280,Continuous,True
Schoolwork,1RxP255teaha18atdK-pHlbcLR5tQzdZD,captions/ygo4_0438.json,Trap,Summer Schoolwork Successful!,ygo4_0438,1RxP255teaha18atdK-pHlbcLR5tQzdZD,new_card_first_release,,,images/ygo4_0438.png,2024-07-27,20556,1.0,exact_alias,,pending_konami_verification,77751766,,,2026-08-31T18:25:58+00:00,selected_pending_image_and_caption_qa,https://lh3.googleusercontent.com/sitesv/AG8ngQXcVD9TWypzi4Jie_1wOxSiDYKhkz-m5kI7ITYV-VT6ommvH8gbdbodEi7LGbuxiGSZPTQKrA-kQ_pybqJXSgLpYIZ-qDaM0iUpwymDo94Bm7OPOVD6BfjXqP68WE60qIj7v7Q7AQT-d1cPfrFvMpOGdPGBCGABHqrYZfA8I4QU0C545YneWAkHQXHdZmk=s0,thehungtd_full_art,Slapdash Summer Schoolwork Success,https://sites.google.com/view/thehungtd/latest-artworks/2024/rage-of-the-abyss,https://lh3.googleusercontent.com/sitesv/AG8ngQXcVD9TWypzi4Jie_1wOxSiDYKhkz-m5kI7ITYV-VT6ommvH8gbdbodEi7LGbuxiGSZPTQKrA-kQ_pybqJXSgLpYIZ-qDaM0iUpwymDo94Bm7OPOVD6BfjXqP68WE60qIj7v7Q7AQT-d1cPfrFvMpOGdPGBCGABHqrYZfA8I4QU0C545YneWAkHQXHdZmk=w1280,Continuous,True
Crystron,1Tcxvi6H2c2VJUNWJDpuTAr8LshaUWpcj,captions/ygo4_0439.json,Trap,Crystron Cluster,ygo4_0439,1Tcxvi6H2c2VJUNWJDpuTAr8LshaUWpcj,new_card_first_release,,,images/ygo4_0439.png,2025-01-23,20817,1.0,exact_alias,,pending_konami_verification,53829527,,,2026-08-31T18:25:56+00:00,selected_pending_image_and_caption_qa,https://lh3.googleusercontent.com/sitesv/AG8ngQXE-je8ftSJPQOz8lWYKieAD27n94YA_HnGpJldH4zo7zDMF0Twc8dAA_IsyY3T2NTAUfikjHb1NbDNLlVMjAfInAXP6v_Mab3IKb-3NBUEyMM4TeqEe9OXBhmY5YZsGegLO72fjES621uYFqKmKnc1gCRNwyvLNwomc10gPZ5vf9iza72uTowGRHPm=s0,thehungtd_full_art,Crystron Cluster,https://sites.google.com/view/thehungtd/latest-artworks/2024/supreme-darkness,https://lh3.googleusercontent.com/sitesv/AG8ngQXE-je8ftSJPQOz8lWYKieAD27n94YA_HnGpJldH4zo7zDMF0Twc8dAA_IsyY3T2NTAUfikjHb1NbDNLlVMjAfInAXP6v_Mab3IKb-3NBUEyMM4TeqEe9OXBhmY5YZsGegLO72fjES621uYFqKmKnc1gCRNwyvLNwomc10gPZ5vf9iza72uTowGRHPm=w1280,Continuous,True
Graydle,84442536,captions/ygo4_0440.json,Trap,Graydle Combat,ygo4_0440,,new_card_first_release,,,images/ygo4_0440.png,2016-11-03,12665,1.0,api_identity_exact,,pending_konami_verification,84442536,,,2026-08-31T18:26:10+00:00,selected_pending_image_and_caption_qa,https://images.ygoprodeck.com/images/cards_cropped/84442536.jpg,ygoprodeck_cropped_art,Graydle Combat,https://db.ygoprodeck.com/api/v7/cardinfo.php?misc=yes,https://images.ygoprodeck.com/images/cards_cropped/84442536.jpg,Counter,True
Roid,70628672,captions/ygo4_0441.json,Trap,Emergeroid Call,ygo4_0441,,new_card_first_release,,,images/ygo4_0441.png,2017-09-07,13187,1.0,api_identity_exact,,pending_konami_verification,70628672,,,2026-08-31T18:26:10+00:00,selected_pending_image_and_caption_qa,https://images.ygoprodeck.com/images/cards_cropped/70628672.jpg,ygoprodeck_cropped_art,Emergeroid Call,https://db.ygoprodeck.com/api/v7/cardinfo.php?misc=yes,https://images.ygoprodeck.com/images/cards_cropped/70628672.jpg,Counter,True
Magical Musket,29628180,captions/ygo4_0442.json,Trap,Magical Musket - Last Stand,ygo4_0442,,new_card_first_release,,,images/ygo4_0442.png,2017-11-16,13327,1.0,api_identity_exact,,pending_konami_verification,29628180,,,2026-08-31T18:26:10+00:00,selected_pending_image_and_caption_qa,https://images.ygoprodeck.com/images/cards_cropped/29628180.jpg,ygoprodeck_cropped_art,Magical Musket - Last Stand,https://db.ygoprodeck.com/api/v7/cardinfo.php?misc=yes,https://images.ygoprodeck.com/images/cards_cropped/29628180.jpg,Counter,True
Parshath,42444868,captions/ygo4_0443.json,Trap,Rebirth of Parshath,ygo4_0443,,new_card_first_release,,,images/ygo4_0443.png,2018-01-18,13354,1.0,api_identity_exact,,pending_konami_verification,42444868,,,2026-08-31T18:26:10+00:00,selected_pending_image_and_caption_qa,https://images.ygoprodeck.com/images/cards_cropped/42444868.jpg,ygoprodeck_cropped_art,Rebirth of Parshath,https://db.ygoprodeck.com/api/v7/cardinfo.php?misc=yes,https://images.ygoprodeck.com/images/cards_cropped/42444868.jpg,Counter,True
World Legacy,85763457,captions/ygo4_0444.json,Trap,World Legacy's Sorrow,ygo4_0444,,new_card_first_release,,,images/ygo4_0444.png,2018-05-03,13627,1.0,api_identity_exact,,pending_konami_verification,85763457,,,2026-08-31T18:26:10+00:00,selected_pending_image_and_caption_qa,https://images.ygoprodeck.com/images/cards_cropped/85763457.jpg,ygoprodeck_cropped_art,World Legacy's Sorrow,https://db.ygoprodeck.com/api/v7/cardinfo.php?misc=yes,https://images.ygoprodeck.com/images/cards_cropped/85763457.jpg,Counter,True
Vampire,68688135,captions/ygo4_0445.json,Trap,Vampire Domination,ygo4_0445,,new_card_first_release,,,images/ygo4_0445.png,2018-05-24,13654,1.0,api_identity_exact,,pending_konami_verification,68688135,,,2026-08-31T18:26:10+00:00,selected_pending_image_and_caption_qa,https://images.ygoprodeck.com/images/cards_cropped/68688135.jpg,ygoprodeck_cropped_art,Vampire Domination,https://db.ygoprodeck.com/api/v7/cardinfo.php?misc=yes,https://images.ygoprodeck.com/images/cards_cropped/68688135.jpg,Counter,True
Blackwing,80254726,captions/ygo4_0446.json,Trap,Blackbird Close,ygo4_0446,,new_card_first_release,,,images/ygo4_0446.png,2018-09-27,13856,1.0,api_identity_exact,,pending_konami_verification,80254726,,,2026-08-31T18:26:10+00:00,selected_pending_image_and_caption_qa,https://images.ygoprodeck.com/images/cards_cropped/80254726.jpg,ygoprodeck_cropped_art,Blackbird Close,https://db.ygoprodeck.com/api/v7/cardinfo.php?misc=yes,https://images.ygoprodeck.com/images/cards_cropped/80254726.jpg,Counter,True
Evil Eye,79383919,captions/ygo4_0447.json,Trap,Evil Eye Retribution,ygo4_0447,,new_card_first_release,,,images/ygo4_0447.png,2019-03-21,14429,1.0,api_identity_exact,,pending_konami_verification,79383919,,,2026-08-31T18:26:10+00:00,selected_pending_image_and_caption_qa,https://images.ygoprodeck.com/images/cards_cropped/79383919.jpg,ygoprodeck_cropped_art,Evil Eye Retribution,https://db.ygoprodeck.com/api/v7/cardinfo.php?misc=yes,https://images.ygoprodeck.com/images/cards_cropped/79383919.jpg,Counter,True
Orcust,703897,captions/ygo4_0448.json,Trap,Orcust Crescendo,ygo4_0448,,new_card_first_release,,,images/ygo4_0448.png,2019-05-02,14324,1.0,api_identity_exact,,pending_konami_verification,703897,,,2026-08-31T18:26:10+00:00,selected_pending_image_and_caption_qa,https://images.ygoprodeck.com/images/cards_cropped/703897.jpg,ygoprodeck_cropped_art,Orcust Crescendo,https://db.ygoprodeck.com/api/v7/cardinfo.php?misc=yes,https://images.ygoprodeck.com/images/cards_cropped/703897.jpg,Counter,True
Fire Formation,55538156,captions/ygo4_0449.json,Trap,Ultimate Fire Formation - Sinto,ygo4_0449,,new_card_first_release,,,images/ygo4_0449.png,2019-08-22,14736,1.0,api_identity_exact,,pending_konami_verification,55538156,,,2026-08-31T18:26:10+00:00,selected_pending_image_and_caption_qa,https://images.ygoprodeck.com/images/cards_cropped/55538156.jpg,ygoprodeck_cropped_art,Ultimate Fire Formation - Sinto,https://db.ygoprodeck.com/api/v7/cardinfo.php?misc=yes,https://images.ygoprodeck.com/images/cards_cropped/55538156.jpg,Counter,True
Dream Mirror,61459246,captions/ygo4_0450.json,Trap,Dream Mirror Oneiromancy,ygo4_0450,,new_card_first_release,,,images/ygo4_0450.png,2019-10-24,14902,1.0,api_identity_exact,,pending_konami_verification,61459246,,,2026-08-31T18:26:10+00:00,selected_pending_image_and_caption_qa,https://images.ygoprodeck.com/images/cards_cropped/61459246.jpg,ygoprodeck_cropped_art,Dream Mirror Oneiromancy,https://db.ygoprodeck.com/api/v7/cardinfo.php?misc=yes,https://images.ygoprodeck.com/images/cards_cropped/61459246.jpg,Counter,True
Time Thief,76587747,captions/ygo4_0451.json,Trap,Time Thief Retrograde,ygo4_0451,,new_card_first_release,,,images/ygo4_0451.png,2020-01-30,14884,1.0,api_identity_exact,,pending_konami_verification,76587747,,,2026-08-31T18:26:10+00:00,selected_pending_image_and_caption_qa,https://images.ygoprodeck.com/images/cards_cropped/76587747.jpg,ygoprodeck_cropped_art,Time Thief Retrograde,https://db.ygoprodeck.com/api/v7/cardinfo.php?misc=yes,https://images.ygoprodeck.com/images/cards_cropped/76587747.jpg,Counter,True
Adamancipator,45730592,captions/ygo4_0452.json,Trap,Adamancipator Resonance,ygo4_0452,,new_card_first_release,,,images/ygo4_0452.png,2020-04-03,15109,1.0,api_identity_exact,,pending_konami_verification,45730592,,,2026-08-31T18:26:10+00:00,selected_pending_image_and_caption_qa,https://images.ygoprodeck.com/images/cards_cropped/45730592.jpg,ygoprodeck_cropped_art,Adamancipator Resonance,https://db.ygoprodeck.com/api/v7/cardinfo.php?misc=yes,https://images.ygoprodeck.com/images/cards_cropped/45730592.jpg,Counter,True
Golden Land,56984514,captions/ygo4_0453.json,Trap,Golden Land Forever!,ygo4_0453,,new_card_first_release,,,images/ygo4_0453.png,2020-04-03,15131,1.0,api_identity_exact,,pending_konami_verification,56984514,,,2026-08-31T18:26:10+00:00,selected_pending_image_and_caption_qa,https://images.ygoprodeck.com/images/cards_cropped/56984514.jpg,ygoprodeck_cropped_art,Golden Land Forever!,https://db.ygoprodeck.com/api/v7/cardinfo.php?misc=yes,https://images.ygoprodeck.com/images/cards_cropped/56984514.jpg,Counter,True
Toon,53094821,captions/ygo4_0454.json,Trap,Toon Terror,ygo4_0454,,new_card_first_release,,,images/ygo4_0454.png,2020-06-18,15474,1.0,api_identity_exact,,pending_konami_verification,53094821,,,2026-08-31T18:26:10+00:00,selected_pending_image_and_caption_qa,https://images.ygoprodeck.com/images/cards_cropped/53094821.jpg,ygoprodeck_cropped_art,Toon Terror,https://db.ygoprodeck.com/api/v7/cardinfo.php?misc=yes,https://images.ygoprodeck.com/images/cards_cropped/53094821.jpg,Counter,True
Dragunity,51849216,captions/ygo4_0455.json,Trap,Dragunity Oubliette,ygo4_0455,,new_card_first_release,,,images/ygo4_0455.png,2021-04-15,15592,1.0,api_identity_exact,,pending_konami_verification,51849216,,,2026-08-31T18:26:10+00:00,selected_pending_image_and_caption_qa,https://images.ygoprodeck.com/images/cards_cropped/51849216.jpg,ygoprodeck_cropped_art,Dragunity Oubliette,https://db.ygoprodeck.com/api/v7/cardinfo.php?misc=yes,https://images.ygoprodeck.com/images/cards_cropped/51849216.jpg,Counter,True
Solfachord,92043888,captions/ygo4_0456.json,Trap,Solfachord Formal,ygo4_0456,,new_card_first_release,,,images/ygo4_0456.png,2021-04-29,16096,1.0,api_identity_exact,,pending_konami_verification,92043888,,,2026-08-31T18:26:10+00:00,selected_pending_image_and_caption_qa,https://images.ygoprodeck.com/images/cards_cropped/92043888.jpg,ygoprodeck_cropped_art,Solfachord Formal,https://db.ygoprodeck.com/api/v7/cardinfo.php?misc=yes,https://images.ygoprodeck.com/images/cards_cropped/92043888.jpg,Counter,True
,1DoijWmQ9AeVuK7DzCv-X1lU6YMGnCG0u,captions/ygo4_0457.json,Trap,Iron Thunder,ygo4_0457,1DoijWmQ9AeVuK7DzCv-X1lU6YMGnCG0u,new_card_first_release,,,images/ygo4_0457.png,2024-02-08,19535,1.0,exact_alias,,pending_konami_verification,12682213,,,2026-08-31T18:26:04+00:00,selected_pending_image_and_caption_qa,https://lh3.googleusercontent.com/sitesv/AG8ngQWhGdVk_w4IE1OiPi8ZRBux9CzjKsbgo4yeB6cIS5BNrFlveigmiD4ytWmiOVTPlNxRY-N6wT4_JWGfRKzBCIoOAOOess4104Ny9av0oi1v8GA8rdIoa_bGf5ieQIvS0_-bF_MjmfML4w-mjNq2c4zBjPn37RONZeVljVs7e9m4KwxAipmJGuYanGZL=s0,thehungtd_full_art,Iron Thunderhammer,https://sites.google.com/view/thehungtd/latest-artworks/2024/phantom-nightmare,https://lh3.googleusercontent.com/sitesv/AG8ngQWhGdVk_w4IE1OiPi8ZRBux9CzjKsbgo4yeB6cIS5BNrFlveigmiD4ytWmiOVTPlNxRY-N6wT4_JWGfRKzBCIoOAOOess4104Ny9av0oi1v8GA8rdIoa_bGf5ieQIvS0_-bF_MjmfML4w-mjNq2c4zBjPn37RONZeVljVs7e9m4KwxAipmJGuYanGZL=w1280,Counter,True
Vaalmonica,1S-RNq3bM04eKPM8nZMYalpJ7uUEWqzO9,captions/ygo4_0458.json,Trap,Vaalmonica Ereditare,ygo4_0458,1S-RNq3bM04eKPM8nZMYalpJ7uUEWqzO9,new_card_first_release,,,images/ygo4_0458.png,2024-07-27,20554,1.0,exact_alias,,pending_konami_verification,14972952,,,2026-08-31T18:25:58+00:00,selected_pending_image_and_caption_qa,https://lh3.googleusercontent.com/sitesv/AG8ngQVr8Ao1SMPIMCrGsTwGIPnshqMpef05FxueU7_TIloCvm69UsaqO9OitdWdHRG8suAwl4HT-PJMhQcUb7XuZTK-U2xND1TXGHaAo1UA1D4zpv3dGyCESb5eyXaaAFMLZadjju30e3HFbp-U62QWSXbFiL_D4ZB_nYKwtxBPvlxwjPP7i2hc0i6Aj2zQftE=s0,thehungtd_full_art,Vaalmonica Ereditare,https://sites.google.com/view/thehungtd/latest-artworks/2024/rage-of-the-abyss,https://lh3.googleusercontent.com/sitesv/AG8ngQVr8Ao1SMPIMCrGsTwGIPnshqMpef05FxueU7_TIloCvm69UsaqO9OitdWdHRG8suAwl4HT-PJMhQcUb7XuZTK-U2xND1TXGHaAo1UA1D4zpv3dGyCESb5eyXaaAFMLZadjju30e3HFbp-U62QWSXbFiL_D4ZB_nYKwtxBPvlxwjPP7i2hc0i6Aj2zQftE=w1280,Counter,True
Materiactor,1FGwL70_LrQAw9K7Ei-KsWMj5JwaPrTFw,captions/ygo4_0459.json,Trap,Materiactor Critical,ygo4_0459,1FGwL70_LrQAw9K7Ei-KsWMj5JwaPrTFw,new_card_first_release,,,images/ygo4_0459.png,2025-01-23,20811,1.0,exact_alias,,pending_konami_verification,64767757,,,2026-08-31T18:25:56+00:00,selected_pending_image_and_caption_qa,https://lh3.googleusercontent.com/sitesv/AG8ngQVbgDlRW5E32O82poU3yu9-tNbYrUWd1vePis-nRchsV_vYTZi1WivDcTSYmRil98Khx0keau8SegXkqbikXMkdIuFwk2ZTT4Fm27c0TCwC2en29ui9T7pitBeKq3hx7YcGdMODXvsAAnfAY3GiqkT0ENMbnALQ1iQ5IGJOcvrCx0Pd3IqQl0eeXFd3tvw=s0,thehungtd_full_art,Materiactor Critical,https://sites.google.com/view/thehungtd/latest-artworks/2024/supreme-darkness,https://lh3.googleusercontent.com/sitesv/AG8ngQVbgDlRW5E32O82poU3yu9-tNbYrUWd1vePis-nRchsV_vYTZi1WivDcTSYmRil98Khx0keau8SegXkqbikXMkdIuFwk2ZTT4Fm27c0TCwC2en29ui9T7pitBeKq3hx7YcGdMODXvsAAnfAY3GiqkT0ENMbnALQ1iQ5IGJOcvrCx0Pd3IqQl0eeXFd3tvw=w1280,Counter,True
Cipher,99397762,captions/ygo4_0460.json,Trap,Cipher Bit,ygo4_0460,,new_card_first_release,,,images/ygo4_0460.png,2016-11-03,12659,1.0,api_identity_exact,,pending_konami_verification,99397762,,,2026-08-31T18:26:10+00:00,selected_pending_image_and_caption_qa,https://images.ygoprodeck.com/images/cards_cropped/99397762.jpg,ygoprodeck_cropped_art,Cipher Bit,https://db.ygoprodeck.com/api/v7/cardinfo.php?misc=yes,https://images.ygoprodeck.com/images/cards_cropped/99397762.jpg,Normal,True
Cipher,63992027,captions/ygo4_0461.json,Trap,Double Cipher,ygo4_0461,,new_card_first_release,,,images/ygo4_0461.png,2016-11-03,12658,1.0,api_identity_exact,,pending_konami_verification,63992027,,,2026-08-31T18:26:10+00:00,selected_pending_image_and_caption_qa,https://images.ygoprodeck.com/images/cards_cropped/63992027.jpg,ygoprodeck_cropped_art,Double Cipher,https://db.ygoprodeck.com/api/v7/cardinfo.php?misc=yes,https://images.ygoprodeck.com/images/cards_cropped/63992027.jpg,Normal,True
Paleozoic,38761908,captions/ygo4_0462.json,Trap,Paleozoic Dinomischus,ygo4_0462,,new_card_first_release,,,images/ygo4_0462.png,2016-11-03,12193,1.0,api_identity_exact,,pending_konami_verification,38761908,,,2026-08-31T18:26:10+00:00,selected_pending_image_and_caption_qa,https://images.ygoprodeck.com/images/cards_cropped/38761908.jpg,ygoprodeck_cropped_art,Paleozoic Dinomischus,https://db.ygoprodeck.com/api/v7/cardinfo.php?misc=yes,https://images.ygoprodeck.com/images/cards_cropped/38761908.jpg,Normal,True
Flame Swordsman,18fFZMqICk30Q3CoY8AAuF72-1Ak7Xebf,captions/ygo4_0463.json,Trap,Flame Swordsdance,ygo4_0463,18fFZMqICk30Q3CoY8AAuF72-1Ak7Xebf,new_card_first_release,,,images/ygo4_0463.png,2024-01-18,19733,1.0,exact_alias,,pending_konami_verification,8080257,,,2026-08-31T18:25:57+00:00,selected_pending_image_and_caption_qa,https://lh3.googleusercontent.com/sitesv/AG8ngQXlfHosOb-1iMTJ4QSkObyM_ILqLay6t_l8TLP5NTG0i7syQLAeP0DsgHAp31onqUiQczxAUZeEUd4Xr8Q0fwjSkfDa8RAsbdYbNR6Va44EnQBzJs7ISoBzIz-FsMvSWneQ41h28DEh9_Vud-OxzImh92WWisZC9Fq8AXBodzOTF9T8GvC2KYSVfFaa=s0,thehungtd_full_art,Flame Swordsdance,https://sites.google.com/view/thehungtd/latest-artworks/2024/world-premiere-pack-2024,https://lh3.googleusercontent.com/sitesv/AG8ngQXlfHosOb-1iMTJ4QSkObyM_ILqLay6t_l8TLP5NTG0i7syQLAeP0DsgHAp31onqUiQczxAUZeEUd4Xr8Q0fwjSkfDa8RAsbdYbNR6Va44EnQBzJs7ISoBzIz-FsMvSWneQ41h28DEh9_Vud-OxzImh92WWisZC9Fq8AXBodzOTF9T8GvC2KYSVfFaa=w1280,Normal,True
Salamandra,1dwoVMJNBwT191B1CgUTkNlzb2zs_g1-S,captions/ygo4_0464.json,Trap,Salamandra with Chain,ygo4_0464,1dwoVMJNBwT191B1CgUTkNlzb2zs_g1-S,new_card_first_release,,,images/ygo4_0464.png,2024-01-18,19732,1.0,exact_alias,,pending_konami_verification,62091148,,,2026-08-31T18:25:57+00:00,selected_pending_image_and_caption_qa,https://lh3.googleusercontent.com/sitesv/AG8ngQV8vstG7Wq-1x2HSlQ26ccknizrDb4eoDmMF8NmRAKEqU9vZzpiRJ731szQqElSEsd1YC5LYaosnT3pCSiAtJMw36KivpELGyNGn1qXSQBOFjVp703RsUA1nrCpb9Akj6o839fYu9jt57vnWnucokxKq-MLRuHLykv2Vsrt0CHBhnq6XB1R6cKgVmQn=s0,thehungtd_full_art,Salamandra with Chain,https://sites.google.com/view/thehungtd/latest-artworks/2024/world-premiere-pack-2024,https://lh3.googleusercontent.com/sitesv/AG8ngQV8vstG7Wq-1x2HSlQ26ccknizrDb4eoDmMF8NmRAKEqU9vZzpiRJ731szQqElSEsd1YC5LYaosnT3pCSiAtJMw36KivpELGyNGn1qXSQBOFjVp703RsUA1nrCpb9Akj6o839fYu9jt57vnWnucokxKq-MLRuHLykv2Vsrt0CHBhnq6XB1R6cKgVmQn=w1280,Normal,True
Aroma,1gEzh36I3TssNgVCxSzwwiABxjsjseboW,captions/ygo4_0465.json,Trap,Aroma Healing,ygo4_0465,1gEzh36I3TssNgVCxSzwwiABxjsjseboW,new_card_first_release,,,images/ygo4_0465.png,2024-02-08,19532,1.0,exact_alias,,pending_konami_verification,12804701,,,2026-08-31T18:26:04+00:00,selected_pending_image_and_caption_qa,https://lh3.googleusercontent.com/sitesv/AG8ngQVud-uIgMAxZ0cnx0d_IpzAb3jdqIHtN5RrmGqd3Lj2dZkBuqlLcwGD2ZvgBSjBbw3PK8eO7uPyl1hfepZuBKZVr7ofNhUPVsKCfumQh9U8PiW16Tnt8u8Ahe1RonD5cEti7fHZ0Km7ee6EaVJ-PGSKNCTnQdaAZ9x9rnLgd4R7dYA_Z_xi5G1buYPsnJ4=s0,thehungtd_full_art,Aroma Healing,https://sites.google.com/view/thehungtd/latest-artworks/2024/phantom-nightmare,https://lh3.googleusercontent.com/sitesv/AG8ngQVud-uIgMAxZ0cnx0d_IpzAb3jdqIHtN5RrmGqd3Lj2dZkBuqlLcwGD2ZvgBSjBbw3PK8eO7uPyl1hfepZuBKZVr7ofNhUPVsKCfumQh9U8PiW16Tnt8u8Ahe1RonD5cEti7fHZ0Km7ee6EaVJ-PGSKNCTnQdaAZ9x9rnLgd4R7dYA_Z_xi5G1buYPsnJ4=w1280,Normal,True
Raidraptor,12_W33tOyO2ZWG6_-x9CHv2F6MdqJAKjb,captions/ygo4_0466.json,Trap,Raidraptor - Glorious Bright,ygo4_0466,12_W33tOyO2ZWG6_-x9CHv2F6MdqJAKjb,new_card_first_release,,,images/ygo4_0466.png,2024-02-08,19529,1.0,exact_alias,,pending_konami_verification,13927359,,,2026-08-31T18:26:04+00:00,selected_pending_image_and_caption_qa,https://lh3.googleusercontent.com/sitesv/AG8ngQWbTmplyrYHyPQWSW-WooIM8-LOT4J1awM9wTJGB-ambb4ABOC4LU6MQzvj4Nao73Te83a6Fj--ErgCe7hXO0HRzfvFuhruAzr08xWm6-RtDllZ2sewwM6B3aiW2XnMyCF2IVsiINytz5oag1UHlXuvl9xMzB6yNaQRWxLhek2lnFO0qlNIuC5Ots-9_3A=s0,thehungtd_full_art,Raidraptor - Barrage,https://sites.google.com/view/thehungtd/latest-artworks/2024/phantom-nightmare,https://lh3.googleusercontent.com/sitesv/AG8ngQWbTmplyrYHyPQWSW-WooIM8-LOT4J1awM9wTJGB-ambb4ABOC4LU6MQzvj4Nao73Te83a6Fj--ErgCe7hXO0HRzfvFuhruAzr08xWm6-RtDllZ2sewwM6B3aiW2XnMyCF2IVsiINytz5oag1UHlXuvl9xMzB6yNaQRWxLhek2lnFO0qlNIuC5Ots-9_3A=w1280,Normal,True
,1lRoME0LWOLqEyvhdtnteNZsRKcfDDtSO,captions/ygo4_0467.json,Trap,Terrors of the Afterroot,ygo4_0467,1lRoME0LWOLqEyvhdtnteNZsRKcfDDtSO,new_card_first_release,,,images/ygo4_0467.png,2024-02-08,19534,1.0,exact_alias,,pending_konami_verification,85698115,,,2026-08-31T18:26:04+00:00,selected_pending_image_and_caption_qa,https://lh3.googleusercontent.com/sitesv/AG8ngQVSSDjRmYcHYHDtjzBpSAz8mqUUfODMsJz9uMyGicH3MB3ORl7oJmxFkY8t5Ac468kHXBSG5ukZf0i-erxOGpuDRU_A3Zf8jw1iwOY9Mam29omR3z4mUNvhzBSz5JTSvetP2SCfvZ-9l7LwWz84w70uYxP7Q7C_Emjq7NCEhtxRyoNBlg5idm3aluH8ss4=s0,thehungtd_full_art,Terrors of the Netherroot,https://sites.google.com/view/thehungtd/latest-artworks/2024/phantom-nightmare,https://lh3.googleusercontent.com/sitesv/AG8ngQVSSDjRmYcHYHDtjzBpSAz8mqUUfODMsJz9uMyGicH3MB3ORl7oJmxFkY8t5Ac468kHXBSG5ukZf0i-erxOGpuDRU_A3Zf8jw1iwOY9Mam29omR3z4mUNvhzBSz5JTSvetP2SCfvZ-9l7LwWz84w70uYxP7Q7C_Emjq7NCEhtxRyoNBlg5idm3aluH8ss4=w1280,Normal,True
Toy,1aLSfxmA4Yf1G-uZCv-odefL-bRfPxbEk,captions/ygo4_0468.json,Trap,The Black Goat Laughs,ygo4_0468,1aLSfxmA4Yf1G-uZCv-odefL-bRfPxbEk,new_card_first_release,,,images/ygo4_0468.png,2024-02-08,19533,1.0,exact_alias,,pending_konami_verification,49299410,,,2026-08-31T18:26:04+00:00,selected_pending_image_and_caption_qa,https://lh3.googleusercontent.com/sitesv/AG8ngQWRt-9FhDFYCML_pffOGoaIqXFGIENW79NLmMuQSOM3spgOpm2kulgQBgkhQ-DGKOJ-vDQopgYOliG0Vr6-1matyIdpUCbxUcfV3H6YPydB4GgbSZwiRfRILXYnGXl-fTgrqwwss0Vj0taQiXZAOsRw9n_sG51eb5QArAzzA0SBfyZc3FchoQiwIoc0opQ=s0,thehungtd_full_art,Rumpel Teufel,https://sites.google.com/view/thehungtd/latest-artworks/2024/phantom-nightmare,https://lh3.googleusercontent.com/sitesv/AG8ngQWRt-9FhDFYCML_pffOGoaIqXFGIENW79NLmMuQSOM3spgOpm2kulgQBgkhQ-DGKOJ-vDQopgYOliG0Vr6-1matyIdpUCbxUcfV3H6YPydB4GgbSZwiRfRILXYnGXl-fTgrqwwss0Vj0taQiXZAOsRw9n_sG51eb5QArAzzA0SBfyZc3FchoQiwIoc0opQ=w1280,Normal,True
,1VXZtn_JDYhnilpIhiTyXlZ09N4vxvYvT,captions/ygo4_0469.json,Trap,Double Dai,ygo4_0469,1VXZtn_JDYhnilpIhiTyXlZ09N4vxvYvT,new_card_first_release,,,images/ygo4_0469.png,2024-04-25,20059,1.0,exact_alias,,pending_konami_verification,1607603,,,2026-08-31T18:25:57+00:00,selected_pending_image_and_caption_qa,https://lh3.googleusercontent.com/sitesv/AG8ngQWZEl4I2VbbBUzZ2b2escZmLzyniQNRIxDyyV6auuD-dn_jLLKxjZBd61xRom0mx3r051JQIwYYNbBBcP2y66HPpSy6cYbinfnZR5XrDV1bSa-T1BRVs38CUgjngRJhkEU-8_DbIVU175MjnxhBmrOPuoHYcAiU3XaDUxNGGE4bnk4VQWZkRQhZ-p8PNiI=s0,thehungtd_full_art,Double Dai,https://sites.google.com/view/thehungtd/latest-artworks/2024/world-premiere-pack-2024,https://lh3.googleusercontent.com/sitesv/AG8ngQWZEl4I2VbbBUzZ2b2escZmLzyniQNRIxDyyV6auuD-dn_jLLKxjZBd61xRom0mx3r051JQIwYYNbBBcP2y66HPpSy6cYbinfnZR5XrDV1bSa-T1BRVs38CUgjngRJhkEU-8_DbIVU175MjnxhBmrOPuoHYcAiU3XaDUxNGGE4bnk4VQWZkRQhZ-p8PNiI=w1280,Normal,True
Lightsworn,1w17D8dpTTVoBeBdndE-i3J_kT1lik9dE,captions/ygo4_0470.json,Trap,Lightsworn Aegis,ygo4_0470,1w17D8dpTTVoBeBdndE-i3J_kT1lik9dE,new_card_first_release,,,images/ygo4_0470.png,2024-04-25,19918,1.0,exact_alias,,pending_konami_verification,25218587,,,2026-08-31T18:26:02+00:00,selected_pending_image_and_caption_qa,https://lh3.googleusercontent.com/sitesv/AG8ngQWQu-Rm0eJeKzVZx4MTOQATWMHw_f2DcfPZApbOmDdF5BU1tDKuMcJB9WxwQXE_7drCFSwfOndGQ9h1jaq-aNUnH9JZaG_XyEe5kAm_wqNKLDsG-Q3JdW_9_2fafp5wcakzOBe-kE7Nxd-Kwud4IUta7z2SJFdlx5m4cmrn1SZMk2JJNd65sv8uxI2b=s0,thehungtd_full_art,Lightsworn Aegis,https://sites.google.com/view/thehungtd/latest-artworks/2024/legacy-of-destruction,https://lh3.googleusercontent.com/sitesv/AG8ngQWQu-Rm0eJeKzVZx4MTOQATWMHw_f2DcfPZApbOmDdF5BU1tDKuMcJB9WxwQXE_7drCFSwfOndGQ9h1jaq-aNUnH9JZaG_XyEe5kAm_wqNKLDsG-Q3JdW_9_2fafp5wcakzOBe-kE7Nxd-Kwud4IUta7z2SJFdlx5m4cmrn1SZMk2JJNd65sv8uxI2b=w1280,Normal,True
Mirror Trap,1GfZX6MPowFWxWLct7TvaYars06xq60va,captions/ygo4_0471.json,Trap,Mirage Mirror Force,ygo4_0471,1GfZX6MPowFWxWLct7TvaYars06xq60va,new_card_first_release,,,images/ygo4_0471.png,2024-04-25,19919,1.0,exact_alias,,pending_konami_verification,52607696,,,2026-08-31T18:26:02+00:00,selected_pending_image_and_caption_qa,https://lh3.googleusercontent.com/sitesv/AG8ngQXrwyxUsoryxiisTOmQ7JEUxKJVvHR5__Eh0k2vl4oF6yzvbDxl-XD4YMN7-7LAsN8GrLeitfBHlnF9H37-GFCp_vks8mm0MuTH-prsn_M4K4HljR9L0YKBXfdMznadYCzR56IT2OzT45XlTfvkM7HaqMjdoPnJXvDgsfLOZZ2zE_QZdQgb1hTQwfGg-DM=s0,thehungtd_full_art,Mirage Force,https://sites.google.com/view/thehungtd/latest-artworks/2024/legacy-of-destruction,https://lh3.googleusercontent.com/sitesv/AG8ngQXrwyxUsoryxiisTOmQ7JEUxKJVvHR5__Eh0k2vl4oF6yzvbDxl-XD4YMN7-7LAsN8GrLeitfBHlnF9H37-GFCp_vks8mm0MuTH-prsn_M4K4HljR9L0YKBXfdMznadYCzR56IT2OzT45XlTfvkM7HaqMjdoPnJXvDgsfLOZZ2zE_QZdQgb1hTQwfGg-DM=w1280,Normal,True
,1DfgVxgteG2RvyZDhzXWHsWe9kPjN4R2b,captions/ygo4_0472.json,Trap,Simultaneous Equation Cannons,ygo4_0472,1DfgVxgteG2RvyZDhzXWHsWe9kPjN4R2b,new_card_first_release,,,images/ygo4_0472.png,2024-04-25,19921,1.0,exact_alias,,pending_konami_verification,25096909,,,2026-08-31T18:26:02+00:00,selected_pending_image_and_caption_qa,https://lh3.googleusercontent.com/sitesv/AG8ngQVxyc5diEhCHFQJOY8-dgv_it6yP57EDTWSLMTs0flf-mGDPtsNYmtyiS2eqHLnW2XmX5B9319z8ZD2TOQayl0Y8kSak-aakjyMn7CTXbw8WzpO4A2cO-49KCEplnSPCibIV8Rj4-gWkRyU9wBUdjR71-gHhrFO3Fkr7R9K-_NjlkDhraPEBIAG9SO79EM=s0,thehungtd_full_art,Equation System Cannon,https://sites.google.com/view/thehungtd/latest-artworks/2024/legacy-of-destruction,https://lh3.googleusercontent.com/sitesv/AG8ngQVxyc5diEhCHFQJOY8-dgv_it6yP57EDTWSLMTs0flf-mGDPtsNYmtyiS2eqHLnW2XmX5B9319z8ZD2TOQayl0Y8kSak-aakjyMn7CTXbw8WzpO4A2cO-49KCEplnSPCibIV8Rj4-gWkRyU9wBUdjR71-gHhrFO3Fkr7R9K-_NjlkDhraPEBIAG9SO79EM=w1280,Normal,True
Sinful Spoils,1aQvVVbmLMjbBz81tT-VvyZRWSGrgvFM9,captions/ygo4_0473.json,Trap,Sinful Spoils Subdual,ygo4_0473,1aQvVVbmLMjbBz81tT-VvyZRWSGrgvFM9,new_card_first_release,,,images/ygo4_0473.png,2024-04-25,19915,1.0,exact_alias,,pending_konami_verification,26334139,,,2026-08-31T18:26:02+00:00,selected_pending_image_and_caption_qa,https://lh3.googleusercontent.com/sitesv/AG8ngQUMYu1uxyBgzet2B2D1MFBKWCBYZiY01yRDGC3lCvm0RmdtXrQndZp_1gYBa5V2It4DRecMT-fexLjmavk58fCXm8R5E6qvdvRUzyTJT8KNeYNhhI-_edHMW9WeDiokevdaOXgTbt3QoHTo_alfKLt8qfoi_rRAJuOkeI9ZmPaKHMNTWvnzLy1xvCc6qp4=s0,thehungtd_full_art,Sinful Spoils Cycle,https://sites.google.com/view/thehungtd/latest-artworks/2024/legacy-of-destruction,https://lh3.googleusercontent.com/sitesv/AG8ngQUMYu1uxyBgzet2B2D1MFBKWCBYZiY01yRDGC3lCvm0RmdtXrQndZp_1gYBa5V2It4DRecMT-fexLjmavk58fCXm8R5E6qvdvRUzyTJT8KNeYNhhI-_edHMW9WeDiokevdaOXgTbt3QoHTo_alfKLt8qfoi_rRAJuOkeI9ZmPaKHMNTWvnzLy1xvCc6qp4=w1280,Normal,True
Sinful Spoils,1ZJPMMZOra3ajqHJbhYwsCu2zHdPcsQJo,captions/ygo4_0474.json,Trap,Sinful Spoils of Slumber - Morrian,ygo4_0474,1ZJPMMZOra3ajqHJbhYwsCu2zHdPcsQJo,new_card_first_release,,,images/ygo4_0474.png,2024-04-25,19916,1.0,exact_alias,,pending_konami_verification,53329234,,,2026-08-31T18:26:02+00:00,selected_pending_image_and_caption_qa,https://lh3.googleusercontent.com/sitesv/AG8ngQWoosdbB0yDxO6fhFWQLL0tCL0OIQ6VCfZbsUWzTf6C7NEC79BRKI_NedmSEynxPud5IAnSpschNzh--83FfH1Ra7TXjXGx90QQkAUiu9bBmqsCApG3PJ17MHKMQ56IDcN6Ikc0FB0Pw2iD2ee9qv33OS3gz2sKg3dPQ_YVXNxJVEh-W3_eXU8Q0XkZnIg=s0,thehungtd_full_art,Sinful Spoils of Dozing - Morrighan,https://sites.google.com/view/thehungtd/latest-artworks/2024/legacy-of-destruction,https://lh3.googleusercontent.com/sitesv/AG8ngQWoosdbB0yDxO6fhFWQLL0tCL0OIQ6VCfZbsUWzTf6C7NEC79BRKI_NedmSEynxPud5IAnSpschNzh--83FfH1Ra7TXjXGx90QQkAUiu9bBmqsCApG3PJ17MHKMQ56IDcN6Ikc0FB0Pw2iD2ee9qv33OS3gz2sKg3dPQ_YVXNxJVEh-W3_eXU8Q0XkZnIg=w1280,Normal,True
Dominus,1FfvqunoDJSJUp5aUQP1CemX2yyL2MhEu,captions/ygo4_0475.json,Trap,Dominus Purge,ygo4_0475,1FfvqunoDJSJUp5aUQP1CemX2yyL2MhEu,new_card_first_release,,,images/ygo4_0475.png,2024-07-18,20257,1.0,exact_alias,,pending_konami_verification,97045737,,,2026-08-31T18:26:00+00:00,selected_pending_image_and_caption_qa,https://lh3.googleusercontent.com/sitesv/AG8ngQXYup_SJZDfp4FVrJw1jU_RYD3YrJYIxTbhQVOfrIqdkBUTwMML707z-3GA5GQ9lOIairoj6uaAEwxHJuAhQE_Cpu45p_pHUIIyoS41v4ulxPRM2RW0pb5MVUmzf0ihC9rLWOn5Nmj1Dih4yboEYJwXxnXGs6hGDHCMlD2FlmwYvhRIbOA8psAvYn5_gKM=s0,thehungtd_full_art,Dominus Purge,https://sites.google.com/view/thehungtd/latest-artworks/2024/infinite-forbidden,https://lh3.googleusercontent.com/sitesv/AG8ngQXYup_SJZDfp4FVrJw1jU_RYD3YrJYIxTbhQVOfrIqdkBUTwMML707z-3GA5GQ9lOIairoj6uaAEwxHJuAhQE_Cpu45p_pHUIIyoS41v4ulxPRM2RW0pb5MVUmzf0ihC9rLWOn5Nmj1Dih4yboEYJwXxnXGs6hGDHCMlD2FlmwYvhRIbOA8psAvYn5_gKM=w1280,Normal,True
Fiendsmith,1mCkuZMHi1NJk5qPQNA9f0mHWR3ehqcyj,captions/ygo4_0476.json,Trap,Fiendsmith in Paradise,ygo4_0476,1mCkuZMHi1NJk5qPQNA9f0mHWR3ehqcyj,new_card_first_release,,,images/ygo4_0476.png,2024-07-18,20251,1.0,exact_alias,,pending_konami_verification,99989863,,,2026-08-31T18:26:00+00:00,selected_pending_image_and_caption_qa,https://lh3.googleusercontent.com/sitesv/AG8ngQWi6EXxMIT9eVv-HdyDC4zl2UAuEP06Ct8Kca5jvDalsqfFFiA41q1l6gna-C66xkbaWUbsYRSvWyV0bbb9VAzssWNI_GFWd62iIPRdt0R5Jmx-y9QUTzFNgvbgpNnDWdGCCJ1oPZ_swLkcySE9UXoLYxIUwUYjL3L0mrts9Ke_2QbiWA32dviBKGPU=s0,thehungtd_full_art,Fiendsmith in Paradisum,https://sites.google.com/view/thehungtd/latest-artworks/2024/infinite-forbidden,https://lh3.googleusercontent.com/sitesv/AG8ngQWi6EXxMIT9eVv-HdyDC4zl2UAuEP06Ct8Kca5jvDalsqfFFiA41q1l6gna-C66xkbaWUbsYRSvWyV0bbb9VAzssWNI_GFWd62iIPRdt0R5Jmx-y9QUTzFNgvbgpNnDWdGCCJ1oPZ_swLkcySE9UXoLYxIUwUYjL3L0mrts9Ke_2QbiWA32dviBKGPU=w1280,Normal,True
Mimighoul,1WIGh-PN9TOU0vhqs9kPTTnKfqDsqQwo1,captions/ygo4_0477.json,Trap,Mimighoul Room,ygo4_0477,1WIGh-PN9TOU0vhqs9kPTTnKfqDsqQwo1,new_card_first_release,,,images/ygo4_0477.png,2024-07-18,20434,1.0,exact_alias,,pending_konami_verification,59293853,,,2026-08-31T18:26:00+00:00,selected_pending_image_and_caption_qa,https://lh3.googleusercontent.com/sitesv/AG8ngQVx1wHBWONH23qN02sYUnm3epN9EIS1_trW_BBGRy_L2PA_igg-2TDXaHzCxjyQm89asFkXaLQWz43xYcG-XsRTap9xeCQaHpStzLsKZRjGQ-dEc6VEAKlbCeK7EofU94g0RW3qDUJBnZ0uW6pOy3nIKapBgxMNs5Sf1Skj8N0TO8t7WXGEbxxmxRBA=s0,thehungtd_full_art,Mimighoul Room,https://sites.google.com/view/thehungtd/latest-artworks/2024/infinite-forbidden,https://lh3.googleusercontent.com/sitesv/AG8ngQVx1wHBWONH23qN02sYUnm3epN9EIS1_trW_BBGRy_L2PA_igg-2TDXaHzCxjyQm89asFkXaLQWz43xYcG-XsRTap9xeCQaHpStzLsKZRjGQ-dEc6VEAKlbCeK7EofU94g0RW3qDUJBnZ0uW6pOy3nIKapBgxMNs5Sf1Skj8N0TO8t7WXGEbxxmxRBA=w1280,Normal,True
Sangen,1cCPQ11cDnI7dgoCNnbGuZQWMFjMNy4xq,captions/ygo4_0478.json,Trap,Sangen Kaiho,ygo4_0478,1cCPQ11cDnI7dgoCNnbGuZQWMFjMNy4xq,new_card_first_release,,,images/ygo4_0478.png,2024-07-18,20252,1.0,exact_alias,,pending_konami_verification,25388971,,,2026-08-31T18:26:00+00:00,selected_pending_image_and_caption_qa,https://lh3.googleusercontent.com/sitesv/AG8ngQVh4nTgIyTkY-ViehZ8u20u9mQXUHIEuS_ciBfcP_qU7MyU15GPcXAhtfrfl4oF3jUjWqiV5Za7swPcjBAf4kIxVdYSjfv8xxKYwD_EjvDwhaPdkVbkjKXpU5ihF8QlurvSX94TE1teE9R2pV3X1cZgRFNXxgWFQGxSeonxoG0p4UDhZDj5PvoNrcKE=s0,thehungtd_full_art,Sangen Kaihou,https://sites.google.com/view/thehungtd/latest-artworks/2024/infinite-forbidden,https://lh3.googleusercontent.com/sitesv/AG8ngQVh4nTgIyTkY-ViehZ8u20u9mQXUHIEuS_ciBfcP_qU7MyU15GPcXAhtfrfl4oF3jUjWqiV5Za7swPcjBAf4kIxVdYSjfv8xxKYwD_EjvDwhaPdkVbkjKXpU5ihF8QlurvSX94TE1teE9R2pV3X1cZgRFNXxgWFQGxSeonxoG0p4UDhZDj5PvoNrcKE=w1280,Normal,True
Puppet,1zohNb7Mz8cs9BrQOYC_Fvgp2589ZgeOY,captions/ygo4_0479.json,Trap,Service Puppet Play,ygo4_0479,1zohNb7Mz8cs9BrQOYC_Fvgp2589ZgeOY,new_card_first_release,,,images/ygo4_0479.png,2024-07-18,20249,1.0,exact_alias,,pending_konami_verification,36400569,,,2026-08-31T18:26:00+00:00,selected_pending_image_and_caption_qa,https://lh3.googleusercontent.com/sitesv/AG8ngQXuwIwJEMIUmlinm_NbEDr-RvFLr8lXuKQ-4PKKD6AwHf4gLGmaLiWxzonWyG4ahH-TIpsQXvEK5VN4OmtimxqeyQgdntoIHPJQjY9T03FF9EihN6Wq-6onpf_xLAUjVzEA7GOa8-3_7c7cg8PKjoaQOQ-l9r1_L6rloZ3ZpEcPaJ5TxDG6IVEDw9UY=s0,thehungtd_full_art,Servist Puppet,https://sites.google.com/view/thehungtd/latest-artworks/2024/infinite-forbidden,https://lh3.googleusercontent.com/sitesv/AG8ngQXuwIwJEMIUmlinm_NbEDr-RvFLr8lXuKQ-4PKKD6AwHf4gLGmaLiWxzonWyG4ahH-TIpsQXvEK5VN4OmtimxqeyQgdntoIHPJQjY9T03FF9EihN6Wq-6onpf_xLAUjVzEA7GOa8-3_7c7cg8PKjoaQOQ-l9r1_L6rloZ3ZpEcPaJ5TxDG6IVEDw9UY=w1280,Normal,True
,1lM_F0oVpmxfNJbZoDFn3AFf9aA5HN7fU,captions/ygo4_0480.json,Trap,Three in One,ygo4_0480,1lM_F0oVpmxfNJbZoDFn3AFf9aA5HN7fU,new_card_first_release,,,images/ygo4_0480.png,2024-07-18,20259,1.0,exact_alias,,pending_konami_verification,50838440,,,2026-08-31T18:26:00+00:00,selected_pending_image_and_caption_qa,https://lh3.googleusercontent.com/sitesv/AG8ngQX6em2dq8mzlWJjWrC8AVySbocHp8kz-RnipsY46aTf6ekJBz7zOpgZveDvyCQrKwCH_Y0rOMoJrjmDJ7PYw1FeGcGYPZdMH16f9ThM8uOfT8nNhRtIEpB6oap-dyaGlKXZmeHq_3_OIfSKuEotXDX3Pmad5G_UqjdyrwnkgEr5lPhgxwv8BNKOoVBsknc=s0,thehungtd_full_art,Three as One,https://sites.google.com/view/thehungtd/latest-artworks/2024/infinite-forbidden,https://lh3.googleusercontent.com/sitesv/AG8ngQX6em2dq8mzlWJjWrC8AVySbocHp8kz-RnipsY46aTf6ekJBz7zOpgZveDvyCQrKwCH_Y0rOMoJrjmDJ7PYw1FeGcGYPZdMH16f9ThM8uOfT8nNhRtIEpB6oap-dyaGlKXZmeHq_3_OIfSKuEotXDX3Pmad5G_UqjdyrwnkgEr5lPhgxwv8BNKOoVBsknc=w1280,Normal,True
White Forest,1Jk7NCE3LXXhSS8TDjS51BPJiDSBxMvT9,captions/ygo4_0481.json,Trap,Woes of the White Forest,ygo4_0481,1Jk7NCE3LXXhSS8TDjS51BPJiDSBxMvT9,new_card_first_release,,,images/ygo4_0481.png,2024-07-18,20250,1.0,exact_alias,,pending_konami_verification,62995268,,,2026-08-31T18:26:00+00:00,selected_pending_image_and_caption_qa,https://lh3.googleusercontent.com/sitesv/AG8ngQVey4jDpoiSktuI48BnWOyjnyE6fu7a-ZdkFx4EL0xJ1_mBN915TPuC_1Pp4otRcbWpNslteA_1Ywm9KbbHWd5bWLn4ycLxxxutwb8My49xMPQeov24_mqV4uKeahaEHqVJEV6abxkO1PLilF_8U6dkgcrNRT5ONGjBepFepZGwnoh-MDJ5jE_xqwWq-20=s0,thehungtd_full_art,Woes of the White Woods,https://sites.google.com/view/thehungtd/latest-artworks/2024/infinite-forbidden,https://lh3.googleusercontent.com/sitesv/AG8ngQVey4jDpoiSktuI48BnWOyjnyE6fu7a-ZdkFx4EL0xJ1_mBN915TPuC_1Pp4otRcbWpNslteA_1Ywm9KbbHWd5bWLn4ycLxxxutwb8My49xMPQeov24_mqV4uKeahaEHqVJEV6abxkO1PLilF_8U6dkgcrNRT5ONGjBepFepZGwnoh-MDJ5jE_xqwWq-20=w1280,Normal,True
Azamina,14_ZySvwRYDpFtLg-cGYT9QuCOM7AeJNi,captions/ygo4_0482.json,Trap,Azamina Determination,ygo4_0482,14_ZySvwRYDpFtLg-cGYT9QuCOM7AeJNi,new_card_first_release,,,images/ygo4_0482.png,2024-07-27,20549,1.0,exact_alias,,pending_konami_verification,42201897,,,2026-08-31T18:25:58+00:00,selected_pending_image_and_caption_qa,https://lh3.googleusercontent.com/sitesv/AG8ngQUZxlJht2b4I6MHYre1rhQR-x-CMeDVw4heJWC1jdt6oITlGQze9nhCPQLQ1VsAPhWpWjdviodoxDp_I-mRJ5GZht2GhgNQWCxfRXb3l4CADRkHQBtRM3k-jR6n3v0Dk73o9yI-YtMopPohVY5evIDOhyCD2EEbrI-rvgtLJD5roZqsq9OWG_El0jHg=s0,thehungtd_full_art,Azamina Hamartia,https://sites.google.com/view/thehungtd/latest-artworks/2024/rage-of-the-abyss,https://lh3.googleusercontent.com/sitesv/AG8ngQUZxlJht2b4I6MHYre1rhQR-x-CMeDVw4heJWC1jdt6oITlGQze9nhCPQLQ1VsAPhWpWjdviodoxDp_I-mRJ5GZht2GhgNQWCxfRXb3l4CADRkHQBtRM3k-jR6n3v0Dk73o9yI-YtMopPohVY5evIDOhyCD2EEbrI-rvgtLJD5roZqsq9OWG_El0jHg=w1280,Normal,True
Metalmorph,1QUcMBgRcONTUejGC2INh2LtG61aqa0_7,captions/ygo4_0483.json,Trap,Max Metalmorph,ygo4_0483,1QUcMBgRcONTUejGC2INh2LtG61aqa0_7,new_card_first_release,,,images/ygo4_0483.png,2024-07-27,20547,1.0,exact_alias,,pending_konami_verification,89812483,,,2026-08-31T18:25:58+00:00,selected_pending_image_and_caption_qa,https://lh3.googleusercontent.com/sitesv/AG8ngQWMjDeGAMDOk1p73S6UHi5O--Vkb2Aoad-WUFMS9YoVsnWAmeSHVhAVfDtsbyBZOzdGLltkj9DIr6coE7wEvAb2tSGrX760H41DTZ1EE4wIFy5IN_lE46B6rTuMhwEyLUARJfSCtuYBx5W7s8g8ZRy6lOnJKOPhaQSYt4mqjL8E5yGs6JedoYAJkXcFF70=s0,thehungtd_full_art,Enhanced Metalmorph,https://sites.google.com/view/thehungtd/latest-artworks/2024/rage-of-the-abyss,https://lh3.googleusercontent.com/sitesv/AG8ngQWMjDeGAMDOk1p73S6UHi5O--Vkb2Aoad-WUFMS9YoVsnWAmeSHVhAVfDtsbyBZOzdGLltkj9DIr6coE7wEvAb2tSGrX760H41DTZ1EE4wIFy5IN_lE46B6rTuMhwEyLUARJfSCtuYBx5W7s8g8ZRy6lOnJKOPhaQSYt4mqjL8E5yGs6JedoYAJkXcFF70=w1280,Normal,True
Primite,1veFvsHGhGx1XjkWg0tCdR-WEC5Msx1sO,captions/ygo4_0484.json,Trap,Primite Howl,ygo4_0484,1veFvsHGhGx1XjkWg0tCdR-WEC5Msx1sO,new_card_first_release,,,images/ygo4_0484.png,2024-07-27,20552,1.0,exact_alias,,pending_konami_verification,41488249,,,2026-08-31T18:25:58+00:00,selected_pending_image_and_caption_qa,https://lh3.googleusercontent.com/sitesv/AG8ngQU83Z5q7wT1g1HjXomuGeRylvHmXpNzW7q2kvNjQ-_LkCoCCDId_jP9zLctotwLl4h2ai3dMno_BkaFcl1fzsVPsbqRy7OW1BEomS2xl_1rE_OoOfxXdVNvbjEU77bn_9pYfskjMMA7ACzQ1PR9cCjsucYUfMQBmdETVdVgz9pC8vSXSgffRKWVwq8YmEQ=s0,thehungtd_full_art,Primoredial Opener,https://sites.google.com/view/thehungtd/latest-artworks/2024/rage-of-the-abyss,https://lh3.googleusercontent.com/sitesv/AG8ngQU83Z5q7wT1g1HjXomuGeRylvHmXpNzW7q2kvNjQ-_LkCoCCDId_jP9zLctotwLl4h2ai3dMno_BkaFcl1fzsVPsbqRy7OW1BEomS2xl_1rE_OoOfxXdVNvbjEU77bn_9pYfskjMMA7ACzQ1PR9cCjsucYUfMQBmdETVdVgz9pC8vSXSgffRKWVwq8YmEQ=w1280,Normal,True
Puppet,1MOKw3vbBFot3goJHNmgczC7-LyVJEyNa,captions/ygo4_0485.json,Trap,Puppet Shark,ygo4_0485,1MOKw3vbBFot3goJHNmgczC7-LyVJEyNa,new_card_first_release,,,images/ygo4_0485.png,2024-07-27,20546,1.0,exact_alias,,pending_konami_verification,53323475,,,2026-08-31T18:25:58+00:00,selected_pending_image_and_caption_qa,https://lh3.googleusercontent.com/sitesv/AG8ngQVdZwmwN_qKwggkc2eT72nvfMmhLdFJGRYd99OS-_ZlAG5ZZYBVz49l9RDs7sL1UdR4GCJaTdURIgDCw43rpEFCPaMAKwxkLDc4DHbZBZTYPYlNAkInoOeBofQ-7jkSSoxHsARkc8JA7ZVqkyIfjLg-zX-7qt3G-jhk-cxq_aXEvKZ-4YkmhjxyCPWo=s0,thehungtd_full_art,Puppet Shark Style,https://sites.google.com/view/thehungtd/latest-artworks/2024/rage-of-the-abyss,https://lh3.googleusercontent.com/sitesv/AG8ngQVdZwmwN_qKwggkc2eT72nvfMmhLdFJGRYd99OS-_ZlAG5ZZYBVz49l9RDs7sL1UdR4GCJaTdURIgDCw43rpEFCPaMAKwxkLDc4DHbZBZTYPYlNAkInoOeBofQ-7jkSSoxHsARkc8JA7ZVqkyIfjLg-zX-7qt3G-jhk-cxq_aXEvKZ-4YkmhjxyCPWo=w1280,Normal,True
Metalmorph,1PkW1Uze25LCLW6NeLpO0hRrk3PB4gAA8,captions/ygo4_0486.json,Trap,Time Engine,ygo4_0486,1PkW1Uze25LCLW6NeLpO0hRrk3PB4gAA8,new_card_first_release,,,images/ygo4_0486.png,2024-07-27,20548,1.0,exact_alias,,pending_konami_verification,15216188,,,2026-08-31T18:25:58+00:00,selected_pending_image_and_caption_qa,https://lh3.googleusercontent.com/sitesv/AG8ngQXxGqFNUnFHJL9i9In5iRD-l9d808PfeP9kx5Zqzeosi5NlUuVmE5dKC98KWGUdujqqtjmeVrN0Wr0-OnnC4xhqvfdvEUZeXnf9p2pUci4fxBUw3q1UpQtjD9XBgYRi8Z5MxQvYXRii6qgzZYOMZjxMM-PM9pGpWXlxUxnFzfqomAu1yZFyHBHJdGgvQXc=s0,thehungtd_full_art,Time Engine,https://sites.google.com/view/thehungtd/latest-artworks/2024/rage-of-the-abyss,https://lh3.googleusercontent.com/sitesv/AG8ngQXxGqFNUnFHJL9i9In5iRD-l9d808PfeP9kx5Zqzeosi5NlUuVmE5dKC98KWGUdujqqtjmeVrN0Wr0-OnnC4xhqvfdvEUZeXnf9p2pUci4fxBUw3q1UpQtjD9XBgYRi8Z5MxQvYXRii6qgzZYOMZjxMM-PM9pGpWXlxUxnFzfqomAu1yZFyHBHJdGgvQXc=w1280,Normal,True
Signature move,11ZBQoFWLUZZJtFIcxdYswNRHSuIx4Ocy,captions/ygo4_0487.json,Trap,Virtue Stream,ygo4_0487,11ZBQoFWLUZZJtFIcxdYswNRHSuIx4Ocy,new_card_first_release,,,images/ygo4_0487.png,2024-07-27,20544,1.0,exact_alias,,pending_konami_verification,80534031,,,2026-08-31T18:25:58+00:00,selected_pending_image_and_caption_qa,https://lh3.googleusercontent.com/sitesv/AG8ngQXnDcopp7jfJ6F3aAIzohnsGBTroiz_gOAP1eTrKbv75QP171_2mQZIRPfoGTS4RX6xn8_NyVeHH1pz5y8TDNCT9evBt-kp1qCl75MuF_gj3Ib7A0EzoCPBPx27IcF1XjcldxuZlcv6WXQzupojcpT3GwKq4-zGKDho_NeW5eeWTvdiYlKZu7ZNj29x=s0,thehungtd_full_art,Virtue Stream,https://sites.google.com/view/thehungtd/latest-artworks/2024/rage-of-the-abyss,https://lh3.googleusercontent.com/sitesv/AG8ngQXnDcopp7jfJ6F3aAIzohnsGBTroiz_gOAP1eTrKbv75QP171_2mQZIRPfoGTS4RX6xn8_NyVeHH1pz5y8TDNCT9evBt-kp1qCl75MuF_gj3Ib7A0EzoCPBPx27IcF1XjcldxuZlcv6WXQzupojcpT3GwKq4-zGKDho_NeW5eeWTvdiYlKZu7ZNj29x=w1280,Normal,True
Xyz,1VnDScujk0tFQf3U9FVPlOSO1aBe7oIPK,captions/ygo4_0488.json,Trap,Xyz Poseidon Splash,ygo4_0488,1VnDScujk0tFQf3U9FVPlOSO1aBe7oIPK,new_card_first_release,,,images/ygo4_0488.png,2024-07-27,20545,1.0,exact_alias,,pending_konami_verification,16938770,,,2026-08-31T18:25:58+00:00,selected_pending_image_and_caption_qa,https://lh3.googleusercontent.com/sitesv/AG8ngQXEr_qhA-97DvFOfhXIHT-TCbJaamjpYl_WtHWcqIdvMdW0WOdds84CldDXJ_ioLS_biyRY858AiV3BCx-bP_BlvhSC1kb3e3RmCquCLYCpd9psJL7-t1fhEq-xw3QhM2ULJ6ZG5eqcgWSznkRHFn_JizjfJet2H5sZYPqn80iqqvNbcAAEEhvmoI1fpg4=s0,thehungtd_full_art,Xyz Poseidon Splash,https://sites.google.com/view/thehungtd/latest-artworks/2024/rage-of-the-abyss,https://lh3.googleusercontent.com/sitesv/AG8ngQXEr_qhA-97DvFOfhXIHT-TCbJaamjpYl_WtHWcqIdvMdW0WOdds84CldDXJ_ioLS_biyRY858AiV3BCx-bP_BlvhSC1kb3e3RmCquCLYCpd9psJL7-t1fhEq-xw3QhM2ULJ6ZG5eqcgWSznkRHFn_JizjfJet2H5sZYPqn80iqqvNbcAAEEhvmoI1fpg4=w1280,Normal,True
Dominus,1IGPVuEb8oeOqhohEG629_ka_aV2tOSGg,captions/ygo4_0489.json,Trap,Dominus Impulse,ygo4_0489,1IGPVuEb8oeOqhohEG629_ka_aV2tOSGg,new_card_first_release,,,images/ygo4_0489.png,2024-10-10,20555,1.0,exact_alias,,pending_konami_verification,40366667,,,2026-08-31T18:25:58+00:00,selected_pending_image_and_caption_qa,https://lh3.googleusercontent.com/sitesv/AG8ngQVuNh0aWmBru0k7_nMNCp_1COi6upeY-aeAFNxXaPXaKa_hE9H0vujHWY2XepzLiXaJCgXSfhkT9Ny9lasbMB0IYRS3NyjkjQEgrMvfqf7jQelQVeKafF3BO7JLTcTdS8D61qMv3tJTkLSf1ggK566WJYDCcNKirzaAVwYkEakDfzBbxtZg4QJi7xFi=s0,thehungtd_full_art,Dominus Impulse,https://sites.google.com/view/thehungtd/latest-artworks/2024/rage-of-the-abyss,https://lh3.googleusercontent.com/sitesv/AG8ngQVuNh0aWmBru0k7_nMNCp_1COi6upeY-aeAFNxXaPXaKa_hE9H0vujHWY2XepzLiXaJCgXSfhkT9Ny9lasbMB0IYRS3NyjkjQEgrMvfqf7jQelQVeKafF3BO7JLTcTdS8D61qMv3tJTkLSf1ggK566WJYDCcNKirzaAVwYkEakDfzBbxtZg4QJi7xFi=w1280,Normal,True
Hole,18neD9sGmJffl7icEtU5PRtWw91tawFCL,captions/ygo4_0490.json,Trap,Ryzeal Plasma Hole,ygo4_0490,18neD9sGmJffl7icEtU5PRtWw91tawFCL,new_card_first_release,,,images/ygo4_0490.png,2024-12-05,20581,1.0,exact_alias,,pending_konami_verification,33787730,,,2026-08-31T18:25:59+00:00,selected_pending_image_and_caption_qa,https://lh3.googleusercontent.com/sitesv/AG8ngQV5dsUIhm2_4wKrQiACTCQgO78TFyvWrZ-o8S02eTabKDBKZ6s7wtjdtDj_A1RP1nvOyk2DjsaJXTq63ikQR7aW3We25YGOf0zpR-o9DpoE2kY4elPQrtvT_q2i8rRvEIZokRsV79FvKgc9rLx901dEagHmZ3tpiJ8Co-zmE8GmbzxebsIKFPxA27fH=s0,thehungtd_full_art,Ryzeal Hole Thruster,https://sites.google.com/view/thehungtd/latest-artworks/2024/deck-build-pack-crossover-breakers,https://lh3.googleusercontent.com/sitesv/AG8ngQV5dsUIhm2_4wKrQiACTCQgO78TFyvWrZ-o8S02eTabKDBKZ6s7wtjdtDj_A1RP1nvOyk2DjsaJXTq63ikQR7aW3We25YGOf0zpR-o9DpoE2kY4elPQrtvT_q2i8rRvEIZokRsV79FvKgc9rLx901dEagHmZ3tpiJ8Co-zmE8GmbzxebsIKFPxA27fH=w1280,Normal,True
Abyss-,1x1xdixEVydC51wmTCaQZjAWgp4xHf2xP,captions/ygo4_0491.json,Trap,Abyss-steam,ygo4_0491,1x1xdixEVydC51wmTCaQZjAWgp4xHf2xP,new_card_first_release,,,images/ygo4_0491.png,2025-01-23,20814,1.0,exact_alias,,pending_konami_verification,63941169,,,2026-08-31T18:25:56+00:00,selected_pending_image_and_caption_qa,https://lh3.googleusercontent.com/sitesv/AG8ngQUf1lUacZNBYjhxUsGlYbhaj-nAj1xjnYra7DUtegimWlfGiAoHACjy9fLnn_L6dBKGuYMA3GmNJ3Ln8LrUq1DOX_WTsQ_ZFHgAPojfU8GYBJvj-oc4IJTKC3HYGhKO7OaxPnYAaxyTea4pdHwKRyJ1R6O_aH0HBGseNO27mDmD4QpnXmm5sNRPnfnoJ0Q=s0,thehungtd_full_art,Abyss-Team,https://sites.google.com/view/thehungtd/latest-artworks/2024/supreme-darkness,https://lh3.googleusercontent.com/sitesv/AG8ngQUf1lUacZNBYjhxUsGlYbhaj-nAj1xjnYra7DUtegimWlfGiAoHACjy9fLnn_L6dBKGuYMA3GmNJ3Ln8LrUq1DOX_WTsQ_ZFHgAPojfU8GYBJvj-oc4IJTKC3HYGhKO7OaxPnYAaxyTea4pdHwKRyJ1R6O_aH0HBGseNO27mDmD4QpnXmm5sNRPnfnoJ0Q=w1280,Normal,True
Azamina,1ujp8ULC6apztUOEh5Zc1MU5KK0v2KekB,captions/ygo4_0492.json,Trap,Azamina Aphes,ygo4_0492,1ujp8ULC6apztUOEh5Zc1MU5KK0v2KekB,new_card_first_release,,,images/ygo4_0492.png,2025-01-23,20807,1.0,exact_alias,,pending_konami_verification,39491690,,,2026-08-31T18:25:56+00:00,selected_pending_image_and_caption_qa,https://lh3.googleusercontent.com/sitesv/AG8ngQXTQtyGc9ckIIzg5rQvaKsa-RbEl2RS-ZUpZiJFq9M42iANjhIq4rL6KdRdKo5YC02gmJmJeeCWSDVfaq0T1FeD72CNEVV8Q0ZSHvNvrJdGe24BI9FWlM5z1LFK_c7G1rF1-IVrR3pzAkjRV7qQGF63Rqb81h4SmepyTplPIZjSrVkhOVDc0Vo8kUdTO_8=s0,thehungtd_full_art,Azamina Unleashing,https://sites.google.com/view/thehungtd/latest-artworks/2024/supreme-darkness,https://lh3.googleusercontent.com/sitesv/AG8ngQXTQtyGc9ckIIzg5rQvaKsa-RbEl2RS-ZUpZiJFq9M42iANjhIq4rL6KdRdKo5YC02gmJmJeeCWSDVfaq0T1FeD72CNEVV8Q0ZSHvNvrJdGe24BI9FWlM5z1LFK_c7G1rF1-IVrR3pzAkjRV7qQGF63Rqb81h4SmepyTplPIZjSrVkhOVDc0Vo8kUdTO_8=w1280,Normal,True
,1FZa4ZEw7toz9-88rJZUUzWsi-TGVAf7L,captions/ygo4_0493.json,Trap,Dark Supremacy,ygo4_0493,1FZa4ZEw7toz9-88rJZUUzWsi-TGVAf7L,new_card_first_release,,,images/ygo4_0493.png,2025-01-23,20804,1.0,exact_alias,,pending_konami_verification,39613288,,,2026-08-31T18:25:56+00:00,selected_pending_image_and_caption_qa,https://lh3.googleusercontent.com/sitesv/AG8ngQWQ4nEoOGzlOIPI8VzzYJZNE44rl2vgS_1eDsgT1KjNvf0wSkIgQB4faLOAudM0HxKouPZVyMQKEsJb1U55tPSH7ebNkz3DUdKp5jBeVJldsIEz9W_eHV2_U8N50uobeDXIOpm-TdrhWm7HCSlwVDkeTT30SXfHxwV440cqI0yYXvjryb_uZsfXJWIT=s0,thehungtd_full_art,Dark Supremacy,https://sites.google.com/view/thehungtd/latest-artworks/2024/supreme-darkness,https://lh3.googleusercontent.com/sitesv/AG8ngQWQ4nEoOGzlOIPI8VzzYJZNE44rl2vgS_1eDsgT1KjNvf0wSkIgQB4faLOAudM0HxKouPZVyMQKEsJb1U55tPSH7ebNkz3DUdKp5jBeVJldsIEz9W_eHV2_U8N50uobeDXIOpm-TdrhWm7HCSlwVDkeTT30SXfHxwV440cqI0yYXvjryb_uZsfXJWIT=w1280,Normal,True
Fiendsmith,1rWgdIv0s0xu1OLgkGI8faZ6OglC_hRRO,captions/ygo4_0494.json,Trap,Fiendsmith Kyrie,ygo4_0494,1rWgdIv0s0xu1OLgkGI8faZ6OglC_hRRO,new_card_first_release,,,images/ygo4_0494.png,2025-01-23,20816,1.0,exact_alias,,pending_konami_verification,26434972,,,2026-08-31T18:25:56+00:00,selected_pending_image_and_caption_qa,https://lh3.googleusercontent.com/sitesv/AG8ngQUbU4r6URSHbl6VVmbjFnGVCvW4FfAwSeHkVlOmYn2r-PWc-YBGYvlTdWrK6wODHwZ0M8Xq5nkPUNHRC0X-pnoqMmnqhC9UsYd3-E_vtzCWGjzVgiAy_xy3t4ZkZqTJPobV77XDCFpKOKM4fVBd2RjIi_FqaphUc5wLSznGc3Qo-5dMhp2nmoKRAbg_=s0,thehungtd_full_art,Fiendsmith's Kyrie,https://sites.google.com/view/thehungtd/latest-artworks/2024/supreme-darkness,https://lh3.googleusercontent.com/sitesv/AG8ngQUbU4r6URSHbl6VVmbjFnGVCvW4FfAwSeHkVlOmYn2r-PWc-YBGYvlTdWrK6wODHwZ0M8Xq5nkPUNHRC0X-pnoqMmnqhC9UsYd3-E_vtzCWGjzVgiAy_xy3t4ZkZqTJPobV77XDCFpKOKM4fVBd2RjIi_FqaphUc5wLSznGc3Qo-5dMhp2nmoKRAbg_=w1280,Normal,True
Sinful Spoils,1WsCO3UCEwbz6F31VfHiv_V_fY2jNdq67,captions/ygo4_0495.json,Trap,Sinful Spoils Awakening,ygo4_0495,1WsCO3UCEwbz6F31VfHiv_V_fY2jNdq67,new_card_first_release,,,images/ygo4_0495.png,2025-01-23,20806,1.0,exact_alias,,pending_konami_verification,2006591,,,2026-08-31T18:25:56+00:00,selected_pending_image_and_caption_qa,https://lh3.googleusercontent.com/sitesv/AG8ngQUftYUCt_zW7yhlqGYdd_tkMTAOuvX3lZcOjA5w15oiNvDayLuQz-OJj39aGvEyfK5ATKg7Rf15YVlSZbpCkHUqDTAaNwT8D6t0H07KCw6O2b466LW6j0W7dPw8-WXo_YvPoSpzkMFeYeAe20oGYGTAC3bD3OboIwO4EluePrEXLuv4aVOrTg1xrxADko0=s0,thehungtd_full_art,Sinful Spoils Awakening,https://sites.google.com/view/thehungtd/latest-artworks/2024/supreme-darkness,https://lh3.googleusercontent.com/sitesv/AG8ngQUftYUCt_zW7yhlqGYdd_tkMTAOuvX3lZcOjA5w15oiNvDayLuQz-OJj39aGvEyfK5ATKg7Rf15YVlSZbpCkHUqDTAaNwT8D6t0H07KCw6O2b466LW6j0W7dPw8-WXo_YvPoSpzkMFeYeAe20oGYGTAC3bD3OboIwO4EluePrEXLuv4aVOrTg1xrxADko0=w1280,Normal,True
Clear Wing,1HyZKNPT3_sqUgukkpyUVpQVNHDw1Ixfj,captions/ygo4_0496.json,Trap,Speedroid Clear Wing Wonder,ygo4_0496,1HyZKNPT3_sqUgukkpyUVpQVNHDw1Ixfj,new_card_first_release,,,images/ygo4_0496.png,2025-01-23,20805,1.0,exact_alias,,pending_konami_verification,66002986,,,2026-08-31T18:25:56+00:00,selected_pending_image_and_caption_qa,https://lh3.googleusercontent.com/sitesv/AG8ngQUGqNc1YqmvsX6M-9KKAHzBN6XgDmkpQPdcpCw_n8Y_SKCw9zb2GCu373eCEES2ytyZrBeY6jrduvNygOab3wM_BFXgXV6fDRA-gQHV6-i3ta_LWBbo_RXvrEg1G3PotQk30fE5DBLoILrEbOJiianphM1E9QiedT9SWqK2hw-zb5UFP1UITZ3oQUzNVVk=s0,thehungtd_full_art,Speedroid Clear Wing Wander,https://sites.google.com/view/thehungtd/latest-artworks/2024/supreme-darkness,https://lh3.googleusercontent.com/sitesv/AG8ngQUGqNc1YqmvsX6M-9KKAHzBN6XgDmkpQPdcpCw_n8Y_SKCw9zb2GCu373eCEES2ytyZrBeY6jrduvNygOab3wM_BFXgXV6fDRA-gQHV6-i3ta_LWBbo_RXvrEg1G3PotQk30fE5DBLoILrEbOJiianphM1E9QiedT9SWqK2hw-zb5UFP1UITZ3oQUzNVVk=w1280,Normal,True
,19DNlPl82lnJ1OkyJ1XuLlEZHBCa-NAJ-,captions/ygo4_0497.json,Trap,Majesty of the White Dragons,ygo4_0497,19DNlPl82lnJ1OkyJ1XuLlEZHBCa-NAJ-,new_card_first_release,,,images/ygo4_0497.png,2025-02-13,20606,1.0,exact_alias,,pending_konami_verification,43219114,,,2026-08-31T18:25:58+00:00,selected_pending_image_and_caption_qa,https://lh3.googleusercontent.com/sitesv/AG8ngQX2MeqnxToFmqNSINqq1WFt5fH7U7AhVeUmynq5YeVJE9obSldLVXHi4oTqruK0pvx-asJAyvhvdjctQoAzkRj8d_qbAZgDX3vmDVrV6-VH3qTEIHbbUPr24NRNlJLgw25KSpuS2FA8VtOYbJM3PrbnamiVGo4W6x20lfBv36QMwvlctzmHpRaAx-jESww=s0,thehungtd_full_art,Majesty with Dragons of White,https://sites.google.com/view/thehungtd/latest-artworks/2024/structure-deck-advent-of-the-eyes-of-blue,https://lh3.googleusercontent.com/sitesv/AG8ngQX2MeqnxToFmqNSINqq1WFt5fH7U7AhVeUmynq5YeVJE9obSldLVXHi4oTqruK0pvx-asJAyvhvdjctQoAzkRj8d_qbAZgDX3vmDVrV6-VH3qTEIHbbUPr24NRNlJLgw25KSpuS2FA8VtOYbJM3PrbnamiVGo4W6x20lfBv36QMwvlctzmHpRaAx-jESww=w1280,Normal,True
Tachyon,1SW6T4G6eoLbyUa2N86YFwBU2gVixerRX,captions/ygo4_0498.json,Trap,Lord of the Tachyon Galaxy,ygo4_0498,1SW6T4G6eoLbyUa2N86YFwBU2gVixerRX,new_card_first_release,,,images/ygo4_0498.png,2025-03-13,20283,1.0,exact_alias,,pending_konami_verification,44466810,,,2026-08-31T18:26:01+00:00,selected_pending_image_and_caption_qa,https://lh3.googleusercontent.com/sitesv/AG8ngQUAxVuMmoxmecn8-SqHhT8gHG4ecHB2sEYKq2C9YyP9s1GqgiUajoc5AD6HymCvlXv0BGKd0zJU1q2Vg7QER321dpLFcywBmOvpr8kMXvTQOCjFFapnfIn5hID5esKKJKHjzBVbzTzPkQyNUrh180JhcF5HdCOLG2im3JrZ4EZmsnMn6SSqGZ_lmw=s0,thehungtd_full_art,Lord of the Tachyon Galaxy,https://sites.google.com/view/thehungtd/latest-artworks/2024/duelist-pack-duelists-of-brilliance,https://lh3.googleusercontent.com/sitesv/AG8ngQUAxVuMmoxmecn8-SqHhT8gHG4ecHB2sEYKq2C9YyP9s1GqgiUajoc5AD6HymCvlXv0BGKd0zJU1q2Vg7QER321dpLFcywBmOvpr8kMXvTQOCjFFapnfIn5hID5esKKJKHjzBVbzTzPkQyNUrh180JhcF5HdCOLG2im3JrZ4EZmsnMn6SSqGZ_lmw=w1280,Normal,True
Blue Tears,173dcqEaxH1wZLz6_7lj8A-cY71AIGY6b,captions/ygo4_0499.json,Trap,Maiden of Blue Tears,ygo4_0499,173dcqEaxH1wZLz6_7lj8A-cY71AIGY6b,new_card_first_release,,,images/ygo4_0499.png,2025-03-13,20297,1.0,exact_alias,,pending_konami_verification,99176254,,,2026-08-31T18:26:01+00:00,selected_pending_image_and_caption_qa,https://lh3.googleusercontent.com/sitesv/AG8ngQVm-ZgAaQ4IQmTdhZDqhUU-TWKyZakaqk_pjb67OZcMt7bhn5lkplmrNUovlEdS1hSQsf7Q15jO4-X_k4H5yNb4wgngZrPvwqtT_RjP5KIfJ-URiZmpAEvl0e1sY5r9eVjn-sEqW9vZFwgpwCdNwurUwXMzRSCdmun8za1GUa5UZ4qsp-ObSm3CfJiJ=s0,thehungtd_full_art,Maiden of Blue Tears,https://sites.google.com/view/thehungtd/latest-artworks/2024/duelist-pack-duelists-of-brilliance,https://lh3.googleusercontent.com/sitesv/AG8ngQVm-ZgAaQ4IQmTdhZDqhUU-TWKyZakaqk_pjb67OZcMt7bhn5lkplmrNUovlEdS1hSQsf7Q15jO4-X_k4H5yNb4wgngZrPvwqtT_RjP5KIfJ-URiZmpAEvl0e1sY5r9eVjn-sEqW9vZFwgpwCdNwurUwXMzRSCdmun8za1GUa5UZ4qsp-ObSm3CfJiJ=w1280,Normal,True
Fusion,1dlYFZEQtIV2mF3x_7CYBUCeOTlLaxZ3r,captions/ygo4_0500.json,Trap,Trickstar Diffusion,ygo4_0500,1dlYFZEQtIV2mF3x_7CYBUCeOTlLaxZ3r,new_card_first_release,,,images/ygo4_0500.png,2025-03-13,20296,1.0,exact_alias,,pending_konami_verification,63181559,,,2026-08-31T18:26:01+00:00,selected_pending_image_and_caption_qa,https://lh3.googleusercontent.com/sitesv/AG8ngQX8V88k2lXj77ug1-EUHaXQ98ROwkoi2nnVkNylgd6wXBf8znFbp0tzQfV5Q4kYZj_VpHycOQ8D3hK5dhJY4EOo51nixk-q5jNwdbZsYPFBUtcIn5p54OP2MzO_tT_qbwi60npUwjTaGTFaoaCsVxcQm6HCbiNSLGweECo806rXegKCWxFFbQH1-h9o=s0,thehungtd_full_art,Trickstar Diffusion,https://sites.google.com/view/thehungtd/latest-artworks/2024/duelist-pack-duelists-of-brilliance,https://lh3.googleusercontent.com/sitesv/AG8ngQX8V88k2lXj77ug1-EUHaXQ98ROwkoi2nnVkNylgd6wXBf8znFbp0tzQfV5Q4kYZj_VpHycOQ8D3hK5dhJY4EOo51nixk-q5jNwdbZsYPFBUtcIn5p54OP2MzO_tT_qbwi60npUwjTaGTFaoaCsVxcQm6HCbiNSLGweECo806rXegKCWxFFbQH1-h9o=w1280,Normal,True
