saliency_x,saliency_y,saliency_offset,saliency_spread,focal_luma_separation,saliency_top,saliency_middle,saliency_bottom,saliency_left,saliency_center,saliency_right,saliency_peak_x,saliency_peak_y,saliency_peak_offset,saliency_outer_share,peak_component_area_fraction,peak_component_bbox_fraction,dataset_id,card_name,card_category,monster_type,spell_trap_subtype,archetype,edge_density,center_edge_density,outer_edge_density,outer_center_edge_ratio,top_edge_share,middle_edge_share,bottom_edge_share,symmetry_score,horizontal_edge_share,vertical_edge_share,diagonal_edge_share,mean_luminance,luminance_contrast,mean_saturation,high_saturation_fraction,dark_fraction,bright_fraction,dominant_hue_bin,mean_lab_a,mean_lab_b
0.4975285793561252,0.47249424359920106,0.027616563058770773,0.3968527961303558,0.1899918554729817,0.3498478829860687,0.362145334482193,0.2880067825317383,0.3406781554222107,0.32404378056526184,0.3352780342102051,0.35294117647058826,0.3764705882352941,0.19205679667428832,0.6170459985733032,0.1620330810546875,0.8494720458984375,ygo4_0001,Sorcerer of Sebek,Monster,Aqua,,Prophecy,0.2633819580078125,0.24392327666282654,0.2741946876049042,1.1241021156311035,0.3682868778705597,0.3573952913284302,0.27431783080101013,0.8023582249879837,0.40295717120170593,0.19155000150203705,0.4054928123950958,0.4306415021419525,0.2592310905456543,0.3642529845237732,0.1477813720703125,0.2528076171875,0.1074066162109375,2,-7.772705078125,13.986541748046875
0.5039771731419143,0.47665064875923285,0.023685651976787094,0.40452164526697676,0.043125256912004355,0.37294691801071167,0.3189328610897064,0.3081202805042267,0.3164551556110382,0.3472505509853363,0.33629435300827026,0.4196078431372549,0.2235294117647059,0.2879216647704958,0.6418119668960571,0.0522613525390625,0.130615234375,ygo4_0002,Mirror Mage of the Ice Barrier,Monster,Aqua,,Ice Barrier,0.277740478515625,0.3001836836338043,0.26526930928230286,0.8836899399757385,0.3234260082244873,0.33331501483917236,0.34325897693634033,0.7407765090465546,0.23009203374385834,0.23734542727470398,0.5325625538825989,0.5609933137893677,0.2459527999162674,0.3407069444656372,0.0930023193359375,0.0606842041015625,0.21905517578125,6,-3.1395721435546875,-10.044509887695312
0.4803346906827106,0.5220846440232975,0.02957120038450311,0.40775298173652397,0.17625533223448775,0.30430200695991516,0.33106744289398193,0.3646305203437805,0.38343238830566406,0.29938846826553345,0.3171791434288025,0.08627450980392157,0.7725490196078432,0.4954308724001582,0.6497716903686523,0.042633056640625,0.136505126953125,ygo4_0003,Mulcharmy Purulia,Monster,Aqua,,Mulcharmy,0.2253570556640625,0.19928233325481415,0.23984618484973907,1.2035496234893799,0.3373281955718994,0.30977046489715576,0.3529013395309448,0.8467165529727936,0.2426755577325821,0.2961260974407196,0.4611983895301819,0.801014244556427,0.15605366230010986,0.24979297816753387,0.06109619140625,0.0041656494140625,0.6280517578125,6,-5.6993865966796875,-11.622314453125
0.4964709453260838,0.48434091892888614,0.016051823786822662,0.39399116809439827,0.27736125939861134,0.3384610712528229,0.364296555519104,0.2972424030303955,0.32227617502212524,0.37011441588401794,0.3076094090938568,0.2549019607843137,0.44313725490196076,0.2516076719964212,0.5936826467514038,0.0112762451171875,0.0296630859375,ygo4_0004,Mementotlan Akihiron,Monster,Aqua,,Memento,0.3091888427734375,0.3059934079647064,0.3109644651412964,1.0162456035614014,0.33918964862823486,0.3550313413143158,0.30577901005744934,0.7670151591300964,0.29370972514152527,0.2500050663948059,0.4562852382659912,0.32565611600875854,0.2513628602027893,0.5118355751037598,0.4068145751953125,0.3838653564453125,0.0693206787109375,7,6.6281890869140625,-4.734466552734375
0.4807374188748137,0.5019409930215629,0.019360126175057325,0.39272796830663237,0.026987719314994742,0.32021525502204895,0.3640366494655609,0.31574806571006775,0.34642481803894043,0.3527698814868927,0.30080530047416687,0.10588235294117647,0.23529411764705882,0.4747609123289664,0.5866620540618896,0.1346282958984375,0.8359375,ygo4_0005,Tsuru-Puru-Purun,Monster,Aqua,,,0.2060089111328125,0.1915929764509201,0.2140195071697235,1.1170529127120972,0.3474557399749756,0.3510110378265381,0.30153322219848633,0.8236592561006546,0.3611930012702942,0.22541625797748566,0.41339072585105896,0.5457053184509277,0.2321571409702301,0.5178382992744446,0.3749237060546875,0.071380615234375,0.121551513671875,7,0.8552398681640625,-24.554779052734375
0.5223514768333847,0.5439283610058115,0.04928782220072455,0.4060095078329294,0.13923776217430095,0.27624309062957764,0.31557711958885193,0.4081798493862152,0.3062673509120941,0.3344605565071106,0.3592721223831177,0.6549019607843137,0.9450980392156862,0.47128216809940265,0.6500002145767212,0.0024871826171875,0.003662109375,ygo4_0006,Mimighoul Slime,Monster,Aqua,,Mimighoul,0.2646484375,0.23909607529640198,0.2788473069667816,1.1662561893463135,0.3101937174797058,0.31203874945640564,0.37776753306388855,0.7705571204423904,0.26791298389434814,0.30889037251472473,0.4231966435909271,0.48455679416656494,0.22610895335674286,0.4837247133255005,0.3653411865234375,0.10028076171875,0.1167449951171875,1,-16.486038208007812,26.735458374023438
0.5068556266515671,0.5057383558466071,0.008940265354449353,0.39501052247172613,0.0580160011643629,0.3187969923019409,0.34221920371055603,0.3389838635921478,0.29540565609931946,0.3876176178455353,0.31697678565979004,0.6313725490196078,0.35294117647058826,0.19719291116509216,0.6012826561927795,0.06201171875,0.23541259765625,ygo4_0007,"Abyssrhine, the Atlantean Spirit",Monster,Aqua,,Abyss-,0.2800140380859375,0.3142381012439728,0.2609965205192566,0.830569326877594,0.2861969470977783,0.36869925260543823,0.34510380029678345,0.7830055356025696,0.2435712218284607,0.3181384205818176,0.43829038739204407,0.5613900423049927,0.22454679012298584,0.4977932572364807,0.3779754638671875,0.058746337890625,0.162994384765625,6,-1.16607666015625,-5.7296600341796875
0.49379602749662266,0.48717960823083467,0.01424260228811941,0.39505451887236065,0.0744926087960571,0.3215380311012268,0.38596299290657043,0.292498916387558,0.33141568303108215,0.3560318648815155,0.31255242228507996,0.6274509803921569,0.23137254901960785,0.2973288748560169,0.5970597267150879,0.14276123046875,0.609375,ygo4_0008,Master of Ham,Monster,Beast,,,0.2288665771484375,0.21863386034965515,0.23455266654491425,1.0728102922439575,0.33588907122612,0.3845589756965637,0.27955198287963867,0.7384732067584991,0.29893794655799866,0.2550109028816223,0.44605112075805664,0.48146960139274597,0.2763751745223999,0.30417710542678833,0.2088165283203125,0.2099761962890625,0.14385986328125,1,-4.129302978515625,11.378555297851562
0.5145086546538984,0.5190244561401877,0.023925530115255784,0.3868578654701976,0.3312618168896747,0.29157567024230957,0.37513643503189087,0.33328792452812195,0.3020345866680145,0.35075467824935913,0.3472107946872711,0.49411764705882355,0.5803921568627451,0.0806070776121352,0.5774902105331421,0.066162109375,0.2548828125,ygo4_0009,Principug,Monster,Beast,,,0.2240447998046875,0.21461831033229828,0.22928288578987122,1.0683284997940063,0.3429816663265228,0.32854321599006653,0.32847511768341064,0.7734629958868027,0.2686627209186554,0.2845478653907776,0.446789413690567,0.6999138593673706,0.26028722524642944,0.31115299463272095,0.1399078369140625,0.076873779296875,0.502166748046875,0,9.422592163085938,14.070327758789062
0.4859393907406159,0.5296914282370232,0.03285242218618556,0.40041918599614235,0.09838053585764941,0.2749057114124298,0.3571673035621643,0.3679269850254059,0.3416103720664978,0.35309746861457825,0.30529215931892395,0.596078431372549,0.6039215686274509,0.14153005829504772,0.6095446348190308,0.128753662109375,0.52685546875,ygo4_0010,Royal Rhino with Deceitful Dice,Monster,Beast,,,0.1588592529296875,0.1888589859008789,0.14218910038471222,0.7528849840164185,0.2895975410938263,0.40726155042648315,0.30314090847969055,0.7185118496417999,0.37955576181411743,0.1978473663330078,0.42259690165519714,0.5132995843887329,0.30599936842918396,0.3976258337497711,0.307952880859375,0.226776123046875,0.216033935546875,1,9.995681762695312,8.805679321289062
0.49639159964773283,0.5123412745780582,0.012857978508041927,0.4051874021958733,0.0716596473517942,0.3100263476371765,0.3450011610984802,0.3449726104736328,0.3346886932849884,0.3363429009914398,0.32896849513053894,0.7411764705882353,0.5019607843137255,0.2411844411244699,0.6336885094642639,0.00274658203125,0.003631591796875,ygo4_0011,Madolche Mini Meowcaroons,Monster,Beast,,Madolche,0.1862335205078125,0.1701909452676773,0.19514800608158112,1.1466413736343384,0.35895124077796936,0.3215075731277466,0.31954118609428406,0.7725296318531036,0.3164198398590088,0.27201589941978455,0.41156426072120667,0.5875795483589172,0.22993993759155273,0.6234678030014038,0.619720458984375,0.0212860107421875,0.2232818603515625,0,14.477127075195312,32.950653076171875
0.49924804181149424,0.46867153964934555,0.03133748345128863,0.40980949280426265,0.1963759826647424,0.38456881046295166,0.31543636322021484,0.29999494552612305,0.3300238847732544,0.33807992935180664,0.3318963050842285,0.4823529411764706,0.39215686274509803,0.10927744935759039,0.6486478447914124,0.0982208251953125,0.3046417236328125,ygo4_0012,Mementotlan Shleepy,Monster,Beast,,Memento,0.2449798583984375,0.21850571036338806,0.25969094038009644,1.1884857416152954,0.3767673671245575,0.28769853711128235,0.33553409576416016,0.7917444556951523,0.30226898193359375,0.2652353048324585,0.43249571323394775,0.42034780979156494,0.20991382002830505,0.448600709438324,0.27593994140625,0.1475372314453125,0.0648956298828125,8,7.6137542724609375,-3.5710296630859375
0.4997912055827017,0.5122627981088275,0.012264575515139422,0.40430203724975317,0.10700773301404058,0.31459537148475647,0.33347925543785095,0.3519252836704254,0.3334939181804657,0.33142057061195374,0.3350854516029358,0.807843137254902,0.28627450980392155,0.3747612337402235,0.6302165389060974,0.0081939697265625,0.0252685546875,ygo4_0013,Mimighoul Cerberus,Monster,Beast,,Mimighoul,0.29278564453125,0.3018069863319397,0.28777268528938293,0.9534990787506104,0.2983635663986206,0.34542423486709595,0.35621222853660583,0.8118354380130768,0.28228405117988586,0.27835142612457275,0.4393645226955414,0.42678365111351013,0.19355659186840057,0.45589587092399597,0.2462310791015625,0.1132659912109375,0.047393798828125,1,12.001632690429688,3.427032470703125
0.5115166498335864,0.5142216882981286,0.0182999902032371,0.41372757564334317,0.08957219893148151,0.3191763758659363,0.30133649706840515,0.37948721647262573,0.3157474994659424,0.3381853401660919,0.34606724977493286,0.13725490196078433,0.6666666666666666,0.3992014327745555,0.6562492251396179,0.0868377685546875,0.232086181640625,ygo4_0014,Flipping Feline,Monster,Beast,,,0.211212158203125,0.2034260332584381,0.21553872525691986,1.0595433712005615,0.3110099732875824,0.2858690917491913,0.4031209349632263,0.6226078867912292,0.4113057553768158,0.26843926310539246,0.32025498151779175,0.4427868723869324,0.2631833553314209,0.49043428897857666,0.4644622802734375,0.239166259765625,0.1373138427734375,1,17.228256225585938,18.854934692382812
0.47516565505361574,0.5192052100796365,0.031394024640351105,0.4111067888516492,0.07712743926794911,0.30833473801612854,0.33187395334243774,0.3597913086414337,0.356488972902298,0.34469398856163025,0.2988169491291046,0.11372549019607843,0.9372549019607843,0.583437954038812,0.6456151008605957,0.0548858642578125,0.1309967041015625,ygo4_0015,Vola-Chemicritter Methydraco,Monster,Beast-Warrior,,Chemicritter,0.2803802490234375,0.31710025668144226,0.259975790977478,0.8198536038398743,0.32740136981010437,0.34302040934562683,0.3295782208442688,0.7851061075925827,0.2629014253616333,0.24061721563339233,0.496481329202652,0.5259494781494141,0.20797790586948395,0.4370049238204956,0.2388458251953125,0.0886077880859375,0.092071533203125,0,18.377182006835938,-3.153839111328125
0.4847358423394936,0.4879828404935982,0.01942695631557091,0.3955379405219891,0.1644453379801609,0.34537625312805176,0.3516441881656647,0.30297955870628357,0.3523038327693939,0.33457860350608826,0.3131175637245178,0.22745098039215686,0.29411764705882354,0.34157065351372273,0.5981425642967224,0.058319091796875,0.30322265625,ygo4_0016,Subterror Nemesis Defender,Monster,Beast-Warrior,,Subterror,0.186767578125,0.25622624158859253,0.14817100763320923,0.5782819390296936,0.2641339898109436,0.4505718946456909,0.2852941155433655,0.8368755280971527,0.3308822810649872,0.18434612452983856,0.48477157950401306,0.4353616237640381,0.198137566447258,0.31761786341667175,0.1237945556640625,0.1236572265625,0.0394134521484375,5,-11.37030029296875,4.73541259765625
0.5033530309509086,0.4966629557363354,0.004730611057295615,0.4073809578143368,0.04487209061463059,0.3362482190132141,0.3396463692188263,0.3241054117679596,0.33013296127319336,0.327292799949646,0.34257426857948303,0.054901960784313725,0.8901960784313725,0.5919165854551386,0.6331349015235901,0.002685546875,0.0048828125,ygo4_0017,Zoodiac Boarbow,Monster,Beast-Warrior,,Zoodiac,0.2625579833984375,0.2839506268501282,0.25067058205604553,0.8827963471412659,0.3248096704483032,0.3571802079677582,0.3180101215839386,0.7467584311962128,0.26186853647232056,0.27559295296669006,0.462538480758667,0.4314935505390167,0.23588557541370392,0.6294254660606384,0.5513763427734375,0.2252960205078125,0.0283355712890625,0,-1.1435699462890625,30.181808471679688
0.49552013862394184,0.5104268524758564,0.011348498160636515,0.4032063102359499,0.16417974148215636,0.32047152519226074,0.3316616117954254,0.34786686301231384,0.3422904908657074,0.3261168301105499,0.3315926790237427,0.5372549019607843,0.17254901960784313,0.32956345713669827,0.6311638951301575,0.027984619140625,0.15020751953125,ygo4_0018,Full Armored Utopic Ray Lancer,Monster,Beast-Warrior,,Utopic,0.29156494140625,0.3054380714893341,0.28385594487190247,0.9293404221534729,0.34760311245918274,0.34331169724464417,0.3090851902961731,0.7102224230766296,0.217121422290802,0.3222697675228119,0.4606088399887085,0.6244291067123413,0.2680608928203583,0.2843351662158966,0.0951690673828125,0.0764312744140625,0.336181640625,7,5.51348876953125,-0.883819580078125
0.4979573538913899,0.4852137836943455,0.01492664047140627,0.3841797798589669,0.06513067437835118,0.34097445011138916,0.3578767478466034,0.30114883184432983,0.315634548664093,0.36320844292640686,0.3211570680141449,0.6509803921568628,0.0,0.5222978832197581,0.5830970406532288,0.00225830078125,0.00537109375,ygo4_0019,Sengenjin Wakes from a Millennium,Monster,Beast-Warrior,,Millennium,0.25372314453125,0.30800119042396545,0.223562091588974,0.7258481383323669,0.3601154685020447,0.38128459453582764,0.2585999667644501,0.7672822773456573,0.27533239126205444,0.2645772099494934,0.46009036898612976,0.4919118881225586,0.26780542731285095,0.47592753171920776,0.3714447021484375,0.1822509765625,0.1664581298828125,2,-0.8887176513671875,21.382415771484375
0.5052585641511611,0.5110225912233582,0.012212698891282424,0.38546704025303313,0.07117416899376294,0.2970051169395447,0.36631619930267334,0.33667874336242676,0.30176642537117004,0.38384726643562317,0.3143863379955292,0.5098039215686274,0.4235294117647059,0.07709648333857844,0.5573999285697937,0.10687255859375,0.55389404296875,ygo4_0020,Decode Talker,Monster,Cyberse,,Code Talker,0.228424072265625,0.2707505524158478,0.2049042135477066,0.7568007111549377,0.3146292567253113,0.39378756284713745,0.29158318042755127,0.7030571401119232,0.2658970355987549,0.22779910266399384,0.5063038468360901,0.49755579233169556,0.25580599904060364,0.402985155582428,0.225494384765625,0.1533203125,0.157867431640625,7,9.260208129882812,-19.593276977539062
0.5057237961004264,0.4762122459406109,0.02446669338078276,0.3761251009299569,0.13830783482224887,0.3521881401538849,0.3605329692363739,0.2872788906097412,0.2826744616031647,0.4133395850658417,0.30398598313331604,0.19607843137254902,0.10196078431372549,0.5008028924648049,0.5398083329200745,0.002899169921875,0.0047607421875,ygo4_0021,Pitknight Filly,Monster,Cyberse,,,0.1566314697265625,0.2147037535905838,0.124362051486969,0.5792261958122253,0.3935703933238983,0.3763273358345032,0.2301022857427597,0.7501869350671768,0.26456281542778015,0.35178878903388977,0.3836483955383301,0.6065336465835571,0.2483121007680893,0.41202452778816223,0.2567596435546875,0.0781097412109375,0.27789306640625,6,3.546661376953125,2.4541778564453125
0.5184911177084728,0.5201743307791549,0.027366495144525747,0.39787700182631386,0.048063643935295004,0.29798585176467896,0.34285062551498413,0.35916346311569214,0.3056057393550873,0.33530887961387634,0.359085351228714,0.47843137254901963,0.6196078431372549,0.12153699778283715,0.6343327164649963,0.1399383544921875,0.43670654296875,ygo4_0022,EM:P Meowmine,Monster,Cyberse,,,0.227386474609375,0.2547737956047058,0.21216796338558197,0.8327699303627014,0.37578848004341125,0.33324384689331055,0.2909676432609558,0.7766554951667786,0.3372005522251129,0.3165280520915985,0.3462713956832886,0.5556902289390564,0.19974495470523834,0.32203882932662964,0.07720947265625,0.048431396484375,0.11578369140625,8,13.818572998046875,-0.7317962646484375
0.4917300455592997,0.4912208859733737,0.012060886764403549,0.39629375308350134,0.08399577494449466,0.33236435055732727,0.36834782361984253,0.29928770661354065,0.33827871084213257,0.33998873829841614,0.3217324912548065,0.6549019607843137,0.24705882352941178,0.2966038708600249,0.595325231552124,0.1220550537109375,0.3562774658203125,ygo4_0023,Enigmaster Packbit,Monster,Cyberse,,,0.2755279541015625,0.28843608498573303,0.26835522055625916,0.9303801655769348,0.3061416745185852,0.35803288221359253,0.33582544326782227,0.748295933008194,0.27329811453819275,0.2240198850631714,0.5026819705963135,0.5090057253837585,0.24336867034435272,0.47429901361465454,0.3558502197265625,0.11627197265625,0.14739990234375,7,4.8499755859375,-22.623260498046875
0.49904999382861587,0.49980829668462257,0.0009691552439081353,0.39821674916470917,0.005580091951742249,0.3209260404109955,0.3555968999862671,0.3234770894050598,0.3075873553752899,0.3808388113975525,0.31157392263412476,0.5137254901960784,0.615686274509804,0.11649765315696432,0.5994701385498047,0.136627197265625,0.38287353515625,ygo4_0024,Code of Soul,Monster,Cyberse,,,0.272369384765625,0.2883506417274475,0.2634889781475067,0.9137797355651855,0.3283473253250122,0.3351820707321167,0.3364705741405487,0.7527825981378555,0.3759870231151581,0.21313394606113434,0.410878986120224,0.47197669744491577,0.22535128891468048,0.6484255790710449,0.67041015625,0.1338043212890625,0.0730133056640625,0,24.63897705078125,29.166259765625
0.4877066598816827,0.4793026300875465,0.02407295853354061,0.39612728837467,0.22076067321148027,0.344827800989151,0.36134737730026245,0.2938247621059418,0.3310896158218384,0.364332914352417,0.3045773208141327,0.8156862745098039,0.3176470588235294,0.3645688125300745,0.5983680486679077,0.02490234375,0.061798095703125,ygo4_0025,L Magi Mergy,Monster,Cyberse,,,0.18798828125,0.2227775603532791,0.16865667700767517,0.757063090801239,0.37037336826324463,0.3820616900920868,0.24756494164466858,0.7800048887729645,0.2615065574645996,0.27541807293891907,0.4630753695964813,0.35834842920303345,0.20016779005527496,0.5656064748764038,0.5126800537109375,0.2540130615234375,0.032989501953125,11,33.573699951171875,-2.1675872802734375
0.5040976211346326,0.5028970536141069,0.005018308341064512,0.38147529447031453,0.27010885083944725,0.2897966802120209,0.4057168662548065,0.304486483335495,0.31401172280311584,0.358646422624588,0.32734185457229614,0.26666666666666666,0.34509803921568627,0.28006974470526,0.5169795751571655,0.1883392333984375,0.65093994140625,ygo4_0026,Template Skipper,Monster,Cyberse,,,0.14215087890625,0.18022982776165009,0.1209912896156311,0.6713166236877441,0.3062473237514496,0.38009876012802124,0.3136539161205292,0.7608289569616318,0.34167221188545227,0.2647880017757416,0.39353981614112854,0.6347525715827942,0.2460697740316391,0.297624409198761,0.1084747314453125,0.060577392578125,0.3315582275390625,11,24.839080810546875,-1.766082763671875
0.4958856735073555,0.4775172209362255,0.02285613783907012,0.3974577214750694,0.27849754473680427,0.37741100788116455,0.32047608494758606,0.302112877368927,0.322468638420105,0.3612675070762634,0.3162638545036316,0.30196078431372547,0.7843137254901961,0.346487843151458,0.610584020614624,0.03173828125,0.1094207763671875,ygo4_0027,Duoterion,Monster,Dinosaur,,Bonding,0.2213287353515625,0.2664787173271179,0.19623994827270508,0.7364188432693481,0.3294726014137268,0.38014477491378784,0.29038262367248535,0.6797088086605072,0.2746736705303192,0.2334391474723816,0.4918871819972992,0.4167492687702179,0.2610429525375366,0.31406253576278687,0.11199951171875,0.255340576171875,0.087127685546875,10,-0.0024871826171875,3.041839599609375
0.5262338463737632,0.5147680601502778,0.030104987895105243,0.4027921599150316,0.05449532385599952,0.3017500340938568,0.3553449213504791,0.34290507435798645,0.2803710997104645,0.3642128109931946,0.3554161489009857,0.0,1.0,0.7071067811865476,0.6182515025138855,0.00537109375,0.0119476318359375,ygo4_0028,Yellow Dragon Ninja,Monster,Dinosaur,,Ninja,0.29473876953125,0.3087274134159088,0.28696560859680176,0.9295112490653992,0.3062745928764343,0.34256574511528015,0.3511596620082855,0.7864886075258255,0.25324660539627075,0.26261797547340393,0.48413538932800293,0.5304720401763916,0.19132249057292938,0.4905666708946228,0.299163818359375,0.0526580810546875,0.0628662109375,1,9.431533813476562,23.834518432617188
0.49619772608150814,0.4827129978588528,0.017700218359649446,0.3912852017971348,0.38623134086988886,0.3380410075187683,0.36645299196243286,0.2955060601234436,0.3138789236545563,0.37867826223373413,0.30744293332099915,0.592156862745098,0.30196078431372547,0.21843172457464508,0.5991033315658569,0.1937408447265625,0.9375,ygo4_0029,Dinowrestler Capaptera,Monster,Dinosaur,,Dinowrestler,0.2181396484375,0.23119312524795532,0.2108861356973648,0.9121643304824829,0.3911583721637726,0.3353385627269745,0.27350306510925293,0.7135402262210846,0.36719340085983276,0.17074696719646454,0.4620596170425415,0.4078153073787689,0.28003135323524475,0.7089183330535889,0.673492431640625,0.2833709716796875,0.132080078125,0,4.945831298828125,28.229171752929688
0.5068245992619763,0.47525784160335427,0.025666116909483495,0.41098584135815674,0.26895336458591046,0.3651871681213379,0.3303084373474121,0.3045043647289276,0.323429137468338,0.33055245876312256,0.34601840376853943,0.9529411764705882,0.03137254901960784,0.6517418178657407,0.6663833260536194,0.011016845703125,0.018585205078125,ygo4_0030,Dinowrestler Capoeiraptor,Monster,Dinosaur,,Dinowrestler,0.264312744140625,0.2716476619243622,0.2602368891239166,0.9579942226409912,0.3577531576156616,0.34337836503982544,0.29886847734451294,0.7644629329442978,0.29203975200653076,0.2526125907897949,0.4553476870059967,0.37289491295814514,0.22267265617847443,0.5551735758781433,0.501312255859375,0.2620391845703125,0.05126953125,8,8.788681030273438,-11.1612548828125
0.5032497138136328,0.4725030788831497,0.027688288332376285,0.39339702842219487,0.3044117925187405,0.39280417561531067,0.29539167881011963,0.31180402636528015,0.2948364019393921,0.393512487411499,0.31165099143981934,0.34509803921568627,0.5254901960784314,0.1569852462842988,0.6095447540283203,0.001922607421875,0.0025177001953125,ygo4_0031,Obelisk the Tormentor,Monster,Divine-Beast,,Egyptian God,0.2210540771484375,0.23550771176815033,0.21302253007888794,0.904524564743042,0.3364395797252655,0.32070133090019226,0.3428591191768646,0.8326791822910309,0.2519547939300537,0.2793618142604828,0.4686833918094635,0.29483523964881897,0.2150474488735199,0.3241787850856781,0.036285400390625,0.4439544677734375,0.0461273193359375,0,6.94873046875,4.003387451171875
0.5005554886804433,0.44905419249807105,0.05094883580316336,0.374273262988714,0.16263243571746933,0.3765155076980591,0.38258591294288635,0.24089856445789337,0.28691744804382324,0.4193934202194214,0.29368913173675537,0.5176470588235295,0.7137254901960784,0.2144528009718575,0.5142524242401123,0.16864013671875,0.458831787109375,ygo4_0032,Fallen of Albaz,Monster,Dragon,,Dogmatika,0.223724365234375,0.2687000632286072,0.1987324059009552,0.7396068572998047,0.4105851948261261,0.3242395222187042,0.2651752829551697,0.8285223245620728,0.2710108757019043,0.26736167073249817,0.46162745356559753,0.6053997278213501,0.19034390151500702,0.488822877407074,0.3332061767578125,0.044342041015625,0.1344146728515625,1,10.654037475585938,29.019943237304688
0.49293422146626986,0.4695023652369129,0.031305446050653545,0.3872395068712754,0.011606240930369075,0.36218205094337463,0.3617536127567291,0.2760642468929291,0.31627294421195984,0.3723054528236389,0.3114215135574341,0.42745098039215684,0.32941176470588235,0.18537450274193715,0.58006352186203,0.13177490234375,0.55718994140625,ygo4_0033,Kuibelt the Blade Dragon,Monster,Dragon,,,0.22137451171875,0.2549873888492584,0.20269660651683807,0.7949279546737671,0.3015577495098114,0.34325888752937317,0.35518333315849304,0.7978197336196899,0.29120975732803345,0.20594558119773865,0.5028446316719055,0.5891475081443787,0.22409361600875854,0.1814751923084259,0.014923095703125,0.033294677734375,0.223297119140625,6,-3.6380767822265625,0.01092529296875
0.49137307171689587,0.4864962524613525,0.016024203231029963,0.40566197940322674,0.06717728460725281,0.33329683542251587,0.35496917366981506,0.3117339611053467,0.34333181381225586,0.33251506090164185,0.3241530656814575,0.6352941176470588,0.9333333333333333,0.45396285756400157,0.6364920735359192,0.011444091796875,0.0687408447265625,ygo4_0034,Fighting Flame Dragon,Monster,Dragon,,Flame Swordsman,0.2976837158203125,0.31915074586868286,0.2857549786567688,0.89536052942276,0.35706597566604614,0.33958685398101807,0.3033471703529358,0.7658151686191559,0.22198519110679626,0.28102731704711914,0.4969874918460846,0.5679789781570435,0.2099478542804718,0.8146775364875793,0.8528594970703125,0.042755126953125,0.14752197265625,1,32.35205078125,55.736328125
0.48648458827161595,0.49014811913856066,0.016725008540976475,0.41864069591597847,0.178302927565837,0.3522205948829651,0.3282466530799866,0.3195328712463379,0.3562212288379669,0.31654107570648193,0.3272377848625183,0.8666666666666667,0.9647058823529412,0.5919425660804181,0.6438641548156738,0.01434326171875,0.050811767578125,ygo4_0035,"Salamandra, the Flying Flame Dragon",Monster,Dragon,,Flame Swordsman,0.276214599609375,0.2676320970058441,0.28098368644714355,1.0498878955841064,0.32438403367996216,0.3432217538356781,0.33239421248435974,0.7432247400283813,0.2963581383228302,0.2306770533323288,0.4729648232460022,0.5483274459838867,0.2578478455543518,0.87263423204422,0.9295501708984375,0.127471923828125,0.1966400146484375,1,29.436325073242188,60.33892822265625
0.5297490344211726,0.4754378112246916,0.03857857133728514,0.4125109871372144,0.00979349264842521,0.38642242550849915,0.2968214154243469,0.31675606966018677,0.28737518191337585,0.3475622832775116,0.3650624752044678,0.9882352941176471,0.9647058823529412,0.6740365416767632,0.6498237252235413,0.017486572265625,0.0315093994140625,ygo4_0036,Vagnawa the Moon-Eating Dragon,Monster,Dragon,,,0.238739013671875,0.2477252334356308,0.23374557495117188,0.9435678124427795,0.27163493633270264,0.3283267319202423,0.40003836154937744,0.787412628531456,0.2568047344684601,0.245187908411026,0.4980073869228363,0.4798375964164734,0.23094381392002106,0.30380406975746155,0.092041015625,0.1491546630859375,0.07830810546875,7,6.0213165283203125,-8.970901489257812
0.4995833432186553,0.4982488699141609,0.0018000165140829715,0.4051251166703713,0.1911676248439393,0.3473355174064636,0.31253573298454285,0.3401288390159607,0.3313634991645813,0.3404911458492279,0.32814544439315796,0.3176470588235294,0.21176470588235294,0.3410750356311582,0.6275492906570435,0.025299072265625,0.0725860595703125,ygo4_0037,Aiza the Dragoness of Deranged Devotion,Monster,Dragon,,,0.2444915771484375,0.27348455786705017,0.22838084399700165,0.8350776433944702,0.30287712812423706,0.32784122228622437,0.3692816495895386,0.7560126781463623,0.3383743464946747,0.2368452548980713,0.4247804284095764,0.4061466455459595,0.2342788428068161,0.6079655289649963,0.51654052734375,0.1998291015625,0.0625,11,39.0528564453125,5.038726806640625
0.5026613393407245,0.46233926169113826,0.037754654508484836,0.40206981553746446,0.10820328715352104,0.37521976232528687,0.34835851192474365,0.2764217257499695,0.32741278409957886,0.33213722705841064,0.3404499590396881,0.592156862745098,0.07450980392156863,0.43535593978936454,0.6432729363441467,0.06231689453125,0.255126953125,ygo4_0038,Centur-Ion Auxila,Monster,Dragon,,Centur-Ion,0.2624969482421875,0.2769874930381775,0.2544448971748352,0.9186151027679443,0.3555775284767151,0.34755566716194153,0.29686683416366577,0.7324332296848297,0.23260849714279175,0.1888674646615982,0.5785239934921265,0.4811892807483673,0.2637431025505066,0.4534539580345154,0.3037109375,0.1560516357421875,0.1676483154296875,7,-1.8252410888671875,-7.0465545654296875
0.49475041103708867,0.47334374351602443,0.02716825710307914,0.4151227720104043,0.23882128857874355,0.37110191583633423,0.336414635181427,0.29248350858688354,0.35739266872406006,0.29844745993614197,0.34415996074676514,0.058823529411764705,0.0,0.6668108263973314,0.667241096496582,0.0037384033203125,0.00579833984375,ygo4_0039,Centur-Ion Gargoyle II,Monster,Dragon,,Centur-Ion,0.2642822265625,0.2799350619316101,0.2555842995643616,0.9130128026008606,0.3247690498828888,0.34705543518066406,0.32817551493644714,0.7533748894929886,0.34837865829467773,0.16319479048252106,0.4884265661239624,0.46066945791244507,0.23591282963752747,0.44598716497421265,0.2816925048828125,0.13592529296875,0.12701416015625,6,-5.3299713134765625,-6.285919189453125
0.5032810251096506,0.5111825016456244,0.011653903587405803,0.3921761970658034,0.07301036546671284,0.3061431050300598,0.35666197538375854,0.33719488978385925,0.3074744641780853,0.37705597281455994,0.3154695928096771,0.1803921568627451,0.5647058823529412,0.32609204928351254,0.5988379716873169,0.0626068115234375,0.191619873046875,ygo4_0040,Enlightenment Dragon,Monster,Dragon,,,0.23779296875,0.3050108850002289,0.20044152438640594,0.6571618914604187,0.3369481563568115,0.3787859380245209,0.2842659056186676,0.8772628456354141,0.341261088848114,0.2225123792886734,0.4362265169620514,0.7376205325126648,0.15241803228855133,0.44596725702285767,0.3894805908203125,9.1552734375e-05,0.3508758544921875,1,6.542022705078125,22.248733520507812
0.5028398069275613,0.5278439098537165,0.027988351493571713,0.4067918014003604,0.07833335583698278,0.30152517557144165,0.3269657790660858,0.37150904536247253,0.3167104423046112,0.35727953910827637,0.3260100185871124,0.8901960784313725,0.8588235294117647,0.5301012213556363,0.6231570243835449,0.0030059814453125,0.0048828125,ygo4_0041,Gandora-G the Dragon of Destruction,Monster,Dragon,,Gandora,0.2822113037109375,0.29740697145462036,0.2737674117088318,0.9205144643783569,0.3161935806274414,0.3519870340824127,0.33181941509246826,0.7227177619934082,0.3284940719604492,0.2102125585079193,0.46129336953163147,0.49952930212020874,0.2758709788322449,0.30483919382095337,0.105987548828125,0.1858978271484375,0.15362548828125,1,3.992828369140625,13.9305419921875
0.4986654535295664,0.5105478330681388,0.01063192347202841,0.4048213846612748,0.05852196943874388,0.31642037630081177,0.3307774066925049,0.35280218720436096,0.32085922360420227,0.36409929394721985,0.3150414526462555,0.43137254901960786,0.7490196078431373,0.2583031012559005,0.6140531897544861,0.079345703125,0.2203369140625,ygo4_0042,Lightsworn Dragonling,Monster,Dragon,,Lightsworn,0.30902099609375,0.30163612961769104,0.3131245970726013,1.0380871295928955,0.3098953068256378,0.3367568552494049,0.3533478081226349,0.8284192830324173,0.3290805518627167,0.3060830533504486,0.36483636498451233,0.591023862361908,0.23642617464065552,0.465663343667984,0.43243408203125,0.03033447265625,0.2365570068359375,1,-2.5257415771484375,21.175201416015625
0.5057167810890332,0.5111835912963786,0.012560027878327423,0.40987615573568187,0.20965527429307998,0.32504719495773315,0.31131064891815186,0.3636421263217926,0.31553715467453003,0.3528088331222534,0.33165401220321655,0.27058823529411763,0.8941176470588236,0.45602464572504253,0.6448816657066345,0.0483856201171875,0.151885986328125,ygo4_0043,Sangenpai Bident Dragion,Monster,Dragon,,Sangen,0.295074462890625,0.3228245675563812,0.2796543836593628,0.8662735223770142,0.31383803486824036,0.34739890694618225,0.3387630581855774,0.7451409995555878,0.24700868129730225,0.25991588830947876,0.4930753707885742,0.6537155508995056,0.2677156925201416,0.3444020748138428,0.224517822265625,0.07470703125,0.379119873046875,1,0.8773040771484375,19.935836791992188
0.49512960095623476,0.4752861047068998,0.025189231973282343,0.4082430770992537,0.12813454804321642,0.36200740933418274,0.3408070206642151,0.29718559980392456,0.3358534574508667,0.3308395445346832,0.3333069980144501,0.023529411764705882,0.12941176470588237,0.6036222838760142,0.6439118981361389,0.0089111328125,0.016815185546875,ygo4_0044,Sangenpai Transcendent Dragion,Monster,Dragon,,Sangen,0.320343017578125,0.33290615677833557,0.3133619725704193,0.9412922263145447,0.3289034962654114,0.35157662630081177,0.31951987743377686,0.7962512373924255,0.24492979049682617,0.26752376556396484,0.4875464141368866,0.6384978294372559,0.21536514163017273,0.4324184060096741,0.2911224365234375,0.0225677490234375,0.2772674560546875,1,7.250946044921875,23.549240112304688
0.4917037958008661,0.4981407645932812,0.008501985674612949,0.38890590483111365,0.04394997987405886,0.31767159700393677,0.3651781380176544,0.31715038418769836,0.3249654173851013,0.3659093976020813,0.30912524461746216,0.3843137254901961,0.615686274509804,0.1636050983921816,0.5715964436531067,0.043609619140625,0.132537841796875,ygo4_0045,Absorouter Dragon,Monster,Dragon,,Rokket,0.2364044189453125,0.2668204605579376,0.21950292587280273,0.8226615190505981,0.3191118538379669,0.3551926612854004,0.3256954848766327,0.7131439745426178,0.2900393605232239,0.2494570016860962,0.46050363779067993,0.5806829333305359,0.27753782272338867,0.24285297095775604,0.0596771240234375,0.0795135498046875,0.305419921875,6,-8.418609619140625,0.6691741943359375
0.49315424821674814,0.5003816902260037,0.0068563842443756596,0.4015150588213811,0.030425796269312466,0.32243087887763977,0.34928274154663086,0.32828640937805176,0.3342663049697876,0.3441429138183594,0.321590781211853,0.2823529411764706,0.1803921568627451,0.386677405092903,0.6307730078697205,0.0405731201171875,0.123046875,ygo4_0046,Tenpai Dragon Paidra,Monster,Dragon,,Tenpai Dragon,0.2635650634765625,0.30129438638687134,0.242599755525589,0.8051917552947998,0.3105424642562866,0.3397788405418396,0.3496786952018738,0.7500184327363968,0.23697149753570557,0.2729272246360779,0.49010127782821655,0.5721147060394287,0.28073257207870483,0.19027914106845856,0.0163726806640625,0.122100830078125,0.285186767578125,7,-1.0779876708984375,-1.143463134765625
0.4903828600296895,0.5196077982133864,0.02183930246105456,0.3957464898669617,0.17874957273709258,0.2974233031272888,0.35385584831237793,0.34872087836265564,0.3326346278190613,0.3568781018257141,0.310487300157547,0.25882352941176473,1.0,0.5551270935248953,0.6129710078239441,0.048187255859375,0.22601318359375,ygo4_0047,Galaxy-Eyes Tachyon Primal,Monster,Dragon,,Galaxy,0.2411041259765625,0.2910846173763275,0.21333111822605133,0.7328835129737854,0.32282766699790955,0.37314093112945557,0.3040314018726349,0.7640706449747086,0.37995433807373047,0.1699303388595581,0.4501153230667114,0.4343918561935425,0.24418805539608002,0.515617847442627,0.3896942138671875,0.1643524169921875,0.1219482421875,10,34.05694580078125,-14.371337890625
0.48923836663967607,0.513564454141259,0.01731494062168144,0.3872459036393792,0.12488389236472916,0.29578420519828796,0.37069112062454224,0.333524614572525,0.33020278811454773,0.36894816160202026,0.30084899067878723,0.7137254901960784,0.7019607843137254,0.2940522803179209,0.5784882307052612,0.157958984375,0.646514892578125,ygo4_0048,Tachyon Cloudragon,Monster,Dragon,,Tachyon,0.2251739501953125,0.24866504967212677,0.21212048828601837,0.8530369400978088,0.33692485094070435,0.35284948348999023,0.3102256655693054,0.7463932931423187,0.3058590590953827,0.23894217610359192,0.4551987648010254,0.4449564218521118,0.24254240095615387,0.3235427737236023,0.03826904296875,0.1717529296875,0.1058502197265625,7,5.4747467041015625,-14.998764038085938
0.5037807374737513,0.5007445943029829,0.0038533617169248355,0.40073477631062643,0.16703156132247732,0.3477887511253357,0.30747613310813904,0.34473520517349243,0.31149131059646606,0.35832715034484863,0.33018165826797485,0.6078431372549019,0.3137254901960784,0.2152401803931387,0.6175866723060608,0.0625152587890625,0.1659393310546875,ygo4_0049,Dragon Master Magia,Monster,Dragon,,,0.28326416015625,0.28617197275161743,0.28164833784103394,0.9841926097869873,0.33284851908683777,0.33672699332237244,0.3304244875907898,0.7383281588554382,0.32691046595573425,0.218053936958313,0.45503559708595276,0.6006112098693848,0.24413615465164185,0.23454412817955017,0.042877197265625,0.06591796875,0.266815185546875,7,2.985748291015625,-12.228302001953125
0.4969398241614224,0.48280426495327045,0.01746590907912718,0.3968333953446385,0.03197318267645149,0.34541386365890503,0.3505953848361969,0.30399084091186523,0.3227958381175995,0.3583407402038574,0.31886354088783264,0.2627450980392157,0.4980392156862745,0.2372630042369571,0.6118009686470032,0.0033416748046875,0.0054931640625,ygo4_0050,"Lancea, Ancestral Dragon of the Ice Mountain",Monster,Dragon,,,0.3073272705078125,0.30718955397605896,0.3074038028717041,1.0006974935531616,0.3077801465988159,0.337421178817749,0.35479867458343506,0.7748312503099442,0.371551513671875,0.20014657080173492,0.4283018708229065,0.540151834487915,0.23181770741939545,0.31246697902679443,0.1458587646484375,0.0590972900390625,0.1685028076171875,7,13.652633666992188,-8.409439086914062
0.513950861414605,0.5004024472111464,0.01395666500161389,0.41620100411334177,0.19727067275753143,0.3478595018386841,0.2881404757499695,0.36399999260902405,0.32725632190704346,0.3097498118877411,0.3629938066005707,0.11372549019607843,0.6823529411764706,0.42715406129401284,0.6540940403938293,0.0162353515625,0.033233642578125,ygo4_0051,Shining Star Dragon,Monster,Dragon,,,0.1422882080078125,0.15297535061836243,0.1363496035337448,0.8913173675537109,0.3189276158809662,0.2233780175447464,0.4576943814754486,0.7421688437461853,0.2060401737689972,0.3243488371372223,0.4696110188961029,0.5037133693695068,0.24210859835147858,0.24655458331108093,0.0102081298828125,0.117340087890625,0.1348876953125,7,2.8065948486328125,5.0838775634765625
0.49919889118722593,0.48281452950354453,0.01720413239644608,0.39230887840574197,0.08999249143675189,0.33685851097106934,0.36983802914619446,0.29330340027809143,0.3125665485858917,0.37218961119651794,0.31524375081062317,0.6039215686274509,0.20784313725490197,0.31008922083014756,0.5693524479866028,0.1389312744140625,0.4532470703125,ygo4_0052,Centur-Ion Atrii,Monster,Dragon,,Centur-Ion,0.2231597900390625,0.2662651240825653,0.1992071568965912,0.7481533885002136,0.2663247883319855,0.35535043478012085,0.3783247768878937,0.765889123082161,0.22453515231609344,0.3014972507953644,0.4739675521850586,0.5405395030975342,0.2617873251438141,0.38929760456085205,0.2270050048828125,0.0771331787109375,0.210693359375,7,2.47418212890625,-15.95391845703125
0.49231325463247705,0.5162577050945302,0.017983298620827266,0.39153832863718835,0.2868947460590617,0.28415024280548096,0.38510072231292725,0.3307490646839142,0.3442647159099579,0.33896955847740173,0.3167656660079956,0.5019607843137255,0.16470588235294117,0.3352998508855092,0.6021173000335693,0.0085296630859375,0.016143798828125,ygo4_0053,Dark End Evaporation Dragon,Monster,Dragon,,Light and Darkness Dragon,0.2523956298828125,0.2951001822948456,0.22866569459438324,0.7748748064041138,0.2673357129096985,0.35953086614608765,0.37313342094421387,0.7914393991231918,0.3637707233428955,0.16155657172203064,0.47467270493507385,0.2518354654312134,0.20899711549282074,0.5461523532867432,0.4631805419921875,0.4873504638671875,0.032562255859375,8,21.060836791992188,-15.948684692382812
0.4890358569259968,0.4922668366562388,0.01341693887026781,0.3893269228243016,0.1404541144198816,0.333085298538208,0.35764288902282715,0.3092719316482544,0.3349626362323761,0.37043634057044983,0.2946011424064636,0.49411764705882355,0.38823529411764707,0.11191939759082616,0.5724713206291199,0.0053253173828125,0.00701904296875,ygo4_0054,Dora Dora,Monster,Dragon,,,0.1267242431640625,0.14895980060100555,0.11436845362186432,0.767780601978302,0.33678507804870605,0.3670078217983246,0.29620710015296936,0.8875025138258934,0.2801336348056793,0.26350387930870056,0.4563624858856201,0.8287531137466431,0.12421190738677979,0.2542800009250641,0.0040435791015625,0.0032196044921875,0.7197723388671875,1,-4.916595458984375,11.17474365234375
0.5184233570993481,0.4971859952054516,0.018637025239931396,0.3942523784562728,0.01445544337188436,0.343881219625473,0.31007859110832214,0.34604009985923767,0.2742920517921448,0.3963998854160309,0.3293079733848572,0.592156862745098,0.7686274509803922,0.2839957654107572,0.5917560458183289,0.0284576416015625,0.0888671875,ygo4_0055,Dragon of Pride and Soul,Monster,Dragon,,,0.2692413330078125,0.26519715785980225,0.27148860692977905,1.0237237215042114,0.32502126693725586,0.2943609952926636,0.38061773777008057,0.7517466843128204,0.3125171661376953,0.23070566356182098,0.4567771553993225,0.6084722280502319,0.2288062572479248,0.2928488850593567,0.105194091796875,0.0226593017578125,0.24591064453125,7,0.1280364990234375,-5.4338226318359375
0.49402091823766603,0.48385469901703154,0.017216856930093744,0.40323355472829137,0.12653198939374952,0.35445713996887207,0.3288028836250305,0.3167400360107422,0.3253879249095917,0.3592709004878998,0.31534117460250854,0.43137254901960786,0.43529411764705883,0.09432167428082895,0.6271940469741821,0.0297393798828125,0.079925537109375,ygo4_0056,Light End Sublimation Dragon,Monster,Dragon,,Light and Darkness Dragon,0.2813262939453125,0.2904438376426697,0.2762598693370819,0.9511644840240479,0.3743016719818115,0.33622607588768005,0.2894722521305084,0.7752684354782104,0.20553235709667206,0.33988678455352783,0.4545809030532837,0.7001267075538635,0.20126673579216003,0.3440919816493988,0.317169189453125,0.00830078125,0.3639068603515625,1,4.6368255615234375,22.1495361328125
0.5144363344221503,0.4954139831220406,0.015147253954202074,0.40110791074858504,0.005872921837219085,0.32176557183265686,0.35765278339385986,0.3205816447734833,0.3090862035751343,0.3378294110298157,0.35308438539505005,0.6039215686274509,0.2980392156862745,0.2271295903809214,0.6183313131332397,0.0387420654296875,0.095458984375,ygo4_0057,Mimighoul Dragon,Monster,Dragon,,Mimighoul,0.2453155517578125,0.2536631226539612,0.24067699909210205,0.9488056302070618,0.3731417655944824,0.3284194767475128,0.29843875765800476,0.6755499243736267,0.2818908095359802,0.29609930515289307,0.4220098853111267,0.47773873805999756,0.2745994031429291,0.5464859008789062,0.476318359375,0.1716461181640625,0.1847076416015625,1,14.259857177734375,29.700103759765625
0.5016372619650498,0.47165963041445574,0.02838762362346381,0.42103872343593185,0.17632351292833792,0.3788014352321625,0.3090636730194092,0.31213492155075073,0.34484079480171204,0.3089359700679779,0.34622326493263245,0.21568627450980393,0.16862745098039217,0.4366257673865194,0.6885265111923218,0.0555419921875,0.162811279296875,ygo4_0058,Tenpai Dragon Genroku,Monster,Dragon,,Tenpai Dragon,0.2369842529296875,0.24221453070640564,0.23407790064811707,0.966407299041748,0.338870644569397,0.3382267653942108,0.3229025900363922,0.7798825800418854,0.36002957820892334,0.19657427072525024,0.4433961808681488,0.631968080997467,0.30478307604789734,0.44978636503219604,0.3169403076171875,0.13897705078125,0.400177001953125,1,-2.3018798828125,30.298248291015625
0.5069556952311781,0.5063399075990046,0.009411488963652365,0.39978212374178446,0.143037980756569,0.3099953234195709,0.3522046208381653,0.33780011534690857,0.3141060173511505,0.3515874147415161,0.33430659770965576,0.32941176470588235,0.7333333333333333,0.28904115704377753,0.6172886490821838,0.0376739501953125,0.19134521484375,ygo4_0059,Heart of the Blue-Eyes,Monster,Dragon,,Blue-Eyes,0.286285400390625,0.3050108850002289,0.2758800685405731,0.9044925570487976,0.31052127480506897,0.34793731570243835,0.3415414094924927,0.7167845368385315,0.2575245797634125,0.2650853395462036,0.4773900806903839,0.4249928891658783,0.25175991654396057,0.511322557926178,0.3353271484375,0.25408935546875,0.0733489990234375,6,5.1713409423828125,-14.915924072265625
0.5045087167906006,0.4676470379581923,0.03266561923454834,0.3889373384451292,0.3536634595973776,0.3506712317466736,0.3848474621772766,0.2644813060760498,0.31855371594429016,0.34817588329315186,0.3332703411579132,0.42745098039215684,0.4196078431372549,0.10828785310967903,0.5713124871253967,0.0177764892578125,0.03460693359375,ygo4_0060,Khaos Starsource Dragon,Monster,Dragon,,,0.2346343994140625,0.283480703830719,0.20749163627624512,0.7319427132606506,0.33426547050476074,0.3833647668361664,0.2823697626590729,0.7975043803453445,0.39192795753479004,0.16343209147453308,0.4446399509906769,0.3716772794723511,0.2889290452003479,0.5026344060897827,0.46417236328125,0.38006591796875,0.138153076171875,8,16.797821044921875,-25.405899047851562
0.52803038231884,0.481577782736307,0.03354221849924431,0.3973988539108886,0.05532583399249579,0.35011786222457886,0.3464304804801941,0.30345168709754944,0.2979247272014618,0.34064850211143494,0.36142683029174805,0.6470588235294118,0.0,0.5211777984314515,0.6144338846206665,0.0008697509765625,0.0010986328125,ygo4_0061,Primite Imperial Dragon,Monster,Dragon,,Primite,0.2530059814453125,0.29821863770484924,0.22788235545158386,0.7641452550888062,0.3546830713748932,0.3633677065372467,0.2819492220878601,0.7824221104383469,0.4507042467594147,0.10895726829767227,0.44033852219581604,0.5186613202095032,0.20672601461410522,0.19502684473991394,0.0023040771484375,0.0317840576171875,0.1194000244140625,0,6.7846527099609375,7.0064697265625
0.5090827683872576,0.5073094125385651,0.011658653148434396,0.3982996334794473,0.04249160766920345,0.3250838816165924,0.3383120000362396,0.3366040587425232,0.3056087791919708,0.35715949535369873,0.33723169565200806,0.39215686274509803,0.7686274509803922,0.28946649145143316,0.6009962558746338,0.0456085205078125,0.193817138671875,ygo4_0062,Ultimate Dragon of Pride and Soul,Monster,Dragon,,,0.2623291015625,0.3087701201438904,0.23652289807796478,0.7660161256790161,0.33870404958724976,0.3352722227573395,0.32602372765541077,0.8456146866083145,0.296251118183136,0.2388274371623993,0.4649214446544647,0.5705140829086304,0.2238805741071701,0.3575119972229004,0.191131591796875,0.03594970703125,0.1901397705078125,10,15.215194702148438,0.8959503173828125
0.49665995076903563,0.4858053185063096,0.014582349315956694,0.40395917337275467,0.06487029268282997,0.34923255443573,0.337295800447464,0.31347164511680603,0.3281746804714203,0.3450067639350891,0.3268186151981354,0.7686274509803922,0.6901960784313725,0.32914321452962664,0.6238059401512146,0.016143798828125,0.0389404296875,ygo4_0063,Materiactor Exagard,Monster,Dragon,,Materiactor,0.2882080078125,0.31009441614151,0.2760462462902069,0.8902006149291992,0.33534517884254456,0.3538225293159485,0.31083226203918457,0.7581656724214554,0.2894391417503357,0.267135888338089,0.4434249699115753,0.48043328523635864,0.2284265011548996,0.44369179010391235,0.3567352294921875,0.1272430419921875,0.10174560546875,8,14.49432373046875,-12.020828247070312
0.4943411737353794,0.4947686016809842,0.007706480588787692,0.383454850696618,0.08641157245911558,0.31511834263801575,0.37978821992874146,0.30509355664253235,0.32001549005508423,0.3653571903705597,0.31462737917900085,0.5725490196078431,0.34901960784313724,0.16750653438567484,0.5809494853019714,0.0469970703125,0.183929443359375,ygo4_0064,Materiactor Exareptor,Monster,Dragon,,Materiactor,0.266693115234375,0.28172925114631653,0.2583378851413727,0.9169721603393555,0.34151503443717957,0.35318687558174133,0.3052980899810791,0.7752078771591187,0.21386156976222992,0.30809128284454346,0.4780471622943878,0.4971367120742798,0.23089779913425446,0.48262977600097656,0.3908233642578125,0.0955657958984375,0.1241302490234375,1,11.056976318359375,14.095413208007812
0.4897099931684382,0.502763858852231,0.010654724602196136,0.3888192274522878,0.017151605521443552,0.3087098002433777,0.375472754240036,0.3158174455165863,0.31785616278648376,0.3831646740436554,0.29897916316986084,0.38823529411764707,0.3686274509803922,0.1724821617352882,0.5730090141296387,0.1396331787109375,0.39300537109375,ygo4_0065,Materiactor Zeptwing,Monster,Dragon,,Materiactor,0.29266357421875,0.30035457015037537,0.2883898615837097,0.9601647257804871,0.3297184705734253,0.34181439876556396,0.32846716046333313,0.7933227568864822,0.283357709646225,0.25337129831314087,0.46327099204063416,0.49726563692092896,0.1818012148141861,0.6451071500778198,0.642669677734375,0.0287017822265625,0.056427001953125,0,26.159881591796875,33.047210693359375
0.5020216940252379,0.5018510017064773,0.002741068048966422,0.40696554317852485,0.12563647760618743,0.3286120593547821,0.34554973244667053,0.325838178396225,0.3322383463382721,0.3290056884288788,0.33875593543052673,0.0,0.984313725490196,0.6961032859412408,0.6352146863937378,0.0017852783203125,0.001983642578125,ygo4_0066,Snake-Eyes Doomed Dragon,Monster,Dragon,,-Eyes Dragon,0.283447265625,0.28604382276535034,0.2820044159889221,0.9858783483505249,0.3217054307460785,0.3417312800884247,0.3365633189678192,0.7821944952011108,0.3165876865386963,0.20418797433376312,0.4792243242263794,0.5008078217506409,0.24110199511051178,0.33042898774147034,0.1525115966796875,0.095306396484375,0.14361572265625,8,8.069869995117188,-5.579071044921875
0.5101260984011503,0.49294428758054815,0.01234183724474545,0.3965258101868289,0.11266935277293297,0.3571699261665344,0.2999422252178192,0.34288787841796875,0.2852359116077423,0.3883722126483917,0.32639187574386597,0.7215686274509804,0.10588235294117647,0.45212982249979344,0.6140830516815186,0.0480499267578125,0.13031005859375,ygo4_0067,Blue-Eyes Ultimate Spirit Dragon,Monster,Dragon,,Blue-Eyes,0.2537841796875,0.27203211188316345,0.24364422261714935,0.8956450819969177,0.3460197150707245,0.29846081137657166,0.35551947355270386,0.8179361969232559,0.2757173180580139,0.2534966468811035,0.47078606486320496,0.7071447968482971,0.16855882108211517,0.17439234256744385,0.0261993408203125,0.0032501220703125,0.3322906494140625,7,3.5079193115234375,-6.6476287841796875
0.49412146327181194,0.5119265686107931,0.013296624868462349,0.3975574150664732,0.13191245274714658,0.30703869462013245,0.3554169535636902,0.337544322013855,0.3300704061985016,0.3679637908935547,0.30196577310562134,0.4745098039215686,0.18823529411764706,0.31280502222634937,0.595464289188385,0.0254974365234375,0.04766845703125,ygo4_0068,Indigo-Eyes Silver Dragon,Monster,Dragon,,,0.24871826171875,0.28864967823028564,0.2265293002128601,0.7847897410392761,0.2633742392063141,0.3440490663051605,0.3925766944885254,0.7762950211763382,0.2774176299571991,0.25228872895240784,0.47029367089271545,0.49932608008384705,0.21105651557445526,0.2230522632598877,0.0530548095703125,0.053955078125,0.1038970947265625,7,5.997283935546875,-10.463058471679688
0.4959945254404271,0.48881679684452994,0.011878882913132072,0.38435214176926,0.15768449892050473,0.3258943557739258,0.3783954083919525,0.2957102656364441,0.324825644493103,0.35739845037460327,0.3177759349346161,0.7764705882352941,0.39215686274509803,0.2967593779683284,0.5536385178565979,0.0044097900390625,0.0146026611328125,ygo4_0069,Neo Kaiser Sea Horse,Monster,Dragon,,,0.275726318359375,0.29868853092193604,0.26296675205230713,0.8804045915603638,0.29966795444488525,0.3706696033477783,0.32966241240501404,0.7879931926727295,0.31193673610687256,0.23304784297943115,0.4550154209136963,0.4590093493461609,0.22612451016902924,0.3895127773284912,0.2406005859375,0.145751953125,0.0874481201171875,7,2.8753204345703125,-12.974090576171875
0.5251956474739757,0.5554330102061268,0.06089038735420737,0.38343879532106623,0.0806971298626363,0.2288624346256256,0.388496994972229,0.382640540599823,0.2814777195453644,0.3741939663887024,0.34432828426361084,0.9098039215686274,0.5647058823529412,0.41488083270271525,0.5646058320999146,0.00958251953125,0.0350341796875,ygo4_0070,Spirit with Eyes of Blue,Monster,Dragon,,with Eyes of Blue,0.2059478759765625,0.24332521855831146,0.18517814576625824,0.7610313892364502,0.27502408623695374,0.38260355591773987,0.3423723876476288,0.8115713149309158,0.27035048604011536,0.28769296407699585,0.4419565498828888,0.5793386101722717,0.17811401188373566,0.2302720695734024,0.00238037109375,0.006134033203125,0.1446533203125,6,-2.619476318359375,-10.978073120117188
0.4916995487978007,0.48945788253474215,0.013417664879232391,0.39395910127289624,0.04517951762847864,0.3400219976902008,0.346664696931839,0.3133133053779602,0.3173983097076416,0.3844415545463562,0.2981601357460022,0.7450980392156863,0.5294117647058824,0.24685643749047398,0.6015064716339111,0.027313232421875,0.139312744140625,ygo4_0071,Divine Golden Shadow Dragon Dragluxion,Monster,Dragon,,,0.284210205078125,0.3141953945159912,0.2675481140613556,0.8515341877937317,0.3215397894382477,0.34532374143600464,0.3331364691257477,0.7385780513286591,0.36137402057647705,0.18692633509635925,0.4516996741294861,0.5903551578521729,0.24322758615016937,0.4535537362098694,0.38690185546875,0.0642852783203125,0.249053955078125,1,2.640960693359375,25.568145751953125
0.494938958930446,0.4658086629965722,0.0345638780056533,0.4126404542904543,0.22026611060562018,0.4012148082256317,0.277160108089447,0.32162508368492126,0.3160921335220337,0.37252432107925415,0.311383455991745,0.984313725490196,0.6823529411764706,0.5175059225302666,0.6369293332099915,0.0113677978515625,0.02301025390625,ygo4_0072,Dragolithia Kunzite,Monster,Dragon,,Gem Dragon,0.17120361328125,0.22897176444530487,0.13910318911075592,0.607512354850769,0.23520499467849731,0.36648842692375183,0.39830660820007324,0.8424936383962631,0.34749987721443176,0.17455892264842987,0.4779411852359772,0.6256905794143677,0.2758684754371643,0.3068724572658539,0.0447540283203125,0.1466217041015625,0.3253021240234375,11,23.3173828125,-6.1168060302734375
0.48029847797808833,0.5106473497199866,0.022394553490515702,0.3781904110779137,0.09100416298158852,0.296495646238327,0.37384042143821716,0.3296639323234558,0.32296115159988403,0.4035246670246124,0.27351418137550354,0.43529411764705883,0.7568627450980392,0.26488737423737835,0.5334967970848083,0.14569091796875,0.392425537109375,ygo4_0073,Alba System Dogmatikalamity,Monster,Dragon,,Albaz Dragon,0.2691192626953125,0.3165876269340515,0.24274218082427979,0.7667456269264221,0.3127515912055969,0.3409309983253479,0.3463174104690552,0.8051498085260391,0.4092462658882141,0.18359920382499695,0.40715453028678894,0.6545625329017639,0.21460454165935516,0.21460524201393127,0.031463623046875,0.01165771484375,0.289825439453125,6,-1.9123077392578125,0.8555908203125
0.5163355167333954,0.4824143563438223,0.024002165938704453,0.4028516972885161,0.14756135204827484,0.3626907169818878,0.32681629061698914,0.31049299240112305,0.2887289226055145,0.36723610758781433,0.34403499960899353,0.8666666666666667,0.8745098039215686,0.5241202511617121,0.6425502300262451,0.0030517578125,0.004119873046875,ygo4_0074,Aluber the Jester of Despia,Monster,Fairy,,Despia,0.2357635498046875,0.2643427848815918,0.21988274157047272,0.8318091034889221,0.35318103432655334,0.3544754385948181,0.29234352707862854,0.8371282815933228,0.27853429317474365,0.24455426633358002,0.47691142559051514,0.30903688073158264,0.1584155261516571,0.5488611459732056,0.4117889404296875,0.249176025390625,0.015655517578125,8,30.138031005859375,-19.978622436523438
0.5024231598645797,0.46559051034816107,0.03449470512744413,0.4066934338616658,0.0727615044116998,0.3813857436180115,0.32619062066078186,0.29242366552352905,0.3123258054256439,0.3682796359062195,0.319394588470459,0.4470588235294118,0.3137254901960784,0.1936516490215904,0.6267786026000977,0.1013031005859375,0.34307861328125,ygo4_0075,Bacha the Melodious Maestra,Monster,Fairy,,Melodious,0.2704925537109375,0.2687000632286072,0.27148860692977905,1.0103778839111328,0.3727082908153534,0.33615389466285706,0.29113781452178955,0.8485454469919205,0.2786433696746826,0.2505626380443573,0.4707939922809601,0.5383447408676147,0.2112610638141632,0.2686571478843689,0.1228179931640625,0.0602264404296875,0.1114501953125,11,11.364166259765625,2.942413330078125
0.4852875262050649,0.47730078871485004,0.027050158560247513,0.37962132996696785,0.0852022701853215,0.33032530546188354,0.39864879846572876,0.27102595567703247,0.3100259006023407,0.40426701307296753,0.2857072651386261,0.36470588235294116,0.2,0.3290964877811615,0.5519125461578369,0.1511993408203125,0.446990966796875,ygo4_0076,Flowering Etoile the Melodious Magnificat,Monster,Fairy,,Melodious,0.267913818359375,0.28788071870803833,0.2568186819553375,0.892100989818573,0.3248661458492279,0.36490488052368164,0.31022894382476807,0.8373800814151764,0.28493013978004456,0.26529762148857117,0.4497722387313843,0.7192180156707764,0.16021817922592163,0.30732956528663635,0.056793212890625,0.0043487548828125,0.33441162109375,11,17.766799926757812,9.681045532226562
0.5106389032036568,0.4995512571708902,0.010648362855549964,0.4018971075081226,0.09671002392467773,0.33024823665618896,0.3359836935997009,0.3337680399417877,0.29946184158325195,0.36427026987075806,0.3362678587436676,0.6078431372549019,0.29411764705882354,0.23241705080646463,0.619610071182251,0.0689544677734375,0.20526123046875,ygo4_0077,"Minerva, the Athenian Lightsworn",Monster,Fairy,,Lightsworn,0.2961883544921875,0.3085138201713562,0.2893393933773041,0.9378490447998047,0.35108959674835205,0.32651588320732117,0.3223945200443268,0.7833180129528046,0.3524368703365326,0.2522813677787781,0.39528176188468933,0.6919249296188354,0.1975618451833725,0.2992222309112549,0.1933746337890625,0.0017242431640625,0.3564605712890625,1,3.9023590087890625,17.464859008789062
0.4971335521215643,0.4467389092984232,0.053338169317678874,0.40176336953130654,0.06270134892690749,0.43321678042411804,0.3057228624820709,0.26106035709381104,0.3019743263721466,0.3904852867126465,0.3075403869152069,0.35294117647058826,0.20392156862745098,0.3305884678900398,0.6289533972740173,0.1656341552734375,0.80364990234375,ygo4_0078,Moremarshmallon,Monster,Fairy,,Shining Sarcophagus,0.0924072265625,0.07321970164775848,0.10306929051876068,1.4076714515686035,0.5059444904327393,0.2754293382167816,0.21862615644931793,0.8833505660295486,0.3103642761707306,0.23830080032348633,0.4513348937034607,0.7826230525970459,0.1603146493434906,0.19636130332946777,0.0136260986328125,0.0148162841796875,0.511810302734375,11,0.601318359375,9.343368530273438
0.48791300896390544,0.493976760414351,0.013504620224677157,0.392209420182795,0.14973017425846927,0.33177268505096436,0.35319095849990845,0.31503623723983765,0.32768112421035767,0.3733248710632324,0.29899394512176514,0.5490196078431373,0.5450980392156862,0.06660897157436482,0.5597642064094543,0.004486083984375,0.005767822265625,ygo4_0079,Winged Kuriboh LV6,Monster,Fairy,,Elemental HERO,0.2424163818359375,0.2593446969985962,0.2330097109079361,0.8984556794166565,0.31730344891548157,0.36104992032051086,0.32164663076400757,0.8349468111991882,0.3178464472293854,0.21002277731895447,0.47213077545166016,0.5978822112083435,0.2762514054775238,0.33264508843421936,0.1870269775390625,0.0997161865234375,0.317840576171875,7,6.7437744140625,-13.247299194335938
0.48943946377948805,0.5232309709725131,0.02551867821009727,0.40671598351743277,0.13057027583885178,0.30577293038368225,0.3226577341556549,0.3715694546699524,0.3370298147201538,0.35080963373184204,0.31216058135032654,0.40784313725490196,0.8235294117647058,0.33639882227474494,0.6452542543411255,0.0604248046875,0.199371337890625,ygo4_0080,Madolche Queen Tiarafraise,Monster,Fairy,,Madolche,0.2569732666015625,0.26451364159584045,0.25278323888778687,0.9556529521942139,0.35193872451782227,0.32634642720222473,0.321714848279953,0.7944777607917786,0.27571818232536316,0.28277480602264404,0.4415069818496704,0.6331776976585388,0.20608574151992798,0.3907828629016876,0.19537353515625,0.01910400390625,0.2490386962890625,0,23.357513427734375,13.236129760742188
0.49946755681831173,0.5186215158277756,0.01862912632051819,0.406662920331449,0.04603804235480267,0.3117854595184326,0.3255445063114166,0.36267006397247314,0.3202173411846161,0.3565281629562378,0.3232544958591461,0.17254901960784313,0.8745098039215686,0.4974753640062556,0.6217167973518372,0.0493927001953125,0.167694091796875,ygo4_0081,Neverending Nightmare Absorber,Monster,Fairy,,,0.2754364013671875,0.27929428219795227,0.2732926607131958,0.9785114526748657,0.341421514749527,0.34059053659439087,0.31798791885375977,0.7625104188919067,0.3148776590824127,0.2150011956691742,0.4701211452484131,0.5407843589782715,0.24660257995128632,0.4763689339160919,0.312957763671875,0.094390869140625,0.185882568359375,6,-10.182205200195312,-14.04473876953125
0.49892683012886235,0.5145018624730419,0.014541516728296858,0.40386823933433985,0.07556042488057005,0.3211078345775604,0.3115581274032593,0.3673340678215027,0.3154091238975525,0.37128278613090515,0.31330814957618713,0.9647058823529412,0.047058823529411764,0.6489277821421935,0.6289045214653015,0.0021209716796875,0.00311279296875,ygo4_0082,Mimighoul Fairy,Monster,Fairy,,Mimighoul,0.267791748046875,0.2698107659816742,0.2666698396205902,0.9883587956428528,0.2916809022426605,0.32792022824287415,0.38039886951446533,0.8126505464315414,0.27182915806770325,0.2917635142803192,0.4364073574542999,0.5180832743644714,0.21370016038417816,0.3918931782245636,0.1208953857421875,0.075592041015625,0.106475830078125,1,20.5474853515625,0.553497314453125
0.4918305259544895,0.48000852479344286,0.02159628178911033,0.41236299085726547,0.03587915578864931,0.3769596219062805,0.3028162121772766,0.32022416591644287,0.32198020815849304,0.3718283772468567,0.3061913847923279,0.6235294117647059,0.792156862745098,0.31719890923518684,0.6292483806610107,0.0146636962890625,0.0498046875,ygo4_0083,Trickstar Aqua Angel,Monster,Fairy,,Marincess,0.22991943359375,0.23789995908737183,0.22548484802246094,0.9478136897087097,0.37251126766204834,0.3159012496471405,0.31158748269081116,0.7947464287281036,0.27359792590141296,0.2732888460159302,0.4531131982803345,0.5139865279197693,0.20330585539340973,0.45775383710861206,0.2847442626953125,0.033477783203125,0.105926513671875,7,8.878021240234375,-16.002365112304688
0.49275121213314627,0.4975436185738508,0.007653674623955253,0.39897776355110265,0.009531199843199518,0.3457121253013611,0.32337310910224915,0.33091482520103455,0.313964307308197,0.38271504640579224,0.30332067608833313,0.8196078431372549,0.6039215686274509,0.33607866016877375,0.6003768444061279,0.1146697998046875,0.562896728515625,ygo4_0084,Trickstar Band Drumatis,Monster,Fairy,,Trickstar,0.24359130859375,0.2369174212217331,0.24729983508586884,1.0438228845596313,0.35605111718177795,0.3130794167518616,0.3308694660663605,0.7264586091041565,0.257649689912796,0.3111388385295868,0.4312114417552948,0.48556628823280334,0.23859603703022003,0.4458252787590027,0.2617340087890625,0.0946502685546875,0.1282501220703125,8,21.232009887695312,-18.118209838867188
0.5038159627246407,0.48106085431020873,0.019319751835232938,0.3958385251728523,0.1200428984154692,0.3723388910293579,0.3151276409626007,0.3125334084033966,0.2716911733150482,0.4353847801685333,0.2929238975048065,0.9764705882352941,0.4588235294117647,0.47824650880418457,0.559391975402832,0.0034942626953125,0.00640869140625,ygo4_0085,Trickstar Colchica,Monster,Fairy,,Trickstar,0.2039337158203125,0.18855994939804077,0.21247655153274536,1.1268380880355835,0.4316498339176178,0.2477366328239441,0.3206135332584381,0.8255000114440918,0.34418636560440063,0.2385375052690506,0.4172761142253876,0.6159494519233704,0.19558759033679962,0.43165576457977295,0.161285400390625,0.032257080078125,0.189117431640625,11,25.686935424804688,14.688095092773438
0.4931775849555009,0.49024653974512983,0.011902744808771619,0.41016293465710585,0.018137438909639113,0.3502326011657715,0.3270537257194519,0.3227136433124542,0.32161879539489746,0.36963850259780884,0.3087427318096161,0.8862745098039215,0.9450980392156862,0.5893388341505321,0.6115232706069946,0.0262451171875,0.03228759765625,ygo4_0086,Trickstar Hoody,Monster,Fairy,,Trickstar,0.2117767333984375,0.21034644544124603,0.21257151663303375,1.0105780363082886,0.35816702246665955,0.3312198221683502,0.31061315536499023,0.7792445719242096,0.3229701817035675,0.24429549276828766,0.43273431062698364,0.4894510507583618,0.2046220749616623,0.3915911614894867,0.130340576171875,0.06378173828125,0.069732666015625,8,18.931106567382812,-10.689178466796875
0.49816046488976495,0.4926449850393712,0.0075815654381440785,0.41260372057465194,0.054713067652486014,0.35164713859558105,0.3178107440471649,0.33054211735725403,0.33090296387672424,0.3339769244194031,0.3351200520992279,0.25882352941176473,0.6235294117647059,0.27097159544190635,0.6352692246437073,0.00372314453125,0.0076904296875,ygo4_0087,Trickstar Noble Angel,Monster,Fairy,,Trickstar,0.305877685546875,0.30855652689933777,0.3043891191482544,0.9864938855171204,0.3378728926181793,0.3362765610218048,0.32585054636001587,0.7799308001995087,0.28931623697280884,0.27113646268844604,0.4395473301410675,0.5591239929199219,0.20035408437252045,0.3628382086753845,0.14947509765625,0.038116455078125,0.119293212890625,6,-3.013092041015625,-1.251434326171875
0.5560681676304495,0.5655834306691162,0.08628340396488168,0.405846158608231,0.3741787773837235,0.25350096821784973,0.30838561058044434,0.43811342120170593,0.2569734752178192,0.33108851313591003,0.41193804144859314,0.10588235294117647,0.7725490196078432,0.4791781378698113,0.6655258536338806,0.0064544677734375,0.013916015625,ygo4_0088,Jungle Dweller,Monster,Fiend,,,0.208709716796875,0.23307274281978607,0.19517174363136292,0.8373854756355286,0.22576400637626648,0.3994005024433136,0.3748354911804199,0.7099253833293915,0.2707898020744324,0.2823653519153595,0.44684484601020813,0.2806028723716736,0.2511330246925354,0.691495954990387,0.6974945068359375,0.5416717529296875,0.042327880859375,1,-0.1737213134765625,15.4615478515625
0.4725020461639873,0.4864426290292356,0.030658437220550117,0.39694358489397885,0.04027033100198666,0.34542086720466614,0.34196048974990845,0.3126186430454254,0.35146889090538025,0.3634741008281708,0.28505709767341614,0.35294117647058826,0.3137254901960784,0.23732781248843537,0.5948266983032227,0.0034637451171875,0.00494384765625,ygo4_0089,Detonating Kuriboh,Monster,Fiend,,Kuriboh,0.2294158935546875,0.2279037982225418,0.230256125330925,1.0103214979171753,0.36002659797668457,0.30794811248779297,0.3320252597332001,0.6759404242038727,0.3115145266056061,0.250092089176178,0.43839338421821594,0.518085241317749,0.2783352732658386,0.479936420917511,0.379425048828125,0.143524169921875,0.22369384765625,10,17.555831909179688,6.0714111328125
0.5031274253937726,0.4685963057998936,0.03155903672496059,0.386761491017757,0.027407206126160003,0.35983937978744507,0.3774610161781311,0.26269960403442383,0.3091023564338684,0.37049829959869385,0.32039934396743774,0.7019607843137254,0.3176470588235294,0.2721043063906275,0.5806564688682556,0.1058349609375,0.3952789306640625,ygo4_0090,Archfiend's Advent,Monster,Fiend,,Archfiend,0.264892578125,0.308257520198822,0.24079568684101105,0.7811510562896729,0.2986751198768616,0.38243088126182556,0.31889399886131287,0.813947856426239,0.3156611919403076,0.22741511464118958,0.4569236934185028,0.5677839517593384,0.2519046366214752,0.5132488012313843,0.3975067138671875,0.06988525390625,0.2281036376953125,1,9.277145385742188,24.235671997070312
0.49838884822786605,0.52233260308706,0.02239064471329513,0.3871797579434476,0.11216306208852199,0.2583354115486145,0.4047084450721741,0.3369561731815338,0.32749852538108826,0.3388155400753021,0.3336860239505768,0.5294117647058824,0.592156862745098,0.09673644222387459,0.5595138072967529,0.1354217529296875,0.401824951171875,ygo4_0091,Infernoid Evil,Monster,Fiend,,Infernoid,0.2296295166015625,0.2780127227306366,0.20274408161640167,0.7292618751525879,0.2297162562608719,0.4058741331100464,0.36440959572792053,0.7961264252662659,0.28581732511520386,0.23808279633522034,0.4760999083518982,0.4850945472717285,0.20943321287631989,0.4368118643760681,0.341705322265625,0.0828399658203125,0.088623046875,7,2.811370849609375,-18.714370727539062
0.49795650992273005,0.48521400239385587,0.014926539347913189,0.38979696854934553,0.06947671803082316,0.3293769359588623,0.3751620948314667,0.29546090960502625,0.3164203464984894,0.3680264949798584,0.31555309891700745,0.3215686274509804,0.4196078431372549,0.19570552775732022,0.5819620490074158,0.126922607421875,0.55328369140625,ygo4_0092,Infernoid Flood,Monster,Fiend,,Infernoid,0.265899658203125,0.3103507161140442,0.24119922518730164,0.7771827578544617,0.2939859926700592,0.37386664748191833,0.33214735984802246,0.7083048522472382,0.27627119421958923,0.24613727629184723,0.47759151458740234,0.5986884236335754,0.23827813565731049,0.2852909564971924,0.068145751953125,0.0653228759765625,0.240234375,7,0.9363250732421875,-10.55572509765625
0.4951010433721088,0.5289654725689187,0.029376834022452787,0.40788682135876503,0.3179599539571361,0.2754797637462616,0.3450315296649933,0.3794887065887451,0.3246862590312958,0.3460041582584381,0.3293096423149109,0.10588235294117647,0.8470588235294118,0.5251462146038974,0.642998993396759,0.086883544921875,0.2935638427734375,ygo4_0093,Phantom of Yubel,Monster,Fiend,,Phantom Knights,0.12078857421875,0.15558119118213654,0.10145512223243713,0.6521039605140686,0.2698332369327545,0.3468923568725586,0.3832743763923645,0.8060094565153122,0.22804094851016998,0.254472553730011,0.5174865126609802,0.7309708595275879,0.19536329805850983,0.3786338269710541,0.0403594970703125,0.0150299072265625,0.48736572265625,1,2.264892578125,29.663406372070312
0.5007926659919696,0.4977447143045688,0.0023905298456287382,0.4268516725164678,0.15817032733023292,0.332367867231369,0.33147627115249634,0.33615586161613464,0.36631572246551514,0.2736201584339142,0.3600641191005707,0.796078431372549,0.17254901960784313,0.4414596041358868,0.6874627470970154,0.0025787353515625,0.004669189453125,ygo4_0094,Clear Phantom,Monster,Fiend,,Clear,0.2119598388671875,0.1924046277999878,0.22282621264457703,1.1581124067306519,0.33770066499710083,0.3307177424430847,0.33158159255981445,0.8317605406045914,0.46005508303642273,0.1696501523256302,0.3702947497367859,0.535602867603302,0.2299308031797409,0.3840288519859314,0.239898681640625,0.108062744140625,0.1390838623046875,8,17.472076416015625,-2.7030181884765625
0.45402707198041,0.5015667143838873,0.04599961635334674,0.39748100349673926,0.10987455894701643,0.3247944712638855,0.34731990098953247,0.3278854787349701,0.37348127365112305,0.3640381097793579,0.2624805271625519,0.7254901960784313,0.9803921568627451,0.530681121675465,0.6125646233558655,0.123779296875,0.53875732421875,ygo4_0095,Singularity Fiend,Monster,Fiend,,,0.168792724609375,0.21188431978225708,0.14484772086143494,0.6836169362068176,0.3561742901802063,0.35029831528663635,0.29352739453315735,0.8655016124248505,0.2606663703918457,0.2977926731109619,0.44154092669487,0.26076740026474,0.1359914243221283,0.5325305461883545,0.400238037109375,0.3638916015625,0.00201416015625,11,11.084823608398438,-2.6516571044921875
0.5071816589225793,0.47475883732394586,0.026242951779845404,0.38846232089489585,0.17111682351381652,0.339011549949646,0.3951694071292877,0.26581907272338867,0.3105386793613434,0.35129788517951965,0.33816343545913696,0.8235294117647058,0.08627450980392157,0.5252047805521214,0.5952590703964233,0.01849365234375,0.05487060546875,ygo4_0096,Fiendsmith Engraver,Monster,Fiend,,Fiendsmith,0.23089599609375,0.26733309030532837,0.21064874529838562,0.7879636287689209,0.32566747069358826,0.3730504810810089,0.30128204822540283,0.7631394267082214,0.2689521312713623,0.21758443117141724,0.5134634375572205,0.3770596981048584,0.22865159809589386,0.35857853293418884,0.199249267578125,0.2449493408203125,0.0538482666015625,0,16.0223388671875,6.4650421142578125
0.5090159813845172,0.5097670496161972,0.013292222482761084,0.40611140742996166,0.16604983054199585,0.31720733642578125,0.34828582406044006,0.3345068395137787,0.3164874315261841,0.33200186491012573,0.3515107035636902,0.3333333333333333,0.5372549019607843,0.17077969872875826,0.6287538409233093,0.018829345703125,0.117279052734375,ygo4_0097,Fiendsmith's Desirae,Monster,Fiend,,Fiendsmith,0.266326904296875,0.26916998624801636,0.26474708318710327,0.9835683703422546,0.34439095854759216,0.3370574116706848,0.318551629781723,0.7691160887479782,0.264072448015213,0.24865102767944336,0.48727652430534363,0.42066073417663574,0.24178779125213623,0.46830862760543823,0.3466949462890625,0.2054443359375,0.0973968505859375,2,6.4879608154296875,22.552322387695312
0.4924016723178269,0.5324421371374117,0.033320066710742155,0.40007341970550625,0.10478019565761605,0.2886849343776703,0.33755403757095337,0.3737611174583435,0.33670029044151306,0.34115633368492126,0.3221433460712433,0.6980392156862745,0.6862745098039216,0.27187814173325153,0.6212440729141235,0.0247650146484375,0.0926513671875,ygo4_0098,Fiendsmith's Lacrima,Monster,Fiend,,Fiendsmith,0.257720947265625,0.26442819833755493,0.2539938688278198,0.9605400562286377,0.32628774642944336,0.3429248034954071,0.33078745007514954,0.7550559788942337,0.1786385327577591,0.3798763155937195,0.44148513674736023,0.43274086713790894,0.22613665461540222,0.39264073967933655,0.26556396484375,0.16259765625,0.0675048828125,11,27.54541015625,6.7705078125
0.4989312604097471,0.461212250245446,0.03880247073748885,0.37480016363294205,0.1339449936871066,0.3767639100551605,0.3579927980899811,0.2652433216571808,0.28609809279441833,0.429173082113266,0.2847287952899933,0.5647058823529412,0.403921568627451,0.11583572931562297,0.5392881035804749,0.0090484619140625,0.0157012939453125,ygo4_0099,Fiendsmith's Requiem,Monster,Fiend,,Fiendsmith,0.1665802001953125,0.23730188608169556,0.1272817850112915,0.5363706946372986,0.41632315516471863,0.3795914649963379,0.2040853649377823,0.8231451362371445,0.32090139389038086,0.22385796904563904,0.4552406072616577,0.376793771982193,0.1864618957042694,0.3282100558280945,0.1075439453125,0.178924560546875,0.0309295654296875,8,19.1240234375,-11.280975341796875
0.492589577325661,0.5424482910032642,0.04309027469522743,0.38899748232419495,0.17670200726148283,0.26949408650398254,0.3434988856315613,0.38700705766677856,0.31126803159713745,0.3935798406600952,0.2951521873474121,0.7843137254901961,0.9686274509803922,0.5481295305988306,0.6000722646713257,0.023681640625,0.04840087890625,ygo4_0100,Fiendsmith's Sequence,Monster,Fiend,,Fiendsmith,0.2524566650390625,0.29163995385169983,0.23068341612815857,0.7909870147705078,0.2909640371799469,0.35569658875465393,0.35333937406539917,0.8617923557758331,0.19489026069641113,0.295447438955307,0.5096622705459595,0.36366668343544006,0.23082733154296875,0.5570710897445679,0.4891510009765625,0.2791900634765625,0.0534820556640625,11,34.26530456542969,5.1191864013671875
0.5075742394851032,0.5146342223884998,0.016478154286623352,0.41377908648973544,0.1741422891278934,0.31596553325653076,0.3282611668109894,0.35577332973480225,0.33170101046562195,0.3139137327671051,0.35438522696495056,0.8470588235294118,1.0,0.6086458962234276,0.6481912136077881,0.0284271240234375,0.05859375,ygo4_0101,Mimighoul Archfiend,Monster,Fiend,,Archfiend,0.2942352294921875,0.2792515754699707,0.30256131291389465,1.0834721326828003,0.3394699990749359,0.3340247869491577,0.32650521397590637,0.7759598046541214,0.2665003538131714,0.28812146186828613,0.4453781545162201,0.34437137842178345,0.21221062541007996,0.3025038242340088,0.071380615234375,0.3007965087890625,0.0242767333984375,8,8.299072265625,-8.002593994140625
0.5065455789804488,0.4614404539242527,0.03911116461775298,0.38271420005882245,0.06417152508223875,0.3758244216442108,0.3467606008052826,0.2774149477481842,0.29229238629341125,0.38951820135116577,0.3181893527507782,0.6941176470588235,0.0784313725490196,0.46411396073653877,0.5829596519470215,0.012451171875,0.029754638671875,ygo4_0102,Moon of the Closed Heaven,Monster,Fiend,,,0.1774444580078125,0.2458028942346573,0.1394592523574829,0.5673620700836182,0.3614240288734436,0.3953908383846283,0.2431851476430893,0.7965182363986969,0.2822299301624298,0.21991176903247833,0.49785828590393066,0.42797449231147766,0.20870158076286316,0.27443182468414307,0.0323333740234375,0.1530303955078125,0.0410919189453125,7,4.697540283203125,-8.030853271484375
0.45856279145360185,0.5011411171220215,0.041452917875631656,0.4146273266916554,0.2709216048455672,0.33991456031799316,0.3120146691799164,0.34807083010673523,0.3900062143802643,0.31290900707244873,0.29708483815193176,0.3176470588235294,0.7333333333333333,0.29613685957704383,0.6643646359443665,0.0048980712890625,0.00933837890625,ygo4_0103,Fiendsmith's Agnumday,Monster,Fiend,,Fiendsmith,0.2716064453125,0.2855311930179596,0.2638687789440155,0.9241329431533813,0.3124718964099884,0.3427528142929077,0.3447752892971039,0.7336394786834717,0.547675371170044,0.14469043910503387,0.307634174823761,0.4059481918811798,0.2379876971244812,0.2853635251522064,0.19110107421875,0.1973876953125,0.0957489013671875,11,14.438919067382812,2.73785400390625
0.49263498753359397,0.46862404171912125,0.032228778547654574,0.40429005573363197,0.05040649068540716,0.36496710777282715,0.3506164848804474,0.2844163775444031,0.3405866324901581,0.345437616109848,0.3139756917953491,0.6862745098039216,0.30980392156862746,0.2662193480071726,0.6221122145652771,0.013671875,0.038818359375,ygo4_0104,Goblin Bikers Gone Wild,Monster,Fiend,,Goblin,0.267852783203125,0.2628903388977051,0.2706103026866913,1.0293657779693604,0.3688617944717407,0.3314914107322693,0.29964679479599,0.7338064014911652,0.3079087436199188,0.23657509684562683,0.45551612973213196,0.5004294514656067,0.2726346552371979,0.3706376552581787,0.1606903076171875,0.1526947021484375,0.204925537109375,0,12.441970825195312,12.313247680664062
0.5256477824871018,0.4945288624423754,0.026224837324188184,0.39226908736142296,0.23967065288858255,0.3279324173927307,0.3569331169128418,0.3151344656944275,0.27687329053878784,0.36643457412719727,0.3566921651363373,0.9725490196078431,0.9176470588235294,0.630659687689231,0.5952540636062622,0.00823974609375,0.02099609375,ygo4_0105,Lacrima the Crimson Tears,Monster,Fiend,,Fiendsmith,0.233154296875,0.2801486551761627,0.20704060792922974,0.7390384078025818,0.28115183115005493,0.3910994827747345,0.32774868607521057,0.7281507253646851,0.2720123827457428,0.25931447744369507,0.46867313981056213,0.3881562650203705,0.23694182932376862,0.38017240166664124,0.1832275390625,0.2693023681640625,0.065155029296875,11,16.693618774414062,-0.1917266845703125
0.5122028664572672,0.4869844840835178,0.017841345362558804,0.3966438205795054,0.1446426621308476,0.34726351499557495,0.35006070137023926,0.302675724029541,0.3107295036315918,0.34429898858070374,0.34497150778770447,0.40784313725490196,0.8117647058823529,0.325100167925101,0.6062158346176147,0.0040435791015625,0.009918212890625,ygo4_0106,Zoa the Fiendish Beast,Monster,Fiend,,,0.236785888671875,0.27258747816085815,0.21689178049564362,0.7956777215003967,0.35159170627593994,0.38213688135147095,0.2662714123725891,0.7612721174955368,0.20461700856685638,0.2460874617099762,0.5492955446243286,0.4087974429130554,0.257718950510025,0.528301477432251,0.38824462890625,0.2588958740234375,0.0894927978515625,1,4.3157958984375,7.7696533203125
0.5013658920404527,0.5134955896829938,0.013564534712178694,0.395515820728274,0.1908371079536092,0.3173859417438507,0.31012943387031555,0.37248462438583374,0.29925277829170227,0.40243250131607056,0.29831475019454956,0.6078431372549019,0.792156862745098,0.31142539187105095,0.591539204120636,0.040924072265625,0.113616943359375,ygo4_0107,Evil HERO Darkest Knight,Monster,Fiend,,Evil HERO,0.25982666015625,0.2798496186733246,0.2487003654241562,0.8886929154396057,0.324348121881485,0.34067419171333313,0.3349776864051819,0.8003281503915787,0.30266648530960083,0.19814158976078033,0.49919191002845764,0.3394763469696045,0.22729916870594025,0.41788917779922485,0.196746826171875,0.3462982177734375,0.051025390625,8,9.613128662109375,-19.266647338867188
0.5113220794158759,0.4789220714639965,0.023926315087540572,0.3906225235385305,0.17775996047509135,0.35077086091041565,0.3569331169128418,0.29229608178138733,0.2973358929157257,0.36588120460510254,0.33678296208381653,0.5058823529411764,0.36470588235294116,0.13542193450848636,0.5916702747344971,0.099090576171875,0.3443603515625,ygo4_0108,Evil HERO Infernal Rider,Monster,Fiend,,Evil HERO,0.208526611328125,0.2880088984966278,0.1643601506948471,0.5706773400306702,0.3185277283191681,0.37553051114082336,0.30594176054000854,0.8193660974502563,0.28450122475624084,0.20606736838817596,0.5094314217567444,0.2687765955924988,0.16249601542949677,0.4291244149208069,0.2483062744140625,0.42169189453125,0.0022125244140625,11,13.6802978515625,-4.3585357666015625
0.5301800218115704,0.5014908691441495,0.03021682325049812,0.4032878843826548,0.23995072939737516,0.3289135694503784,0.3305390775203705,0.3405473828315735,0.2827056050300598,0.34113895893096924,0.3761555254459381,0.7215686274509804,0.8431372549019608,0.4084554227478986,0.6375722885131836,0.0248870849609375,0.051361083984375,ygo4_0109,Evil HERO Inferno Wing - Backfire,Monster,Fiend,,Evil HERO,0.215087890625,0.24392327666282654,0.1990647315979004,0.8160956501960754,0.3564841151237488,0.34754541516304016,0.29597049951553345,0.7412596344947815,0.38058269023895264,0.17579706013202667,0.4436202645301819,0.3434400260448456,0.22723068296909332,0.5216180682182312,0.4823455810546875,0.3551177978515625,0.05511474609375,8,11.207321166992188,-11.555130004882812
0.5047893601089706,0.4924720312855177,0.008922347405230475,0.3925785606430726,0.07900727789296634,0.34425050020217896,0.3350837528705597,0.32066574692726135,0.29982852935791016,0.36986854672431946,0.3303029537200928,0.2627450980392157,0.30980392156862746,0.30407965527982006,0.5834318399429321,0.0019378662109375,0.003662109375,ygo4_0110,Evil HERO Neos Lord,Monster,Fiend,,Evil HERO,0.2415313720703125,0.2672903537750244,0.22721770405769348,0.8500782251358032,0.3514435589313507,0.29654431343078613,0.35201212763786316,0.7164656221866608,0.3525802493095398,0.178857684135437,0.4685620963573456,0.40899205207824707,0.2746927738189697,0.5250023603439331,0.4061126708984375,0.3170166015625,0.0894317626953125,1,10.382980346679688,16.94830322265625
0.508628199044987,0.4965242895154664,0.009301955822955281,0.4069320400143798,0.21992189419926758,0.33222994208335876,0.33717265725135803,0.33059749007225037,0.3266105055809021,0.32641851902008057,0.3469710946083069,0.2823529411764706,0.4666666666666667,0.22018481629223208,0.6165862679481506,0.0187530517578125,0.0537109375,ygo4_0111,Evil HERO Toxic Bubble,Monster,Fiend,,Evil HERO,0.2660980224609375,0.27352726459503174,0.26196974515914917,0.9577463865280151,0.3454326391220093,0.34657949209213257,0.30798783898353577,0.734391987323761,0.2783454954624176,0.22020882368087769,0.5014456510543823,0.40583711862564087,0.226670041680336,0.4639299809932709,0.2434234619140625,0.193359375,0.0667724609375,8,19.832550048828125,-28.755462646484375
0.4967832573190733,0.5067155626124346,0.007446221503341431,0.39543195754142296,0.18682586713350774,0.3258975148200989,0.3371235728263855,0.33697885274887085,0.3252158761024475,0.3551517724990845,0.319632351398468,0.5607843137254902,0.14901960784313725,0.35620495290445353,0.6154304146766663,0.0404510498046875,0.089111328125,ygo4_0112,Fiendsmith's Rextremende,Monster,Fiend,,Fiendsmith,0.2814788818359375,0.31415268778800964,0.2633228003978729,0.838200032711029,0.30395185947418213,0.36477476358413696,0.3312733769416809,0.7455182373523712,0.16678525507450104,0.44302019476890564,0.3901945650577545,0.4670383334159851,0.23758657276630402,0.3486311733722687,0.19268798828125,0.10845947265625,0.12237548828125,11,24.073745727539062,3.2574615478515625
0.4619852467200795,0.48774914084233545,0.03994001773953235,0.41182567643516316,0.29028728960978284,0.34459859132766724,0.34403571486473083,0.3113657534122467,0.3953474164009094,0.3066985309123993,0.29795414209365845,0.8352941176470589,0.3215686274509804,0.37981561321047186,0.6642847657203674,0.0104217529296875,0.02691650390625,ygo4_0113,Goblin Bikers Gone Bonkers,Monster,Fiend,,Goblin,0.2155609130859375,0.21589986979961395,0.21537256240844727,0.9975575804710388,0.3292277157306671,0.3572591543197632,0.3135131299495697,0.6556448042392731,0.24490851163864136,0.29785460233688354,0.4572368860244751,0.4320727288722992,0.25718453526496887,0.2984001040458679,0.083648681640625,0.2239532470703125,0.1104278564453125,0,3.23114013671875,7.0634307861328125
0.49072804855801944,0.5317367916817618,0.03306346971801342,0.4108959285621577,0.17360278829305822,0.2932172119617462,0.3210207223892212,0.3857620060443878,0.3632694482803345,0.29428520798683167,0.3424452543258667,0.09019607843137255,0.8745098039215686,0.5551547958600354,0.6616656184196472,0.049957275390625,0.10894775390625,ygo4_0114,Earthbound Immortal Red Nova,Monster,Fiend,,Earthbound,0.2054290771484375,0.19778718054294586,0.20967550575733185,1.0601065158843994,0.27267324924468994,0.33120402693748474,0.39612269401550293,0.7759018838405609,0.30783048272132874,0.22593532502651215,0.4662342071533203,0.365060031414032,0.22419708967208862,0.5357517600059509,0.437042236328125,0.2622222900390625,0.05682373046875,10,28.549911499023438,-12.977386474609375
0.515606807973735,0.47959562885817575,0.02568872937344994,0.3990121906498341,0.2177366065259636,0.36571529507637024,0.3334439694881439,0.30084070563316345,0.2967008054256439,0.3639058470726013,0.3393932282924652,0.6470588235294118,0.24313725490196078,0.2959810254005397,0.6109991073608398,0.0412445068359375,0.140625,ygo4_0115,The Duke of Demise,Monster,Fiend,,,0.1932830810546875,0.2348669320344925,0.17017589509487152,0.7245630025863647,0.3764111399650574,0.329201877117157,0.29438698291778564,0.8119539171457291,0.30877751111984253,0.2075153887271881,0.48370712995529175,0.378582239151001,0.19370421767234802,0.5666802525520325,0.4593658447265625,0.1944580078125,0.02606201171875,0,21.00018310546875,2.0247650146484375
0.4990746108897276,0.5034780279468203,0.0035990308979326176,0.3885216284218628,0.0445377397954157,0.3038947284221649,0.37869101762771606,0.3174143433570862,0.32030773162841797,0.3462769687175751,0.33341535925865173,0.7450980392156863,0.49019607843137253,0.2452940392783687,0.5840726494789124,0.09527587890625,0.2618408203125,ygo4_0116,Dipity,Monster,Fiend,,,0.19000244140625,0.23435430228710175,0.16535712778568268,0.7055860161781311,0.3226791024208069,0.3336010277271271,0.34371986985206604,0.6804094016551971,0.28587815165519714,0.26672109961509705,0.44740068912506104,0.5523325204849243,0.26630908250808716,0.40088507533073425,0.197845458984375,0.084808349609375,0.24517822265625,7,3.732208251953125,-11.392181396484375
0.48952707034311804,0.4613447220638124,0.040048879733669336,0.35224645395035853,0.47372743999955164,0.35145166516304016,0.4173969328403473,0.23115137219429016,0.259787380695343,0.5080602169036865,0.23215237259864807,0.6431372549019608,0.2901960784313726,0.2539802339680072,0.434969961643219,0.1953277587890625,0.5080108642578125,ygo4_0117,"Keaf, Murk of the Ghoti",Monster,Fish,,Ghoti,0.108123779296875,0.21713870763778687,0.04754670336842537,0.21896925568580627,0.4283093512058258,0.4700818657875061,0.10160880535840988,0.9153206646442413,0.256633460521698,0.204888254404068,0.5384782552719116,0.2637030780315399,0.2243368923664093,0.5196143388748169,0.48394775390625,0.5733642578125,0.0468292236328125,7,3.5754241943359375,-13.092514038085938
0.48912279704225287,0.4856953130086803,0.017970465049732414,0.38293978376673876,0.34517789457644327,0.31937935948371887,0.38927552103996277,0.2913450598716736,0.3314703702926636,0.37669336795806885,0.2918362021446228,0.26666666666666666,0.4235294117647059,0.24554469106355437,0.550666332244873,0.1670074462890625,0.815185546875,ygo4_0118,"Psiics, Moonlight of the Ghoti",Monster,Fish,,Ghoti,0.211883544921875,0.29283609986305237,0.16690008342266083,0.5699436664581299,0.29130059480667114,0.40760478377342224,0.3010946214199066,0.7568176239728928,0.3365919291973114,0.18508994579315186,0.47831812500953674,0.3585702180862427,0.24288825690746307,0.506132960319519,0.394195556640625,0.339019775390625,0.0699920654296875,7,10.678939819335938,-23.381927490234375
0.534104776882579,0.5146477670953689,0.03711728555660641,0.392750221810259,0.10157245655455685,0.2858600616455078,0.39039066433906555,0.32374921441078186,0.2810027599334717,0.3373708724975586,0.38162633776664734,0.5607843137254902,0.7176470588235294,0.22597560711194403,0.5998952388763428,0.0125732421875,0.0250701904296875,ygo4_0119,White Sardine,Monster,Fish,,White,0.1911773681640625,0.24413686990737915,0.1617489904165268,0.6625339984893799,0.28190597891807556,0.3979567289352417,0.32013729214668274,0.5955599844455719,0.1585363745689392,0.3837639391422272,0.4576996862888336,0.574778139591217,0.2742595076560974,0.3349209427833557,0.1836700439453125,0.132354736328125,0.2644195556640625,6,-4.9993438720703125,-12.482513427734375
0.47669848762208256,0.4958692357646342,0.02366481971759804,0.40546180302421403,0.04842444283103843,0.34954744577407837,0.33090123534202576,0.31955134868621826,0.35644441843032837,0.3387818932533264,0.30477362871170044,0.8509803921568627,0.25882352941176473,0.4258559916732217,0.6444595456123352,0.0080718994140625,0.010711669921875,ygo4_0120,White Sunfish,Monster,Fish,,White,0.1377105712890625,0.14259472489356995,0.13499656319618225,0.9467148780822754,0.3847091495990753,0.2917451560497284,0.3235456943511963,0.7635903805494308,0.22265291213989258,0.37669625878334045,0.40065082907676697,0.5104601383209229,0.23683150112628937,0.37811416387557983,0.0985565185546875,0.1363677978515625,0.0921478271484375,6,-6.52093505859375,-7.0701446533203125
0.4928943156601512,0.5200851067249089,0.02130498209547604,0.38941708879563997,0.018513384320444644,0.2933354377746582,0.35633739829063416,0.3503272235393524,0.3030412793159485,0.40112027525901794,0.29583853483200073,0.48627450980392156,0.6509803921568628,0.15160299435355065,0.5886276364326477,0.1631011962890625,0.685546875,ygo4_0121,Armored Shark,Monster,Fish,,Xyz,0.2804718017578125,0.26904183626174927,0.28682318329811096,1.0660914182662964,0.28643709421157837,0.35183069109916687,0.36173221468925476,0.7216136157512665,0.3835856318473816,0.19244761765003204,0.42396676540374756,0.49986907839775085,0.24497227370738983,0.5470561385154724,0.4876251220703125,0.1168670654296875,0.1689910888671875,7,10.142730712890625,-21.047561645507812
0.4758228221294538,0.5218552538184279,0.03259122656869384,0.40392035799361764,0.08828154590785417,0.30210596323013306,0.3320472240447998,0.36584678292274475,0.3664298355579376,0.3312963843345642,0.3022737503051758,0.34901960784313724,0.4627450980392157,0.1555088632070459,0.6371175646781921,0.01861572265625,0.072784423828125,ygo4_0122,Drake Shark,Monster,Fish,,Shark,0.1907958984375,0.1996667981147766,0.1858665496110916,0.930883526802063,0.27559182047843933,0.3326135575771332,0.3917946219444275,0.7466236650943756,0.36603233218193054,0.1901053637266159,0.44386231899261475,0.4974345862865448,0.2295001596212387,0.4790322184562683,0.2949676513671875,0.1025238037109375,0.109222412109375,6,-0.18060302734375,-12.044784545898438
0.4976767705594465,0.4929591328445239,0.0074142568969868105,0.4141803501146749,0.18260745217908642,0.3411119282245636,0.32628291845321655,0.33260518312454224,0.3466244041919708,0.31537097692489624,0.3380046486854553,0.14901960784313725,0.9333333333333333,0.5576423705712855,0.6575745344161987,0.0229339599609375,0.0670166015625,ygo4_0123,Surfacing Big Jaws,Monster,Fish,,,0.2594146728515625,0.24345336854457855,0.26828399300575256,1.1019933223724365,0.35244986414909363,0.3082759976387024,0.33927416801452637,0.7050453424453735,0.2833479642868042,0.2707124650478363,0.4459395706653595,0.6064692139625549,0.2701306641101837,0.44113627076148987,0.338348388671875,0.0931396484375,0.2933502197265625,6,-2.594329833984375,-18.63519287109375
0.5043580242805402,0.48336356405667485,0.017197772429187998,0.4235766891337491,0.08830533442689889,0.365462064743042,0.31692811846733093,0.3176096975803375,0.3299146294593811,0.328637957572937,0.3414473235607147,0.34509803921568627,0.9725490196078431,0.4972898484658206,0.6688737869262695,0.0799713134765625,0.90625,ygo4_0124,Jongleur-Ghoul Illusionist,Monster,Illusion,,,0.268218994140625,0.27579137682914734,0.2640112042427063,0.9572859406471252,0.3487882614135742,0.33832064270973206,0.3128911256790161,0.752482458949089,0.30130743980407715,0.35433074831962585,0.344361811876297,0.4495737552642822,0.2741273045539856,0.3963770568370819,0.327606201171875,0.23284912109375,0.128387451171875,8,8.98052978515625,11.861770629882812
0.5075804231192811,0.49231323918937053,0.010795791144106124,0.4070341680345989,0.20791044409773712,0.34257084131240845,0.3408581614494324,0.31657105684280396,0.305259644985199,0.3602651357650757,0.3344752788543701,0.27450980392156865,0.2980392156862745,0.302711061786821,0.6335643529891968,0.0047454833984375,0.0072479248046875,ygo4_0125,Mokomoko,Monster,Illusion,,,0.1672210693359375,0.1472083330154419,0.17834168672561646,1.2114917039871216,0.3559631407260895,0.28916871547698975,0.3548681437969208,0.8654897660017014,0.26966622471809387,0.2943812310695648,0.4359525442123413,0.33481672406196594,0.1575309783220291,0.3361217975616455,0.0456390380859375,0.1925048828125,0.0144805908203125,8,0.4944610595703125,3.1590423583984375
0.5050378438587355,0.4889961630431906,0.01210224353238041,0.40657471454023036,0.02013676260044779,0.3496026396751404,0.3343215882778168,0.31607574224472046,0.316892147064209,0.34071028232574463,0.3423975706100464,0.6470588235294118,0.9176470588235294,0.44278139450726617,0.6311899423599243,0.0258331298828125,0.08087158203125,ygo4_0126,Diabellze the Original Sinkeeper,Monster,Illusion,,,0.297821044921875,0.3202614486217499,0.285351425409317,0.8909952640533447,0.3125832676887512,0.3543395698070526,0.33307716250419617,0.7782345116138458,0.29142698645591736,0.2519434094429016,0.4566296339035034,0.5741467475891113,0.20712918043136597,0.2715515196323395,0.047882080078125,0.0336151123046875,0.16705322265625,7,4.4965972900390625,-6.459747314453125
0.514422329393512,0.4860556578709096,0.02006111319314271,0.39608804448703,0.15193442375012123,0.3358951210975647,0.3644947409629822,0.29961010813713074,0.30588844418525696,0.3487933278083801,0.3453182280063629,0.47843137254901963,0.23137254901960785,0.2694919537024105,0.6115775108337402,0.0337066650390625,0.09307861328125,ygo4_0127,Golgoil the Steel Seismic Smasher,Monster,Illusion,,Djinn,0.2120513916015625,0.22640864551067352,0.20407339930534363,0.9013497829437256,0.3045981228351593,0.3357559144496918,0.3596459627151489,0.7315574586391449,0.2962455153465271,0.2692079246044159,0.4345465898513794,0.3925897181034088,0.24613596498966217,0.2961028516292572,0.13568115234375,0.2643280029296875,0.0703277587890625,6,3.2431488037109375,-2.6504364013671875
0.4983258903642593,0.47664751428909635,0.023412416192064394,0.3834611179945766,0.10956595041738937,0.3435705304145813,0.3689231872558594,0.28750622272491455,0.3037327826023102,0.40116193890571594,0.2951051890850067,0.48627450980392156,0.5568627450980392,0.05849581917716197,0.5717024803161621,0.0895843505859375,0.338623046875,ygo4_0128,Nightmare Apprentice,Monster,Illusion,,,0.2620697021484375,0.30001282691955566,0.24098558723926544,0.8032509684562683,0.33205240964889526,0.3967394530773163,0.27120813727378845,0.7798445224761963,0.2809877395629883,0.2300216108560562,0.4889906346797943,0.5793478488922119,0.2420070320367813,0.24646836519241333,0.0698699951171875,0.076812744140625,0.231353759765625,6,1.0053253173828125,-6.8623504638671875
0.4875584066959225,0.49316159881381677,0.014197076273911423,0.3857780905612368,0.011063026936310552,0.337332546710968,0.34639158844947815,0.31627586483955383,0.32350659370422363,0.384805291891098,0.2916881740093231,0.3176470588235294,0.26666666666666666,0.2961368595770439,0.5816203951835632,0.03521728515625,0.1285400390625,ygo4_0129,"Diabell, Queen of the White Forest",Monster,Illusion,,White Forest,0.2738189697265625,0.29138365387916565,0.2640586793422699,0.9062233567237854,0.3336862623691559,0.3309556841850281,0.33535802364349365,0.7315623462200165,0.23070915043354034,0.289120614528656,0.48017024993896484,0.5727286338806152,0.24230389297008514,0.15442690253257751,0.0202789306640625,0.057891845703125,0.22552490234375,8,3.3471527099609375,-6.0442657470703125
0.5081865340324075,0.47890017409951874,0.022632321853808698,0.39215359108515635,0.036637466575729374,0.3419322967529297,0.3782269060611725,0.27984073758125305,0.3038448691368103,0.35990872979164124,0.3362463414669037,0.5529411764705883,0.34509803921568627,0.16369907031170042,0.5875920057296753,0.04302978515625,0.156890869140625,ygo4_0130,Fiend Reflection of the Millennium,Monster,Illusion,,Millennium,0.213897705078125,0.27109232544898987,0.18211598694324493,0.671785831451416,0.3127407729625702,0.4205307364463806,0.2667284905910492,0.8537163287401199,0.32946714758872986,0.24928832054138184,0.4212445020675659,0.5300827622413635,0.20119377970695496,0.5040838718414307,0.3638458251953125,0.047943115234375,0.110748291015625,7,0.0653076171875,-0.5078277587890625
0.4998052520065589,0.46627348767615273,0.03372707458869759,0.4076804285050481,0.3452556091574271,0.35170167684555054,0.3633815050125122,0.28491681814193726,0.33781009912490845,0.3218417465686798,0.34034809470176697,0.43137254901960786,0.4549019607843137,0.08211918271126244,0.6389713287353516,0.0054473876953125,0.0126953125,ygo4_0131,Heretical Phobos Covos,Monster,Illusion,,,0.283477783203125,0.2838224470615387,0.2832862436771393,0.9981107711791992,0.3374421298503876,0.35590484738349915,0.3066530227661133,0.961503691971302,0.3359917104244232,0.16522791981697083,0.49878039956092834,0.2869618833065033,0.22584445774555206,0.3337985873222351,0.02685546875,0.4173431396484375,0.0529022216796875,7,3.8661956787109375,1.010009765625
0.496906755361801,0.4910349849528573,0.009483652101761315,0.3914354057882327,0.046269047075543426,0.3277302086353302,0.3723347783088684,0.299934983253479,0.3161740005016327,0.3705211579799652,0.3133048415184021,0.6078431372549019,0.592156862745098,0.1418556646877327,0.5728433728218079,0.16217041015625,0.5679931640625,ygo4_0132,Maiden of the Millennium Moon,Monster,Illusion,,Millennium,0.2477264404296875,0.2712631821632385,0.23464761674404144,0.8650183081626892,0.3114875257015228,0.35953187942504883,0.32898059487342834,0.7907275557518005,0.3864248991012573,0.19073021411895752,0.42284485697746277,0.5263500213623047,0.23852217197418213,0.3349847197532654,0.1567230224609375,0.118072509765625,0.145599365234375,8,14.043914794921875,-12.9217529296875
0.4992923029978385,0.4700134968293749,0.02999485301595557,0.393363773537672,0.21440485946367288,0.3694811761379242,0.33588099479675293,0.2946377694606781,0.3037791848182678,0.39488914608955383,0.30133160948753357,0.4392156862745098,0.48627450980392156,0.062314700321845905,0.6011844873428345,0.013153076171875,0.028778076171875,ygo4_0133,Mementomictlan Tecuhtlica - Creation King,Monster,Illusion,,Memento,0.3081207275390625,0.3134264647960663,0.3051724433898926,0.973665177822113,0.36210566759109497,0.3070370852947235,0.33085721731185913,0.7817947715520859,0.33440279960632324,0.18012847006320953,0.48546871542930603,0.3975151777267456,0.2255648672580719,0.3740636706352234,0.230560302734375,0.2109832763671875,0.0643768310546875,0,11.521438598632812,10.01580810546875
0.49681632613489973,0.47205504108234075,0.028125726802857656,0.40201969186019665,0.3769546803100859,0.3531590402126312,0.35658207535743713,0.2902590334415436,0.32547423243522644,0.35166144371032715,0.3228645324707031,0.18823529411764706,0.06666666666666667,0.5338305064453397,0.6202166080474854,0.009857177734375,0.0247802734375,ygo4_0134,Silhouhatte Rabbit,Monster,Illusion,,,0.1677703857421875,0.187150239944458,0.15700145065784454,0.8389058709144592,0.33215096592903137,0.40027284622192383,0.2675761580467224,0.7109380960464478,0.23874786496162415,0.279915452003479,0.4813366234302521,0.3308970034122467,0.2666046917438507,0.487343966960907,0.4629364013671875,0.4178314208984375,0.098785400390625,8,10.497314453125,-3.9404449462890625
0.4867323249701837,0.45609808447276357,0.045862941332380926,0.3912051817997271,0.2286053236136887,0.3891216516494751,0.36055612564086914,0.25032225251197815,0.3510322868824005,0.33462026715278625,0.31434744596481323,0.16470588235294117,0.3803921568627451,0.3559890187473006,0.5885014533996582,0.048004150390625,0.111328125,ygo4_0135,Azamina Ilia Silvia,Monster,Illusion,,Azamina,0.2520751953125,0.2977060079574585,0.2267192006111145,0.7615540027618408,0.3538740873336792,0.3856537640094757,0.2604721486568451,0.8253563940525055,0.2937718629837036,0.21281270682811737,0.4934154748916626,0.2832203805446625,0.17689204216003418,0.4801839590072632,0.3756561279296875,0.369842529296875,0.00677490234375,11,14.419448852539062,4.796783447265625
0.5119127632320449,0.49251842078150754,0.014067265385473465,0.39188473080080416,0.19767630520455806,0.3236043155193329,0.37014004588127136,0.306255578994751,0.2974867522716522,0.3674961030483246,0.3350171148777008,0.9921568627450981,0.807843137254902,0.5805047585524495,0.5861002206802368,0.010772705078125,0.0333251953125,ygo4_0136,Azamina Moa Regina,Monster,Illusion,,Azamina,0.253326416015625,0.2642146050930023,0.24727609753608704,0.9358910918235779,0.34652450680732727,0.3290567398071289,0.3244187533855438,0.7463522553443909,0.29629313945770264,0.23270025849342346,0.4710066020488739,0.4151957631111145,0.2149164080619812,0.2111039161682129,0.0396575927734375,0.1493988037109375,0.0610198974609375,8,8.094253540039062,-5.9515838623046875
0.5222734694364116,0.5107388802993447,0.024727130662865346,0.4101676403758206,0.21533403295830492,0.3272722065448761,0.326296329498291,0.3464314341545105,0.30902549624443054,0.31741687655448914,0.3735576570034027,0.5411764705882353,0.2627450980392157,0.24080155779090212,0.6627344489097595,0.00347900390625,0.0049591064453125,ygo4_0137,Azamina Mu Rcielago,Monster,Illusion,,Azamina,0.248046875,0.27284377813339233,0.23426781594753265,0.8586152195930481,0.33003199100494385,0.3667568862438202,0.30321112275123596,0.8112708032131195,0.3114250600337982,0.2124101221561432,0.4761648178100586,0.2906438410282135,0.18861135840415955,0.5592024922370911,0.4375,0.381744384765625,0.0129852294921875,11,18.899948120117188,-2.2103424072265625
0.507967115430168,0.47118091803427364,0.029900073806344955,0.38474546385781355,0.15749669403950872,0.34414613246917725,0.39491981267929077,0.26093408465385437,0.2863832116127014,0.3840729594230652,0.3295438289642334,0.4745098039215686,0.4588235294117647,0.04842780013815089,0.5748446583747864,0.1399383544921875,0.39990234375,ygo4_0138,Azamina Sol Erysichthon,Monster,Illusion,,Azamina,0.2441253662109375,0.26271945238113403,0.23379305005073547,0.8898962140083313,0.3606475293636322,0.35920995473861694,0.28014251589775085,0.7922177761793137,0.22833409905433655,0.3017120063304901,0.46995386481285095,0.36385542154312134,0.2032128870487213,0.44861477613449097,0.2013702392578125,0.238006591796875,0.02606201171875,6,-10.17333984375,-6.6231689453125
0.5120721748435884,0.5104502754643125,0.015967017966238412,0.3930471816019967,0.061658100349722654,0.3041170537471771,0.3706633150577545,0.3252194821834564,0.30770546197891235,0.3486504554748535,0.34364399313926697,0.6235294117647059,0.25882352941176473,0.27097159544190635,0.5708019137382507,0.071533203125,0.166534423828125,ygo4_0139,"Elzette, Azamina of the White Forest",Monster,Illusion,,Azamina,0.2795867919921875,0.3141953945159912,0.2603555917739868,0.8286423087120056,0.302188515663147,0.3528352379798889,0.3449762463569641,0.8279728889465332,0.2961447238922119,0.24775315821170807,0.4561021029949188,0.5322667360305786,0.1801598072052002,0.20577332377433777,0.0016326904296875,0.02264404296875,0.088958740234375,7,4.1226959228515625,-10.34881591796875
0.5005474621128776,0.49533549018125245,0.00469652708011236,0.39587868903497175,0.19937964966306665,0.3360544443130493,0.34068503975868225,0.3232605457305908,0.31368815898895264,0.3678729832172394,0.31843891739845276,0.48627450980392156,0.16470588235294117,0.3355749311403377,0.6062191128730774,0.064727783203125,0.18017578125,ygo4_0140,Queen Azamina,Monster,Illusion,,Azamina,0.2845458984375,0.304412841796875,0.2735063135623932,0.8984716534614563,0.30099743604660034,0.34277135133743286,0.3562312424182892,0.8177393227815628,0.2639475464820862,0.2687619626522064,0.467290461063385,0.2773129343986511,0.18115520477294922,0.38187891244888306,0.19757080078125,0.395721435546875,0.008056640625,6,6.31982421875,-1.962921142578125
0.4940142721504194,0.5027454113954938,0.006585303456922254,0.4004221840459724,0.1349057454238379,0.3087703287601471,0.36991751194000244,0.32131215929985046,0.3358261287212372,0.3431263566017151,0.3210475444793701,0.4980392156862745,0.3803921568627451,0.11962391406015409,0.6159335374832153,0.0374298095703125,0.1087188720703125,ygo4_0141,Saint Azamina,Monster,Illusion,,Azamina,0.306060791015625,0.3159468472003937,0.3005673289299011,0.9513224363327026,0.30082759261131287,0.35736364126205444,0.3418087661266327,0.8384844660758972,0.22119355201721191,0.2726005017757416,0.5062059760093689,0.27266788482666016,0.1635449230670929,0.5485202074050903,0.4645843505859375,0.3808441162109375,0.00494384765625,0,9.803863525390625,13.237075805664062
0.4996177169453887,0.4735325416059901,0.026470219004996673,0.39940321730975664,0.25746673709188217,0.34779712557792664,0.38297370076179504,0.2692291736602783,0.3379337191581726,0.31644490361213684,0.3456213176250458,0.7137254901960784,0.36470588235294116,0.25294877629561724,0.6217102408409119,0.0342864990234375,0.113983154296875,ygo4_0142,Ragnaraika Mantis Monk,Monster,Insect,,Ragnaraika,0.26007080078125,0.2826690673828125,0.24751347303390503,0.8756298422813416,0.34839239716529846,0.3601854145526886,0.29142218828201294,0.7924006432294846,0.4190942645072937,0.12772537767887115,0.45318037271499634,0.3745655417442322,0.20971454679965973,0.250760018825531,6.103515625e-05,0.23040771484375,0.0474090576171875,4,-8.241546630859375,9.351425170898438
0.48230367827236326,0.502843375066243,0.017923297254003257,0.38637415068157593,0.047212413413488134,0.3076534569263458,0.3959401249885559,0.2964063882827759,0.33648282289505005,0.36887773871421814,0.2946394383907318,0.796078431372549,0.16470588235294117,0.44730815200792945,0.5684695839881897,0.14642333984375,0.5625,ygo4_0143,Ragnaraika Samurai Beetle,Monster,Insect,,Ragnaraika,0.156890869140625,0.21111539006233215,0.12675955891609192,0.6004278063774109,0.23623809218406677,0.41071775555610657,0.35304415225982666,0.7877044081687927,0.14859382808208466,0.37257763743400574,0.4788285195827484,0.39226531982421875,0.22051191329956055,0.72087162733078,0.8376007080078125,0.2531280517578125,0.0176239013671875,1,16.251739501953125,34.94718933105469
0.5123901670133861,0.46617604090581893,0.03602188844889224,0.39262250152729067,0.24131179852910253,0.350500226020813,0.3652924597263336,0.28420722484588623,0.2940484583377838,0.3810955286026001,0.3248559534549713,0.5058823529411764,0.39215686274509803,0.10800344591310126,0.588822066783905,0.0449371337890625,0.2252197265625,ygo4_0144,Ragnaraika Stag Sovereign,Monster,Insect,,Ragnaraika,0.2472991943359375,0.26690590381622314,0.2364042103290558,0.8857211470603943,0.37107422947883606,0.3228851854801178,0.30604058504104614,0.831768199801445,0.2924027740955353,0.2666029632091522,0.4409942328929901,0.342033714056015,0.1806156486272812,0.27317535877227783,0.002349853515625,0.2261505126953125,0.02874755859375,7,3.6502838134765625,-4.721221923828125
0.49885944527693754,0.46332396091508166,0.036693769335334823,0.38499211936630284,0.08394201473255741,0.35716477036476135,0.37375789880752563,0.2690773606300354,0.30413979291915894,0.3907806873321533,0.30507951974868774,0.6,0.47058823529411764,0.10423555968629028,0.5685325860977173,0.0930328369140625,0.29327392578125,ygo4_0145,Battlewasp - Grand Partisan the Revolution,Monster,Insect,,Battlewasp,0.2171783447265625,0.25857576727867126,0.19417475163936615,0.7509394884109497,0.37680038809776306,0.3933113217353821,0.22988829016685486,0.9190910756587982,0.3031265139579773,0.266927033662796,0.4299464523792267,0.543178915977478,0.2382730096578598,0.3574977219104767,0.21405029296875,0.0774993896484375,0.1663360595703125,5,-1.2439117431640625,-2.694854736328125
0.5005556053278643,0.45963793247909873,0.040365891441192576,0.3751851119419015,0.17430028396610905,0.3607344329357147,0.37181946635246277,0.2674461305141449,0.29520606994628906,0.3887591063976288,0.31603479385375977,0.5019607843137255,0.3686274509803922,0.13138718092353688,0.5274832248687744,0.0766448974609375,0.3588409423828125,ygo4_0146,Battlewasp - Rapier the Onslaught,Monster,Insect,,Battlewasp,0.1566619873046875,0.22008629143238068,0.12141856551170349,0.55168616771698,0.2864517271518707,0.4051816463470459,0.308366596698761,0.8387037068605423,0.24920280277729034,0.2412085086107254,0.5095886588096619,0.3116419315338135,0.17524626851081848,0.3730131983757019,0.2162322998046875,0.2975006103515625,0.0149078369140625,6,3.130340576171875,-8.834213256835938
0.5016634921939465,0.4900817203594096,0.01005681248250511,0.39791866304594,0.004513938635615293,0.35171055793762207,0.3182222247123718,0.3300672471523285,0.31420350074768066,0.3509514629840851,0.33484509587287903,0.7568627450980392,0.9333333333333333,0.5037422432128142,0.5965742468833923,0.0009765625,0.0012359619140625,ygo4_0147,Battlewasp - Sachi the Ceremonial Bow,Monster,Insect,,Battlewasp,0.2330474853515625,0.2558844983577728,0.2203574925661087,0.8611599802970886,0.3521246612071991,0.3549400866031647,0.29293525218963623,0.7185025215148926,0.31963542103767395,0.23240649700164795,0.4479580521583557,0.5521185398101807,0.25106409192085266,0.490064799785614,0.3562469482421875,0.080963134765625,0.19873046875,6,-0.934783935546875,-15.93450927734375
0.49967599400194473,0.5133382351263637,0.01334216984500413,0.4021115462448633,0.2450221202017825,0.32070642709732056,0.3199067711830139,0.35938677191734314,0.3211839497089386,0.35287943482398987,0.3259366452693939,0.47058823529411764,0.6549019607843137,0.1576694940625461,0.6237260699272156,0.017578125,0.066650390625,ygo4_0148,Newbee!,Monster,Insect,,,0.2370758056640625,0.23085138201713562,0.24053457379341125,1.041945457458496,0.3590783178806305,0.30945485830307007,0.33146682381629944,0.7401593327522278,0.3086538016796112,0.2747942805290222,0.41655197739601135,0.637218713760376,0.24139617383480072,0.43712154030799866,0.28375244140625,0.082489013671875,0.30291748046875,0,18.058212280273438,12.138931274414062
0.5073872712059948,0.4857814292236046,0.016023093671144926,0.3895586739713208,0.08305468512950517,0.3564731180667877,0.3151964545249939,0.328330397605896,0.27978482842445374,0.41526657342910767,0.3049485981464386,0.3803921568627451,0.8509803921568627,0.37080085196575713,0.5885159373283386,0.0181121826171875,0.038848876953125,ygo4_0149,Carnot the Eternal Machine,Monster,Machine,,,0.2701263427734375,0.31530606746673584,0.2450210005044937,0.7770894169807434,0.3181946575641632,0.3201717138290405,0.36163362860679626,0.7778485417366028,0.5114443898200989,0.15128037333488464,0.3372752368450165,0.45540714263916016,0.21993283927440643,0.3633047640323639,0.0611114501953125,0.117828369140625,0.0682830810546875,0,6.6293792724609375,16.34234619140625
0.49362424777902975,0.4717818035836139,0.02892951477949386,0.3926294209390015,0.20004216308321573,0.3684083819389343,0.33274927735328674,0.29884234070777893,0.2963162064552307,0.4216969907283783,0.2819867730140686,0.4196078431372549,0.14901960784313725,0.3600696246056162,0.5737400054931641,0.0447998046875,0.16259765625,ygo4_0150,Time Reloader,Monster,Machine,,,0.185150146484375,0.19800077378749847,0.17800934612751007,0.8990335464477539,0.37176528573036194,0.32594361901283264,0.3022910952568054,0.8234876394271851,0.2962082326412201,0.24660444259643555,0.45718732476234436,0.47067055106163025,0.22079750895500183,0.2838980257511139,0.0087127685546875,0.0695648193359375,0.1079864501953125,10,15.048721313476562,-0.391326904296875
0.49667383038332263,0.5317215473273276,0.03189545373809237,0.4156397005989705,0.08161519197777528,0.31139540672302246,0.2883865535259247,0.40021812915802,0.32461559772491455,0.3460880517959595,0.32929638028144836,0.5764705882352941,0.984313725490196,0.49031371137593616,0.6631332039833069,0.004547119140625,0.00604248046875,ygo4_0151,Ancient Gear Dark Golem,Monster,Machine,,Ancient Gear,0.2652740478515625,0.277799129486084,0.2583141326904297,0.9298593997955322,0.31780269742012024,0.30486050248146057,0.3773367702960968,0.7117879092693329,0.29234424233436584,0.2149612456560135,0.4926944971084595,0.4945836663246155,0.26750704646110535,0.23358899354934692,0.0682220458984375,0.1564178466796875,0.162109375,0,5.2125396728515625,8.281494140625
0.5173170631500772,0.48985107421173335,0.020071905011719873,0.4128739660973078,0.1790843464669648,0.3491736650466919,0.32740339636802673,0.3234228789806366,0.3340666890144348,0.29121288657188416,0.37472042441368103,0.8196078431372549,0.2235294117647059,0.42259337376965306,0.6447442770004272,0.120941162109375,0.86212158203125,ygo4_0152,Ancient Gear Tanker,Monster,Machine,,Ancient Gear,0.2018585205078125,0.2073134332895279,0.1988273561000824,0.9590663909912109,0.29896441102027893,0.34651145339012146,0.354524165391922,0.7623499184846878,0.22489812970161438,0.2541821002960205,0.5209197402000427,0.4040879011154175,0.22902026772499084,0.2934490144252777,0.1423187255859375,0.2276153564453125,0.0626983642578125,6,7.568359375,7.39520263671875
0.5095263646915981,0.5053999329416052,0.01095038355543584,0.40454756768259864,0.09767504909508143,0.32736507058143616,0.31867870688438416,0.3539562225341797,0.31466570496559143,0.3350396752357483,0.3502946197986603,0.8627450980392157,0.8352941176470589,0.4939697880237211,0.6381886005401611,0.0849761962890625,0.38623046875,ygo4_0153,Union Controller,Monster,Machine,,,0.25372314453125,0.2158571481704712,0.27476438879966736,1.2728991508483887,0.32673802971839905,0.27002647519111633,0.4032354950904846,0.6938975751399994,0.25573381781578064,0.3009430468082428,0.44332313537597656,0.5322476029396057,0.2697077691555023,0.5445098876953125,0.5227203369140625,0.1399383544921875,0.21038818359375,6,-4.0984344482421875,2.58306884765625
0.507310385618471,0.47852556852919004,0.02268464116721401,0.3892015195756506,0.09806831827585362,0.33701351284980774,0.3824973702430725,0.280489057302475,0.30283838510513306,0.3725932836532593,0.3245682716369629,0.7098039215686275,0.32941176470588235,0.2704034606404586,0.58910071849823,0.0198974609375,0.0494232177734375,ygo4_0154,X-Cross Cannon,Monster,Machine,,A-to-Z,0.260986328125,0.2823273241519928,0.24912764132022858,0.8824071288108826,0.30542564392089844,0.35974040627479553,0.33483394980430603,0.7684668451547623,0.27793022990226746,0.18391813337802887,0.5381516218185425,0.46951067447662354,0.21418781578540802,0.46276456117630005,0.3173065185546875,0.1220703125,0.0771026611328125,7,8.337646484375,-17.034759521484375
0.48915516677202575,0.5079390921448848,0.013440222908402417,0.3983451845066231,0.1002164573975862,0.31505081057548523,0.345557302236557,0.339391827583313,0.3412955105304718,0.3507201671600342,0.30798429250717163,0.2980392156862745,0.25098039215686274,0.3206227120635171,0.6165441870689392,0.0342559814453125,0.0999755859375,ygo4_0155,XYZ-Hyper Dragon Cannon,Monster,Machine,,A-to-Z,0.2669525146484375,0.3026186525821686,0.24713367223739624,0.8166505098342896,0.3298656642436981,0.3485567271709442,0.3215775787830353,0.716137707233429,0.21800470352172852,0.26304322481155396,0.5189520716667175,0.44350525736808777,0.27286699414253235,0.5686418414115906,0.4985504150390625,0.22332763671875,0.1441802978515625,1,11.283660888671875,8.136947631835938
0.5264134517295513,0.49093612331401254,0.02792533424774224,0.3924806632666336,0.16584806018238146,0.31788718700408936,0.3835552930831909,0.2985575795173645,0.28328752517700195,0.3539509177207947,0.36276158690452576,0.8117647058823529,0.8352941176470589,0.45784208758329525,0.6114203929901123,0.1032257080078125,0.4383544921875,ygo4_0156,Z-Zillion Tank,Monster,Machine,,A-to-Z,0.2462921142578125,0.25139904022216797,0.24345432221889496,0.9683979749679565,0.3121863603591919,0.3458274006843567,0.3419862389564514,0.7604121118783951,0.2914232909679413,0.2360103875398636,0.4725663363933563,0.41542625427246094,0.2251928150653839,0.6188446283340454,0.58258056640625,0.20672607421875,0.0623931884765625,1,7.3275604248046875,19.047317504882812
0.519526058228898,0.4883846639927589,0.022719660660305317,0.3922092761528918,0.04116453119130873,0.3489549160003662,0.33710378408432007,0.3139413893222809,0.28864699602127075,0.37489819526672363,0.33645495772361755,0.6823529411764706,0.20392156862745098,0.3477283892346706,0.5883147716522217,0.061431884765625,0.1652374267578125,ygo4_0157,Arms of Genex Return Zero,Monster,Machine,,Genex,0.2574615478515625,0.30082446336746216,0.23336577415466309,0.7757539749145508,0.2988206148147583,0.379541277885437,0.3216381072998047,0.8044932633638382,0.31396225094795227,0.21766334772109985,0.46837443113327026,0.5146767497062683,0.21310631930828094,0.30795103311538696,0.0658111572265625,0.0634002685546875,0.1197357177734375,7,1.089508056640625,-3.5037994384765625
0.49708447360167873,0.5024154535714785,0.0037861207238117254,0.37197808484283174,0.2952611336333177,0.30015847086906433,0.3998558521270752,0.29998570680618286,0.2718019485473633,0.45625999569892883,0.2719380557537079,0.4392156862745098,0.30980392156862746,0.19967293518589752,0.5341245532035828,0.197174072265625,0.619354248046875,ygo4_0158,Division,Monster,Machine,,,0.1442108154296875,0.20406681299209595,0.11095022410154343,0.5436955690383911,0.2608189582824707,0.4349804222583771,0.3042006194591522,0.8706220984458923,0.3062397539615631,0.26295536756515503,0.43080490827560425,0.39572402834892273,0.22666515409946442,0.4392598569393158,0.270050048828125,0.2250518798828125,0.065399169921875,6,-5.19476318359375,-12.837783813476562
0.5038749620292208,0.4620992564406463,0.03809831614493996,0.39556634229714993,0.2571399089375023,0.35807374119758606,0.37200626730918884,0.2699199616909027,0.317463219165802,0.3500044643878937,0.33253228664398193,0.8901960784313725,0.34901960784313724,0.4183874501452713,0.6052451729774475,0.0762176513671875,0.374847412109375,ygo4_0159,Electro Blaster,Monster,Machine,,,0.2405548095703125,0.26327481865882874,0.22792983055114746,0.8657487034797668,0.35699334740638733,0.34690770506858826,0.2960989475250244,0.7555384039878845,0.27904415130615234,0.16821414232254028,0.5527417063713074,0.6914364099502563,0.23950141668319702,0.19256281852722168,0.0158843994140625,0.0366668701171875,0.415679931640625,6,-5.5628662109375,-2.286590576171875
0.5152660272265548,0.4833157854066546,0.02261447774941336,0.3936178431131465,0.14308490626390477,0.35852280259132385,0.33614519238471985,0.30533209443092346,0.26620417833328247,0.4231500029563904,0.3106458783149719,0.8,0.9333333333333333,0.5270462766947299,0.5937535762786865,0.0013427734375,0.001678466796875,ygo4_0160,Pillar of the Future - Cyanos,Monster,Machine,,Sky Striker,0.1445159912109375,0.2016318440437317,0.11277803033590317,0.5593264698982239,0.316334068775177,0.4438813328742981,0.2397845983505249,0.8329370766878128,0.29181861877441406,0.21473245322704315,0.49344897270202637,0.48343217372894287,0.27648240327835083,0.3965512812137604,0.25750732421875,0.202911376953125,0.1727447509765625,7,3.9951934814453125,-20.449798583984375
0.5204444633080545,0.5260797753639883,0.03313805611363585,0.3890596766020594,0.16361956694013516,0.2975776493549347,0.32189279794692993,0.3805295526981354,0.2611246109008789,0.3975018560886383,0.3413735628128052,0.403921568627451,0.8666666666666667,0.3790455242044867,0.5859096050262451,0.0601654052734375,0.1678466796875,ygo4_0161,Repair Genex Controller,Monster,Machine,,Genex,0.1540985107421875,0.2440941482782364,0.10409001260995865,0.42643383145332336,0.2572531998157501,0.3906327486038208,0.35211408138275146,0.7711026072502136,0.34220653772354126,0.288581907749176,0.3692115545272827,0.40156012773513794,0.22039395570755005,0.22313669323921204,0.0021820068359375,0.21099853515625,0.0611114501953125,6,-4.0430755615234375,-2.6757049560546875
0.514558546614916,0.4586200818484547,0.04386626158868873,0.3900996516330407,0.1719190179238106,0.3654426336288452,0.38996732234954834,0.24459004402160645,0.30227547883987427,0.3427666127681732,0.3549579083919525,0.8549019607843137,0.1568627450980392,0.4936583610860893,0.5972303152084351,0.0043792724609375,0.0076904296875,ygo4_0162,Sky Striker Ace - Azalea Temperance,Monster,Machine,,Sky Striker,0.186737060546875,0.22299115359783173,0.16659149527549744,0.7470766305923462,0.3739173114299774,0.4052949845790863,0.22078770399093628,0.7673022747039795,0.360535591840744,0.19717608392238617,0.442288339138031,0.6222579479217529,0.24369177222251892,0.2102489024400711,0.04559326171875,0.051055908203125,0.296173095703125,7,6.2153472900390625,-11.58575439453125
0.5092946542498269,0.5029393246865499,0.009748344846012925,0.41665256532509287,0.035878210859062155,0.3410451412200928,0.3081691265106201,0.3507857322692871,0.3255351483821869,0.32305753231048584,0.35140731930732727,0.7607843137254902,0.9019607843137255,0.4791460428839836,0.6794514060020447,0.003997802734375,0.0068359375,ygo4_0163,Toy Tank,Monster,Machine,,Toy,0.1497344970703125,0.1460549384355545,0.1517791450023651,1.0391920804977417,0.3308875858783722,0.3170284330844879,0.3520839810371399,0.7777216881513596,0.28165775537490845,0.30207860469818115,0.4162636697292328,0.548137366771698,0.2767953872680664,0.6301310062408447,0.6292724609375,0.1031341552734375,0.2118377685546875,1,13.382720947265625,26.34283447265625
0.490685094231148,0.48586632115163425,0.016927148232095506,0.4040761722254222,0.15527585945636,0.3629985749721527,0.31307417154312134,0.3239273726940155,0.32504400610923767,0.3742694556713104,0.30068665742874146,0.5882352941176471,0.09019607843137255,0.4191953259055418,0.6325192451477051,0.0486602783203125,0.1175537109375,ygo4_0164,CXyz Gimmick Puppet Fanatix Machinix,Monster,Machine,,CXyz,0.3014678955078125,0.2980477511882782,0.30336838960647583,1.0178515911102295,0.35197651386260986,0.3253530263900757,0.32267045974731445,0.7680020183324814,0.2557919919490814,0.26251399517059326,0.48169395327568054,0.4486207664012909,0.22435137629508972,0.3141334652900696,0.0585174560546875,0.1248626708984375,0.075042724609375,11,14.258819580078125,1.824432373046875
0.47577508363638243,0.49982816621320414,0.02422552578737045,0.39770716340672535,0.012646954577239316,0.3216351568698883,0.35780325531959534,0.3205616772174835,0.3596045672893524,0.3398345410823822,0.30056098103523254,0.06666666666666667,0.5019607843137255,0.43333776947423214,0.6102151870727539,0.0543212890625,0.12359619140625,ygo4_0165,Drytron Meteonis DA Draconids,Monster,Machine,,Drytron,0.330902099609375,0.34738776087760925,0.32174140214920044,0.9261736869812012,0.3401733934879303,0.3528543710708618,0.3069722354412079,0.7887913137674332,0.3584502935409546,0.22453267872333527,0.41701704263687134,0.5929155945777893,0.2075461447238922,0.4083471894264221,0.2385711669921875,0.0163726806640625,0.170654296875,7,10.22088623046875,-9.820938110351562
0.5048688510246616,0.5031197592044521,0.005782612540548764,0.4046073712587902,0.3250747440148018,0.327445924282074,0.32601693272590637,0.34653714299201965,0.3219474256038666,0.33290329575538635,0.3451492488384247,0.6196078431372549,0.25098039215686274,0.27625495693343866,0.6458627581596375,0.0068511962890625,0.013275146484375,ygo4_0166,Gimmick Puppet Cattle Scream,Monster,Machine,,Gimmick Puppet,0.25433349609375,0.2931351065635681,0.2327723354101181,0.7940786480903625,0.3094552457332611,0.3771898150444031,0.3133549392223358,0.6935374438762665,0.34172293543815613,0.18576818704605103,0.4725089371204376,0.3882155418395996,0.2739291191101074,0.5113949179649353,0.4391326904296875,0.312652587890625,0.1183929443359375,0,9.95367431640625,8.400222778320312
0.5096206290276634,0.4633321332579903,0.03790895612250094,0.3878331965785787,0.13691522734737674,0.37592780590057373,0.3460996150970459,0.2779724895954132,0.2886042296886444,0.3961668014526367,0.31522902846336365,0.4823529411764706,0.03137254901960784,0.46895960006966586,0.5913722515106201,0.1423492431640625,0.5859375,ygo4_0167,Gimmick Puppet Fantasix Machinix,Monster,Machine,,Gimmick Puppet,0.2246246337890625,0.25699517130851746,0.20663706958293915,0.8040503859519958,0.4039127826690674,0.3503158688545227,0.2457713484764099,0.7627310901880264,0.3346210718154907,0.26123347878456116,0.4041454792022705,0.5141533017158508,0.24018466472625732,0.39498764276504517,0.2574005126953125,0.09796142578125,0.1401824951171875,6,8.392440795898438,9.482833862304688
0.5001472603338957,0.45926629302731514,0.04073397315929903,0.38730779890842487,0.1897270653994979,0.36340829730033875,0.370132714509964,0.2664589285850525,0.3138159513473511,0.360388845205307,0.32579517364501953,0.4549019607843137,0.21568627450980393,0.2878682470214701,0.5821444392204285,0.072845458984375,0.20751953125,ygo4_0168,Gimmick Puppet Little Soldiers,Monster,Machine,,Gimmick Puppet,0.2168426513671875,0.25344952940940857,0.19650106132030487,0.7753064632415771,0.32918161153793335,0.4139750897884369,0.25684329867362976,0.8685295581817627,0.38519471883773804,0.2120654433965683,0.40273985266685486,0.46812349557876587,0.20637892186641693,0.4316568076610565,0.355072021484375,0.0644989013671875,0.0812835693359375,11,23.110992431640625,7.5092010498046875
0.4668795518115767,0.4850525117329907,0.03633719160439361,0.4094088255607854,0.17262473531511782,0.3644215166568756,0.3125714957714081,0.32300686836242676,0.37340420484542847,0.336312860250473,0.29028284549713135,0.13725490196078433,0.5529411764705883,0.36658801714945644,0.6637561917304993,0.121002197265625,0.6317901611328125,ygo4_0169,Gimmick Puppet Rouge Doll,Monster,Machine,,Gimmick Puppet,0.237640380859375,0.25349223613739014,0.22883187234401703,0.9027174711227417,0.35000643134117126,0.36715036630630493,0.2828432023525238,0.7063021659851074,0.3291148245334625,0.19606523215770721,0.4748198688030243,0.36949658393859863,0.2674486041069031,0.4213346540927887,0.2828369140625,0.3537750244140625,0.0974884033203125,7,8.931243896484375,-12.789749145507812
0.49910883735473655,0.48514498175849075,0.014881724961034782,0.40007921337074637,0.023980761314863333,0.3482813239097595,0.3454180061817169,0.30630072951316833,0.32489562034606934,0.3460894823074341,0.32901495695114136,0.9686274509803922,0.14901960784313725,0.5854903274102528,0.6241232752799988,0.023712158203125,0.1083984375,ygo4_0170,Heosvarog the Mechanical Dawn,Monster,Machine,,,0.2631072998046875,0.2920244336128235,0.24703872203826904,0.8459522128105164,0.3289450705051422,0.3578263521194458,0.3132285475730896,0.7057766914367676,0.4523848593235016,0.11756276339292526,0.43005234003067017,0.5139967799186707,0.2778361737728119,0.6465096473693848,0.6380767822265625,0.1867218017578125,0.2216033935546875,1,-4.9766693115234375,20.978179931640625
0.4932053695642274,0.49723360803094346,0.0073362066004978325,0.3982156115913634,0.03529383271648159,0.33238136768341064,0.33406317234039307,0.3335554599761963,0.32567059993743896,0.36528536677360535,0.3090440332889557,0.11764705882352941,0.4196078431372549,0.39071302833581295,0.6017305850982666,0.0103759765625,0.031494140625,ygo4_0171,Metalzoa X,Monster,Machine,,Signature move,0.21270751953125,0.2553718686103821,0.1889999359846115,0.740096926689148,0.3049497902393341,0.3383070230484009,0.356743186712265,0.6137361526489258,0.3085155189037323,0.18701274693012238,0.5044717788696289,0.5078334212303162,0.29636478424072266,0.5566707849502563,0.46002197265625,0.189727783203125,0.22210693359375,0,15.516021728515625,23.293487548828125
0.49952209709941564,0.5010959770344945,0.001195640766504002,0.39477711104434593,0.17525762596284017,0.32235339283943176,0.35730957984924316,0.32033708691596985,0.3248477578163147,0.34460434317588806,0.330547958612442,0.42745098039215684,0.5882352941176471,0.11423146402846676,0.6053374409675598,0.0184173583984375,0.046783447265625,ygo4_0172,Red-Eyes Black Fullmetal Dragon,Monster,Machine,,Red-Eyes,0.2518310546875,0.2507155239582062,0.2524509131908417,1.0069217681884766,0.2901114821434021,0.3646388649940491,0.34524962306022644,0.7119892239570618,0.2749970257282257,0.2654762864112854,0.4595266282558441,0.4414259195327759,0.3028785288333893,0.3620465099811554,0.272186279296875,0.2744598388671875,0.1595611572265625,1,5.4481964111328125,17.226516723632812
0.4776905543518869,0.49839277494414824,0.02236726486422223,0.39327954733944165,0.19851707307009026,0.318847119808197,0.370430052280426,0.31072282791137695,0.36647289991378784,0.3244380056858063,0.3090890944004059,0.13333333333333333,0.6588235294117647,0.39958648367938343,0.5963470339775085,0.1516265869140625,0.48773193359375,ygo4_0173,Union Pilot,Monster,Machine,,,0.197967529296875,0.23038147389888763,0.17995585501194,0.7811211347579956,0.26668721437454224,0.3945583403110504,0.33875444531440735,0.7275547385215759,0.4061771035194397,0.20226676762104034,0.39155611395835876,0.6044408679008484,0.26358523964881897,0.3387918770313263,0.185577392578125,0.0852508544921875,0.3069305419921875,6,2.4077301025390625,-10.589981079101562
0.4827863406180897,0.5282600721404567,0.03308990399956221,0.388798343562658,0.24246191759719235,0.2835938036441803,0.3522675931453705,0.3641386330127716,0.3366129696369171,0.35972848534584045,0.30365851521492004,0.0,0.4470588235294118,0.5027949563848965,0.588206946849823,0.022735595703125,0.058319091796875,ygo4_0174,A-Assault Core,Monster,Machine,,ABC,0.1314544677734375,0.21474646031856537,0.08517102897167206,0.3966119885444641,0.2912362217903137,0.3860708177089691,0.32269299030303955,0.7836917638778687,0.37231287360191345,0.32311880588531494,0.3045683205127716,0.39885595440864563,0.27908462285995483,0.7632580995559692,0.766998291015625,0.3123321533203125,0.1207733154296875,1,20.305145263671875,13.166427612304688
0.5048086796369872,0.49552067338819,0.0065717400090420704,0.40724881858905687,0.0697248397454269,0.336348295211792,0.3370652496814728,0.3265865445137024,0.3217599093914032,0.3321382701396942,0.34610188007354736,0.0,0.37254901960784315,0.5159881320368929,0.6356569528579712,0.0059051513671875,0.01611328125,ygo4_0175,Crystron Eleskeletus,Monster,Machine,,Crystron,0.26849365234375,0.28788071870803833,0.2577207088470459,0.8952343463897705,0.35240963101387024,0.3625255823135376,0.28506478667259216,0.7719134092330933,0.2904708981513977,0.20799924433231354,0.50152987241745,0.6098418235778809,0.22792872786521912,0.3258841335773468,0.1183319091796875,0.0401611328125,0.247283935546875,7,0.701568603515625,-19.2109375
0.488261319047079,0.5040485401458371,0.012417218200020709,0.39288490359787037,0.08672188497996135,0.3050382733345032,0.38342514634132385,0.3115365207195282,0.33366110920906067,0.36023053526878357,0.306108295917511,0.1607843137254902,0.5803921568627451,0.3486117908214392,0.6049933433532715,0.03680419921875,0.09521484375,ygo4_0176,Crystron Tristaros,Monster,Machine,,Crystron,0.2584228515625,0.2833525538444519,0.24456998705863953,0.8631296157836914,0.333549827337265,0.35049599409103394,0.31595417857170105,0.7367823123931885,0.2650986909866333,0.22684411704540253,0.508057177066803,0.5723386406898499,0.2475341409444809,0.34967148303985596,0.1098785400390625,0.0763702392578125,0.2247161865234375,7,4.470001220703125,-23.775680541992188
0.4960477840636763,0.5055563066682527,0.006818544903350015,0.40082518269894063,0.08951217271199766,0.3111294209957123,0.3624816834926605,0.326388955116272,0.33373650908470154,0.34386035799980164,0.3224031627178192,1.0,0.9764705882352941,0.6906694009823275,0.6076193451881409,0.00506591796875,0.01812744140625,ygo4_0177,A-to-Z-Dragon Buster Cannon,Monster,Machine,,ABC,0.2880096435546875,0.29638174176216125,0.2833574712276459,0.956055760383606,0.3244503438472748,0.347973495721817,0.3275761604309082,0.7541454881429672,0.2728830575942993,0.23537103831768036,0.49174588918685913,0.5178338289260864,0.23363998532295227,0.38761216402053833,0.194854736328125,0.0812835693359375,0.1458740234375,6,0.9661407470703125,4.4381256103515625
0.5140787454448685,0.5241120391597607,0.027921344984495982,0.38574993930764834,0.16925137094987505,0.28874894976615906,0.3559075593948364,0.35534346103668213,0.2754928469657898,0.41449302434921265,0.3100140690803528,0.5803921568627451,0.3215686274509804,0.19570552775732022,0.5460416078567505,0.125335693359375,0.6907501220703125,ygo4_0178,Ancient Gear Statue,Monster,Machine,,Ancient Gear,0.1753082275390625,0.25596991181373596,0.1304863840341568,0.5097723603248596,0.2636434733867645,0.38193053007125854,0.35442596673965454,0.8323305547237396,0.3467302918434143,0.28550606966018677,0.36776360869407654,0.3957054615020752,0.17782919108867645,0.16605305671691895,0.001190185546875,0.130401611328125,0.020172119140625,7,-2.0999755859375,-4.8303375244140625
0.5248109436437552,0.5413550684222243,0.048226803840815,0.3820649066876188,0.326273736312016,0.26739853620529175,0.3430655598640442,0.38953590393066406,0.27779829502105713,0.3635692000389099,0.35863247513771057,0.7019607843137254,0.41568627450980394,0.21885374729862694,0.5808990597724915,0.003570556640625,0.004058837890625,ygo4_0179,Antidote Nurse,Monster,Machine,,,0.1287994384765625,0.1381947100162506,0.12357870489358902,0.8942360281944275,0.29700273275375366,0.29700273275375366,0.40599456429481506,0.7650460004806519,0.2661442458629608,0.41198328137397766,0.3218724727630615,0.7642102241516113,0.22892966866493225,0.23779651522636414,0.0435943603515625,0.047698974609375,0.58197021484375,1,5.896148681640625,5.51129150390625
0.47658053503569525,0.507494904979292,0.02458952906956359,0.37335628299576606,0.1704963914159821,0.2751610577106476,0.40531766414642334,0.31952133774757385,0.3298506736755371,0.4073294699192047,0.26281991600990295,0.4627450980392157,0.13333333333333333,0.36855443582265035,0.5346841216087341,0.0359649658203125,0.1041412353515625,ygo4_0180,Gimmick Puppet Fiendish Knight,Monster,Machine,,Gimmick Puppet,0.1269989013671875,0.1943269670009613,0.08958625048398972,0.4610077738761902,0.2198726385831833,0.49765709042549133,0.2824702560901642,0.86891108751297,0.35805773735046387,0.19486103951931,0.44708120822906494,0.32524582743644714,0.15575405955314636,0.4207111895084381,0.20318603515625,0.207611083984375,0.006988525390625,5,-5.61297607421875,1.091888427734375
0.506174807901905,0.4739821207724341,0.02674057389297457,0.38768483686400623,0.09933448740191858,0.3411620557308197,0.3807285726070404,0.2781094014644623,0.3019920885562897,0.36945828795433044,0.32854965329170227,1.0,0.34509803921568627,0.5234449516948512,0.5871033072471619,0.0353546142578125,0.1735687255859375,ygo4_0181,Y-Yare Head,Monster,Machine,,A-to-Z,0.238983154296875,0.2726728916168213,0.2202625423669815,0.8077903985977173,0.34523048996925354,0.3735155165195465,0.28125399351119995,0.7716514468193054,0.3169700503349304,0.20050190389156342,0.48252803087234497,0.38752487301826477,0.2049858123064041,0.6131519675254822,0.5927581787109375,0.178558349609375,0.0426177978515625,11,16.515533447265625,17.369110107421875
0.5144497491705994,0.45271053631361946,0.04944783743338774,0.403735593790879,0.03991617046598968,0.3873150050640106,0.35372644662857056,0.2589586079120636,0.331833153963089,0.2911069691181183,0.3770599961280823,0.7607843137254902,0.5176470588235295,0.26138071269777347,0.6203163862228394,0.0313873291015625,0.14190673828125,ygo4_0182,Aromalilith Magnolia,Monster,Plant,,Aroma,0.222198486328125,0.2713913321495056,0.19486315548419952,0.7180153727531433,0.38030490279197693,0.3713088929653168,0.2483862042427063,0.818762332201004,0.2582087218761444,0.29740414023399353,0.4443871080875397,0.6514140367507935,0.1763976812362671,0.2246856689453125,0.0039215087890625,0.0078277587890625,0.2127838134765625,0,12.049285888671875,3.2332916259765625
0.49560134993275495,0.492795299577771,0.008441316875235838,0.3954636357266047,0.13962541386531552,0.3319847285747528,0.3541693389415741,0.3138458728790283,0.3267212212085724,0.35030531883239746,0.32297343015670776,0.0,0.7686274509803922,0.567592025507955,0.5849774479866028,0.00079345703125,0.001007080078125,ygo4_0183,Aromalilith Rosalina,Monster,Plant,,Aroma,0.2904510498046875,0.29527103900909424,0.28777268528938293,0.9746052026748657,0.3372209072113037,0.3465721011161804,0.31620699167251587,0.7872906923294067,0.278864324092865,0.2394506335258484,0.4816850423812866,0.6202335357666016,0.20112435519695282,0.17570951581001282,0.0092010498046875,0.02520751953125,0.206298828125,7,1.9246978759765625,-3.51361083984375
0.4988840002815298,0.4776771149626664,0.02235076400845478,0.39105811323299233,0.03493869175726205,0.36532530188560486,0.3369971811771393,0.29767757654190063,0.30690881609916687,0.37557825446128845,0.31751304864883423,0.050980392156862744,0.788235294117647,0.5335711695759913,0.5721498727798462,0.0009002685546875,0.0010986328125,ygo4_0184,Aromalilith Rosemary,Monster,Plant,,Aroma,0.23193359375,0.2811739146709442,0.2045718878507614,0.7275635600090027,0.3627631664276123,0.3449999988079071,0.2922368347644806,0.8318437188863754,0.2854872941970825,0.24234816431999207,0.472164511680603,0.5115402936935425,0.16763126850128174,0.29509425163269043,0.00689697265625,0.02978515625,0.0360565185546875,8,13.176773071289062,-21.397689819335938
0.4888357956212036,0.47715935783574115,0.02542310747896991,0.3914021926965957,0.18787451619852794,0.3507564067840576,0.3586227595806122,0.2906207740306854,0.3275161385536194,0.36086058616638184,0.3116232454776764,0.36470588235294116,0.6862745098039216,0.23022313366077587,0.6118447184562683,0.079925537109375,0.57763671875,ygo4_0185,Ragnaraika Skeletal Soldier,Monster,Plant,,Ragnaraika,0.2490234375,0.3009953498840332,0.2201438546180725,0.7313862442970276,0.30416667461395264,0.38149508833885193,0.31433823704719543,0.840720146894455,0.26185616850852966,0.28387895226478577,0.4542648196220398,0.29116398096084595,0.15226666629314423,0.3204565644264221,0.0079498291015625,0.3189849853515625,0.0072784423828125,7,5.3651123046875,-12.265701293945312
0.512027955977388,0.4681201343806817,0.03407341422428606,0.3778532888578632,0.20467325251318022,0.33578988909721375,0.4104430079460144,0.2537670433521271,0.29073113203048706,0.39123472571372986,0.3180340826511383,0.7176470588235294,0.3568627450980392,0.26049667167816515,0.5596470236778259,0.1623992919921875,0.450439453125,ygo4_0186,Ragnaraika the Evil Seed,Monster,Plant,,Ragnaraika,0.158599853515625,0.1780511736869812,0.14779120683670044,0.8300489783287048,0.2855493426322937,0.47508177161216736,0.23936887085437775,0.8687121868133545,0.2803281843662262,0.24087512493133545,0.47879669070243835,0.2986491024494171,0.16122391819953918,0.2692227363586426,0.0084228515625,0.3662567138671875,0.0104827880859375,7,1.6406097412109375,-6.9944915771484375
0.5172328807995534,0.5172641852709481,0.02439311939300175,0.4131049531922106,0.20221413324787868,0.32553043961524963,0.30761945247650146,0.36685019731521606,0.30697768926620483,0.33208152651786804,0.3609408736228943,0.7843137254901961,0.5215686274509804,0.2851306721351348,0.6539635062217712,0.006103515625,0.00885009765625,ygo4_0187,Cosmic Tree Irmistil,Monster,Plant,,,0.2910919189453125,0.32530224323272705,0.27208203077316284,0.836397647857666,0.3206478953361511,0.33757928013801575,0.34177282452583313,0.7901445031166077,0.24883294105529785,0.2739206850528717,0.47724637389183044,0.3568023443222046,0.20089805126190186,0.4036075472831726,0.0702667236328125,0.210296630859375,0.0342254638671875,1,-3.1059417724609375,9.378341674804688
0.4906276646644969,0.5159977737517113,0.018541020323921298,0.39496347496358647,0.040401275147943005,0.3196224570274353,0.3226453959941864,0.3577321469783783,0.32307198643684387,0.3721033036708832,0.3048246502876282,0.3686274509803922,0.9490196078431372,0.46784330161231763,0.5924779772758484,0.037994384765625,0.14495849609375,ygo4_0188,Fullmetalfoes Alkahest,Monster,Psychic,,Metalfoes,0.227081298828125,0.2610534429550171,0.2082037627696991,0.797552227973938,0.3324821889400482,0.35210320353507996,0.3154146075248718,0.7726867645978928,0.3265010118484497,0.19257399439811707,0.4809249937534332,0.493852436542511,0.23939181864261627,0.5156654119491577,0.4392547607421875,0.097991943359375,0.1479034423828125,0,4.069000244140625,31.51007080078125
0.5031319462119836,0.4867882360595114,0.0135779156535145,0.39400601057908463,0.0699157605795562,0.3292189836502075,0.3724463880062103,0.29833459854125977,0.3167528510093689,0.34602126479148865,0.3372258245944977,0.6549019607843137,0.2823529411764706,0.2671420215341606,0.5949181914329529,0.116668701171875,0.5126953125,ygo4_0189,Metalfoes Mithrilium,Monster,Psychic,,Metalfoes,0.226776123046875,0.2501174807548523,0.21380586922168732,0.8548218011856079,0.3399273455142975,0.37222447991371155,0.28784820437431335,0.7787299603223801,0.2617513835430145,0.2700004577636719,0.4682481586933136,0.5111355185508728,0.21308165788650513,0.3363831341266632,0.196258544921875,0.0634002685546875,0.1021270751953125,0,8.131057739257812,0.9862060546875
0.49354142148696695,0.4961140457064581,0.007537498071675298,0.40219248807333935,0.12783953414649052,0.34000101685523987,0.32497215270996094,0.33502674102783203,0.32712188363075256,0.362188458442688,0.3106895685195923,0.4588235294117647,0.10980392156862745,0.3923626910822761,0.61915123462677,0.0317535400390625,0.0930328369140625,ygo4_0190,Ritual Beast Ulti-Reirautari,Monster,Psychic,,Ritual Beast,0.293243408203125,0.3247896134853363,0.2757139205932617,0.8489000797271729,0.31194713711738586,0.32922258973121643,0.3588302731513977,0.792559340596199,0.2711070477962494,0.241219624876976,0.4876733422279358,0.6362206339836121,0.19486159086227417,0.30914798378944397,0.1082305908203125,0.0110931396484375,0.24798583984375,1,5.904052734375,13.510269165039062
0.5040042280025047,0.49257143836835565,0.008439038441148435,0.38291865831464644,0.16363384638335263,0.3286943733692169,0.366830050945282,0.3044755756855011,0.28772151470184326,0.397192120552063,0.3150864243507385,0.6196078431372549,0.5254901960784314,0.12229385199617787,0.5534965991973877,0.1478424072265625,0.65234375,ygo4_0191,Spiritual Beast Tamer Lara,Monster,Psychic,,Ritual Beast,0.279327392578125,0.3042846620082855,0.26545920968055725,0.872404158115387,0.30836883187294006,0.3404894471168518,0.35114169120788574,0.7667655199766159,0.39893898367881775,0.16222259402275085,0.4388384521007538,0.6454159021377563,0.2195909470319748,0.2647594213485718,0.0770111083984375,0.0352783203125,0.2810516357421875,0,7.936981201171875,12.6912841796875
0.4863609057547869,0.5009629750529778,0.013673046945815058,0.3783324227010015,0.15098317684367632,0.31256788969039917,0.3626987636089325,0.32473334670066833,0.3119340240955353,0.41257211565971375,0.27549389004707336,0.5725490196078431,0.3607843137254902,0.15698524628429877,0.553981363773346,0.1092071533203125,0.487060546875,ygo4_0192,Mind Castlin,Monster,Psychic,,,0.2238616943359375,0.2649408280849457,0.20103496313095093,0.7587919235229492,0.3448981046676636,0.37727490067481995,0.2778269946575165,0.8298891484737396,0.2967562675476074,0.20757034420967102,0.49567338824272156,0.7553228139877319,0.17723189294338226,0.2760615050792694,0.0655059814453125,0.002471923828125,0.4328460693359375,6,-1.4824066162109375,-3.639984130859375
0.5028469606079073,0.4696065778608589,0.03052646874486153,0.38754310571874523,0.167222993881241,0.35309770703315735,0.3765583634376526,0.27034398913383484,0.303812712430954,0.37290534377098083,0.32328200340270996,0.4980392156862745,0.4549019607843137,0.04514064483616212,0.6009294986724854,0.0361175537109375,0.154815673828125,ygo4_0193,Hero of the Ashened City,Monster,Pyro,,Ashened,0.3032989501953125,0.32414883375167847,0.291713148355484,0.8999358415603638,0.3362177312374115,0.3575992286205292,0.3061830401420593,0.777485802769661,0.2694786489009857,0.22236184775829315,0.5081595182418823,0.4058154225349426,0.20275790989398956,0.2514553368091583,0.09405517578125,0.1575469970703125,0.042083740234375,0,6.945953369140625,-1.068695068359375
0.5035378575424867,0.5116960893860193,0.012219449370437408,0.3779283956132907,0.15977971933759746,0.306872695684433,0.362332820892334,0.3307945728302002,0.28569743037223816,0.4041636884212494,0.3101389706134796,0.6784313725490196,0.9490196078431372,0.4831732224961683,0.554114818572998,0.0052642822265625,0.01043701171875,ygo4_0194,King of the Ashened City,Monster,Pyro,,Ashened,0.2474212646484375,0.31641677021980286,0.20908206701278687,0.6607806086540222,0.3226025402545929,0.36953437328338623,0.3078630864620209,0.8047292679548264,0.3467734456062317,0.1763729751110077,0.4768535792827606,0.3776320815086365,0.1831246316432953,0.34115320444107056,0.111602783203125,0.179107666015625,0.02227783203125,7,5.2243804931640625,-9.5548095703125
0.5035185349417264,0.511497329810841,0.01202367169027005,0.3777004975278984,0.15965647285949922,0.3071753680706024,0.36240077018737793,0.33042389154434204,0.28527677059173584,0.40506789088249207,0.30965542793273926,0.6784313725490196,0.9490196078431372,0.4831732224961683,0.5537025332450867,0.005126953125,0.010986328125,ygo4_0195,King of the Ashened City,Monster,Pyro,,Ashened,0.2475433349609375,0.3152206540107727,0.20993661880493164,0.6659989356994629,0.3226900100708008,0.36614683270454407,0.31116315722465515,0.8035491406917572,0.3462928235530853,0.17931029200553894,0.47439685463905334,0.3774360716342926,0.18430988490581512,0.34424421191215515,0.1138916015625,0.180816650390625,0.023284912109375,7,5.402984619140625,-9.576431274414062
0.49615580766490924,0.49058144445834617,0.010172856196781146,0.38648160181465874,0.27176077892134076,0.3431593179702759,0.346899151802063,0.30994150042533875,0.30372297763824463,0.40011560916900635,0.29616138339042664,0.3176470588235294,0.23529411764705882,0.3214370845250412,0.5667251944541931,0.068511962890625,0.1517486572265625,ygo4_0196,Priestess of the Ashened City,Monster,Pyro,,Ashened,0.2316436767578125,0.26472723484039307,0.21325990557670593,0.8055835366249084,0.33983269333839417,0.33100587129592896,0.32916146516799927,0.8036635518074036,0.23647233843803406,0.2544460594654083,0.5090816020965576,0.36896735429763794,0.22458378970623016,0.4012387990951538,0.247802734375,0.28778076171875,0.0507049560546875,7,6.3848724365234375,-11.103485107421875
0.4960688542169408,0.49027706469207927,0.010487582093584571,0.38623930309763466,0.2705588510151806,0.3434966802597046,0.3472013473510742,0.30930203199386597,0.30343303084373474,0.40091484785079956,0.2956521809101105,0.3176470588235294,0.23529411764705882,0.3214370845250412,0.5663445591926575,0.068450927734375,0.1517486572265625,ygo4_0197,Priestess of the Ashened City,Monster,Pyro,,Ashened,0.2338714599609375,0.26464179158210754,0.21677309274673462,0.8191189169883728,0.3412278890609741,0.3280485272407532,0.3307235538959503,0.8027445524930954,0.23815706372261047,0.256291002035141,0.5055519342422485,0.368696004152298,0.2255449742078781,0.40821972489356995,0.2526702880859375,0.2892913818359375,0.05181884765625,7,6.5213165283203125,-11.133880615234375
0.5250043754122956,0.48094705377612734,0.03143618217228034,0.40551834291832217,0.07459536697841523,0.35670167207717896,0.33556681871414185,0.30773138999938965,0.2951929271221161,0.3345915973186493,0.37021535634994507,0.6588235294117647,0.00392156862745098,0.520882638958008,0.631432294845581,0.0808868408203125,0.192901611328125,ygo4_0198,Snake-Eyes Poplar,Monster,Pyro,,Snake-Eye,0.249908447265625,0.25960099697113037,0.24452251195907593,0.9419167041778564,0.3584076166152954,0.35101965069770813,0.29057273268699646,0.7681007534265518,0.33620548248291016,0.2174300253391266,0.44636449217796326,0.4717908501625061,0.22635535895824432,0.3745902180671692,0.103515625,0.1516571044921875,0.0800323486328125,11,11.574951171875,1.8824920654296875
0.5105919138044283,0.4750589216912596,0.027096974466592393,0.40882397768409556,0.1961908727892142,0.36905911564826965,0.33577796816825867,0.2951628863811493,0.33009564876556396,0.3086188733577728,0.3612854480743408,0.47843137254901963,0.3215686274509804,0.1797302434200939,0.6257045269012451,0.0106048583984375,0.023712158203125,ygo4_0199,Veidos the Eruption Dragon of Extinction,Monster,Pyro,,,0.2442626953125,0.28706908226013184,0.2204761803150177,0.7680248022079468,0.35007497668266296,0.39305347204208374,0.2568715512752533,0.7987027019262314,0.2835298478603363,0.24134069681167603,0.47512945532798767,0.3584957420825958,0.17883267998695374,0.46785321831703186,0.1691741943359375,0.20672607421875,0.0212860107421875,11,26.049667358398438,-5.5334625244140625
0.5115094110912991,0.47512948829919904,0.027404541520123924,0.40843319810160716,0.19718106844788494,0.3692280054092407,0.33494552969932556,0.2958264946937561,0.3286154270172119,0.31036463379859924,0.36101996898651123,0.47843137254901963,0.3215686274509804,0.1797302434200939,0.6272984147071838,0.0784912109375,0.2946624755859375,ygo4_0200,Veidos the Eruption Dragon of Extinction,Monster,Pyro,,,0.241302490234375,0.2857447862625122,0.21660692989826202,0.7580433487892151,0.34583279490470886,0.3964208960533142,0.25774630904197693,0.800142303109169,0.2849981188774109,0.24086116254329681,0.4741407334804535,0.3507777452468872,0.1772792637348175,0.5454825758934021,0.3929595947265625,0.2119293212890625,0.021240234375,11,31.4715576171875,-5.1971282958984375
0.5225225290162464,0.4526103144148938,0.052469482684155404,0.4019184024596392,0.002937382258054012,0.3925431966781616,0.34806695580482483,0.2593899071216583,0.3022584617137909,0.33930715918540955,0.3584344685077667,0.9568627450980393,0.11764705882352941,0.5957493931887917,0.6416130661964417,0.1068267822265625,0.476409912109375,ygo4_0201,Cooling Embers,Monster,Pyro,,,0.25982666015625,0.24973301589488983,0.26543545722961426,1.06287682056427,0.31688982248306274,0.35564953088760376,0.3274606466293335,0.8052846938371658,0.25977829098701477,0.2952347993850708,0.4449869394302368,0.4140475392341614,0.23651652038097382,0.5642387866973877,0.485198974609375,0.2295379638671875,0.0399627685546875,6,-5.6421661376953125,-18.1107177734375
0.5014365484925084,0.47429968301930026,0.02574043442678798,0.3896407993131146,0.18420116604292797,0.36375096440315247,0.35124915838241577,0.284999817609787,0.3223532736301422,0.3559417426586151,0.3217049241065979,0.8784313725490196,0.2196078431372549,0.4709883919583126,0.5936152338981628,0.0141448974609375,0.02685546875,ygo4_0202,Embers of the Ashened,Monster,Pyro,,Ashened,0.269989013671875,0.32393524050712585,0.24001234769821167,0.7409269213676453,0.3335028886795044,0.36193060874938965,0.30456653237342834,0.7859356999397278,0.29278701543807983,0.22103403508663177,0.4861789643764496,0.3936442732810974,0.20253749191761017,0.3265587389469147,0.1417236328125,0.175445556640625,0.0422515869140625,0,9.475341796875,4.9791412353515625
0.5014637723953549,0.47480340239542346,0.025239080024286847,0.3898334270244115,0.1832301024122758,0.36314502358436584,0.35091882944107056,0.285936176776886,0.3223702609539032,0.35562843084335327,0.32200130820274353,0.8784313725490196,0.2196078431372549,0.4709883919583126,0.5942220687866211,0.014129638671875,0.02685546875,ygo4_0203,Embers of the Ashened,Monster,Pyro,,Ashened,0.2686614990234375,0.3250032067298889,0.23735371232032776,0.730311930179596,0.33304935693740845,0.362639844417572,0.30431079864501953,0.7876310497522354,0.2908664047718048,0.22202438116073608,0.4871091842651367,0.39372074604034424,0.20075863599777222,0.32243916392326355,0.136016845703125,0.1733551025390625,0.040557861328125,0,9.311477661132812,4.8424530029296875
0.4937005223618662,0.49802619653517294,0.006601463370428664,0.38627749650781984,0.24813116339755892,0.313907653093338,0.3744293451309204,0.3116629123687744,0.32416191697120667,0.36358317732810974,0.3122548460960388,0.5803921568627451,0.30980392156862746,0.20648837046118854,0.5908412933349609,0.0399169921875,0.0790863037109375,ygo4_0204,Shaman of the Ashened City,Monster,Pyro,,Ashened,0.262725830078125,0.3150070607662201,0.23367436230182648,0.7418067455291748,0.28725752234458923,0.3958647847175598,0.31687769293785095,0.8206138461828232,0.3072650134563446,0.20910683274269104,0.48362815380096436,0.33065319061279297,0.19816294312477112,0.3392428755760193,0.1609954833984375,0.3061370849609375,0.029144287109375,7,10.174453735351562,-3.5958404541015625
0.4935395541360207,0.4975148276249578,0.00692195366172588,0.38589529342956685,0.24849144369819567,0.3141460120677948,0.37540552020072937,0.3104485273361206,0.323859304189682,0.3643929362297058,0.31174781918525696,0.5803921568627451,0.30980392156862746,0.20648837046118854,0.5900501608848572,0.04046630859375,0.080169677734375,ygo4_0205,Shaman of the Ashened City,Monster,Pyro,,Ashened,0.262298583984375,0.31551966071128845,0.2327248603105545,0.7375922799110413,0.28673648834228516,0.39761489629745483,0.3156486451625824,0.8188198953866959,0.30624663829803467,0.20998167991638184,0.4837716817855835,0.33072009682655334,0.20041966438293457,0.34410396218299866,0.165252685546875,0.3082733154296875,0.0310516357421875,7,10.424163818359375,-3.6263580322265625
0.5116052855497911,0.5039154230412123,0.012247987193161442,0.38863996806376344,0.20663341410191907,0.3110669255256653,0.35321322083473206,0.33571991324424744,0.2748209238052368,0.41090163588523865,0.3142775595188141,0.5490196078431373,0.050980392156862744,0.451687425307258,0.5943669676780701,0.0392913818359375,0.1727752685546875,ygo4_0206,Spearhead of the Ashened City,Monster,Pyro,,Ashened,0.23748779296875,0.2793797254562378,0.2142094075679779,0.7667320966720581,0.32761502265930176,0.3621177077293396,0.31026726961135864,0.8248216807842255,0.18116788566112518,0.29324305057525635,0.5255890488624573,0.3552430272102356,0.18465647101402283,0.32872170209884644,0.0922698974609375,0.198638916015625,0.0225982666015625,7,7.7879486083984375,-6.02459716796875
0.5155261520780887,0.504868874350601,0.016271672802569474,0.39763629929716415,0.007956943476021733,0.32909244298934937,0.33235105872154236,0.3385566174983978,0.28578343987464905,0.3830243945121765,0.3311922550201416,0.5254901960784314,0.5137254901960784,0.028950633451438036,0.5900242924690247,0.0741119384765625,0.27685546875,ygo4_0207,Veidos the Dragon of Endless Darkness,Monster,Pyro,,,0.276763916015625,0.29535648226737976,0.2664324641227722,0.9020708203315735,0.3452971577644348,0.3540633022785187,0.3006395399570465,0.8219931274652481,0.27968722581863403,0.19618625938892365,0.5241265296936035,0.43825092911720276,0.18807244300842285,0.4100753664970398,0.182891845703125,0.11102294921875,0.0270538330078125,7,8.238479614257812,-25.219497680664062
0.5154522640242497,0.5025152801741258,0.01565564108650528,0.39868089078412794,0.0255625107878681,0.33362510800361633,0.33264341950416565,0.333731472492218,0.2874910831451416,0.37942248582839966,0.33308646082878113,0.5254901960784314,0.5137254901960784,0.028950633451438036,0.5938087105751038,0.0769195556640625,0.279052734375,ygo4_0208,Veidos the Dragon of Endless Darkness,Monster,Pyro,,,0.2739410400390625,0.29522833228111267,0.26211217045783997,0.8878286480903625,0.34473347663879395,0.3575446903705597,0.29772183299064636,0.8169479072093964,0.28233978152275085,0.19666722416877747,0.5209929943084717,0.42681947350502014,0.19194723665714264,0.47046786546707153,0.3091278076171875,0.13275146484375,0.0262451171875,7,11.019561767578125,-30.259429931640625
0.48864492820223326,0.4754683183273319,0.027032222646714756,0.38163270048523695,0.14063280293758595,0.3450193405151367,0.35884228348731995,0.29613837599754333,0.30635204911231995,0.4058648943901062,0.28778305649757385,0.38823529411764707,0.4745098039215686,0.11463463515485071,0.5681565999984741,0.086456298828125,0.24993896484375,ygo4_0209,Centur-Ion Chimerea,Monster,Pyro,,Centur-Ion,0.1958465576171875,0.24687086045742035,0.167493537068367,0.6784661412239075,0.3051811456680298,0.39820802211761475,0.29661083221435547,0.7801569849252701,0.2648307681083679,0.24018895626068115,0.49498024582862854,0.48099446296691895,0.24755968153476715,0.3982532024383545,0.219940185546875,0.1006011962890625,0.1475982666015625,6,9.231048583984375,-9.398941040039062
0.502219003252024,0.503175961732488,0.0038743655427335697,0.3963615364431722,0.08557646113775243,0.3161296248435974,0.35251128673553467,0.33135905861854553,0.30940672755241394,0.37132707238197327,0.31926611065864563,0.5843137254901961,0.32941176470588235,0.19028702090998587,0.5937491059303284,0.0676422119140625,0.2245330810546875,ygo4_0210,Anotherverse Solaria,Monster,Pyro,,Anotherverse,0.281646728515625,0.2999700903892517,0.27146485447883606,0.9049730896949768,0.3332430422306061,0.3428865671157837,0.3238704204559326,0.769843727350235,0.2951644957065582,0.21225661039352417,0.4925788938999176,0.49851083755493164,0.22278733551502228,0.5131934881210327,0.394561767578125,0.0874176025390625,0.1093902587890625,6,5.9400787353515625,-23.292724609375
0.4922050495150476,0.4970764243234464,0.008325175541656476,0.3973105847261864,0.013158930543109779,0.31951066851615906,0.37148475646972656,0.309004545211792,0.32938575744628906,0.36189740896224976,0.3087168335914612,0.611764705882353,0.26666666666666666,0.2587195275301293,0.6038063168525696,0.03851318359375,0.141632080078125,ygo4_0211,Ice Ryzeal,Monster,Pyro,,Ryzeal,0.273590087890625,0.2836088538169861,0.26802289485931396,0.9450441598892212,0.34194087982177734,0.34277746081352234,0.3152816593647003,0.7333985567092896,0.28230059146881104,0.20088279247283936,0.5168166756629944,0.5545860528945923,0.2579638361930847,0.3530515730381012,0.1937103271484375,0.0908203125,0.2241058349609375,0,4.9257659912109375,2.3607177734375
0.5248199270502522,0.48098864928502516,0.03126436045703818,0.3891818973654892,0.1347015381465579,0.3429082930088043,0.3616303503513336,0.2954614460468292,0.28057003021240234,0.3612293004989624,0.3582007586956024,0.2196078431372549,0.34509803921568627,0.32033479218618655,0.5775884389877319,0.023712158203125,0.091156005859375,ygo4_0212,"Bravo, Fighter Fur Hire",Monster,Reptile,,Fur Hire,0.23211669921875,0.27523601055145264,0.2081562876701355,0.7562829256057739,0.3058769404888153,0.3689192831516266,0.3252037763595581,0.7816781997680664,0.2999027669429779,0.270905464887619,0.4291917383670807,0.416042685508728,0.20781336724758148,0.3903668522834778,0.2197265625,0.1351470947265625,0.0587615966796875,0,5.8592071533203125,18.220993041992188
0.5034434015126783,0.5279201036550976,0.028131640586515877,0.4033636788538056,0.19867209084827228,0.28443920612335205,0.3416004776954651,0.3739602565765381,0.333000123500824,0.32928362488746643,0.3377162516117096,0.17254901960784313,0.7490196078431373,0.41138170796735063,0.6280237436294556,0.107269287109375,0.346923828125,ygo4_0213,Danger!? Tsuchinoko?,Monster,Reptile,,Danger!,0.2586517333984375,0.24353881180286407,0.267049640417099,1.0965383052825928,0.3207480311393738,0.3170904517173767,0.3621615171432495,0.7780548632144928,0.35337331891059875,0.23846890032291412,0.4081577956676483,0.4744013845920563,0.23423215746879578,0.26910433173179626,0.0232696533203125,0.1320343017578125,0.09906005859375,2,-2.0223236083984375,8.053848266601562
0.48885867457089743,0.46524068340395924,0.03650122220612567,0.37586341332666645,0.08739196696700369,0.3640088737010956,0.3651827573776245,0.2708084285259247,0.2937396764755249,0.43132519721984863,0.27493518590927124,0.5607843137254902,0.48627450980392156,0.062314700321845905,0.5361242294311523,0.190277099609375,0.56231689453125,ygo4_0214,Reptilianne Lamia,Monster,Reptile,,Reptilianne,0.1480255126953125,0.20701439678668976,0.11524675041437149,0.556708812713623,0.36171528697013855,0.3932584226131439,0.24502629041671753,0.8565088659524918,0.27146413922309875,0.27670279145240784,0.4518330991268158,0.49043920636177063,0.19988124072551727,0.4041479527950287,0.1947784423828125,0.0384368896484375,0.091766357421875,7,12.589630126953125,-8.0841064453125
0.4893224375591006,0.5580717268309279,0.05904520130209748,0.3936113041746728,0.2630771517240588,0.24845311045646667,0.34266799688339233,0.408878892660141,0.3274693191051483,0.35537591576576233,0.31715479493141174,0.21568627450980393,0.8352941176470589,0.4396094173591306,0.6043978333473206,0.0032806396484375,0.005126953125,ygo4_0215,Ragnaraika Armored Lizard,Monster,Reptile,,Ragnaraika,0.209320068359375,0.25302234292030334,0.18503572046756744,0.7313019037246704,0.2966175973415375,0.33897069096565247,0.36441171169281006,0.806717574596405,0.39001283049583435,0.27626457810401917,0.3337225914001465,0.31084325909614563,0.19631120562553406,0.35939520597457886,0.150970458984375,0.2947845458984375,0.0391387939453125,11,9.68939208984375,4.97430419921875
0.4857634506118418,0.4766738084799663,0.02732746876881866,0.39842339447016006,0.15435390915614947,0.36195042729377747,0.34861212968826294,0.28943735361099243,0.3385052978992462,0.35423487424850464,0.307259738445282,0.2901960784313726,0.9450980392156862,0.49206701781284157,0.6121798157691956,0.0036163330078125,0.0066680908203125,ygo4_0216,Ragnaraika Chain Coils,Monster,Reptile,,Ragnaraika,0.2582550048828125,0.2953137755393982,0.23766230046749115,0.8047789335250854,0.32756277918815613,0.3569867014884949,0.315450519323349,0.7655330896377563,0.21076931059360504,0.34678173065185547,0.4424489438533783,0.3843412399291992,0.2007323056459427,0.3383188247680664,0.1204071044921875,0.1826171875,0.0366668701171875,7,12.081619262695312,-5.07037353515625
0.49697267374155296,0.47313033673494304,0.027039665461181923,0.3879594692133627,0.04478335572785412,0.3499439060688019,0.37537965178489685,0.27467644214630127,0.31707146763801575,0.3705734610557556,0.312355101108551,0.3333333333333333,0.35294117647058826,0.22227027546577713,0.5811732411384583,0.1212921142578125,0.772247314453125,ygo4_0217,Golem that Guards the Millennium Treasures,Monster,Rock,,Millennium,0.2034149169921875,0.23751547932624817,0.18446601927280426,0.7766483426094055,0.3469357192516327,0.3735653758049011,0.2794989049434662,0.7506559491157532,0.3729671537876129,0.32866305112838745,0.298369824886322,0.46716177463531494,0.2542799115180969,0.3658464252948761,0.262908935546875,0.1826324462890625,0.12957763671875,1,8.10052490234375,21.675827026367188
0.4871519715701186,0.4847167652165998,0.019966198936692367,0.38539793526834154,0.19591917768579808,0.31638482213020325,0.4137180745601654,0.26989713311195374,0.3503088355064392,0.34054017066955566,0.3091509938240051,0.2549019607843137,0.48627450980392156,0.24548205211073323,0.577473521232605,0.1029510498046875,0.464599609375,ygo4_0218,"Rubysapphirus, the Adamant Jewel",Monster,Rock,,,0.2246246337890625,0.2700243592262268,0.19939705729484558,0.738440990447998,0.3198152184486389,0.4114530384540558,0.2687317430973053,0.7868557870388031,0.3479136526584625,0.17744366824626923,0.47464272379875183,0.42766398191452026,0.22733767330646515,0.6369430422782898,0.635772705078125,0.1471405029296875,0.087554931640625,7,14.652633666992188,-17.98638916015625
0.5018812246772981,0.5061821924685693,0.006462082482057213,0.40205560386869693,0.21662359611049084,0.31638193130493164,0.3409753441810608,0.3426426649093628,0.3332894444465637,0.33498498797416687,0.33172547817230225,0.592156862745098,0.3333333333333333,0.19044858920138166,0.6200343370437622,0.01348876953125,0.055938720703125,ygo4_0219,"Theia, the Primal Being",Monster,Rock,,,0.29119873046875,0.30949634313583374,0.28103116154670715,0.9080274105072021,0.3267134726047516,0.3499266505241394,0.323359876871109,0.7200545966625214,0.21435020864009857,0.2702450752258301,0.5154047012329102,0.37260210514068604,0.265677809715271,0.5198405385017395,0.4228973388671875,0.361572265625,0.083038330078125,6,-0.6704864501953125,-18.264572143554688
0.5048730090168512,0.4802489515210722,0.020343306832844757,0.39822841962220623,0.16948150702381218,0.3505097031593323,0.36021196842193604,0.2892782986164093,0.32262277603149414,0.3478611707687378,0.32951608300209045,0.4823529411764706,0.17254901960784313,0.32792615517049845,0.6181074380874634,0.0613555908203125,0.2510986328125,ygo4_0220,Giant Mimighoul,Monster,Rock,,Mimighoul,0.2762298583984375,0.28728267550468445,0.2700880765914917,0.9401474595069885,0.3379550278186798,0.33823123574256897,0.3238137364387512,0.7854648977518082,0.25606074929237366,0.2981932759284973,0.44574597477912903,0.351676881313324,0.20268090069293976,0.5211689472198486,0.3892059326171875,0.253662109375,0.0257415771484375,11,16.383514404296875,0.55224609375
0.48409345437376144,0.46785010190763765,0.0358696827572937,0.3940832850113728,0.11223539640505364,0.3395920395851135,0.3921077251434326,0.26830029487609863,0.35494109988212585,0.32899361848831177,0.31606534123420715,0.396078431372549,0.4627450980392157,0.11039755498242548,0.6101693511009216,0.0312652587890625,0.1196136474609375,ygo4_0221,Mimighoul Throne,Monster,Rock,,Mimighoul,0.2464141845703125,0.2577213943004608,0.24013103544712067,0.9317466020584106,0.38064277172088623,0.36373770236968994,0.2556195557117462,0.7744265049695969,0.2557801902294159,0.3097541630268097,0.4344656765460968,0.43597039580345154,0.21462735533714294,0.5180568099021912,0.35040283203125,0.1413116455078125,0.06658935546875,1,15.613510131835938,11.117050170898438
0.5053770135644018,0.511971669457447,0.013123762588150163,0.40014646089630634,0.20521926422740644,0.31360071897506714,0.347255140542984,0.33914411067962646,0.3255729079246521,0.3354770243167877,0.33895009756088257,0.6392156862745098,0.2,0.3307279959496666,0.6094881892204285,0.0063323974609375,0.0105743408203125,ygo4_0222,Evil HERO Dead-End Prison,Monster,Rock,,Evil HERO,0.2710418701171875,0.3093254864215851,0.24976855516433716,0.8074619174003601,0.30073750019073486,0.36925068497657776,0.3300118148326874,0.7419931590557098,0.5744729042053223,0.08853761106729507,0.3369894325733185,0.4337936341762543,0.24937117099761963,0.4981185793876648,0.38360595703125,0.1651611328125,0.106964111328125,8,27.125885009765625,-17.693069458007812
0.5125992593764491,0.4998447613263049,0.012600215707711188,0.39196519571963734,0.09678168813050782,0.32886770367622375,0.35284340381622314,0.3182888329029083,0.3008435070514679,0.35830727219581604,0.3408491313457489,0.9607843137254902,0.17647058823529413,0.5630217260925973,0.5690186023712158,0.0019073486328125,0.0038909912109375,ygo4_0223,Mermail King - Neptabyss,Monster,Sea Serpent,,Abyss-,0.245758056640625,0.2757486402988434,0.22909298539161682,0.8308036923408508,0.27014777064323425,0.3652055263519287,0.36464670300483704,0.7547620534896851,0.2803036868572235,0.2353810966014862,0.4843152165412903,0.6146183609962463,0.21929001808166504,0.3009483814239502,0.1135101318359375,0.023406982421875,0.24993896484375,7,0.9628448486328125,-9.774658203125
0.49066227798901757,0.4902179726899189,0.013523354267694025,0.3955010815963628,0.22424314366448184,0.31845200061798096,0.37848010659217834,0.3030679225921631,0.3403390049934387,0.3432363271713257,0.3164246380329132,0.09411764705882353,0.7372549019607844,0.4701386741520922,0.6093980073928833,0.0288848876953125,0.0884246826171875,ygo4_0224,Mermail Shadow Squad,Monster,Sea Serpent,,Atlantean,0.219085693359375,0.2705796957015991,0.19047166407108307,0.7039392590522766,0.27392393350601196,0.42213401198387146,0.3039420545101166,0.7465880215167999,0.37074631452560425,0.18979182839393616,0.439461886882782,0.336312472820282,0.24004431068897247,0.6368981599807739,0.6258544921875,0.403045654296875,0.042938232421875,7,3.9756927490234375,-13.633621215820312
0.49333087236902334,0.5112126150491141,0.013046072190428654,0.3955524111900072,0.07628769329955255,0.30667489767074585,0.352629154920578,0.34069594740867615,0.3233005702495575,0.3667382597923279,0.3099612593650818,0.4745098039215686,0.5764705882352941,0.08060707761213512,0.5910388231277466,0.05517578125,0.295562744140625,ygo4_0225,Number C32: Shark Drake LeVeiss,Monster,Sea Serpent,,Number,0.2442779541015625,0.29411765933036804,0.21658319234848022,0.7363828420639038,0.281716525554657,0.3476794362068176,0.3706040382385254,0.7385272979736328,0.2857287526130676,0.23691938817501068,0.4773518145084381,0.5746095776557922,0.2376488894224167,0.3980085253715515,0.2337646484375,0.0655364990234375,0.1970672607421875,7,4.65740966796875,-22.625900268554688
0.48956592635268054,0.4790237531977022,0.023428034974973803,0.38972688970125785,0.13922502577978046,0.34615686535835266,0.35989779233932495,0.2939452826976776,0.3231760859489441,0.37129664421081543,0.3055272698402405,0.15294117647058825,0.36470588235294116,0.3724974164467662,0.5839145183563232,0.09307861328125,0.3796539306640625,ygo4_0226,"Poseidra Abyss, the Atlantean Dragon Lord",Monster,Sea Serpent,,Abyss-,0.281219482421875,0.3195779323577881,0.25990456342697144,0.8132744431495667,0.29527944326400757,0.37612587213516235,0.3285946846008301,0.79362553358078,0.40829724073410034,0.16661112010478973,0.4250916540622711,0.626928448677063,0.21975329518318176,0.3276195824146271,0.129150390625,0.0227203369140625,0.2704620361328125,6,0.3485260009765625,-4.057525634765625
0.5094586838008921,0.5185683504843209,0.020838674116983542,0.3959880612414656,0.1682959608796942,0.3016507029533386,0.35281363129615784,0.34553560614585876,0.29411327838897705,0.3800508379936218,0.32583579421043396,0.5372549019607843,0.5803921568627451,0.08860489041329418,0.5977813005447388,0.1021270751953125,0.2611083984375,ygo4_0227,"Abysstrite, the Atlantean Spirit",Monster,Sea Serpent,,Abyss-,0.253631591796875,0.26613694429397583,0.24668264389038086,0.9269011616706848,0.32595354318618774,0.34761160612106323,0.326434850692749,0.7834458351135254,0.30142533779144287,0.1820484697818756,0.5165262222290039,0.7123429775238037,0.21068435907363892,0.44681745767593384,0.3126983642578125,0.015777587890625,0.4161376953125,6,2.8856048583984375,4.9640045166015625
0.4792943329557019,0.4943029308571917,0.02147513083935163,0.40955971558434345,0.1414696821387111,0.34518635272979736,0.31944775581359863,0.33536580204963684,0.35190349817276,0.3432786166667938,0.3048178553581238,0.13725490196078433,0.6196078431372549,0.38195555015135774,0.6367357969284058,0.0128021240234375,0.0679779052734375,ygo4_0228,"Driangle, Dragon of the Dark Deep",Monster,Sea Serpent,,,0.25787353515625,0.28407877683639526,0.24331189692020416,0.8564944267272949,0.3258579969406128,0.3285207152366638,0.3456212878227234,0.7830517292022705,0.3172546625137329,0.19886542856693268,0.4838798940181732,0.37115317583084106,0.20457743108272552,0.522205114364624,0.3207855224609375,0.2769317626953125,0.0013427734375,7,-2.607879638671875,-20.444305419921875
0.5117114175499323,0.5153630854432066,0.01931791125779727,0.40056217488095536,0.13938314111375166,0.3102796673774719,0.3348308503627777,0.35488954186439514,0.3089004456996918,0.3475046753883362,0.34359490871429443,0.8470588235294118,0.6549019607843137,0.38005847503304596,0.626612663269043,0.0816802978515625,0.25164794921875,ygo4_0229,"Poseidra, the Storming Atlantean",Monster,Sea Serpent,,Atlantean,0.281463623046875,0.2964671850204468,0.2731265127658844,0.9212706089019775,0.32923126220703125,0.33757996559143066,0.3331887722015381,0.7803676277399063,0.3456776738166809,0.2356482893228531,0.4186740517616272,0.454448938369751,0.20587490499019623,0.47419464588165283,0.35595703125,0.105255126953125,0.06744384765625,6,-5.2848358154296875,-6.1995086669921875
0.4995418259196637,0.49509957294770474,0.004921799344016301,0.40548797388113694,0.11769786423028451,0.33963754773139954,0.33222904801368713,0.32813340425491333,0.3260629177093506,0.3406100571155548,0.3333270251750946,0.43137254901960786,0.3058823529411765,0.20589168979762174,0.648871898651123,0.023223876953125,0.06256103515625,ygo4_0230,Ignihorse Dragonith,Monster,Sea Serpent,,,0.261199951171875,0.276859313249588,0.2524983882904053,0.9120097160339355,0.31691786646842957,0.35120925307273865,0.3318728804588318,0.724829226732254,0.24514898657798767,0.28525879979133606,0.4695921838283539,0.5311131477355957,0.2500811815261841,0.5900573134422302,0.5189666748046875,0.115692138671875,0.186370849609375,7,13.5869140625,5.2873382568359375
0.49961571113800135,0.4918356557217979,0.008173383352227392,0.3951856961897874,0.11144515812306952,0.33210617303848267,0.36816349625587463,0.29973024129867554,0.3278375566005707,0.34232649207115173,0.32983583211898804,0.17647058823529413,0.3137254901960784,0.37332221107176017,0.5874558687210083,0.092987060546875,0.39276123046875,ygo4_0231,"Incredible Ecclesia, the Virtuous",Monster,Spellcaster,,,0.2579193115234375,0.2713913321495056,0.25043320655822754,0.9227752685546875,0.3387564420700073,0.33355024456977844,0.32769331336021423,0.7641781121492386,0.2749727964401245,0.24437545239925385,0.48065173625946045,0.6135874390602112,0.23664812743663788,0.3066631555557251,0.09197998046875,0.0402984619140625,0.2700653076171875,1,4.125762939453125,16.275558471679688
0.49744191724898557,0.5000584543837946,0.0025587505302436934,0.4070934363862999,0.03981999515461437,0.333892822265625,0.3233794867992401,0.34272778034210205,0.32687827944755554,0.34563618898391724,0.3274855613708496,0.3333333333333333,0.7607843137254902,0.30949351538126396,0.647316575050354,0.0166015625,0.0423126220703125,ygo4_0232,"Blazing Cartesia, the Virtuous",Monster,Spellcaster,,,0.2761077880859375,0.29138365387916565,0.2676193416118622,0.9184432029724121,0.35053882002830505,0.32572534680366516,0.3237358331680298,0.8040927052497864,0.25272804498672485,0.2742302119731903,0.47304174304008484,0.527860164642334,0.26045310497283936,0.31783586740493774,0.1580352783203125,0.1068878173828125,0.1989593505859375,0,10.4200439453125,6.870849609375
0.5029425594403464,0.49007490841069,0.010352106023228483,0.3978338927494072,0.04214670369065045,0.34018152952194214,0.34345370531082153,0.3163647949695587,0.3146440088748932,0.35958507657051086,0.32577094435691833,0.5450980392156862,0.8588235294117647,0.36164645498140185,0.6096964478492737,0.0107421875,0.037078857421875,ygo4_0233,Magicians of Bonds and Unity,Monster,Spellcaster,,,0.314697265625,0.3223119378089905,0.3104659616947174,0.9632468819618225,0.3251551687717438,0.3324282467365265,0.3424166142940521,0.7005579471588135,0.24572911858558655,0.26246851682662964,0.4918023645877838,0.5221307873725891,0.2706986367702484,0.38999319076538086,0.2082977294921875,0.1458282470703125,0.1849212646484375,0,12.99847412109375,8.995574951171875
0.5021305080668329,0.4857687596889209,0.014389832014812488,0.40140499063210244,0.06374481295388161,0.3580242693424225,0.3265022933483124,0.31547337770462036,0.3219153583049774,0.34271740913391113,0.33536720275878906,0.3411764705882353,0.23137254901960785,0.3120666930562002,0.6127530336380005,0.088043212890625,0.2867889404296875,ygo4_0234,Krishnerd Witch,Monster,Spellcaster,,,0.2401885986328125,0.2530650496482849,0.2330334484577179,0.9208440780639648,0.3346039056777954,0.3802807927131653,0.2851153016090393,0.7892714589834213,0.2561464011669159,0.2694740891456604,0.4743795096874237,0.5457415580749512,0.26199206709861755,0.39130809903144836,0.19769287109375,0.0959930419921875,0.235137939453125,6,-3.1657867431640625,-18.05584716796875
0.5019633356405966,0.5016326238325727,0.0025534579331410777,0.41816458734641776,0.16259754917184246,0.34743133187294006,0.29316943883895874,0.3593991696834564,0.31616419553756714,0.3509339988231659,0.3329017758369446,0.4392156862745098,0.6823529411764706,0.19221687738278387,0.6262151002883911,0.0117645263671875,0.067169189453125,ygo4_0235,Selettrice Vaalmonica,Monster,Spellcaster,,Vaalmonica,0.2775115966796875,0.3078303337097168,0.2606641948223114,0.8467788100242615,0.28993237018585205,0.3454115688800812,0.3646560609340668,0.7798654586076736,0.26698732376098633,0.3236251175403595,0.4093875586986542,0.6696824431419373,0.21052494645118713,0.2290189266204834,0.0443572998046875,0.0223541259765625,0.3161773681640625,8,11.279571533203125,-12.864273071289062
0.5062517610377909,0.4887636465474969,0.012858466276474004,0.3809138530778496,0.1861538223826797,0.31778833270072937,0.3827853500843048,0.29942625761032104,0.2853473126888275,0.40870413184165955,0.30594849586486816,0.596078431372549,0.5450980392156862,0.10613622433509298,0.5438820123672485,0.1160736083984375,0.34783935546875,ygo4_0236,Silent Magician Zero,Monster,Spellcaster,,Silent Magician,0.2345123291015625,0.2863428592681885,0.20571130514144897,0.7184090614318848,0.3401001989841461,0.3826533854007721,0.2772464156150818,0.8112174272537231,0.29617708921432495,0.22082306444644928,0.4829998314380646,0.739619791507721,0.18071450293064117,0.19589269161224365,0.03631591796875,0.008270263671875,0.4581756591796875,2,-3.04254150390625,4.7035980224609375
0.5146230925176334,0.4809777700676902,0.023993333790387025,0.40344668898722635,0.24585464998318265,0.34263181686401367,0.3575250208377838,0.2998431921005249,0.3079390525817871,0.33295929431915283,0.35910171270370483,0.4392156862745098,0.1568627450980392,0.3484794233476806,0.6476456522941589,0.0209197998046875,0.037353515625,ygo4_0237,Snake-Eyes Diabellstar,Monster,Spellcaster,,Snake-Eye,0.2844085693359375,0.2751505970954895,0.2895530164241791,1.052343726158142,0.3280755281448364,0.339288592338562,0.33263587951660156,0.7635301798582077,0.37492504715919495,0.15240579843521118,0.47266915440559387,0.38642191886901855,0.22593490779399872,0.4653324782848358,0.2548065185546875,0.2442169189453125,0.0609283447265625,7,11.3031005859375,-9.693328857421875
0.4969515100768511,0.4836505306726031,0.016631248843638653,0.408547281609414,0.05888160695078936,0.3480073809623718,0.3465692102909088,0.3054233491420746,0.3399132192134857,0.32109278440475464,0.33899393677711487,0.13333333333333333,0.6705882352941176,0.4044067141692948,0.6352508068084717,0.0078125,0.019134521484375,ygo4_0238,Mira Match,Monster,Spellcaster,,,0.259613037109375,0.284591406583786,0.2457331418991089,0.8634594678878784,0.3092159330844879,0.35523685812950134,0.33554720878601074,0.7461856603622437,0.2520371973514557,0.2929127812385559,0.4550500512123108,0.5838299989700317,0.2169244885444641,0.510142982006073,0.4540557861328125,0.01995849609375,0.20001220703125,0,24.297927856445312,23.970947265625
0.4803156569039212,0.4870707892800244,0.0235507505817899,0.40662296206253407,0.036028781501601555,0.3521108329296112,0.32762596011161804,0.32026320695877075,0.3622271716594696,0.32632678747177124,0.31144610047340393,0.2196078431372549,0.24705882352941178,0.37762282820887233,0.6385777592658997,0.08197021484375,0.3212890625,ygo4_0239,Golden Allure Queen,Monster,Spellcaster,,Allure Queen,0.248199462890625,0.2901875376701355,0.22486765682697296,0.7749046087265015,0.2714250683784485,0.3723103404045105,0.356264591217041,0.7710866928100586,0.3291865885257721,0.21636174619197845,0.45445168018341064,0.6164481043815613,0.26514795422554016,0.47500118613243103,0.39044189453125,0.0712738037109375,0.3139801025390625,1,11.394210815429688,26.868865966796875
0.5099254009147628,0.4879062960541631,0.015645167255364373,0.40665908766320025,0.012103417168829395,0.34943100810050964,0.3441126346588135,0.3064562976360321,0.3210446536540985,0.33673158288002014,0.3422237038612366,0.5882352941176471,0.34509803921568627,0.17826969619891306,0.621925413608551,0.0813140869140625,0.248046875,ygo4_0240,Adularia of the June Moon,Monster,Spellcaster,,,0.256378173828125,0.2691272497177124,0.24929380416870117,0.9263045787811279,0.35221996903419495,0.3742411732673645,0.27353885769844055,0.7919236123561859,0.2701477110385895,0.23367150127887726,0.49618077278137207,0.5913282632827759,0.21971569955348969,0.3297543525695801,0.066741943359375,0.0281219482421875,0.21148681640625,7,4.0148468017578125,-22.73992919921875
0.4924630137977701,0.46783314280607924,0.0330380517395729,0.40066926022579646,0.0919081295128226,0.376248836517334,0.3311103284358978,0.2926408350467682,0.3303568661212921,0.3437700569629669,0.3258730471134186,0.36470588235294116,0.25098039215686274,0.2833994766407413,0.6191316843032837,0.0021209716796875,0.00469970703125,ygo4_0241,Performage Shadow Maker,Monster,Spellcaster,,Performage,0.1257171630859375,0.1532316654920578,0.11042799055576324,0.7206603288650513,0.38123559951782227,0.36108750104904175,0.257676899433136,0.7489514052867889,0.20211003720760345,0.21342065930366516,0.5844693183898926,0.4228956401348114,0.22766108810901642,0.566368043422699,0.4358673095703125,0.2187347412109375,0.0386810302734375,5,5.134063720703125,-10.5423583984375
0.5060208010841822,0.4796072078712587,0.021263019929006855,0.39410298228579865,0.20750298739199108,0.34905463457107544,0.3559732139110565,0.29497218132019043,0.3038020730018616,0.374128520488739,0.322069376707077,0.7254901960784313,0.5490196078431373,0.23075690776352586,0.5813988447189331,0.0020599365234375,0.00299072265625,ygo4_0242,Performage Trapeze Witch,Monster,Spellcaster,,Performage,0.182220458984375,0.21671152114868164,0.16305457055568695,0.752403736114502,0.35789650678634644,0.38159435987472534,0.2605091333389282,0.7736275494098663,0.25186866521835327,0.2790450155735016,0.46908631920814514,0.45705026388168335,0.2170218974351883,0.5069307684898376,0.372314453125,0.098602294921875,0.09637451171875,9,18.925811767578125,-17.362030029296875
0.5002743955373538,0.4759983818940321,0.02400318655128202,0.39360349644181386,0.3165568731893113,0.33853891491889954,0.3862474858760834,0.2752135694026947,0.31886208057403564,0.3575780689716339,0.32355988025665283,0.9254901960784314,0.5254901960784314,0.42625304345538567,0.6079450845718384,0.0163116455078125,0.02618408203125,ygo4_0243,Akashic Magician,Monster,Spellcaster,,,0.244232177734375,0.2631039321422577,0.23374557495117188,0.8884153366088867,0.3716106414794922,0.39154067635536194,0.23684868216514587,0.7908182740211487,0.3056302070617676,0.23366717994213104,0.4607025682926178,0.3887626528739929,0.22850200533866882,0.3406332731246948,0.080596923828125,0.2288360595703125,0.07611083984375,0,10.1785888671875,7.6613616943359375
0.49855592389439224,0.4959323937608288,0.004316338299500124,0.3924090591468436,0.13141061072768606,0.3314856290817261,0.35600006580352783,0.31251421570777893,0.3214203417301178,0.35224172472953796,0.32633787393569946,0.6509803921568628,0.3843137254901961,0.1902061852984749,0.5758798122406006,0.1187744140625,0.6500244140625,ygo4_0244,Aleister the Invoker,Monster,Spellcaster,,Invoked,0.2274017333984375,0.2700243592262268,0.20371733605861664,0.7544406056404114,0.34952694177627563,0.3811984062194824,0.26927465200424194,0.7737954556941986,0.2556389272212982,0.22039224207401276,0.5239688158035278,0.5195277333259583,0.23690256476402283,0.47625261545181274,0.37921142578125,0.04803466796875,0.1596527099609375,6,-6.341949462890625,-10.465896606445312
0.5138106096265445,0.5315073747346237,0.034401273245692636,0.3993971976748045,0.036412281236195165,0.2859497368335724,0.3387733995914459,0.3752768635749817,0.2955583930015564,0.364692360162735,0.33974918723106384,0.5568627450980392,0.8901960784313725,0.39431757683789137,0.6175719499588013,0.038909912109375,0.1134796142578125,ygo4_0245,Astellar of the White Forest,Monster,Spellcaster,,White Forest,0.2809600830078125,0.2897176444530487,0.2760937213897705,0.9529751539230347,0.3146689832210541,0.3603975474834442,0.3249334692955017,0.7792430222034454,0.3303065598011017,0.20119433104991913,0.468499094247818,0.5643113255500793,0.22848665714263916,0.11090752482414246,0.0286407470703125,0.047637939453125,0.1981353759765625,0,3.7275543212890625,1.670745849609375
0.5212243516005097,0.49625190762305904,0.021552756142269664,0.3888604188351476,0.1395964522003045,0.32892441749572754,0.355833500623703,0.3152420222759247,0.27837619185447693,0.37908869981765747,0.3425351083278656,0.7647058823529411,0.396078431372549,0.28437457090647034,0.6040558218955994,0.005828857421875,0.008392333984375,ygo4_0246,Dark Magician the Magician of Black Magic,Monster,Spellcaster,,Dark Magician,0.2342987060546875,0.22384552657604218,0.24010729789733887,1.072647213935852,0.3485509753227234,0.31924453377723694,0.3322044909000397,0.6716285943984985,0.27576613426208496,0.21975721418857574,0.5044766664505005,0.5602176189422607,0.3199233114719391,0.3024125099182129,0.0912322998046875,0.193939208984375,0.3219146728515625,1,-3.73663330078125,18.04412841796875
0.4831171924567836,0.48536661958358013,0.02234200109553631,0.4030128641051104,0.17102900614321503,0.34428074955940247,0.3407602310180664,0.3149590790271759,0.36683082580566406,0.3131828308105469,0.31998637318611145,0.8823529411764706,0.17254901960784313,0.5034063132163543,0.6205183267593384,0.034942626953125,0.07696533203125,ygo4_0247,Elzette of the White Forest,Monster,Spellcaster,,White Forest,0.306976318359375,0.3139818012714386,0.30308353900909424,0.9652901291847229,0.32428669929504395,0.3460582494735718,0.3296550214290619,0.783309280872345,0.27977246046066284,0.21698427200317383,0.5032432675361633,0.6757693886756897,0.20508238673210144,0.12062373012304306,0.0035858154296875,0.0191192626953125,0.3160858154296875,7,1.2830810546875,-2.203033447265625
0.5108976408701349,0.5172745746288617,0.020424727786253302,0.4015498816510311,0.06297687446690868,0.30855780839920044,0.3401513993740082,0.35129088163375854,0.3076092302799225,0.3469816744327545,0.3454091250896454,0.4117647058823529,0.3333333333333333,0.18858219668305243,0.6073946952819824,0.0313262939453125,0.0712890625,ygo4_0248,"Rciela, Sinister Soul of the White Forest",Monster,Spellcaster,,White Forest,0.26763916015625,0.2872399389743805,0.25674745440483093,0.8938431739807129,0.3376852869987488,0.3510262370109558,0.3112884759902954,0.7843969017267227,0.2934851050376892,0.2391003966331482,0.4674144685268402,0.5107452869415283,0.20815211534500122,0.24221983551979065,0.0862274169921875,0.0562744140625,0.0961456298828125,6,3.7355194091796875,0.983123779296875
0.509229719583743,0.48850045458067076,0.014745415166950862,0.39888306927963296,0.17744068979441704,0.3391348719596863,0.34992122650146484,0.31094393134117126,0.3156432509422302,0.3431367874145508,0.3412199914455414,0.3764705882352941,0.4392156862745098,0.13767442887483888,0.5970575213432312,0.1557464599609375,0.84375,ygo4_0249,"Silvera, Wolf Tamer of the White Forest",Monster,Spellcaster,,White Forest,0.2418060302734375,0.2821137309074402,0.21940797567367554,0.777728796005249,0.3087019622325897,0.38587746024131775,0.30542057752609253,0.8048283606767654,0.2881454527378082,0.24759185314178467,0.4642626941204071,0.6884440183639526,0.21839557588100433,0.2785640060901642,0.172454833984375,0.0098419189453125,0.394378662109375,1,4.59814453125,17.857467651367188
0.49957704931220787,0.49288218905856934,0.00713036604125299,0.39703192292366124,0.08034509036236467,0.32769739627838135,0.36213812232017517,0.3101644814014435,0.33171090483665466,0.3312655985355377,0.33702343702316284,0.6745098039215687,0.807843137254902,0.353865891009129,0.6108292937278748,0.0223846435546875,0.098419189453125,ygo4_0250,The Unstoppable Exodia Incarnate,Monster,Spellcaster,,Exodia,0.297210693359375,0.3228672742843628,0.2829539179801941,0.8763784170150757,0.31378990411758423,0.3591231107711792,0.3270869553089142,0.9035439863801003,0.24855023622512817,0.2811111509799957,0.4703386425971985,0.5365901589393616,0.22509391605854034,0.7068785429000854,0.757720947265625,0.087890625,0.119384765625,1,7.440460205078125,45.36576843261719
0.49698010019205385,0.5187782267624538,0.01901950565057274,0.4123272868524623,0.08537792713572495,0.30410531163215637,0.3501814305782318,0.3457132875919342,0.3339327573776245,0.33796167373657227,0.3281056880950928,0.09019607843137255,0.9254901960784314,0.5907462747168938,0.647093653678894,0.022705078125,0.038909912109375,ygo4_0251,"Varar, Vaalmonican Concord",Monster,Spellcaster,,Vaalmonica,0.2788848876953125,0.27895253896713257,0.2788473069667816,0.9996227622032166,0.3300322890281677,0.3746238350868225,0.29534387588500977,0.8287206292152405,0.2461255043745041,0.329921692609787,0.4239528179168701,0.5893412828445435,0.2058425098657608,0.2483811378479004,0.0084991455078125,0.0355377197265625,0.1833953857421875,8,9.613388061523438,-15.270645141601562
0.4826062691880499,0.5087386134825664,0.019465488361617714,0.40324143511827915,0.2567435896779577,0.30147647857666016,0.36071518063545227,0.33780840039253235,0.3422463536262512,0.35359081625938416,0.304162859916687,0.5058823529411764,0.49411764705882355,0.008318903308077,0.6293890476226807,0.0352783203125,0.1100006103515625,ygo4_0252,Centur-Ion Primera Primus,Monster,Spellcaster,,Centur-Ion,0.2697601318359375,0.2944166660308838,0.25605905055999756,0.8697165846824646,0.31161263585090637,0.35149046778678894,0.3368968963623047,0.7688920497894287,0.30239784717559814,0.18542268872261047,0.512179434299469,0.6553863883018494,0.22307243943214417,0.37320560216903687,0.173980712890625,0.0462646484375,0.3103790283203125,1,14.444412231445312,-1.4722442626953125
0.49580506102972993,0.48624082266141566,0.014384452509529284,0.4094881336039474,0.03943883395982931,0.36215245723724365,0.316310852766037,0.32153674960136414,0.3363874852657318,0.33362677693367004,0.3299858272075653,0.5372549019607843,0.10196078431372549,0.3997788700572508,0.6377784013748169,0.01068115234375,0.030517578125,ygo4_0253,Chaos Allure Queen,Monster,Spellcaster,,Allure Queen,0.2488861083984375,0.23721645772457123,0.2553706765174866,1.0765300989151,0.3707314133644104,0.31150758266448975,0.31776103377342224,0.7255270481109619,0.2904968559741974,0.21924850344657898,0.49025464057922363,0.5260056257247925,0.2497093230485916,0.29628777503967285,0.141021728515625,0.0813140869140625,0.1988525390625,6,2.115753173828125,-2.4165496826171875
0.48528634577477875,0.541661260125367,0.04418316665759555,0.4032929631445127,0.06820087039532723,0.2821677625179291,0.32291513681411743,0.3949170410633087,0.3343932628631592,0.37024858593940735,0.2953581213951111,0.5411764705882353,0.3607843137254902,0.14517750870911975,0.6178674697875977,0.058013916015625,0.1988067626953125,ygo4_0254,Eria the Water Channeler,Monster,Spellcaster,,Charmer,0.255523681640625,0.2922380268573761,0.23512236773967743,0.804557740688324,0.30401289463043213,0.3391854763031006,0.3568016290664673,0.774363562464714,0.24708962440490723,0.23128768801689148,0.5216226577758789,0.5670240521430969,0.20592285692691803,0.36703169345855713,0.1301116943359375,0.0144195556640625,0.1729736328125,7,1.437042236328125,-15.954727172851562
0.48914139796015926,0.5028451610930426,0.01122515834654445,0.4021048668345046,0.0013454879737066988,0.31902602314949036,0.34409099817276,0.33688294887542725,0.3439849019050598,0.3397446870803833,0.3162704110145569,0.8352941176470589,0.8313725490196079,0.4714126765080381,0.6073398590087891,0.013153076171875,0.067840576171875,ygo4_0255,Metal Illusionist,Monster,Spellcaster,,,0.227203369140625,0.26840105652809143,0.20431077480316162,0.7612144947052002,0.3177971839904785,0.38394895195961,0.2982538640499115,0.7193493545055389,0.3127155900001526,0.2765359878540039,0.41074836254119873,0.5253775119781494,0.2910386919975281,0.4145628809928894,0.2356414794921875,0.178985595703125,0.2194671630859375,7,6.25482177734375,-7.08209228515625
0.519222201273989,0.47784405519880385,0.02933221627922777,0.3927940793696774,0.34194808630711215,0.35748031735420227,0.3358323872089386,0.30668729543685913,0.2869119942188263,0.36957767605781555,0.34351035952568054,0.6823529411764706,0.3333333333333333,0.24704326125900933,0.5783341526985168,0.1034393310546875,0.2613067626953125,ygo4_0256,Aleister the Invoker of Madness,Monster,Spellcaster,,Invoked,0.21405029296875,0.27216029167175293,0.18175992369651794,0.6678414344787598,0.30146849155426025,0.3663387596607208,0.3321927487850189,0.7195241749286652,0.22723522782325745,0.28207018971443176,0.4906945824623108,0.40307456254959106,0.2646336257457733,0.5389083027839661,0.4662628173828125,0.255157470703125,0.11505126953125,0,20.560256958007812,15.357009887695312
0.48932680506380505,0.5238788028735072,0.0261555790763239,0.38360358636382275,0.20562081712046276,0.28916865587234497,0.35478660464286804,0.3560447096824646,0.3091866075992584,0.409588098526001,0.2812252938747406,0.48627450980392156,0.10196078431372549,0.3982757917640328,0.5711299777030945,0.0882110595703125,0.227508544921875,ygo4_0257,Maiden of White,Monster,Spellcaster,,,0.2288665771484375,0.28078943490982056,0.20001424849033356,0.7123282551765442,0.22588172554969788,0.37455829977989197,0.39955997467041016,0.8094927668571472,0.4642803966999054,0.13233830034732819,0.40338125824928284,0.7630147933959961,0.19946588575839996,0.13252875208854675,0.0171356201171875,0.0027008056640625,0.5101318359375,6,-3.404327392578125,0.413055419921875
0.504647247184086,0.5060378189505874,0.00761919707515616,0.402684612913374,0.3761394161164812,0.30127066373825073,0.35721704363822937,0.34151217341423035,0.30979421734809875,0.38142281770706177,0.30878281593322754,0.41568627450980394,0.4392156862745098,0.10394006494665545,0.5785956382751465,0.0367431640625,0.0547943115234375,ygo4_0258,Magistus Chorozo,Monster,Spellcaster,,Magistus,0.1306304931640625,0.12619078159332275,0.1330975443124771,1.0547325611114502,0.3407312333583832,0.35019272565841675,0.3090760409832001,0.7443217039108276,0.17639464139938354,0.2871427834033966,0.5364626049995422,0.6867046356201172,0.24432259798049927,0.25119614601135254,0.0972747802734375,0.0686492919921875,0.41925048828125,1,7.6124267578125,-1.4754180908203125
0.5020637912377863,0.47356368591369263,0.026516748230939947,0.39805888221621294,0.031790337226369765,0.3599579334259033,0.35201165080070496,0.2880304157733917,0.3222631514072418,0.34723955392837524,0.33049723505973816,0.2627450980392157,0.8862745098039215,0.4533187459488977,0.6144859790802002,0.003662109375,0.0103759765625,ygo4_0259,Paladins of Bonds and Unity,Monster,Spellcaster,,25th Anniversary Monsters,0.268157958984375,0.30595070123672485,0.24715740978717804,0.8078340888023376,0.3321952819824219,0.3741891384124756,0.29361557960510254,0.6974154710769653,0.2774577736854553,0.23399782180786133,0.48854440450668335,0.5045004487037659,0.2739354372024536,0.43852144479751587,0.2771453857421875,0.1813201904296875,0.182159423828125,7,6.2389373779296875,-3.849700927734375
0.5040925608571035,0.46318724604590517,0.03703954519231872,0.3983784550418762,0.07898020873488652,0.3710055947303772,0.3530677556991577,0.2759266197681427,0.30368292331695557,0.3682689666748047,0.32804808020591736,0.5607843137254902,0.803921568627451,0.3099404018066203,0.6081441640853882,0.0038299560546875,0.00579833984375,ygo4_0260,Performapal Sky Magician Girl,Monster,Spellcaster,,Magician Girl,0.20855712890625,0.24229997396469116,0.1898070126771927,0.7833554148674011,0.3488440215587616,0.375987708568573,0.2751682698726654,0.798655554652214,0.2618580758571625,0.25663965940475464,0.4815022945404053,0.6744261980056763,0.19291527569293976,0.37445348501205444,0.1874237060546875,0.0040435791015625,0.28912353515625,6,-3.0218353271484375,-5.7147674560546875
0.48409011569352345,0.45740815480761554,0.045466357843327546,0.3874876484529774,0.09945002434290458,0.36922669410705566,0.3732231855392456,0.2575501501560211,0.3364250063896179,0.3684128522872925,0.295162171125412,0.6549019607843137,0.41568627450980394,0.17636162213152046,0.5749785900115967,0.1640625,0.6103668212890625,ygo4_0261,Aleister the Reminiscent,Monster,Spellcaster,,Aleister,0.229339599609375,0.23559315502643585,0.22586464881896973,0.958706259727478,0.36560213565826416,0.35974717140197754,0.2746506929397583,0.7375491857528687,0.3136173188686371,0.20764952898025513,0.4787331521511078,0.50544273853302,0.22887802124023438,0.2683964967727661,0.026397705078125,0.0906982421875,0.1363983154296875,11,13.901947021484375,-1.421539306640625
0.4914369774216025,0.4992538587793172,0.008595468713185273,0.39479541046104016,0.08956891970762658,0.3358265459537506,0.3302414119243622,0.3339320421218872,0.31925052404403687,0.37729111313819885,0.3034583628177643,0.5098039215686274,0.2549019607843137,0.2452940392783687,0.5851174592971802,0.0926361083984375,0.25787353515625,ygo4_0262,Performage Trapeze High Magician,Monster,Spellcaster,,Performage,0.24761962890625,0.2639155983924866,0.23856434226036072,0.903941810131073,0.33349764347076416,0.3434804081916809,0.32302194833755493,0.7789259999990463,0.2688007056713104,0.20629727840423584,0.5249020457267761,0.6142297387123108,0.2278282344341278,0.358883261680603,0.14483642578125,0.03216552734375,0.2713775634765625,2,-0.371551513671875,19.539688110351562
0.5208145258995702,0.5166740424387117,0.02666961153957514,0.4007757937764694,0.1808795119781202,0.2966178357601166,0.35857516527175903,0.3448069989681244,0.3166392147541046,0.31055474281311035,0.37280604243278503,0.16862745098039217,0.9450980392156862,0.5549054250567397,0.6219269037246704,0.0135345458984375,0.04913330078125,ygo4_0263,Batteryman Solar,Monster,Thunder,,Batteryman,0.233123779296875,0.2600281834602356,0.21817362308502197,0.8390383720397949,0.3256970942020416,0.3556748330593109,0.31862810254096985,0.7841127812862396,0.2868223190307617,0.3281545639038086,0.3850230872631073,0.7236413955688477,0.21125543117523193,0.39735281467437744,0.307525634765625,0.0281219482421875,0.41650390625,1,11.725494384765625,20.295486450195312
0.5135690840717603,0.4903662817763669,0.01664117091309561,0.39932780937968904,0.12702236169636746,0.3493315875530243,0.3241792917251587,0.32648909091949463,0.29029300808906555,0.3749045133590698,0.33480241894721985,0.3843137254901961,0.3411764705882353,0.196489764631055,0.6048073768615723,0.02691650390625,0.0720977783203125,ygo4_0264,Thunder Dragon Colossus,Monster,Thunder,,Thunder Dragon,0.278900146484375,0.30582255125045776,0.2639399766921997,0.8630494475364685,0.3237772285938263,0.31912681460380554,0.35709595680236816,0.7883862107992172,0.33121955394744873,0.19613610208034515,0.4726443290710449,0.4653085172176361,0.1884150505065918,0.25011491775512695,0.0264434814453125,0.056304931640625,0.0562591552734375,8,3.9846954345703125,-3.087982177734375
0.507295007578648,0.49899758686738255,0.007363556726268593,0.40188526579864847,0.008090592898915863,0.3252365291118622,0.3461602032184601,0.32860326766967773,0.3160436451435089,0.3434308171272278,0.3405255377292633,0.13725490196078433,0.7568627450980392,0.44448000626662665,0.6196091175079346,0.0030517578125,0.005218505859375,ygo4_0265,Mementotlan Twin Dragon,Monster,Thunder,,Memento,0.315338134765625,0.3084283769130707,0.3191777169704437,1.0348520278930664,0.3384786546230316,0.3314139246940613,0.3301074206829071,0.7481119930744171,0.3111077547073364,0.233357235789299,0.45553499460220337,0.5442441701889038,0.2416064590215683,0.21694505214691162,0.0418548583984375,0.0744171142578125,0.191070556640625,0,1.767303466796875,4.6340789794921875
0.49024700385338194,0.5085716992017616,0.012984412233190504,0.4045423927788536,0.04835127353529932,0.3148380219936371,0.3385480046272278,0.3466140031814575,0.3525795340538025,0.3206166923046112,0.3268037736415863,0.20392156862745098,0.12941176470588237,0.4743396226992191,0.6343821883201599,0.0264892578125,0.076263427734375,ygo4_0266,Paralyzing Mushroom,Monster,Thunder,,,0.224517822265625,0.23948054015636444,0.21620339155197144,0.9028014540672302,0.3431425988674164,0.33709391951560974,0.3197634816169739,0.7631858736276627,0.27109819650650024,0.23461203277111053,0.4942897856235504,0.6003912687301636,0.30743107199668884,0.47554460167884827,0.376556396484375,0.1474609375,0.36151123046875,1,-8.8203125,20.180313110351562
0.5015770597227998,0.48969366988546703,0.010426291660940931,0.3963826252078468,0.001615245512676759,0.3374061584472656,0.35211873054504395,0.3104751706123352,0.3102913796901703,0.36617544293403625,0.32353314757347107,0.3843137254901961,0.5215686274509804,0.11767973402449926,0.6029873490333557,0.0666351318359375,0.2780914306640625,ygo4_0267,Node Ryzeal,Monster,Thunder,,Ryzeal,0.2891693115234375,0.27668845653533936,0.29610463976860046,1.0701735019683838,0.35665664076805115,0.3141258955001831,0.32921746373176575,0.7410590648651123,0.2897179126739502,0.23407244682312012,0.4762096107006073,0.5517269372940063,0.27578482031822205,0.3666229844093323,0.2220458984375,0.1171112060546875,0.2503662109375,7,-0.1638946533203125,4.1443939208984375
0.5099265760355949,0.4912108785268131,0.013258414990521357,0.40395004796076917,0.2822041667172993,0.3385171592235565,0.3492944538593292,0.3121883273124695,0.3204733431339264,0.33801037073135376,0.3415162265300751,0.615686274509804,0.5490196078431373,0.12564328896941804,0.6308949589729309,0.0084686279296875,0.025634765625,ygo4_0268,Sky Striker Ace - Roze,Monster,Warrior,,Sky Striker,0.2487030029296875,0.26314663887023926,0.24067699909210205,0.9146116971969604,0.3305724263191223,0.35376402735710144,0.31566354632377625,0.7714746743440628,0.4213056266307831,0.22971785068511963,0.3489765226840973,0.26932498812675476,0.20881815254688263,0.586956799030304,0.5596160888671875,0.44927978515625,0.02032470703125,11,21.385330200195312,5.9106292724609375
0.4966188901057068,0.4844456247167963,0.015917615856905997,0.39859696001817424,0.1508603540066511,0.3505416810512543,0.34073927998542786,0.30871909856796265,0.32339444756507874,0.3584212362766266,0.31818443536758423,0.3137254901960784,0.3803921568627451,0.22136898866516388,0.6075611710548401,0.0077362060546875,0.015472412109375,ygo4_0269,Mirage Swordsman,Monster,Warrior,,Flame Swordsman,0.2589569091796875,0.2890341281890869,0.242243692278862,0.8381145000457764,0.3412291407585144,0.3688056170940399,0.2899652421474457,0.8100602626800537,0.3185747563838959,0.20543937385082245,0.4759858250617981,0.44775164127349854,0.18252861499786377,0.5967110991477966,0.619903564453125,0.068115234375,0.0363922119140625,0,8.64453125,6.4569244384765625
0.4652636079738204,0.49832606154795833,0.0347767019847722,0.4014091871009166,0.05274109035814475,0.3395523428916931,0.32618024945259094,0.3342674672603607,0.36681342124938965,0.3547436594963074,0.27844297885894775,0.3176470588235294,0.2,0.3510734896794535,0.6123616099357605,0.0698699951171875,0.39007568359375,ygo4_0270,Ultimate Flame Swordsman,Monster,Warrior,,Flame Swordsman,0.2784576416015625,0.29330599308013916,0.2702067494392395,0.9212452173233032,0.3413337767124176,0.3458271622657776,0.3128390610218048,0.7205105721950531,0.2766691744327545,0.2499382048845291,0.4733926057815552,0.5294674634933472,0.23238669335842133,0.6081085801124573,0.6381072998046875,0.0989990234375,0.142913818359375,0,16.5087890625,33.144927978515625
0.4652636079738204,0.49832606154795833,0.0347767019847722,0.4014091871009166,0.05274109035814475,0.3395523428916931,0.32618024945259094,0.3342674672603607,0.36681342124938965,0.3547436594963074,0.27844297885894775,0.3176470588235294,0.2,0.3510734896794535,0.6123616099357605,0.0698699951171875,0.39007568359375,ygo4_0271,Ultimate Flame Swordsman,Monster,Warrior,,Flame Swordsman,0.2784576416015625,0.29330599308013916,0.2702067494392395,0.9212452173233032,0.3413337767124176,0.3458271622657776,0.3128390610218048,0.7205105721950531,0.2766691744327545,0.2499382048845291,0.4733926057815552,0.5294674634933472,0.23238669335842133,0.6081085801124573,0.6381072998046875,0.0989990234375,0.142913818359375,0,16.5087890625,33.144927978515625
0.5013952137974124,0.5109850607519925,0.01107330940891001,0.4026552065142671,0.08758660125708756,0.28959763050079346,0.37909406423568726,0.3313083052635193,0.33843994140625,0.31804654002189636,0.34351351857185364,0.0,0.5098039215686274,0.5000961076414451,0.6382220983505249,0.0584716796875,0.18115234375,ygo4_0272,Goblin Freefall Squad,Monster,Warrior,,Goblin,0.22064208984375,0.2436242401599884,0.2078714370727539,0.8532460927963257,0.27952975034713745,0.3839557468891144,0.33651453256607056,0.7458000779151917,0.2674484848976135,0.31273016333580017,0.4198213517665863,0.5754940509796143,0.24445000290870667,0.35682982206344604,0.17181396484375,0.0496673583984375,0.2298736572265625,6,-9.61187744140625,2.0107574462890625
0.5004959977663788,0.49085605317802333,0.009157389216768605,0.3765474644033479,0.24506463726267932,0.3237718939781189,0.37739649415016174,0.29883161187171936,0.26787811517715454,0.4541741609573364,0.27794766426086426,0.3176470588235294,0.6862745098039216,0.260673719731009,0.5349229574203491,0.1734466552734375,0.449493408203125,ygo4_0273,Silent Swordsman Zero,Monster,Warrior,,Silent Swordsman,0.23297119140625,0.2722029983997345,0.2111709862947464,0.7757849097251892,0.3495546281337738,0.35695573687553406,0.2934896647930145,0.7556353360414505,0.19042342901229858,0.28478190302848816,0.5247946381568909,0.6631513237953186,0.2343011349439621,0.22593462467193604,0.0195465087890625,0.055206298828125,0.336456298828125,7,-1.45269775390625,-1.1215972900390625
0.5022747553184563,0.500926516637133,0.002456205373687127,0.4111525950572145,0.0060949914518749785,0.33103424310684204,0.3351467251777649,0.3338190019130707,0.3321478068828583,0.3215199112892151,0.34633228182792664,0.5607843137254902,0.43137254901960786,0.0916758410004781,0.6481474041938782,0.04840087890625,0.2431640625,ygo4_0274,Ace★Spades Speculation,Monster,Warrior,,,0.282318115234375,0.28168654441833496,0.2826690673828125,1.0034879446029663,0.3082369565963745,0.3383418023586273,0.35342124104499817,0.7616380900144577,0.2913469076156616,0.21975180506706238,0.4889012575149536,0.5683995485305786,0.2290673702955246,0.39474236965179443,0.07586669921875,0.0618133544921875,0.1940460205078125,1,-11.333023071289062,27.950637817382812
0.509415256525164,0.5068633520712026,0.011651294223729963,0.38973020577587336,0.015769641800274566,0.31971845030784607,0.34556299448013306,0.3347185552120209,0.2917734980583191,0.3861533999443054,0.3220731019973755,0.6666666666666666,0.3411764705882353,0.23022313366077582,0.5842021703720093,0.159637451171875,0.569000244140625,ygo4_0275,Toy Soldier,Monster,Warrior,,Toy,0.2066650390625,0.28753897547721863,0.161725252866745,0.5624463558197021,0.3172622621059418,0.35248079895973206,0.33025693893432617,0.7558563798666,0.3198220729827881,0.2818976640701294,0.3982802629470825,0.5544933676719666,0.253795862197876,0.516672670841217,0.5195465087890625,0.1232147216796875,0.201080322265625,0,10.536773681640625,8.732131958007812
0.5061076304235458,0.5063500490625997,0.00881057730730772,0.41555229733156607,0.02953082199918727,0.3274940550327301,0.3243003785610199,0.34820565581321716,0.33807870745658875,0.29729118943214417,0.36463022232055664,0.7647058823529411,0.8235294117647058,0.4180197177515263,0.6663458347320557,0.0573272705078125,0.278900146484375,ygo4_0276,Clear Vicious Knight,Monster,Warrior,,Clear,0.236846923828125,0.2478533834218979,0.23073089122772217,0.9309167861938477,0.32695528864860535,0.3430614471435547,0.32998326420783997,0.770451083779335,0.4975416362285614,0.07821428775787354,0.42424407601356506,0.5325585007667542,0.27589547634124756,0.3913869261741638,0.260284423828125,0.1469268798828125,0.218048095703125,7,-1.3527374267578125,7.9098968505859375
0.5022357251059142,0.4786387540618963,0.0214779257559329,0.3703339799588352,0.1072375814639927,0.3362833559513092,0.3911944329738617,0.27252209186553955,0.3000941872596741,0.3880932629108429,0.3118124306201935,0.2627450980392157,0.5764705882352941,0.24927422524094478,0.5308631658554077,0.0849761962890625,0.318603515625,ygo4_0277,Shield of the Millennium Dynasty,Monster,Warrior,,Millennium,0.2364654541015625,0.2671622037887573,0.21940797567367554,0.821253776550293,0.33651673793792725,0.3343227803707123,0.3291604816913605,0.8907415643334389,0.22963906824588776,0.3118356466293335,0.45852530002593994,0.4463290572166443,0.20335562527179718,0.7580422759056091,0.8306732177734375,0.100341796875,0.0588836669921875,5,-11.076873779296875,8.028045654296875
0.5166056745788203,0.5070836779280524,0.0180534462418137,0.397645332498098,0.1453923305259119,0.33032235503196716,0.3325015902519226,0.3371760845184326,0.2903726100921631,0.3630831241607666,0.3465442955493927,0.5647058823529412,0.35294117647058826,0.16066470922056073,0.5901840925216675,0.10736083984375,0.3442840576171875,ygo4_0278,Anarchist Monk of the Six Samurai,Monster,Warrior,,Six Samurai,0.22747802734375,0.26677772402763367,0.20564009249210358,0.7708293199539185,0.3592031002044678,0.36054468154907227,0.28025221824645996,0.7354327142238617,0.1830546259880066,0.328078955411911,0.4888664484024048,0.46170586347579956,0.25976791977882385,0.2772245407104492,0.0787200927734375,0.1978302001953125,0.1265716552734375,8,8.3919677734375,0.262451171875
0.503967680365062,0.49470250593732606,0.006618604900080091,0.40125975414790355,0.014572309372609222,0.3301125764846802,0.3432764410972595,0.3266109526157379,0.32642507553100586,0.3296501934528351,0.34392470121383667,0.6431372549019608,0.48627450980392156,0.14379382052783615,0.6065810918807983,0.047393798828125,0.220458984375,ygo4_0279,Legendary Lord Six Samurai - Enishi,Monster,Warrior,,Six Samurai,0.2872467041015625,0.3182963728904724,0.2699931263923645,0.8482444286346436,0.3231872618198395,0.34985390305519104,0.3269588351249695,0.7409954071044922,0.3348817229270935,0.21172311902046204,0.45339515805244446,0.46947550773620605,0.22983847558498383,0.6018159985542297,0.5400390625,0.12396240234375,0.087646484375,11,24.99359130859375,21.625717163085938
0.5016908615986377,0.5050064573407456,0.0052842812236341945,0.3956018650574538,0.042331512657759106,0.3094311058521271,0.36174842715263367,0.3288203775882721,0.31240788102149963,0.3640052080154419,0.32358691096305847,0.6941176470588235,0.7764705882352941,0.3378130356555583,0.6139346361160278,0.0327911376953125,0.106170654296875,ygo4_0280,Legendary Lord Six Samurai - Shi En,Monster,Warrior,,Six Samurai,0.25677490234375,0.29868853092193604,0.23348446190357208,0.7816987633705139,0.3199429512023926,0.3621939718723297,0.3178630769252777,0.7417287826538086,0.2856506109237671,0.27958351373672485,0.43476593494415283,0.4387636184692383,0.259128212928772,0.5149418115615845,0.4327239990234375,0.2228851318359375,0.081939697265625,10,23.200607299804688,5.3938446044921875
0.4835388890574564,0.4986699517763559,0.016514757089946777,0.3981318381433129,0.032191065662768956,0.33630695939064026,0.32277071475982666,0.3409223258495331,0.34406039118766785,0.35636287927627563,0.2995767593383789,0.12549019607843137,0.6901960784313725,0.42003826192865407,0.604936957359314,0.0030059814453125,0.01068115234375,ygo4_0281,Tactical Trainer of the Six Samurai,Monster,Warrior,,Six Samurai,0.2087249755859375,0.2774146795272827,0.1705556958913803,0.6148041486740112,0.31815192103385925,0.39228013157844543,0.2895679473876953,0.7284301817417145,0.46387526392936707,0.2037622481584549,0.33236247301101685,0.5452265739440918,0.2769089937210083,0.31135961413383484,0.13043212890625,0.1111907958984375,0.2401580810546875,0,-2.1179046630859375,8.904296875
0.5154738231765064,0.49608579866242486,0.01596120846956334,0.4064415958431916,0.08092212444956028,0.33178895711898804,0.34763044118881226,0.32058054208755493,0.3087088465690613,0.33391237258911133,0.3573787212371826,0.09019607843137255,0.592156862745098,0.42003826192865407,0.6258110404014587,0.00665283203125,0.022308349609375,ygo4_0282,Mimighoul Armor,Monster,Warrior,,Mimighoul,0.2385101318359375,0.2265367954969406,0.2451634407043457,1.0822234153747559,0.3203889727592468,0.34738659858703613,0.33222442865371704,0.77448371052742,0.2877390682697296,0.28312620520591736,0.4291347861289978,0.4379977583885193,0.21024468541145325,0.39849168062210083,0.2723388671875,0.1096038818359375,0.05517578125,7,7.864013671875,-1.0629425048828125
0.496866688118874,0.5112587577518217,0.011686627805257211,0.390707994351084,0.2410826327438707,0.30342718958854675,0.3623054027557373,0.33426734805107117,0.3080180883407593,0.3754228353500366,0.3165590465068817,0.08627450980392157,0.7686274509803922,0.4932843892301969,0.6065084934234619,0.011505126953125,0.028564453125,ygo4_0283,Argostars - Glorious Adra,Monster,Warrior,,Argostars,0.2487945556640625,0.2593446969985962,0.24293208122253418,0.9367150664329529,0.3433302640914917,0.3438822329044342,0.3127875030040741,0.7827068269252777,0.3035396933555603,0.17909269034862518,0.5173676013946533,0.7207737565040588,0.22267188131809235,0.21195729076862335,0.0916748046875,0.014251708984375,0.4532928466796875,6,-2.2982330322265625,-7.5643310546875
0.5152519617442486,0.5006759062039491,0.015266931133812037,0.3851630716742445,0.27528199418082516,0.3102252185344696,0.3743119239807129,0.3154628872871399,0.2938134968280792,0.3727172911167145,0.33346930146217346,0.33725490196078434,0.7490196078431373,0.29748400297519156,0.5671694874763489,0.022125244140625,0.0496826171875,ygo4_0284,Eclipse Twins,Monster,Warrior,,,0.240631103515625,0.27181851863861084,0.223300963640213,0.8215075731277466,0.334432452917099,0.36119213700294495,0.30437541007995605,0.8309118002653122,0.3074454069137573,0.2542766332626343,0.4382779598236084,0.2998565137386322,0.19401097297668457,0.5502663254737854,0.4942474365234375,0.3692169189453125,0.0234832763671875,7,13.887161254882812,-4.1636810302734375
0.5080944081396649,0.5038790845628672,0.008975897736569198,0.3920581539419169,0.1592443188964038,0.30090197920799255,0.3992813527584076,0.2998166084289551,0.3090674579143524,0.35628774762153625,0.33464470505714417,0.6666666666666666,0.48627450980392156,0.16723087890368935,0.5881222486495972,0.0146942138671875,0.04302978515625,ygo4_0285,Raidraptor - Bloom Vulture,Monster,Winged Beast,,Raidraptor,0.223480224609375,0.23969413340091705,0.2144705355167389,0.8947675228118896,0.2811689078807831,0.4151986837387085,0.30363237857818604,0.778880164027214,0.4345058500766754,0.1533089429140091,0.4121852219104767,0.4455540180206299,0.23277541995048523,0.46235400438308716,0.2589874267578125,0.1651611328125,0.0847015380859375,0,18.076858520507812,6.7806396484375
0.5075891391061416,0.4932203046614349,0.010176409055070872,0.4023896450199534,0.17291329005501044,0.34009408950805664,0.32992926239967346,0.3299767076969147,0.3034195899963379,0.36212360858917236,0.33445683121681213,0.5372549019607843,0.6470588235294118,0.1517044010500761,0.6205946207046509,0.0051727294921875,0.0105743408203125,ygo4_0286,Raidraptor - Brave Strix,Monster,Winged Beast,,Raidraptor,0.21051025390625,0.2592165470123291,0.1834452897310257,0.7076912522315979,0.33495214581489563,0.3717019557952881,0.2933458983898163,0.7467796206474304,0.2386702299118042,0.2372249960899353,0.5241047739982605,0.44502192735671997,0.24749431014060974,0.49526652693748474,0.38714599609375,0.1805572509765625,0.1006927490234375,7,5.82733154296875,5.1508331298828125
0.4873566629639957,0.5010566630626754,0.012687415348841552,0.38567777224386895,0.16193174625636836,0.3166098892688751,0.3688507676124573,0.31453922390937805,0.3415752351284027,0.3445971608161926,0.3138275146484375,0.6274509803921569,0.2980392156862745,0.2388135481992952,0.5801219344139099,0.0119171142578125,0.0190277099609375,ygo4_0287,Raidraptor - Noir Lanius,Monster,Winged Beast,,Raidraptor,0.1975555419921875,0.24614465236663818,0.1705556958913803,0.6929083466529846,0.2877886891365051,0.39445430040359497,0.3177570104598999,0.7673758715391159,0.1955086886882782,0.3509794771671295,0.4535118341445923,0.44576430320739746,0.21764492988586426,0.3210369348526001,0.04827880859375,0.1395111083984375,0.0730133056640625,7,6.0977783203125,-17.6878662109375
0.4962092065536584,0.4918341102720359,0.00900288120559725,0.39124627085064917,0.11068851966825514,0.3324372470378876,0.3625776171684265,0.3049851953983307,0.31980645656585693,0.3651968538761139,0.31499674916267395,0.38823529411764707,0.28627450980392155,0.24118444112446988,0.5781556367874146,0.119232177734375,0.597564697265625,ygo4_0288,Raidraptor - Rising Rebellion Falcon,Monster,Winged Beast,,Raidraptor,0.295867919921875,0.308086633682251,0.2890782654285431,0.9383018612861633,0.3155750334262848,0.3331614136695862,0.35126352310180664,0.8485048711299896,0.23518946766853333,0.24007892608642578,0.5247316360473633,0.5780748128890991,0.2072945088148117,0.3076168894767761,0.013671875,0.03717041015625,0.1641082763671875,9,21.268310546875,-13.404129028320312
0.5116822210237594,0.48604888255693435,0.018196372329620437,0.3941930701841817,0.05073364150089732,0.34269967675209045,0.35645636916160583,0.30084389448165894,0.3000398874282837,0.3808612525463104,0.3190988302230835,0.5725490196078431,0.4392156862745098,0.09464720302860523,0.5872049927711487,0.0853729248046875,0.21966552734375,ygo4_0289,"Georgius, Swordman of the Ice Barrier",Monster,Winged Beast,,Ice Barrier,0.234100341796875,0.2743389308452606,0.21174068748950958,0.7718214988708496,0.3391343951225281,0.3992960453033447,0.2615695595741272,0.7676906138658524,0.2235817015171051,0.2964806854724884,0.4799376130104065,0.4827902615070343,0.2141617238521576,0.2739291191101074,0.053985595703125,0.0883941650390625,0.0789642333984375,7,-0.7569427490234375,-9.318008422851562
0.4968137497466923,0.5108328558376735,0.01129172069600198,0.4075341592809684,0.2110011847437597,0.311461865901947,0.348134309053421,0.34040379524230957,0.3363628387451172,0.319897323846817,0.3437398374080658,0.5019607843137255,0.7372549019607844,0.23726300423695715,0.6327868700027466,0.055450439453125,0.4402313232421875,ygo4_0290,Mulcharmy Fuwalos,Monster,Winged Beast,,Mulcharmy,0.2251739501953125,0.20842410624027252,0.23448145389556885,1.1250207424163818,0.38293692469596863,0.2718709707260132,0.3451921045780182,0.8279368728399277,0.24269816279411316,0.2678816020488739,0.48942020535469055,0.8309346437454224,0.1727924793958664,0.1676752120256424,0.026153564453125,0.004302978515625,0.71441650390625,7,0.913604736328125,-12.84332275390625
0.5106032966109816,0.5005922847821392,0.010619825812300655,0.39137849113343753,0.13733150628716512,0.321113646030426,0.35415372252464294,0.32473260164260864,0.295642226934433,0.36784467101097107,0.33651304244995117,0.6745098039215687,0.18823529411764706,0.3572826661043807,0.5975672602653503,0.083953857421875,0.2422943115234375,ygo4_0291,"Denglong, First of the Yang Zing",Monster,Wyrm,,Yang Zing,0.217010498046875,0.26361656188964844,0.19111259281635284,0.7249642610549927,0.30727043747901917,0.3799043595790863,0.31282520294189453,0.792008101940155,0.2842918038368225,0.217031791806221,0.49867644906044006,0.6374458074569702,0.19163978099822998,0.23697039484977722,0.0274658203125,0.0083465576171875,0.2319793701171875,1,-5.0368804931640625,13.6492919921875
0.5050252578914923,0.4991615044931806,0.005094731748675516,0.4003826064654578,0.19586706143404403,0.3362666666507721,0.33591508865356445,0.3278183043003082,0.3232288062572479,0.33705899119377136,0.3397122621536255,0.7019607843137254,0.27058823529411763,0.3056434461690325,0.6107876300811768,0.0217132568359375,0.0692138671875,ygo4_0292,"Varudras, the Final Bringer of the End Times",Monster,Wyrm,,,0.2699737548828125,0.28741082549095154,0.2602843642234802,0.9056178331375122,0.299270898103714,0.337365061044693,0.363364040851593,0.8054109513759613,0.23957259953022003,0.30534133315086365,0.4550860822200775,0.3617737293243408,0.19029586017131805,0.5188820958137512,0.4263916015625,0.2365570068359375,0.0175018310546875,0,14.3193359375,10.28662109375
0.5219791811327915,0.4918213399574934,0.02345154330441715,0.3853233477446352,0.1754769163916253,0.32877117395401,0.36246731877326965,0.30876168608665466,0.28916218876838684,0.3583817481994629,0.35245615243911743,0.8352941176470589,0.2901960784313726,0.3955247537566954,0.5575507879257202,0.144134521484375,0.4119873046875,ygo4_0293,Ritual Beast Ulti-Nochiudrago,Monster,Wyrm,,Ritual Beast,0.273712158203125,0.3172711431980133,0.24950744211673737,0.7864170670509338,0.27884936332702637,0.3800869584083557,0.3410636782646179,0.8311886042356491,0.2809046506881714,0.2562904953956604,0.4628048539161682,0.7476950883865356,0.17107555270195007,0.22226838767528534,0.0269775390625,0.0067291259765625,0.435516357421875,1,0.502685546875,12.219512939453125
0.5147516813038132,0.4821095694962652,0.0231879193740671,0.40375852098052295,0.012980684177949854,0.35104620456695557,0.34681594371795654,0.30213794112205505,0.30868104100227356,0.34597906470298767,0.34533992409706116,0.3215686274509804,0.0,0.5308839371366655,0.6246927976608276,0.002960205078125,0.0045623779296875,ygo4_0294,Tenyi Spirit - Mula Adhara,Monster,Wyrm,,Tenyi,0.2531890869140625,0.28775256872177124,0.23398295044898987,0.8131393790245056,0.36641958355903625,0.37955763936042786,0.2540227770805359,0.6694208979606628,0.27781933546066284,0.2572088837623596,0.46497178077697754,0.49331000447273254,0.2926708161830902,0.6567245125770569,0.632781982421875,0.21392822265625,0.215850830078125,1,15.98834228515625,36.67620849609375
0.5157617183406036,0.5002769388279977,0.01576415110822565,0.40061621916131623,0.11565100157430179,0.3236694931983948,0.3420475423336029,0.33428293466567993,0.29332804679870605,0.3660944700241089,0.3405774235725403,0.33725490196078434,0.27450980392156865,0.2780859497768331,0.6136149168014526,0.0179443359375,0.048675537109375,ygo4_0295,Tenyi Spirit - Suruya,Monster,Wyrm,,Tenyi,0.2632904052734375,0.2787816524505615,0.2546822726726532,0.9135546684265137,0.30947551131248474,0.37102288007736206,0.3195016086101532,0.7650370299816132,0.20797498524188995,0.31700408458709717,0.4750209152698517,0.6625499725341797,0.2114124894142151,0.34065940976142883,0.1125640869140625,0.018035888671875,0.3163299560546875,1,3.789337158203125,17.590316772460938
0.51762353277562,0.43385010336839486,0.06845726938656989,0.4007394006987049,0.352891592729647,0.41341808438301086,0.3398207724094391,0.24676115810871124,0.30434074997901917,0.3368290960788727,0.35883018374443054,0.7058823529411765,0.37254901960784315,0.24213900069075434,0.628007709980011,0.0748291015625,0.288543701171875,ygo4_0296,Procession of the Tea Jar,Monster,Zombie,,,0.16033935546875,0.17762398719787598,0.15073467791080475,0.8486166000366211,0.3996954560279846,0.3265131413936615,0.2737914025783539,0.7486410737037659,0.4337429106235504,0.37489086389541626,0.19136621057987213,0.323467493057251,0.25414860248565674,0.43560469150543213,0.3131866455078125,0.4296722412109375,0.06671142578125,1,1.7915496826171875,15.09075927734375
0.47365147783579,0.5271587181811395,0.0378396695741443,0.3957499694252968,0.3234566386281511,0.2870822846889496,0.3365150988101959,0.37640270590782166,0.3464973568916321,0.37600409984588623,0.27749860286712646,0.2784313725490196,0.7058823529411765,0.30245693895678194,0.6085812449455261,0.01983642578125,0.0687103271484375,ygo4_0297,Wightlord,Monster,Zombie,,Wight,0.22589111328125,0.22811739146709442,0.22465401887893677,0.9848175048828125,0.2860713303089142,0.3080924153327942,0.4058362543582916,0.7318634688854218,0.3112957775592804,0.289447546005249,0.3992566764354706,0.27252712845802307,0.23823842406272888,0.2348008155822754,0.0749359130859375,0.4813385009765625,0.0349578857421875,0,0.987518310546875,0.064361572265625
0.4989600715482402,0.48748136107643486,0.012561758303811602,0.39900028516722114,0.1893313863036136,0.33344998955726624,0.3674738109111786,0.29907628893852234,0.32478317618370056,0.339842826128006,0.33537402749061584,0.5372549019607843,0.2627450980392157,0.24016206241729568,0.6129236221313477,0.0314178466796875,0.060302734375,ygo4_0298,Mimighoul Master,Monster,Zombie,,Mimighoul,0.26263427734375,0.2832671105861664,0.2511690855026245,0.886686384677887,0.3584127426147461,0.34493377804756165,0.29665350914001465,0.7870594710111618,0.2661702036857605,0.2914022207260132,0.4424276351928711,0.3899000585079193,0.21997201442718506,0.48763129115104675,0.337188720703125,0.1996917724609375,0.05816650390625,9,18.090835571289062,1.1967010498046875
0.5043885547545058,0.513331530507753,0.014035281205321319,0.3938078235972145,0.19289401389316016,0.30053701996803284,0.36550912261009216,0.3339539170265198,0.3154617249965668,0.3615952432155609,0.3229430913925171,0.6078431372549019,0.8901960784313725,0.40482480392905945,0.5945753455162048,0.0289306640625,0.07452392578125,ygo4_0299,"Flying Mary, the Wandering Ghost Ship",Monster,Zombie,,,0.2789764404296875,0.2806185781955719,0.27806395292282104,0.990896463394165,0.3027402460575104,0.3485751748085022,0.3486845791339874,0.7787871658802032,0.2964363098144531,0.24873438477516174,0.4548293352127075,0.4161999821662903,0.20792464911937714,0.42799627780914307,0.1463623046875,0.14117431640625,0.0574493408203125,3,-18.222763061523438,12.775070190429688
0.4743451253514517,0.493436608383684,0.02648113862245834,0.4062526451371239,0.11509346798699104,0.3468881845474243,0.31975314021110535,0.33335864543914795,0.34983572363853455,0.35971933603286743,0.290444940328598,0.22745098039215686,0.7686274509803922,0.38267959902432674,0.6597133874893188,0.05401611328125,0.150421142578125,ygo4_0300,Wandering Titan of Tartarus,Monster,Zombie,,,0.21673583984375,0.23196206986904144,0.2082749754190445,0.8978837132453918,0.43241339921951294,0.3094198703765869,0.25816670060157776,0.8169079422950745,0.3453652858734131,0.1801793873310089,0.4744553864002228,0.3405868411064148,0.18225115537643433,0.201726034283638,0.0308837890625,0.28253173828125,0.002960205078125,6,-1.6202850341796875,0.80303955078125
0.5067733022919432,0.46259620592885486,0.0380121222092989,0.4097295114068821,0.16754185441070632,0.3974587321281433,0.2915858328342438,0.31095534563064575,0.31407901644706726,0.34585654735565186,0.3400643467903137,0.8509803921568627,0.06274509803921569,0.5606951800821194,0.6439115405082703,0.10394287109375,0.198028564453125,ygo4_0301,Constellar Tempest,Spell,,Continuous,Constellar,0.185333251953125,0.19838523864746094,0.17808055877685547,0.8976501822471619,0.3462045192718506,0.2891486883163452,0.3646467924118042,0.8144826889038086,0.30967649817466736,0.29837045073509216,0.3919530212879181,0.49390244483947754,0.25607815384864807,0.5357424020767212,0.3664093017578125,0.1343994140625,0.1522979736328125,1,14.449615478515625,10.146560668945312
0.5119845810147405,0.5011339581604598,0.012038107958003728,0.3953649643836328,0.21883380141129616,0.3316076695919037,0.34033215045928955,0.3280602991580963,0.31927579641342163,0.33315509557724,0.3475692570209503,0.047058823529411764,0.24313725490196078,0.5207054629652552,0.6092672944068909,0.045196533203125,0.1904296875,ygo4_0302,Abyss Prop - Wild Wagon,Spell,,Continuous,Abyss Actor,0.2105865478515625,0.2724592983722687,0.17620527744293213,0.6467214822769165,0.29642778635025024,0.38584160804748535,0.3177306056022644,0.8255813866853714,0.3734981417655945,0.1834266036748886,0.4430752396583557,0.3928495943546295,0.20173028111457825,0.4533013701438904,0.2537384033203125,0.1791839599609375,0.0276031494140625,7,14.303085327148438,-11.447189331054688
0.526841399452827,0.43852070428855283,0.0670832656164098,0.39577797602477716,0.17345504132326728,0.41267940402030945,0.3330293893814087,0.2542911171913147,0.26968052983283997,0.3800192177295685,0.3503001928329468,0.25882352941176473,0.6745098039215687,0.2976907147193917,0.6347945332527161,0.0080108642578125,0.01513671875,ygo4_0303,Dark Contract with the Yamimakai,Spell,,Continuous,D/D,0.1835174560546875,0.22179503738880157,0.16224749386310577,0.731519877910614,0.37108173966407776,0.3932817876338959,0.23563648760318756,0.8692222386598587,0.3613798916339874,0.2569568157196045,0.3816632628440857,0.23993302881717682,0.16452759504318237,0.25887173414230347,0.0481414794921875,0.4778900146484375,0.0006256103515625,7,2.2140655517578125,-3.5914154052734375
0.541406713660993,0.4914188041871193,0.04228655646635781,0.38455828700685507,0.19697973782131303,0.31241050362586975,0.3875799775123596,0.30000948905944824,0.2570284307003021,0.3568011522293091,0.3861704170703888,0.9215686274509803,0.7411764705882353,0.4856811686861056,0.5592946410179138,0.185760498046875,0.6787872314453125,ygo4_0304,Dark Contract with the Entities,Spell,,Continuous,D/D,0.1776885986328125,0.22329019010066986,0.1523488461971283,0.68229079246521,0.33679690957069397,0.4440532326698303,0.21914984285831451,0.7189554870128632,0.15122035145759583,0.1793901026248932,0.669389545917511,0.4280146360397339,0.2417939454317093,0.5200715065002441,0.35614013671875,0.2088165283203125,0.08416748046875,0,11.69134521484375,21.30987548828125
0.4956705892745571,0.4962246897696035,0.005744281031192383,0.40936127517966514,0.1652532074914465,0.325728178024292,0.35257071256637573,0.3217010200023651,0.335126131772995,0.337384432554245,0.32748931646347046,0.43529411764705883,0.6,0.11910856900774461,0.63196861743927,0.042633056640625,0.11090087890625,ygo4_0305,Flame Swordsrealm,Spell,,Continuous,Flame Swordsman,0.3213348388671875,0.3344440162181854,0.3140503764152527,0.9390222430229187,0.32679614424705505,0.35006409883499146,0.3231397569179535,0.7791867703199387,0.22612264752388,0.25977450609207153,0.5141028165817261,0.5952068567276001,0.2347923219203949,0.6879009008407593,0.7720489501953125,0.0553436279296875,0.243865966796875,0,22.962936401367188,47.750579833984375
0.5625938041329205,0.4749451277928964,0.06742203599079982,0.3956334999334497,0.35206133609303,0.3749501705169678,0.32001596689224243,0.3050338923931122,0.22409816086292267,0.36661583185195923,0.4092860221862793,0.7215686274509804,0.21568627450980393,0.36045381281465994,0.6359251141548157,0.165191650390625,0.4306488037109375,ygo4_0306,Raidraptor - Roost,Spell,,Continuous,Raidraptor,0.1878814697265625,0.1823657602071762,0.19094642996788025,1.0470519065856934,0.35279786586761475,0.28530821204185486,0.3618939220905304,0.7938230037689209,0.23869940638542175,0.2610079050064087,0.5002927184104919,0.29257991909980774,0.2193084955215454,0.35299205780029297,0.0848388671875,0.413848876953125,0.0377655029296875,7,1.1207275390625,-4.451446533203125
0.5188837591047989,0.4647595850803733,0.039981035524802554,0.406924838783207,0.07052632410011411,0.39177772402763367,0.2956799566745758,0.3125423192977905,0.2951895296573639,0.3606525659561157,0.344157874584198,0.5215686274509804,0.1568627450980392,0.3438144577992211,0.6462311744689941,0.07049560546875,0.1351318359375,ygo4_0307,Sunset Beat,Spell,,Continuous,,0.2274017333984375,0.2592165470123291,0.20972298085689545,0.8090648055076599,0.35865262150764465,0.36979132890701294,0.2715560495853424,0.7697424739599228,0.220894917845726,0.3830035626888275,0.39610156416893005,0.45799100399017334,0.2370501458644867,0.48916369676589966,0.280517578125,0.1469879150390625,0.095245361328125,0,15.849533081054688,12.727157592773438
0.44932060079289415,0.5122709674638514,0.052143821748047,0.39054636035023377,0.2974187911665024,0.27283424139022827,0.41358983516693115,0.3135759234428406,0.41119271516799927,0.31542065739631653,0.2733865976333618,0.3176470588235294,0.20392156862745098,0.3477283892346706,0.6170788407325745,0.1781463623046875,0.5887451171875,ygo4_0308,White Reincarnation,Spell,,Continuous,White,0.19384765625,0.17488999664783478,0.20438198745250702,1.1686315536499023,0.25897353887557983,0.35445529222488403,0.38657116889953613,0.7451398074626923,0.2813717722892761,0.2539762258529663,0.46465203166007996,0.7109291553497314,0.22621579468250275,0.19127725064754486,0.0142974853515625,0.0368804931640625,0.442840576171875,6,-4.4149627685546875,-6.66357421875
0.5019439708536294,0.5127763429169003,0.012923388139725196,0.38424394711391446,0.28800435374195943,0.28954946994781494,0.3865959048271179,0.32385462522506714,0.3131203353404999,0.3656514883041382,0.32122814655303955,0.4588235294117647,0.5882352941176471,0.09737026680733443,0.5514762997627258,0.164581298828125,0.5714111328125,ygo4_0309,Ancient Gear Advance,Spell,,Continuous,Ancient Gear,0.2093353271484375,0.23033875226974487,0.19766420125961304,0.8581455945968628,0.2333260476589203,0.35869961977005005,0.40797433257102966,0.6759228408336639,0.2590576112270355,0.3082832098007202,0.43265917897224426,0.4553591012954712,0.293195903301239,0.18311850726604462,0.00579833984375,0.25469970703125,0.178070068359375,1,1.2508087158203125,6.287139892578125
0.49227761840937223,0.47752191614539286,0.02376761307338238,0.3965258393496825,0.2507933659217676,0.36594492197036743,0.3272264003753662,0.30682864785194397,0.3370369076728821,0.35453879833221436,0.308424174785614,0.1843137254901961,0.7725490196078432,0.4170620960997004,0.617172122001648,0.0059356689453125,0.0102996826171875,ygo4_0310,Shining Sarcophagus,Spell,,Continuous,Shining Sarcophagus,0.2307891845703125,0.22845913469791412,0.23208393156528473,1.0158661603927612,0.3412231504917145,0.33249586820602417,0.32628098130226135,0.77979676425457,0.13778609037399292,0.30790019035339355,0.5543137192726135,0.6522200107574463,0.24597319960594177,0.237759530544281,0.0285186767578125,0.0490570068359375,0.3433685302734375,1,4.53497314453125,3.300506591796875
0.5051091220413706,0.49461351253524377,0.007424107706761454,0.4431204959984606,0.1764564081742551,0.3685106337070465,0.27029114961624146,0.36119818687438965,0.3541446328163147,0.2693132758140564,0.37654203176498413,0.996078431372549,0.3607843137254902,0.5152424840576829,0.7468715906143188,0.0151519775390625,0.061431884765625,ygo4_0311,Gathering Light,Spell,,Continuous,,0.1926422119140625,0.13802383840084076,0.22299237549304962,1.615607500076294,0.42154455184936523,0.24554455280303955,0.3329108953475952,0.8639212846755981,0.24076399207115173,0.19053193926811218,0.5687040686607361,0.7935401797294617,0.17544899880886078,0.28734293580055237,0.1985015869140625,0.0,0.5279998779296875,6,-0.7567901611328125,-11.619415283203125
0.5094150499342802,0.49367883640718596,0.011340206101835523,0.4052099913158,0.08714497084573132,0.3365395963191986,0.3378252685070038,0.32563507556915283,0.32472455501556396,0.32250791788101196,0.3527674973011017,0.7764705882352941,0.7058823529411765,0.34470788997608504,0.6102373003959656,0.04052734375,0.124969482421875,ygo4_0312,Ritual Beast Inheritance,Spell,,Continuous,Ritual Beast,0.2666015625,0.2771156430244446,0.2607591450214386,0.9409759044647217,0.37122252583503723,0.33436354994773865,0.2944139242172241,0.8081106096506119,0.3210422992706299,0.20880141854286194,0.4701562523841858,0.5407600402832031,0.1883796900510788,0.48495718836784363,0.2924652099609375,0.0107879638671875,0.1136932373046875,0,18.309890747070312,24.61822509765625
0.4943875051504643,0.5428234163446224,0.043189640955452926,0.41831101893142325,0.3416658828964435,0.28531330823898315,0.31270459294319153,0.4019820988178253,0.34634220600128174,0.31622540950775146,0.337432324886322,0.0,0.8745098039215686,0.6247060054404566,0.6707740426063538,0.055206298828125,0.109375,ygo4_0313,Void Breach,Spell,,Continuous,Void,0.20257568359375,0.20624546706676483,0.20053647458553314,0.9723193645477295,0.40712565183639526,0.3648689389228821,0.22800542414188385,0.89231076836586,0.19693219661712646,0.2862376868724823,0.5168301463127136,0.6508008241653442,0.2659006118774414,0.44329002499580383,0.3329925537109375,0.0696563720703125,0.3922576904296875,6,-5.60540771484375,-22.5751953125
0.5228442641298119,0.5536604644453468,0.058320715428764554,0.4172642722981051,0.007166495268016687,0.28255802392959595,0.27562397718429565,0.4418180584907532,0.32763049006462097,0.2741909325122833,0.3981786370277405,0.8941176470588236,0.796078431372549,0.4929413324597691,0.6433142423629761,0.1143951416015625,0.4453125,ygo4_0314,Allure Dance,Spell,,Continuous,,0.0928497314453125,0.11405869573354721,0.08106440305709839,0.7107252478599548,0.1880032867193222,0.4305669665336609,0.3814297318458557,0.7825494557619095,0.18945205211639404,0.372439444065094,0.43810853362083435,0.4644375741481781,0.18002164363861084,0.6175135374069214,0.6566162109375,0.0750885009765625,0.0299224853515625,6,-6.5941925048828125,-27.778793334960938
0.528073176741872,0.5065044869926829,0.028816863177979078,0.3967796971940723,0.12461406523084362,0.3003900945186615,0.37131786346435547,0.32829198241233826,0.2853899300098419,0.3423304259777069,0.3722795844078064,0.6509803921568628,0.4980392156862745,0.1509931239857134,0.6040720343589783,0.151611328125,0.429962158203125,ygo4_0315,Clear Wall,Spell,,Continuous,Clear,0.172515869140625,0.17548805475234985,0.1708642840385437,0.9736518263816833,0.28710418939590454,0.34335750341415405,0.3695383071899414,0.7891155183315277,0.18833909928798676,0.4261768162250519,0.38548406958580017,0.6593800187110901,0.21468105912208557,0.2525886297225952,0.0636749267578125,0.0122528076171875,0.30963134765625,7,0.9792633056640625,-16.653671264648438
0.4875153793229521,0.48837381647237477,0.0170597156150915,0.3951118508392988,0.13426056090939034,0.3162350356578827,0.3922790288925171,0.29148584604263306,0.36024144291877747,0.326116144657135,0.31364235281944275,0.2627450980392157,0.5647058823529412,0.24592018972726504,0.5964769124984741,0.1195526123046875,0.431396484375,ygo4_0316,That's 10!,Spell,,Continuous,,0.2290496826171875,0.2592165470123291,0.21228665113449097,0.8189548850059509,0.2869229316711426,0.4062354266643524,0.306841641664505,0.6739634871482849,0.4169503152370453,0.22245198488235474,0.3605976700782776,0.5060880184173584,0.2386953979730606,0.4561370015144348,0.269195556640625,0.1308135986328125,0.1264190673828125,0,9.1065673828125,7.02532958984375
0.5232649653204952,0.5225955140258284,0.03243171080062304,0.39109133799514983,0.31008486129175716,0.2739797532558441,0.3922405540943146,0.3337797224521637,0.27539944648742676,0.3828813135623932,0.34171929955482483,0.6901960784313725,0.5058823529411764,0.1902870209099858,0.5945290327072144,0.122344970703125,0.402679443359375,ygo4_0317,Deception of the Sinful Spoils,Spell,,Continuous,Sinful Spoils,0.2001953125,0.2214105725288391,0.18840648233890533,0.8509370684623718,0.19657012820243835,0.37660062313079834,0.4268292784690857,0.7659205943346024,0.23880690336227417,0.2635628581047058,0.49763023853302,0.34514912962913513,0.23257121443748474,0.4170020818710327,0.152313232421875,0.3546600341796875,0.0434112548828125,0,13.620407104492188,8.717056274414062
0.48302216810261234,0.5527633355746687,0.05542757758463792,0.4085661709627955,0.05424876666887757,0.2812712490558624,0.30414676666259766,0.4145820736885071,0.3481917083263397,0.3484814763069153,0.30332690477371216,0.12156862745098039,0.6549019607843137,0.40890698353557126,0.6758016347885132,0.0707244873046875,0.24505615234375,ygo4_0318,Primite Lordly Lode,Spell,,Continuous,Primite,0.1567840576171875,0.14635396003723145,0.16257981956005096,1.1108671426773071,0.2339659333229065,0.36720195412635803,0.3988321125507355,0.8899697661399841,0.3370266854763031,0.19294826686382294,0.47002506256103516,0.5131149888038635,0.18939794600009918,0.18987607955932617,0.001220703125,0.021942138671875,0.0750732421875,11,9.614578247070312,1.542816162109375
0.5028527371814823,0.5014417560924251,0.003196368260488206,0.40257523895585123,0.025963880437900048,0.32939720153808594,0.32876190543174744,0.3418408930301666,0.31649336218833923,0.3539569079875946,0.3295497000217438,0.7529411764705882,0.16862745098039217,0.4168776858960883,0.6296188235282898,0.01043701171875,0.017120361328125,ygo4_0319,Sangen Furo,Spell,,Continuous,Sangen,0.20648193359375,0.23683199286460876,0.1896171122789383,0.8006397485733032,0.3454034924507141,0.3307715058326721,0.32382500171661377,0.6178172528743744,0.20024898648262024,0.350248783826828,0.44950219988822937,0.49221694469451904,0.3186115622520447,0.6948736906051636,0.6653289794921875,0.2666015625,0.254180908203125,1,8.4945068359375,39.317230224609375
0.5030314425486432,0.4888990387215916,0.011507431739117445,0.40661208370071744,0.10362287759012316,0.35248300433158875,0.32188767194747925,0.325629323720932,0.32860419154167175,0.3335535228252411,0.33784228563308716,0.8431372549019608,0.38823529411764707,0.36088020890957995,0.6414322257041931,0.1679840087890625,0.734375,ygo4_0320,Token Support,Spell,,Continuous,,0.173370361328125,0.1485753357410431,0.18714837729930878,1.2596192359924316,0.41093116998672485,0.25620490312576294,0.3328639268875122,0.8442723900079727,0.29121094942092896,0.29958850145339966,0.4092005491256714,0.5408698916435242,0.24165058135986328,0.387832373380661,0.279022216796875,0.0878448486328125,0.182769775390625,0,12.326690673828125,9.525238037109375
0.5157731359106452,0.5189028880803064,0.024619321563200614,0.41556519435092204,0.04758530068812382,0.3140984773635864,0.30967214703559875,0.37622931599617004,0.30896759033203125,0.33711472153663635,0.35391756892204285,0.6039215686274509,0.5098039215686274,0.10438299336632283,0.6671744585037231,0.003631591796875,0.0054473876953125,ygo4_0321,Mimighoul Charm,Spell,,Continuous,Mimighoul,0.3144378662109375,0.29603999853134155,0.32466113567352295,1.096679925918579,0.3371184468269348,0.3168826103210449,0.34599894285202026,0.7264387607574463,0.24563530087471008,0.29215434193611145,0.4622103273868561,0.5398275852203369,0.2326635867357254,0.4814762771129608,0.3366241455078125,0.056121826171875,0.1684417724609375,11,25.779769897460938,-15.917007446289062
0.497702470953012,0.5045934443988832,0.00513598784727778,0.4099105390854169,0.0028761865746492043,0.3330423831939697,0.3168928325176239,0.3500647246837616,0.33627021312713623,0.3333885371685028,0.3303412199020386,0.6901960784313725,0.47058823529411764,0.19245674878732363,0.6416589021682739,0.0053558349609375,0.01153564453125,ygo4_0322,Crystron Inclusion,Spell,,Continuous,Crystron,0.226654052734375,0.27703019976615906,0.1986611932516098,0.7171102166175842,0.3121044933795929,0.3572101891040802,0.3306853473186493,0.8305731117725372,0.2961558997631073,0.22892941534519196,0.47491469979286194,0.553443193435669,0.2642326056957245,0.3440905511379242,0.10748291015625,0.09283447265625,0.236724853515625,8,14.81927490234375,-22.759033203125
0.5156738418972611,0.4961935733738986,0.01612942043224834,0.42619881275180954,0.32443190187484494,0.3498343527317047,0.3152702748775482,0.33489537239074707,0.33229419589042664,0.297897070646286,0.36980876326560974,0.9568627450980393,0.3803921568627451,0.47226010206078406,0.6797285079956055,0.050079345703125,0.095550537109375,ygo4_0323,Materiactor Meltdown,Spell,,Continuous,Materiactor,0.298431396484375,0.30595070123672485,0.29425308108329773,0.9617663025856018,0.32784539461135864,0.3452295660972595,0.32692503929138184,0.7777654975652695,0.27100613713264465,0.23179560899734497,0.49719828367233276,0.6786755323410034,0.22572755813598633,0.37330594658851624,0.18792724609375,0.039337158203125,0.3411407470703125,10,20.7806396484375,-8.160537719726562
0.498253468573424,0.5635383925191546,0.06356239215087943,0.41627167365788986,0.3325143613673207,0.25201416015625,0.3167372941970825,0.4312484860420227,0.34487995505332947,0.3072936534881592,0.3478263318538666,0.0,0.6509803921568628,0.5222978832197581,0.6746498942375183,0.09051513671875,0.174957275390625,ygo4_0324,Ocean of Regeneration,Spell,,Continuous,,0.179290771484375,0.17924730479717255,0.17931492626667023,1.0003771781921387,0.24757446348667145,0.32348936796188354,0.4289361834526062,0.8736632168292999,0.07935704290866852,0.7587196230888367,0.1619233787059784,0.6964477300643921,0.2626078724861145,0.28534403443336487,0.167999267578125,0.0637054443359375,0.4584503173828125,7,4.407073974609375,-15.019378662109375
0.5000458104926492,0.5239260441213841,0.023926087977345058,0.40369704617731267,0.2046137661165076,0.3080844581127167,0.305499792098999,0.3864157795906067,0.31451600790023804,0.3654894530773163,0.3199945390224457,0.7058823529411765,0.8588235294117647,0.41369296405922923,0.6277173161506653,0.0543060302734375,0.153045654296875,ygo4_0325,Predapruning,Spell,,Equip,Predaplant,0.175537109375,0.19962407648563385,0.16215254366397858,0.8122894763946533,0.2652990221977234,0.28624826669692993,0.4484527111053467,0.8206613510847092,0.3562493324279785,0.24904824793338776,0.3947024345397949,0.31563979387283325,0.17590883374214172,0.624286949634552,0.5719451904296875,0.3131561279296875,0.0063018798828125,0,13.7822265625,1.9814605712890625
0.5192531846362447,0.5031432061355922,0.019508071751153502,0.39831668784167396,0.19132981238207344,0.3198721706867218,0.3399480879306793,0.3401797413825989,0.2870000898838043,0.3624447286128998,0.3505551517009735,0.8431372549019608,0.7725490196078432,0.4382078773719725,0.6016119122505188,0.1057891845703125,0.3831787109375,ygo4_0326,Phantasm Spiral Crash,Spell,,Equip,Phantasm Spiral,0.2380218505859375,0.2644709348678589,0.2233247011899948,0.8444206118583679,0.3269440233707428,0.3213026523590088,0.3517533242702484,0.7367208898067474,0.29621797800064087,0.21714802086353302,0.4866339862346649,0.45767587423324585,0.27220937609672546,0.3795914053916931,0.102203369140625,0.212371826171875,0.1526336669921875,7,3.493621826171875,-11.271331787109375
0.4781292966651016,0.48867269014248255,0.02462997387272969,0.4001992514457057,0.20046516894564728,0.3334503471851349,0.34964457154273987,0.31690502166748047,0.35115599632263184,0.3513222634792328,0.2975216507911682,0.30196078431372547,0.42745098039215684,0.21090967544352718,0.6108109951019287,0.0527801513671875,0.1957244873046875,ygo4_0327,Phantasm Spiral Grip,Spell,,Equip,Phantasm Spiral,0.23309326171875,0.28365159034729004,0.2049991637468338,0.7227146625518799,0.30924326181411743,0.3766038119792938,0.31415292620658875,0.8229922950267792,0.2754984200000763,0.22208501398563385,0.5024165511131287,0.3210923373699188,0.18457414209842682,0.7233564853668213,0.71185302734375,0.2947235107421875,0.023529052734375,7,10.771453857421875,-31.288314819335938
0.503073811591117,0.48722267594755697,0.013141854041147474,0.412636677584308,0.04374440420872271,0.34340864419937134,0.33079448342323303,0.32579681277275085,0.3456099331378937,0.3030327260494232,0.3513573110103607,0.8862745098039215,0.8313725490196079,0.5089359126334202,0.6370809674263,0.035064697265625,0.088226318359375,ygo4_0328,Phantasm Spiral Wave,Spell,,Equip,Phantasm Spiral,0.297027587890625,0.31257209181785583,0.2883898615837097,0.9226347208023071,0.3597041070461273,0.33078187704086304,0.30951401591300964,0.7449844777584076,0.19556675851345062,0.2836167514324188,0.5208165049552917,0.528667688369751,0.2230890989303589,0.3825680613517761,0.1272125244140625,0.0667877197265625,0.13751220703125,7,5.0958404541015625,-6.014312744140625
0.5113313177912733,0.48603301951067973,0.017985419285517903,0.39970949517813403,0.17844594424979623,0.32923266291618347,0.3672209084033966,0.30354636907577515,0.3205455541610718,0.33430615067481995,0.3451482355594635,0.24313725490196078,0.611764705882353,0.2801246495763433,0.6251518726348877,0.071929931640625,0.22705078125,ygo4_0329,SPYRAL GEAR - Fully Armed,Spell,,Equip,SPYRAL,0.1827239990234375,0.20829595625400543,0.16851425170898438,0.8090134859085083,0.39265134930610657,0.37920668721199036,0.22814196348190308,0.7795000821352005,0.28879475593566895,0.2393745332956314,0.47183072566986084,0.3888031542301178,0.22950148582458496,0.31024399399757385,0.058807373046875,0.23040771484375,0.0624237060546875,7,3.9580078125,-5.64715576171875
0.5151820135704022,0.49019892283236327,0.018070823160493975,0.411906085540999,0.10897821375520571,0.3462480902671814,0.327656090259552,0.326095849275589,0.314456582069397,0.32874253392219543,0.35680094361305237,0.0,0.6352941176470588,0.5179811755941486,0.6437457799911499,0.0027618408203125,0.0040283203125,ygo4_0330,Salamandra Fusion,Spell,,Equip,Flame Swordsman,0.2892303466796875,0.28715452551841736,0.29038384556770325,1.0112459659576416,0.3413875102996826,0.3258770704269409,0.33273541927337646,0.7833024561405182,0.2924656867980957,0.23481541872024536,0.4727189242839813,0.6332563757896423,0.19248078763484955,0.6486362218856812,0.7047882080078125,0.0054473876953125,0.26123046875,1,22.40533447265625,43.54747009277344
0.49367174671887126,0.5089940352356098,0.010997247810680072,0.402756311697677,0.05168855431780366,0.32520365715026855,0.3234246075153351,0.351371705532074,0.31740623712539673,0.3870527744293213,0.295540988445282,0.3176470588235294,0.1568627450980392,0.3885817428255766,0.626441240310669,0.0618896484375,0.18365478515625,ygo4_0331,Soul Fist,Spell,,Equip,,0.1800384521484375,0.20017941296100616,0.16884657740592957,0.8434761762619019,0.3267225921154022,0.3401135802268982,0.3331638276576996,0.7780153751373291,0.2896392047405243,0.23592312633991241,0.4744376540184021,0.5624473094940186,0.22866755723953247,0.6633168458938599,0.599822998046875,0.066436767578125,0.1757965087890625,0,15.580230712890625,43.63661193847656
0.47950990673457716,0.5247765871181251,0.032151565922171985,0.4069407199594836,0.0747018807754059,0.30332058668136597,0.32052117586135864,0.376158207654953,0.3676028251647949,0.3221394121646881,0.31025776267051697,0.27058823529411763,0.7294117647058823,0.32443722901500416,0.6274657845497131,0.157318115234375,0.6015625,ygo4_0332,Abyss-sting Triaina,Spell,,Equip,Abyss-,0.22491455078125,0.22264941036701202,0.22617323696613312,1.01582670211792,0.36716416478157043,0.3310040831565857,0.30183175206184387,0.8223020136356354,0.21966394782066345,0.2585553526878357,0.5217807292938232,0.7626060247421265,0.15838737785816193,0.41138824820518494,0.286529541015625,0.000274658203125,0.447784423828125,6,-8.474990844726562,-0.5137481689453125
0.49278470159553805,0.4892830241469288,0.012919524081820583,0.39996523238679477,0.3743271330408255,0.3365168869495392,0.3610389828681946,0.30244410037994385,0.3286612033843994,0.3563075065612793,0.3150312900543213,0.3058823529411765,0.5019607843137255,0.19412754975731528,0.5915791988372803,0.0090789794921875,0.0322723388671875,ygo4_0333,Reincarnation Unveiling Mail,Spell,,Equip,Xyz,0.2545013427734375,0.2557990550994873,0.2537802457809448,0.9921078085899353,0.332873672246933,0.3365309536457062,0.33059537410736084,0.8448232561349869,0.3406139612197876,0.1474638730287552,0.5119221806526184,0.7247978448867798,0.25186029076576233,0.21654768288135529,0.089019775390625,0.0365753173828125,0.509429931640625,6,7.5292510986328125,-12.13812255859375
0.4878632897794181,0.47141035092883793,0.031059101226380892,0.39845762277688485,0.17031294681964357,0.3680669665336609,0.3333999514579773,0.29853305220603943,0.32878050208091736,0.37263214588165283,0.2985874116420746,0.23137254901960785,0.6980392156862745,0.33373678006755225,0.6024977564811707,0.0543670654296875,0.1556396484375,ygo4_0334,Grief Tablet,Spell,,Equip,Wedju,0.1996307373046875,0.2021871954202652,0.19821017980575562,0.9803299307823181,0.39585721492767334,0.3536650538444519,0.25047773122787476,0.8273216038942337,0.29812684655189514,0.24303174018859863,0.4588414132595062,0.4298008978366852,0.18139752745628357,0.39634764194488525,0.253631591796875,0.086090087890625,0.029571533203125,1,1.9533538818359375,10.61322021484375
0.486576084026535,0.5002161439938195,0.013425655972380367,0.42102927980495203,0.2200768271122822,0.3260706663131714,0.33061346411705017,0.34331580996513367,0.3566244840621948,0.3160862326622009,0.32728925347328186,0.5764705882352941,0.3411764705882353,0.17627440075025522,0.693196177482605,0.004302978515625,0.00640869140625,ygo4_0335,Spirit Illusion,Spell,,Equip,,0.053009033203125,0.01657482236623764,0.07325468212366104,4.419633388519287,0.36499711871147156,0.32700058817863464,0.3080022931098938,0.882543109357357,0.26449155807495117,0.24124503135681152,0.4942634105682373,0.23579181730747223,0.14649707078933716,0.5142164826393127,0.39581298828125,0.5338287353515625,7.62939453125e-05,9,24.685028076171875,-21.033355712890625
0.4913902786960375,0.5100663066817172,0.013246049642904437,0.38230488586156836,0.08433119682694808,0.2860371470451355,0.3881177306175232,0.3258450925350189,0.29200366139411926,0.43875470757484436,0.26924166083335876,0.5725490196078431,0.6,0.1235449725648891,0.5654636025428772,0.10675048828125,0.258758544921875,ygo4_0336,Dark Sanctuary,Spell,,Field,Spirit Message,0.1090850830078125,0.11615190654993057,0.10515820980072021,0.9053506255149841,0.24646803736686707,0.33053573966026306,0.4229962229728699,0.9321546331048012,0.28762102127075195,0.34002208709716797,0.37235692143440247,0.22314713895320892,0.0932379737496376,0.5590872168540955,0.42919921875,0.46697998046875,0.0,11,27.0145263671875,-9.612442016601562
0.4951426972453776,0.5040593842655875,0.006330244123709718,0.4134892799803186,0.07202066320380904,0.34166890382766724,0.3093700408935547,0.3489610552787781,0.32973235845565796,0.34304139018058777,0.32722631096839905,0.16862745098039217,0.8862745098039215,0.5089359126334202,0.6442329287528992,0.03216552734375,0.0709228515625,ygo4_0337,Magnetic Field,Spell,,Field,Magnet,0.2702484130859375,0.29112735390663147,0.25864648818969727,0.8884307146072388,0.3230760395526886,0.3462819755077362,0.3306419849395752,0.8129611164331436,0.28390735387802124,0.3136425018310547,0.4024501442909241,0.49892428517341614,0.23520715534687042,0.4454651474952698,0.31134033203125,0.1321258544921875,0.1084136962890625,5,-18.329742431640625,5.13592529296875
0.4991954363185988,0.5242479036654896,0.024261248007641574,0.4020314759059321,0.09879837889123551,0.3000084459781647,0.32256606221199036,0.3774254620075226,0.3363109827041626,0.31871846318244934,0.3449705243110657,0.2235294117647059,0.3058823529411765,0.3378130356555583,0.6270142197608948,0.057830810546875,0.11248779296875,ygo4_0338,Symph Amplifire,Spell,,Field,Symphonic Warrior,0.2465057373046875,0.23901063203811646,0.25067058205604553,1.0487841367721558,0.40402352809906006,0.2519962787628174,0.34398019313812256,0.8318265974521637,0.2570899724960327,0.38767170906066895,0.35523831844329834,0.641154408454895,0.21459077298641205,0.30909451842308044,0.19488525390625,0.0151824951171875,0.2943267822265625,0,8.779937744140625,10.698928833007812
0.49656083531733597,0.5386538967472504,0.038806592061936825,0.3975447124360039,0.21924489538151512,0.25975945591926575,0.3858385682106018,0.35440194606781006,0.33009079098701477,0.3438084125518799,0.32610073685646057,0.5803921568627451,0.47843137254901963,0.08323523637957307,0.6031861305236816,0.0600128173828125,0.1913909912109375,ygo4_0339,Magical Meltdown,Spell,,Field,Invoked,0.2793731689453125,0.3004400134086609,0.2676668167114258,0.8909159898757935,0.2872357964515686,0.32612377405166626,0.3866404592990875,0.8936847746372223,0.23739369213581085,0.30739155411720276,0.4552147686481476,0.4729394316673279,0.18034659326076508,0.6721712350845337,0.6599884033203125,0.0088653564453125,0.073089599609375,0,50.23692321777344,34.1231689453125
0.5070189206837132,0.5072957689151492,0.010123906934949285,0.4088115005621552,0.07159393619323312,0.33955222368240356,0.3207368850708008,0.33971086144447327,0.3068792521953583,0.3609260320663452,0.3321946859359741,0.49019607843137253,0.4588235294117647,0.04232751597043709,0.6422048807144165,0.0019989013671875,0.0029296875,ygo4_0340,Fallen Paradise,Spell,,Field,Sacred Beast,0.1831207275390625,0.15916955471038818,0.19642984867095947,1.2340917587280273,0.4037996828556061,0.2195650339126587,0.37663528323173523,0.9011369273066521,0.20907439291477203,0.3421761989593506,0.44874945282936096,0.21884718537330627,0.10457640141248703,0.300094872713089,0.1559906005859375,0.45269775390625,0.0004425048828125,2,5.6064910888671875,-3.6985321044921875
0.508154602392592,0.48238003599775514,0.01941547505526641,0.4330739987926989,0.01203312666939438,0.40670332312583923,0.235843688249588,0.357452929019928,0.3315317630767822,0.3127439618110657,0.3557242155075073,0.08235294117647059,0.9254901960784314,0.5962138649031962,0.7081877589225769,0.0280609130859375,0.0640869140625,ygo4_0341,"Obsidim, the Ashened City",Spell,,Field,Ashened,0.14361572265625,0.1362723708152771,0.14769625663757324,1.0838311910629272,0.33892902731895447,0.3274543285369873,0.3336166739463806,0.79097481071949,0.23991893231868744,0.29954957962036133,0.4605315029621124,0.5229156613349915,0.20453529059886932,0.13608549535274506,0.0258331298828125,0.0870819091796875,0.1063995361328125,0,5.6924896240234375,-0.5080718994140625
0.5048397021432997,0.47505505788352137,0.02541009354627268,0.4310551664569139,0.008627020943617267,0.413372665643692,0.2491728514432907,0.3374544084072113,0.33229371905326843,0.32003381848335266,0.3476724624633789,0.08235294117647059,0.9254901960784314,0.5962138649031962,0.7030212879180908,0.0251312255859375,0.0604248046875,ygo4_0342,"Obsidim, the Ashened City",Spell,,Field,Ashened,0.14007568359375,0.13225682079792023,0.14442044496536255,1.091969609260559,0.3441176414489746,0.3294117748737335,0.32647058367729187,0.7968775182962418,0.23882423341274261,0.30311840772628784,0.45805734395980835,0.510891854763031,0.19825458526611328,0.15308868885040283,0.0350799560546875,0.0880126953125,0.094451904296875,8,6.646209716796875,-0.8018646240234375
0.48648825850883226,0.49933207803261875,0.013528240014083658,0.4250989406149957,0.2430172859129803,0.35537779331207275,0.2858498692512512,0.3587724268436432,0.34342509508132935,0.3433587849140167,0.3132161796092987,0.7450980392156863,0.4627450980392157,0.24791324399370387,0.6824579834938049,0.00933837890625,0.022857666015625,ygo4_0343,Multi-Universe,Spell,,Field,,0.173614501953125,0.18445897102355957,0.1675884872674942,0.908540666103363,0.3700123131275177,0.33916330337524414,0.29082438349723816,0.9127412661910057,0.4465254247188568,0.19273217022418976,0.36074239015579224,0.39566975831985474,0.31111085414886475,0.4899156987667084,0.4119873046875,0.349273681640625,0.1875762939453125,7,5.1292266845703125,-23.166641235351562
0.47424461740469037,0.4913817350180063,0.027159054179603473,0.38145107752440033,0.07766019704252064,0.3162238597869873,0.3983878493309021,0.285388320684433,0.33749186992645264,0.4066694378852844,0.2558387219905853,0.6470588235294118,0.5254901960784314,0.14925162536458877,0.5325002670288086,0.13818359375,0.3618621826171875,ygo4_0344,Nightmare Throne,Spell,,Field,,0.075927734375,0.16805502772331238,0.024734729900956154,0.14718231558799744,0.20297427475452423,0.5506430864334106,0.24638263881206512,0.9048779085278511,0.2929316461086273,0.4110240340232849,0.29604434967041016,0.3819446861743927,0.1358983814716339,0.42946797609329224,0.05438232421875,0.04925537109375,0.005218505859375,7,5.6298370361328125,-25.553634643554688
0.5082657357857578,0.46174454938561765,0.03913824076002145,0.41246762164093964,0.22585895365149772,0.38274094462394714,0.32657986879348755,0.2906792163848877,0.3223455846309662,0.32728448510169983,0.350369930267334,0.9176470588235294,0.18823529411764706,0.5211777984314514,0.6446599364280701,0.1241455078125,0.417724609375,ygo4_0345,Allure Palace,Spell,,Field,,0.11175537109375,0.14246657490730286,0.09468986839056015,0.6646461486816406,0.3631895184516907,0.3739759624004364,0.2628345191478729,0.9379872046411037,0.38597607612609863,0.35408517718315125,0.2599387466907501,0.5085591673851013,0.2585596442222595,0.4094741642475128,0.3001251220703125,0.1496734619140625,0.1208648681640625,7,-0.3313751220703125,-11.970199584960938
0.5049669341265914,0.5208142995515231,0.021398726607871673,0.38078446921810183,0.19207646626047692,0.25207507610321045,0.4438965320587158,0.3040284216403961,0.3071003258228302,0.3716738224029541,0.32122594118118286,0.5098039215686274,0.8235294117647058,0.323677921945474,0.5724068284034729,0.0071258544921875,0.008544921875,ygo4_0346,Mansion of the Dreadful Dolls,Spell,,Field,,0.2033843994140625,0.26635053753852844,0.16839556396007538,0.6322328448295593,0.27361392974853516,0.37639734148979187,0.34998875856399536,0.9075906202197075,0.5244315266609192,0.2260192185640335,0.2495492696762085,0.3599018156528473,0.1810104101896286,0.2737179100513458,0.0171661376953125,0.16754150390625,0.023834228515625,7,3.5753936767578125,-12.718673706054688
0.49656824271412275,0.4931327778795716,0.007676958884901796,0.3807970024671527,0.20935048535793077,0.3288140594959259,0.3350812792778015,0.3361046016216278,0.3033105432987213,0.40983980894088745,0.2868496775627136,0.3254901960784314,0.7294117647058823,0.28824196337489,0.5408709645271301,0.0246734619140625,0.05035400390625,ygo4_0347,Mimighoul Dungeon,Spell,,Field,Mimighoul,0.20159912109375,0.24353881180286407,0.17829421162605286,0.7320976853370667,0.33810171484947205,0.29791098833084106,0.3639872968196869,0.7917740195989609,0.3411971926689148,0.2684566378593445,0.3903461992740631,0.3266909718513489,0.21168404817581177,0.4957636892795563,0.3549041748046875,0.3605804443359375,0.0394439697265625,1,8.928634643554688,18.513259887695312
0.4775521438515857,0.5327872955711358,0.03973553820610618,0.40585900677688497,0.02637104299157134,0.2978043258190155,0.2976103127002716,0.4045853912830353,0.32664602994918823,0.3863072395324707,0.28704679012298584,0.37254901960784315,0.7490196078431373,0.2797400891779221,0.6194183230400085,0.0535125732421875,0.2775421142578125,ygo4_0348,Wedju Temple,Spell,,Field,Wedju,0.15985107421875,0.21701055765151978,0.12808887660503387,0.5902425646781921,0.3416380286216736,0.3244558870792389,0.3339060842990875,0.8330290019512177,0.21318767964839935,0.517217218875885,0.26959508657455444,0.4061920642852783,0.1857232302427292,0.772560179233551,0.9781646728515625,0.160064697265625,0.009002685546875,0,19.259933471679688,40.229278564453125
0.5075636887384836,0.5102205706773766,0.012714930290957679,0.3987345062358927,0.051052077270840664,0.31608036160469055,0.3458738327026367,0.3380458950996399,0.2953058183193207,0.3810804486274719,0.3236137926578522,0.3137254901960784,0.2549019607843137,0.3078493817275997,0.5953292846679688,0.0794677734375,0.2296142578125,ygo4_0349,Tenyinfinity,Spell,,Field,Tenyi,0.2027740478515625,0.2638728618621826,0.16882283985614777,0.6397885680198669,0.36135149002075195,0.3733915388584137,0.26525697112083435,0.647506058216095,0.22598260641098022,0.3285762369632721,0.4454411566257477,0.49316295981407166,0.28953370451927185,0.6901851892471313,0.6688995361328125,0.2251129150390625,0.203155517578125,1,17.987869262695312,41.206634521484375
0.5104708124720341,0.5115791823638333,0.015611386166494363,0.4010758549593767,0.4456941464183136,0.2870810329914093,0.379825621843338,0.3330933153629303,0.34580716490745544,0.2803512215614319,0.37384164333343506,0.34901960784313724,0.12549019607843137,0.4037978108524263,0.6159985065460205,0.0754852294921875,0.43359375,ygo4_0350,Amazing Pendulum,Spell,,Normal,Magician,0.10040283203125,0.12016745656728745,0.08942008763551712,0.744128942489624,0.32735562324523926,0.43996959924697876,0.23267477750778198,0.8392476439476013,0.3606915771961212,0.1971108764410019,0.4421975612640381,0.4077240228652954,0.3225398659706116,0.3952478766441345,0.1595916748046875,0.3980560302734375,0.2290191650390625,5,-3.4308624267578125,4.1072845458984375
0.514259396617673,0.4810102909992445,0.023747409118332806,0.3809190952743285,0.4127580609310621,0.350066602230072,0.34743571281433105,0.3024976849555969,0.25118139386177063,0.4508764147758484,0.297942191362381,0.22745098039215686,0.6235294117647059,0.29923650121622986,0.5450536012649536,0.0425872802734375,0.1317291259765625,ygo4_0351,Flower Stacking,Spell,,Normal,Flower Cardian,0.14837646484375,0.19009782373905182,0.12519286572933197,0.6585707068443298,0.2873303294181824,0.43140682578086853,0.2812628448009491,0.7396063208580017,0.15087231993675232,0.16870002448558807,0.6804276704788208,0.3498939573764801,0.282196044921875,0.3256584703922272,0.2150115966796875,0.4121551513671875,0.1237335205078125,6,3.694915771484375,1.576263427734375
0.4966277352336868,0.5092863140341459,0.009879665884780363,0.4139366277078879,0.11819767843331618,0.3169116973876953,0.3291332721710205,0.35395509004592896,0.33542826771736145,0.3344101309776306,0.3301616311073303,0.5333333333333333,0.9333333333333333,0.4346134936801766,0.6587722301483154,0.036102294921875,0.1239013671875,ygo4_0352,Super Koi Koi,Spell,,Normal,Flower Cardian,0.1593475341796875,0.18129779398441315,0.14715027809143066,0.8116495013237,0.25730153918266296,0.3769031763076782,0.3657952547073364,0.8336199522018433,0.34080782532691956,0.24383436143398285,0.4153577983379364,0.6242730617523193,0.27640417218208313,0.4436466693878174,0.31610107421875,0.0522613525390625,0.348846435546875,1,9.7108154296875,20.498825073242188
0.5025878932840339,0.5216859612028102,0.02183982840910927,0.40219217627872605,0.07946255308482286,0.29473668336868286,0.3489866256713867,0.3562766909599304,0.3254646062850952,0.3313421308994293,0.34319326281547546,0.3176470588235294,0.8823529411764706,0.42361110323267837,0.6224101781845093,0.0010833740234375,0.0012359619140625,ygo4_0353,Aroma Blend,Spell,,Normal,Aroma,0.2384033203125,0.26028451323509216,0.22624444961547852,0.8692197799682617,0.30318740010261536,0.3839605748653412,0.31285202503204346,0.7900850176811218,0.31452232599258423,0.20921531319618225,0.4762623608112335,0.4227084517478943,0.18675881624221802,0.38431450724601746,0.0845489501953125,0.1321868896484375,0.020599365234375,0,12.04132080078125,14.698974609375
0.5087461256835606,0.49503654010464193,0.010056373531520502,0.4023874824179082,0.001479176724918114,0.3307914435863495,0.3614658713340759,0.3077426254749298,0.31506866216659546,0.34087851643562317,0.344052791595459,0.6470588235294118,0.5019607843137255,0.14707189484391514,0.6109196543693542,0.016815185546875,0.057525634765625,ygo4_0354,Flock Together,Spell,,Normal,,0.1817626953125,0.21081635355949402,0.16561825573444366,0.7856043577194214,0.3281564712524414,0.38104432821273804,0.29079920053482056,0.7935805320739746,0.27564528584480286,0.261819988489151,0.46253472566604614,0.6426742672920227,0.21734483540058136,0.4379132390022278,0.2657012939453125,0.009063720703125,0.3173675537109375,1,-5.535736083984375,30.961090087890625
0.4899344578007312,0.4696489927574756,0.031976534840426785,0.395196234312888,0.19617079845653992,0.37363314628601074,0.3361716866493225,0.2901952564716339,0.32123056054115295,0.38998958468437195,0.2887799143791199,0.7137254901960784,0.2901960784313726,0.299493356629373,0.6280717253684998,0.11883544921875,0.43023681640625,ygo4_0355,Goblin Biker Grand Entrance,Spell,,Normal,Goblin,0.226104736328125,0.24892134964466095,0.21342606842517853,0.857403576374054,0.32899177074432373,0.3819003999233246,0.2891078293323517,0.8038071542978287,0.2615055739879608,0.25452980399131775,0.48396462202072144,0.4186849296092987,0.2321537882089615,0.382240891456604,0.134674072265625,0.172393798828125,0.0906982421875,7,6.783782958984375,-1.1171722412109375
0.4990666488015319,0.4896868143252394,0.010355334046846038,0.38666979326918316,0.2801408254735509,0.33007365465164185,0.36171382665634155,0.308212548494339,0.3044445812702179,0.3892672657966614,0.30628812313079834,0.6470588235294118,0.6901960784313725,0.24041806468842455,0.5840373039245605,0.0124053955078125,0.0384521484375,ygo4_0356,Mutamorphosis,Spell,,Normal,,0.2481536865234375,0.26054081320762634,0.24127043783664703,0.9260370135307312,0.3605116009712219,0.3608190417289734,0.2786693572998047,0.8029271811246872,0.2489490807056427,0.26004815101623535,0.49100276827812195,0.23675794899463654,0.19948641955852509,0.6786027550697327,0.69415283203125,0.5251312255859375,0.0151519775390625,7,3.13494873046875,-3.046356201171875
0.4963089288770544,0.48987175152537116,0.010779861928543626,0.40741643752191,0.09556107680848716,0.33002081513404846,0.3598557114601135,0.3101235330104828,0.3392089903354645,0.3258725106716156,0.3349185585975647,0.03137254901960784,0.6627450980392157,0.49608230642522794,0.6137409806251526,0.0039215087890625,0.0064849853515625,ygo4_0357,Extinguishing the Ashened,Spell,,Normal,Ashened,0.2886199951171875,0.30573710799217224,0.2791084051132202,0.9129032492637634,0.3640497028827667,0.3522072434425354,0.2837430536746979,0.7999879121780396,0.2020876109600067,0.33342769742012024,0.46448466181755066,0.527834415435791,0.22834151983261108,0.2688097655773163,0.0539398193359375,0.0925445556640625,0.13201904296875,0,10.079818725585938,-1.435302734375
0.4963089288770544,0.48987175152537116,0.010779861928543626,0.40741643752191,0.09556107680848716,0.33002081513404846,0.3598557114601135,0.3101235330104828,0.3392089903354645,0.3258725106716156,0.3349185585975647,0.03137254901960784,0.6627450980392157,0.49608230642522794,0.6137409806251526,0.0039215087890625,0.0064849853515625,ygo4_0358,Extinguishing the Ashened,Spell,,Normal,Ashened,0.2886199951171875,0.30573710799217224,0.2791084051132202,0.9129032492637634,0.3640497028827667,0.3522072434425354,0.2837430536746979,0.7999879121780396,0.2020876109600067,0.33342769742012024,0.46448466181755066,0.527834415435791,0.22834151983261108,0.2688097655773163,0.0539398193359375,0.0925445556640625,0.13201904296875,0,10.079818725585938,-1.435302734375
0.4852427280691142,0.4714011077409104,0.032181884862281226,0.39707180653235763,0.0774162646268375,0.3568691313266754,0.37302708625793457,0.27010369300842285,0.35505375266075134,0.32961729168891907,0.3153288662433624,0.7254901960784313,0.21568627450980393,0.36287755928081855,0.6036662459373474,0.0164642333984375,0.038848876953125,ygo4_0359,Melodious Concerto,Spell,,Normal,Melodious,0.2524871826171875,0.2678884267807007,0.24392907321453094,0.9105622172355652,0.32718920707702637,0.35232973098754883,0.3204810619354248,0.7868894040584564,0.2437576949596405,0.40679898858070374,0.3494432866573334,0.5735791921615601,0.22268420457839966,0.391853392124176,0.0791473388671875,0.0495147705078125,0.1688079833984375,0,15.233245849609375,13.595230102539062
0.48395258526607937,0.4918107131485491,0.018016213219702967,0.39841795424399845,0.12281605548117439,0.3359518051147461,0.3521049916744232,0.3119432330131531,0.3439093232154846,0.354170560836792,0.30192017555236816,0.3137254901960784,0.4,0.21141947167347494,0.6160341501235962,0.08831787109375,0.4200439453125,ygo4_0360,Vaalmonica Disarmonia,Spell,,Normal,Vaalmonica,0.300018310546875,0.32017600536346436,0.2888171374797821,0.902057409286499,0.340351939201355,0.3560675382614136,0.30358052253723145,0.7529742121696472,0.3461551368236542,0.2279960960149765,0.42584869265556335,0.6845650672912598,0.20849092304706573,0.24244844913482666,0.0085296630859375,0.0064849853515625,0.3540191650390625,8,15.885482788085938,-6.6188201904296875
0.492293458142532,0.5276980796588633,0.028750207028639677,0.41358029700632254,0.17370848475494435,0.3126407265663147,0.301473468542099,0.3858858346939087,0.3311835527420044,0.34739530086517334,0.32142114639282227,0.6745098039215687,0.8392156862745098,0.38147208741850436,0.6602253913879395,0.0335845947265625,0.1513519287109375,ygo4_0361,Seventh Tachyon,Spell,,Normal,Seventh,0.236175537109375,0.2602417767047882,0.22280247509479523,0.8561364412307739,0.2648274898529053,0.3650342524051666,0.3701382577419281,0.6750946640968323,0.31056755781173706,0.2460443675518036,0.44338807463645935,0.4668668508529663,0.32276275753974915,0.5376644730567932,0.53607177734375,0.2264556884765625,0.2362213134765625,10,31.591766357421875,-12.04364013671875
0.48089500928356715,0.4856337557419086,0.023903757954726063,0.3866259474326422,0.04385679853640443,0.33477869629859924,0.36632654070854187,0.2988947629928589,0.3320774734020233,0.3997599482536316,0.26816263794898987,0.5019607843137255,0.611764705882353,0.11178190442148417,0.5673918128013611,0.0110931396484375,0.0252227783203125,ygo4_0362,Union Activation,Spell,,Normal,,0.2097625732421875,0.25221067667007446,0.186175137758255,0.7381731271743774,0.3309813141822815,0.3544773459434509,0.3145413398742676,0.7457852363586426,0.4188674986362457,0.30303215980529785,0.2781003713607788,0.4985625743865967,0.24423782527446747,0.5096128582954407,0.5018463134765625,0.1298980712890625,0.1139373779296875,1,13.217880249023438,17.535552978515625
0.5012067645091727,0.5348712947231553,0.034892169268329505,0.39520403698665757,0.13230060506960803,0.2608560621738434,0.3599584400653839,0.3791854977607727,0.33181798458099365,0.3360888659954071,0.33209314942359924,0.8509803921568627,0.7333333333333333,0.4214637352406842,0.5978640913963318,0.131500244140625,0.84259033203125,ygo4_0363,Oil,Spell,,Normal,,0.1596527099609375,0.1953522115945816,0.1398153156042099,0.71570885181427,0.20433910191059113,0.37178629636764526,0.4238746166229248,0.7923159152269363,0.31582963466644287,0.4216960370540619,0.26247432827949524,0.45267951488494873,0.20764461159706116,0.3165315091609955,0.053741455078125,0.150238037109375,0.05072021484375,0,8.9595947265625,5.45257568359375
0.5031621112948822,0.4833633628706182,0.016934480884158994,0.390967077456465,0.047379600076061644,0.3302624225616455,0.37941741943359375,0.29032012820243835,0.32454589009284973,0.3415892422199249,0.33386483788490295,0.7254901960784313,0.5490196078431373,0.23075690776352586,0.5879168510437012,0.096099853515625,0.3551483154296875,ygo4_0364,Void Reignition,Spell,,Normal,Void,0.2560882568359375,0.2989448606967926,0.23227383196353912,0.7769788503646851,0.2850503623485565,0.3601858913898468,0.3547637462615967,0.7645309120416641,0.3131319284439087,0.2204694300889969,0.4663986563682556,0.5066983103752136,0.2205462008714676,0.4791679382324219,0.3138580322265625,0.0749053955078125,0.1107025146484375,7,0.09295654296875,-17.775588989257812
0.5006704194715742,0.4933182791155882,0.006715270377657995,0.42293184659321803,0.015484714966404465,0.3687083423137665,0.2782112658023834,0.3530804216861725,0.3420098125934601,0.30422449111938477,0.35376572608947754,0.28627450980392155,0.6549019607843137,0.26395681960195516,0.6576716303825378,0.003662109375,0.0054931640625,ygo4_0365,Beware the White Forest,Spell,,Normal,White Forest,0.273895263671875,0.24114656448364258,0.2920929491519928,1.2112672328948975,0.3054596185684204,0.3199999928474426,0.37454038858413696,0.8310753852128983,0.246395543217659,0.2544696629047394,0.49913474917411804,0.403963178396225,0.2163662612438202,0.34551846981048584,0.1687164306640625,0.219268798828125,0.02703857421875,11,16.177978515625,5.814422607421875
0.5055417842542165,0.5136733759357258,0.014753731128089856,0.3997076003201613,0.09489478996982408,0.2939697206020355,0.361051470041275,0.34497886896133423,0.32848110795021057,0.323831707239151,0.3476872742176056,0.5176470588235295,0.42745098039215684,0.07466444221435208,0.6195825934410095,0.0590667724609375,0.23406982421875,ygo4_0366,Fiendsmith's Tract,Spell,,Normal,Fiendsmith,0.2439117431640625,0.2406766563653946,0.2457094043493271,1.0209107398986816,0.31185486912727356,0.3522677421569824,0.335877388715744,0.7090900540351868,0.3016481399536133,0.2341414839029312,0.4642103910446167,0.46552419662475586,0.23630806803703308,0.3007020950317383,0.07354736328125,0.16998291015625,0.088226318359375,7,1.3363800048828125,-6.6932830810546875
0.4949039170125241,0.4947749438714464,0.00729871724084286,0.3735928847071801,0.24668294159629073,0.3122253119945526,0.39380943775177,0.2939651906490326,0.2885456383228302,0.4344056248664856,0.27704864740371704,0.4980392156862745,0.5137254901960784,0.013864838846795,0.51036536693573,0.1870880126953125,0.5203857421875,ygo4_0367,Millennium Ankh,Spell,,Normal,Millennium,0.2063140869140625,0.19620658457279205,0.21193058788776398,1.0801399946212769,0.35293248295783997,0.3038976490497589,0.3431698977947235,0.8481234610080719,0.3131060004234314,0.3852524757385254,0.3016415536403656,0.43718433380126953,0.2343025803565979,0.6733977794647217,0.8642120361328125,0.14337158203125,0.1096343994140625,1,4.876739501953125,36.535736083984375
0.5183284529978188,0.49123909960576173,0.020314663792714318,0.4037803069977463,0.022109402610032265,0.333437442779541,0.36592409014701843,0.3006385266780853,0.30286023020744324,0.3447779417037964,0.352361798286438,0.47843137254901963,0.2784313725490196,0.2226159526193721,0.6162234544754028,0.0934906005859375,0.2880096435546875,ygo4_0368,Mimighoul Maker,Spell,,Normal,Mimighoul,0.2268218994140625,0.19492502510547638,0.24454624950885773,1.2545655965805054,0.33945509791374207,0.3128153383731842,0.34772956371307373,0.7370857894420624,0.34263911843299866,0.2095203548669815,0.44784054160118103,0.5071178078651428,0.24759601056575775,0.6064516305923462,0.6378631591796875,0.1099395751953125,0.119293212890625,6,-6.6060791015625,-23.547500610351562
0.5015531668140095,0.5354978770556494,0.03553183927986481,0.4219003735233994,0.038482913899751205,0.2921152114868164,0.3075157105922699,0.40036895871162415,0.35745927691459656,0.276705265045166,0.36583536863327026,1.0,0.4980392156862745,0.5000038446603435,0.6624652147293091,0.000640869140625,0.000823974609375,ygo4_0369,Tales of the White Forest,Spell,,Normal,White Forest,0.236358642578125,0.1850997507572174,0.26484203338623047,1.4308069944381714,0.34512588381767273,0.27081987261772156,0.3840542137622833,0.8642341196537018,0.29553136229515076,0.24758699536323547,0.4568816125392914,0.4383675456047058,0.26133981347084045,0.18104290962219238,0.0022735595703125,0.247222900390625,0.1050567626953125,10,6.224884033203125,-3.3357086181640625
0.4928718043321025,0.4849006272318004,0.016697371993007793,0.40298414038187835,0.04603363043888938,0.3461351692676544,0.3441612720489502,0.30970361828804016,0.33435776829719543,0.35845184326171875,0.3071903884410858,0.40784313725490196,0.9921568627450981,0.5007107597187384,0.6141843795776367,0.0057373046875,0.01495361328125,ygo4_0370,Aqua Jet Surface,Spell,,Normal,Aqua Jet,0.2462005615234375,0.2321329414844513,0.2540176212787628,1.0942764282226562,0.33963432908058167,0.3522156774997711,0.3081499934196472,0.7430972754955292,0.33257555961608887,0.22027891874313354,0.4471454918384552,0.6074636578559875,0.22419103980064392,0.36367475986480713,0.2033233642578125,0.034423828125,0.216217041015625,6,-4.7869415283203125,-7.271636962890625
0.5049019991018022,0.4942593796571319,0.00754879573938922,0.38441482436808155,0.21517501761530855,0.3117866516113281,0.37865737080574036,0.3095560371875763,0.29729294776916504,0.3970353305339813,0.305671751499176,0.5882352941176471,0.30980392156862746,0.2096664383698557,0.5718134641647339,0.10986328125,0.412872314453125,ygo4_0371,Armed Rebeellion,Spell,,Normal,,0.2972869873046875,0.31291383504867554,0.2886035144329071,0.9223098754882812,0.3303392827510834,0.36093005537986755,0.30873069167137146,0.7492462694644928,0.14253824949264526,0.1561615765094757,0.7013002634048462,0.6818776726722717,0.23107865452766418,0.2622089684009552,0.1472625732421875,0.0226898193359375,0.3754730224609375,11,7.1861572265625,3.2940826416015625
0.5056875193252047,0.519580346441701,0.02038965038571313,0.40903857797539694,0.11630504685221704,0.2994808852672577,0.34611770510673523,0.3544014096260071,0.3326420485973358,0.3215697705745697,0.3457881808280945,0.7450980392156863,0.9215686274509803,0.48764039668415243,0.6495351195335388,0.0106353759765625,0.01983642578125,ygo4_0372,Firestorms Over Atlantis,Spell,,Normal,,0.3085479736328125,0.3150924742221832,0.304911345243454,0.9676884412765503,0.3168488144874573,0.3567578196525574,0.32639336585998535,0.7230329811573029,0.23848117887973785,0.23776371777057648,0.5237551331520081,0.5846642255783081,0.25545674562454224,0.53788161277771,0.4268646240234375,0.0919036865234375,0.2519378662109375,1,4.5946197509765625,22.349411010742188
0.5098181935112629,0.48173980350385875,0.020732382880467307,0.3940901588603909,0.040022810716188434,0.3542199432849884,0.33441925048828125,0.31136077642440796,0.30452582240104675,0.3630324602127075,0.33244168758392334,0.5607843137254902,0.42745098039215684,0.09464720302860527,0.5999579429626465,0.003143310546875,0.007049560546875,ygo4_0373,Incoming Machine!,Spell,,Normal,,0.23687744140625,0.26066896319389343,0.2236570417881012,0.858011782169342,0.35158464312553406,0.33387014269828796,0.314545214176178,0.6956341862678528,0.34625622630119324,0.17065276205539703,0.48309099674224854,0.49488455057144165,0.2828495502471924,0.4488108158111572,0.2775421142578125,0.1868133544921875,0.188751220703125,1,5.2108612060546875,14.866531372070312
0.49496436909657776,0.489944668410774,0.011245766846453264,0.400964220579291,0.1766064157804613,0.340301513671875,0.346584677696228,0.3131137490272522,0.3147057890892029,0.3737444281578064,0.31154972314834595,0.6078431372549019,0.396078431372549,0.14976593297198673,0.6127963066101074,0.06866455078125,0.17852783203125,ygo4_0374,Succumbing-Song Morganite,Spell,,Normal,Morganite,0.2340240478515625,0.2810457646846771,0.2078951746225357,0.7397199869155884,0.3145334720611572,0.3833213746547699,0.3021451532840729,0.7612570375204086,0.34729257225990295,0.2447935789823532,0.40791386365890503,0.4696018695831299,0.25144702196121216,0.5779259204864502,0.4675445556640625,0.18719482421875,0.1033935546875,0,30.922637939453125,24.856353759765625
0.502444720818609,0.4830805187105391,0.0170951895861192,0.41098632210639396,0.11229644961175715,0.3505335748195648,0.34398508071899414,0.3054813742637634,0.32645198702812195,0.3354766368865967,0.338071346282959,0.8392156862745098,1.0,0.6042079789399397,0.6218290328979492,0.002197265625,0.003570556640625,ygo4_0375,The Hallowed Azamina,Spell,,Normal,Azamina,0.256500244140625,0.2612670361995697,0.25385144352912903,0.971616804599762,0.3296252191066742,0.34235572814941406,0.32801902294158936,0.8400524705648422,0.294235497713089,0.21298444271087646,0.49278005957603455,0.32785406708717346,0.1847555786371231,0.431034654378891,0.272247314453125,0.3022918701171875,0.01611328125,0,7.150604248046875,12.633056640625
0.5055950874631582,0.49493037066382006,0.00755024140850119,0.4055712457401065,0.03677023411303649,0.3418485224246979,0.3235311210155487,0.3346203565597534,0.3251705467700958,0.3241085708141327,0.3507208228111267,0.7686274509803922,0.6666666666666666,0.31613048761231616,0.6476410627365112,0.0178375244140625,0.04669189453125,ygo4_0376,Heavy Polymerization,Spell,,Normal,Polymerization,0.24725341796875,0.25473108887672424,0.24309824407100677,0.9543328285217285,0.35250556468963623,0.3311527967453003,0.3163416385650635,0.8267704993486404,0.28037139773368835,0.23441606760025024,0.485212504863739,0.5074394941329956,0.24755051732063293,0.5160717964172363,0.4189605712890625,0.1284942626953125,0.148529052734375,8,14.58306884765625,-9.836502075195312
0.5110528076686759,0.4929308869132029,0.013120095929324083,0.37495500615647837,0.3052815507180976,0.2839244604110718,0.4149424433708191,0.3011331856250763,0.29733434319496155,0.3738704025745392,0.3287953734397888,0.19215686274509805,0.5450980392156862,0.31112896087641856,0.5209397077560425,0.0037689208984375,0.005767822265625,ygo4_0377,Mimighoul Fork,Spell,,Normal,Mimighoul,0.1710968017578125,0.2546456456184387,0.12467063963413239,0.4895848035812378,0.30518147349357605,0.4047980010509491,0.29002052545547485,0.8539130687713623,0.2713242769241333,0.33039599657058716,0.39827972650527954,0.22265011072158813,0.18812918663024902,0.7218847274780273,0.824249267578125,0.6028900146484375,0.003662109375,1,10.106033325195312,21.870162963867188
0.49972628113743195,0.5106693108520226,0.01067282137360187,0.4023537016524282,0.059866213240704604,0.3099272549152374,0.3482552170753479,0.34181761741638184,0.3217170834541321,0.35201218724250793,0.32627078890800476,0.3215686274509804,0.6627450980392157,0.24150304686591625,0.6068196892738342,0.0025177001953125,0.0037689208984375,ygo4_0378,Dark Contact,Spell,,Normal,Contact,0.2160797119140625,0.28031954169273376,0.1803831309080124,0.6434910893440247,0.29842525720596313,0.37518537044525146,0.3263893723487854,0.7837585508823395,0.41227108240127563,0.19016186892986298,0.3975670635700226,0.5016040802001953,0.21814805269241333,0.5767941474914551,0.5413360595703125,0.09417724609375,0.1164398193359375,6,-2.348846435546875,-29.220809936523438
0.5173684402284476,0.5161884547477813,0.02374297334139347,0.3986733510401939,0.1724885610964261,0.31079456210136414,0.3391401767730713,0.35006532073020935,0.29849520325660706,0.35375261306762695,0.347752183675766,0.21568627450980393,0.3411764705882353,0.32566732718669256,0.6239080429077148,0.0119171142578125,0.042724609375,ygo4_0379,Evil Assault,Spell,,Normal,,0.2530517578125,0.2944166660308838,0.2300662249326706,0.781430721282959,0.29528459906578064,0.3622768819332123,0.3424384891986847,0.7940257340669632,0.30617037415504456,0.2060369849205017,0.48779261112213135,0.27208805084228516,0.1964367777109146,0.6956478357315063,0.673065185546875,0.46051025390625,0.01275634765625,11,33.3785400390625,10.489776611328125
0.5001347628660284,0.47199489585723786,0.02800542838588643,0.3674540212950209,0.3546987798323141,0.37055808305740356,0.34538930654525757,0.28405267000198364,0.2888335585594177,0.41761472821235657,0.2935517430305481,0.3254901960784314,0.7725490196078432,0.3236304061023018,0.4835142195224762,0.0082244873046875,0.01324462890625,ygo4_0380,Roar of the Blue-Eyed Dragons,Spell,,Normal,,0.12884521484375,0.22546884417533875,0.07515370100736618,0.33332186937332153,0.30341070890426636,0.44931313395500183,0.247276172041893,0.8486739844083786,0.2563115954399109,0.29132577776908875,0.45236262679100037,0.3205145299434662,0.22843293845653534,0.3498498201370239,0.1653594970703125,0.290771484375,0.069366455078125,7,-0.5596923828125,-9.794189453125
0.4907343297008553,0.47926743960043316,0.022708846443933242,0.39569016624694386,0.19778341534027022,0.34001675248146057,0.3803032636642456,0.2796800136566162,0.33156004548072815,0.3512686789035797,0.31717127561569214,0.5529411764705883,0.3411764705882353,0.16741469965597303,0.5873688459396362,0.118377685546875,0.2867889404296875,ygo4_0381,Wishes for Eyes of Blue,Spell,,Normal,with Eyes of Blue,0.17578125,0.21944551169872284,0.15151803195476532,0.6904585361480713,0.3268229067325592,0.41310763359069824,0.26006942987442017,0.842071533203125,0.3139965832233429,0.2469102293252945,0.4390932023525238,0.7427040934562683,0.1790488213300705,0.13211025297641754,4.57763671875e-05,0.001800537109375,0.40618896484375,1,-3.8652801513671875,9.467575073242188
0.49829331858384796,0.49904654500149653,0.001954952145299213,0.3909258487910967,0.13348838464215854,0.3044438064098358,0.38958850502967834,0.3059677183628082,0.31663456559181213,0.3649783730506897,0.31838715076446533,0.42745098039215684,0.6823529411764706,0.1962548226204099,0.587495744228363,0.07794189453125,0.35546875,ygo4_0382,Double Fusion,Spell,,Normal,Fusion,0.195068359375,0.2034260332584381,0.19042418897151947,0.93608558177948,0.32681477069854736,0.36138924956321716,0.31179600954055786,0.7590253055095673,0.3211526572704315,0.2332042157649994,0.4456430971622467,0.45212990045547485,0.21791589260101318,0.57548987865448,0.428863525390625,0.1593170166015625,0.0556182861328125,7,13.657806396484375,1.811187744140625
0.49990328649339044,0.5011066872922397,0.0011109051557921662,0.4033994072956651,0.04637365229645882,0.3177037537097931,0.3566485345363617,0.3256478011608124,0.32789501547813416,0.33767616748809814,0.3344288468360901,0.6196078431372549,0.9176470588235294,0.43443653378127717,0.6245858073234558,0.006103515625,0.01068115234375,ygo4_0383,"""A"" Cell Recombination Device",Spell,,Quick-Play,Alien,0.2198944091796875,0.25507283210754395,0.20034657418727875,0.7854484915733337,0.3189924359321594,0.36992573738098145,0.31108182668685913,0.7823256552219391,0.35224172472953796,0.35646316409111023,0.2912951111793518,0.4904998540878296,0.19760358333587646,0.2667568624019623,0.0176849365234375,0.0863037109375,0.042877197265625,6,-3.582794189453125,-0.50738525390625
0.5183595841773738,0.5038137623523938,0.018751509657801202,0.39341987134635553,0.0017219074014390428,0.3104358911514282,0.3682679831981659,0.3212961256504059,0.2855580747127533,0.3644768297672272,0.3499651849269867,0.5568627450980392,0.20392156862745098,0.3014893187230914,0.6040871739387512,0.0335235595703125,0.0732421875,ygo4_0384,Igknights Unite,Spell,,Quick-Play,Igknight,0.23699951171875,0.2546883821487427,0.22717022895812988,0.8919536471366882,0.3546870946884155,0.3829513192176819,0.2623615860939026,0.7372517883777618,0.2929168939590454,0.24732661247253418,0.4597564935684204,0.517817497253418,0.22318919003009796,0.3168584704399109,0.15643310546875,0.0592193603515625,0.1212921142578125,6,-0.7494354248046875,-13.651596069335938
0.5215819099577275,0.5110479368404502,0.02424532420599967,0.3952596771838263,0.12218989925289846,0.29453179240226746,0.3790387511253357,0.32642945647239685,0.2928123474121094,0.3527563512325287,0.35443130135536194,0.6039215686274509,0.3686274509803922,0.1675065343856748,0.6017556190490723,0.079345703125,0.2809906005859375,ygo4_0385,Fighting Flame Sword,Spell,,Quick-Play,Flame Swordsman,0.1978759765625,0.20949207246303558,0.19142118096351624,0.9137394428253174,0.3005860447883606,0.3679827153682709,0.33143121004104614,0.7471637725830078,0.24046553671360016,0.26401159167289734,0.4955228567123413,0.4435538053512573,0.24607394635677338,0.6488120555877686,0.65545654296875,0.2147064208984375,0.097198486328125,0,15.243148803710938,32.75865173339844
0.5044116925405802,0.5083217466338048,0.009418837407549417,0.40026036598875464,0.2780824680839898,0.3235521614551544,0.32918280363082886,0.3472650647163391,0.31909939646720886,0.3561956286430359,0.32470500469207764,0.9529411764705882,0.803921568627451,0.5454576328364384,0.5988063812255859,0.060546875,0.136474609375,ygo4_0386,Awakening of Veidos,Spell,,Quick-Play,,0.1796722412109375,0.2369174212217331,0.14786241948604584,0.6241095066070557,0.251634806394577,0.3917621970176697,0.3566029667854309,0.7891227006912231,0.32951778173446655,0.23728464543819427,0.43319758772850037,0.3947458863258362,0.2730536460876465,0.7988812327384949,0.86181640625,0.33990478515625,0.108673095703125,11,33.68499755859375,31.684005737304688
0.5044116925405802,0.5083217466338048,0.009418837407549417,0.40026036598875464,0.2780824680839898,0.3235521614551544,0.32918280363082886,0.3472650647163391,0.31909939646720886,0.3561956286430359,0.32470500469207764,0.9529411764705882,0.803921568627451,0.5454576328364384,0.5988063812255859,0.060546875,0.136474609375,ygo4_0387,Awakening of Veidos,Spell,,Quick-Play,,0.1796722412109375,0.2369174212217331,0.14786241948604584,0.6241095066070557,0.251634806394577,0.3917621970176697,0.3566029667854309,0.7891227006912231,0.32951778173446655,0.23728464543819427,0.43319758772850037,0.3947458863258362,0.2730536460876465,0.7988812327384949,0.86181640625,0.33990478515625,0.108673095703125,11,33.68499755859375,31.684005737304688
0.5054806652710928,0.49452459010907623,0.0077471159335193015,0.4000161829930365,0.14979005028623646,0.32371848821640015,0.3565393388271332,0.3197421729564667,0.3217592239379883,0.3252261281013489,0.3530147075653076,0.08235294117647059,0.5372549019607843,0.4193053701827015,0.6042887568473816,0.004425048828125,0.0091552734375,ygo4_0388,Dramatic Snake-Eye Chase,Spell,,Quick-Play,Snake-Eye,0.256103515625,0.2578922510147095,0.2551095485687256,0.9892098307609558,0.35873451828956604,0.3233436644077301,0.31792181730270386,0.7684365659952164,0.2658635675907135,0.2450607419013977,0.4890757203102112,0.3770787715911865,0.1980743557214737,0.36387577652931213,0.1016082763671875,0.215240478515625,0.0177764892578125,0,8.32781982421875,9.046783447265625
0.4977063735665568,0.49763616719470155,0.0032936951509808243,0.4093513272732763,0.20002584520971708,0.3289737105369568,0.34309032559394836,0.3279359042644501,0.3311805725097656,0.3394903242588043,0.32932907342910767,0.5254901960784314,0.49411764705882355,0.026160125615934005,0.632796049118042,0.0312347412109375,0.0703582763671875,ygo4_0389,Earthbound Fusion,Spell,,Quick-Play,Earthbound,0.23516845703125,0.2519116699695587,0.22586464881896973,0.8966025710105896,0.31533870100975037,0.35842201113700867,0.32623928785324097,0.750275731086731,0.24013395607471466,0.30727434158325195,0.45259174704551697,0.6203399896621704,0.26628586649894714,0.42329901456832886,0.1461944580078125,0.06298828125,0.328125,1,16.398117065429688,5.718048095703125
0.5252802636160564,0.49061682292122283,0.026965454577829652,0.3961465741591459,0.044826049389558094,0.32519274950027466,0.37069857120513916,0.30410856008529663,0.29104653000831604,0.34596335887908936,0.36298999190330505,0.6078431372549019,0.4745098039215686,0.1108146756936846,0.611569344997406,0.094390869140625,0.462890625,ygo4_0390,Future Silence,Spell,,Quick-Play,Shining Sarcophagus,0.226287841796875,0.2898457944393158,0.19097016751766205,0.6588681936264038,0.34733647108078003,0.3989885449409485,0.2536749839782715,0.6638962626457214,0.2754136621952057,0.23759163916110992,0.4869946837425232,0.5444190502166748,0.30941054224967957,0.40022027492523193,0.285003662109375,0.204498291015625,0.2826690673828125,7,-0.565277099609375,-11.492523193359375
0.4923307878686315,0.5289878434069439,0.029985194348235145,0.39729435874490077,0.23497519532899527,0.27982890605926514,0.35596656799316406,0.3642045259475708,0.32810908555984497,0.3637612462043762,0.3081296980381012,0.6235294117647059,0.3411764705882353,0.20120742795867141,0.6121236681938171,0.0023651123046875,0.00396728515625,ygo4_0391,Rekindling the Ashened,Spell,,Quick-Play,Ashened,0.2713623046875,0.26758939027786255,0.2734588384628296,1.0219345092773438,0.3058367073535919,0.33766305446624756,0.3565002381801605,0.7488371133804321,0.30121004581451416,0.28076204657554626,0.4180279076099396,0.42056891322135925,0.22924451529979706,0.48076897859573364,0.333526611328125,0.19696044921875,0.0776824951171875,7,14.16595458984375,2.856689453125
0.4921007358358738,0.530136440999877,0.03115450931203564,0.3970361761433842,0.23009724410576024,0.2782076895236969,0.355825811624527,0.36596646904945374,0.3282243311405182,0.364172101020813,0.30760347843170166,0.6235294117647059,0.3411764705882353,0.20120742795867141,0.6118190884590149,0.002410888671875,0.00396728515625,ygo4_0392,Rekindling the Ashened,Spell,,Quick-Play,Ashened,0.273284912109375,0.2704942524433136,0.27483561635017395,1.0160497426986694,0.30424344539642334,0.33930763602256775,0.3564489185810089,0.7469912171363831,0.3013280928134918,0.2809819281101227,0.4176899790763855,0.420562207698822,0.23090191185474396,0.4855775237083435,0.3401031494140625,0.199981689453125,0.079071044921875,7,14.413253784179688,2.85552978515625
0.5163653154467343,0.5110810219281825,0.019763921590716254,0.42063134927649887,0.18978006385639576,0.32100656628608704,0.32290345430374146,0.3560899496078491,0.33244502544403076,0.28999432921409607,0.3775605857372284,1.0,0.48627450980392156,0.5001883536040425,0.6731334924697876,0.0259857177734375,0.0626220703125,ygo4_0393,Sangen Kaimen,Spell,,Quick-Play,Sangen,0.28582763671875,0.3112477958202362,0.27170222997665405,0.8729450702667236,0.32084134221076965,0.35869100689888,0.32046765089035034,0.7214365005493164,0.3462485671043396,0.20376825332641602,0.4499831795692444,0.6687265634536743,0.25089961290359497,0.5244684815406799,0.5108795166015625,0.0572509765625,0.3880157470703125,0,13.406097412109375,39.37712097167969
0.5301427320724102,0.5329131736085885,0.044630273288186285,0.4001060417466627,0.3540889396971488,0.2789711654186249,0.34727054834365845,0.37375831604003906,0.27788102626800537,0.3489987254142761,0.37312033772468567,0.8784313725490196,0.6627450980392157,0.41194207197751576,0.6023951768875122,0.154449462890625,0.35467529296875,ygo4_0394,Turn Silence,Spell,,Quick-Play,Shining Sarcophagus,0.2190399169921875,0.2431543469429016,0.20564009249210358,0.8457183241844177,0.3604319095611572,0.3649599552154541,0.27460816502571106,0.7475710511207581,0.17768719792366028,0.35376590490341187,0.46854689717292786,0.6387641429901123,0.2615937292575836,0.28846389055252075,0.0763397216796875,0.094024658203125,0.3381500244140625,1,6.4595947265625,4.4098052978515625
0.5064481119434711,0.45817747948579074,0.04231667956960929,0.41512323424827546,0.061943846048005104,0.3907244801521301,0.32342198491096497,0.28585362434387207,0.3339475691318512,0.3094409704208374,0.3566115200519562,0.8,0.32941176470588235,0.3451091798558266,0.692823588848114,0.0421295166015625,0.1080322265625,ygo4_0395,Vaalmonica Invitare,Spell,,Quick-Play,Vaalmonica,0.231781005859375,0.1761288344860077,0.26270562410354614,1.4915536642074585,0.34088215231895447,0.3221856355667114,0.3369321823120117,0.867852658033371,0.3604760468006134,0.19148284196853638,0.4480411112308502,0.6073484420776367,0.251653254032135,0.3030989170074463,0.09063720703125,0.06060791015625,0.2786712646484375,6,9.20550537109375,-6.1347808837890625
0.49730431011078013,0.5342827692692691,0.03438858840878444,0.40593648526153553,0.18208218111920485,0.2673868238925934,0.3640561103820801,0.36855700612068176,0.3326176106929779,0.33445408940315247,0.33292827010154724,0.8156862745098039,0.9529411764705882,0.5520992059914955,0.6300621628761292,0.0107269287109375,0.0229644775390625,ygo4_0396,Wake Up Centur-Ion!,Spell,,Quick-Play,Centur-Ion,0.28131103515625,0.29638174176216125,0.2729365825653076,0.9208953976631165,0.2843892276287079,0.35544586181640625,0.3601648807525635,0.8566820323467255,0.22208182513713837,0.26194241642951965,0.5159757733345032,0.6840662956237793,0.24361053109169006,0.2781578600406647,0.0757293701171875,0.0198822021484375,0.4190216064453125,2,-4.5457916259765625,8.104476928710938
0.49809241908615476,0.5054634943747616,0.0057869366443670306,0.4030696721056139,0.20536145339609307,0.3160122334957123,0.34428828954696655,0.339699387550354,0.32595670223236084,0.34620460867881775,0.3278386890888214,0.807843137254902,0.9647058823529412,0.5574217023478419,0.6187459826469421,0.007080078125,0.0269012451171875,ygo4_0397,Rank-Up-Magic Magical Force,Spell,,Quick-Play,Rank-Up-Magic,0.3388824462890625,0.34397026896476746,0.3360552489757538,0.976989209651947,0.3394569754600525,0.3277049958705902,0.3328380286693573,0.8809746205806732,0.2719380557537079,0.23881220817565918,0.48924973607063293,0.4151045083999634,0.21565306186676025,0.47560280561447144,0.23638916015625,0.1214599609375,0.074005126953125,0,18.013900756835938,-6.4798431396484375
0.48479217111272577,0.5090576791854272,0.017700836468673847,0.4109073384853221,0.17862680511492493,0.3164687752723694,0.3350905179977417,0.34844067692756653,0.35095617175102234,0.331278920173645,0.31776493787765503,0.9294117647058824,0.6705882352941176,0.4620549855683643,0.6490163803100586,0.0046234130859375,0.021026611328125,ygo4_0398,Dragon's Light and Darkness,Spell,,Quick-Play,Light and Darkness Dragon,0.3086395263671875,0.27258747816085815,0.3286728262901306,1.2057517766952515,0.3402383029460907,0.30310970544815063,0.35665199160575867,0.6754226982593536,0.25463128089904785,0.2642565071582794,0.4811122417449951,0.47399747371673584,0.2905760705471039,0.37817713618278503,0.170928955078125,0.19635009765625,0.1872406005859375,9,5.42974853515625,3.34649658203125
0.5053703283846466,0.4989787738810081,0.005466564711503189,0.4016348920171302,0.26883836466020056,0.32995477318763733,0.3420388996601105,0.3280063271522522,0.3160748779773712,0.3495134115219116,0.33441174030303955,0.6549019607843137,0.5294117647058824,0.1576694940625461,0.6215430498123169,0.0803985595703125,0.94140625,ygo4_0399,Emblema Salvation,Spell,,Quick-Play,Emblema,0.2180328369140625,0.23687469959259033,0.20756284892559052,0.8762558102607727,0.2949121594429016,0.33942192792892456,0.36566588282585144,0.6787923276424408,0.15807047486305237,0.19871409237384796,0.6432154774665833,0.5175458192825317,0.27776557207107544,0.4839073121547699,0.348175048828125,0.1359405517578125,0.2305755615234375,1,7.31500244140625,-6.712127685546875
0.5067487438305796,0.4791318400031314,0.021932296846105558,0.3812773819581348,0.14751594384248448,0.33721330761909485,0.3709738552570343,0.2918128967285156,0.28804633021354675,0.390250563621521,0.32170310616493225,0.4745098039215686,0.592156862745098,0.0956171399234244,0.5446779131889343,0.1051483154296875,0.509124755859375,ygo4_0400,Fiendsmith's Sanct,Spell,,Quick-Play,Fiendsmith,0.1141204833984375,0.1815968155860901,0.07662544399499893,0.42195364832878113,0.35392433404922485,0.4023265242576599,0.24374917149543762,0.864916518330574,0.3699328601360321,0.1886419802904129,0.4414251744747162,0.29443469643592834,0.14666514098644257,0.36742129921913147,0.196685791015625,0.2945556640625,0.00653076171875,11,15.79400634765625,8.086273193359375
0.5036243350051999,0.47995143168008253,0.020373534202693347,0.3925024180040562,0.17664735318057698,0.3243359923362732,0.393019437789917,0.2826446294784546,0.3150899410247803,0.35926613211631775,0.32564398646354675,0.47058823529411764,0.5176470588235295,0.0342997170285018,0.5730277299880981,0.066375732421875,0.174957275390625,ygo4_0401,Susurrus of the Sinful Spoils,Spell,,Quick-Play,Sinful Spoils,0.22369384765625,0.2525951564311981,0.2076340615749359,0.8220033645629883,0.33083218336105347,0.41616642475128174,0.2530013620853424,0.8252725005149841,0.33405134081840515,0.18605400621891022,0.4798946976661682,0.502610445022583,0.2382124364376068,0.2003537118434906,0.0117034912109375,0.1346893310546875,0.1358642578125,0,3.3797149658203125,7.9319000244140625
0.4975430972006726,0.5073730393049659,0.0077716201629978755,0.40890603597406194,0.003019868986816072,0.3207981288433075,0.33468547463417053,0.34451645612716675,0.3370944559574127,0.333169549703598,0.3297360837459564,0.7529411764705882,0.5176470588235295,0.2535560242617918,0.6372262239456177,0.020111083984375,0.0720977783203125,ygo4_0402,Vesper Girsu,Spell,,Quick-Play,,0.2472686767578125,0.2648981213569641,0.23747240006923676,0.8964669108390808,0.33076211810112,0.36340636014938354,0.30583152174949646,0.7297429144382477,0.26903319358825684,0.257438063621521,0.47352874279022217,0.5024358630180359,0.24542848765850067,0.45284515619277954,0.37872314453125,0.109405517578125,0.1468353271484375,0,10.156021118164062,20.887725830078125
0.5132524914113507,0.505654601468087,0.014408436638678572,0.38573632993387513,0.2091350961247461,0.28740355372428894,0.42752450704574585,0.28507199883461,0.31084007024765015,0.330748975276947,0.3584109842777252,0.07450980392156863,0.5254901960784314,0.4262530434553856,0.565480649471283,0.013946533203125,0.0302734375,ygo4_0403,Azamina Debtors,Spell,,Quick-Play,Azamina,0.235107421875,0.2616087794303894,0.2203812301158905,0.8424076437950134,0.35137590765953064,0.3561786115169525,0.29244548082351685,0.7360227108001709,0.30056533217430115,0.2609301209449768,0.43850454688072205,0.3813425302505493,0.22823096811771393,0.21482263505458832,0.0343475341796875,0.27069091796875,0.04681396484375,0,4.3635101318359375,6.303955078125
0.494096070099532,0.5077368664856691,0.009732188412002176,0.4217330627364995,0.07322145586145584,0.3338090777397156,0.30561548471450806,0.36057549715042114,0.34888067841529846,0.30450087785720825,0.34661850333213806,0.3686274509803922,0.00392156862745098,0.5131788739893314,0.6922544836997986,0.0159149169921875,0.0362548828125,ygo4_0404,Final Bringer of the End Times,Spell,,Quick-Play,,0.2200775146484375,0.2279037982225418,0.21572862565517426,0.9465774893760681,0.28399085998535156,0.33522844314575195,0.3807806968688965,0.7368630766868591,0.27671703696250916,0.2794383466243744,0.44384458661079407,0.5574923753738403,0.244937926530838,0.3806297481060028,0.1856689453125,0.076873779296875,0.188934326171875,6,0.447479248046875,-0.708221435546875
0.4951886438977363,0.48758536864162233,0.013314361393142527,0.41077566625667095,0.23685079370860085,0.3592493236064911,0.3110737204551697,0.3296770453453064,0.32767727971076965,0.3508257269859314,0.32149699330329895,0.0,0.6,0.5099019513592785,0.6500855684280396,0.0130615234375,0.0531768798828125,ygo4_0405,Goblin Biker Grand Breakout,Spell,,Quick-Play,Goblin,0.2725677490234375,0.26942628622055054,0.27431339025497437,1.0181388854980469,0.3578346371650696,0.3367295563220978,0.30543580651283264,0.7810261994600296,0.4665297269821167,0.18276762962341309,0.3507026433944702,0.35226717591285706,0.23875248432159424,0.31407976150512695,0.12646484375,0.336669921875,0.0605010986328125,8,4.8483428955078125,-3.245086669921875
0.4850276741644969,0.5047052254422842,0.01569425650953855,0.40397262448873905,0.09188264517408413,0.3197507858276367,0.33503684401512146,0.3452123701572418,0.3479117453098297,0.341285765171051,0.31080248951911926,0.4980392156862745,0.7254901960784313,0.22549872106647162,0.6127849221229553,0.0146331787109375,0.0494842529296875,ygo4_0406,Primite Drillbeam,Spell,,Quick-Play,Primite,0.2882537841796875,0.308257520198822,0.2771381735801697,0.8990475535392761,0.3357154130935669,0.3443438708782196,0.3199407160282135,0.7314568161964417,0.3404935598373413,0.19611629843711853,0.4633901119232178,0.510860800743103,0.2554948031902313,0.16887035965919495,0.0271759033203125,0.1053009033203125,0.165008544921875,7,1.4013671875,-5.42974853515625
0.5219387624351454,0.5276811514864181,0.03532075090934187,0.3973010635404408,0.18735783631026529,0.28125977516174316,0.3591963052749634,0.35954391956329346,0.28723034262657166,0.3530507981777191,0.35971882939338684,0.6588235294117647,0.058823529411764705,0.4688940090206973,0.598833441734314,0.003936767578125,0.007049560546875,ygo4_0407,Primite Roar,Spell,,Quick-Play,Primite,0.2736358642578125,0.29193899035453796,0.2634652256965637,0.9024667143821716,0.24418669939041138,0.3566609025001526,0.39915239810943604,0.7276901006698608,0.2569752335548401,0.27681827545166016,0.46620652079582214,0.5303672552108765,0.2460147738456726,0.23613880574703217,0.0262298583984375,0.0533447265625,0.18670654296875,7,3.782257080078125,-8.744369506835938
0.4887945198924813,0.5061078569473364,0.012762002230415216,0.4067012380506635,0.16608531821969702,0.31429699063301086,0.3537512719631195,0.33195170760154724,0.35134702920913696,0.3243282735347748,0.32432469725608826,0.19607843137254902,0.8627450980392157,0.4732360151430263,0.6295512318611145,0.005523681640625,0.008331298828125,ygo4_0408,Six Strike - Double Assault,Spell,,Quick-Play,Six Strike,0.27606201171875,0.31675851345062256,0.25344792008399963,0.800129771232605,0.2890227735042572,0.37093743681907654,0.34003978967666626,0.7054893374443054,0.2344687432050705,0.17922918498516083,0.5863021016120911,0.6199948787689209,0.27408331632614136,0.4094100594520569,0.2832183837890625,0.0670166015625,0.3343505859375,10,20.238983154296875,6.294525146484375
0.5084834377652021,0.5005109400856026,0.00849881027480511,0.39745551530036677,0.23027827221324568,0.33940762281417847,0.33076906204223633,0.3298232853412628,0.3030235767364502,0.3672526478767395,0.3297237753868103,0.796078431372549,0.7294117647058823,0.3745559975617749,0.6006338596343994,0.0301971435546875,0.20745849609375,ygo4_0409,Like the Diabell,Spell,,Quick-Play,Diabell,0.22039794921875,0.25861847400665283,0.1991596817970276,0.7700906991958618,0.33557185530662537,0.37655773758888245,0.2878704071044922,0.783885046839714,0.3128243386745453,0.27324941754341125,0.41392627358436584,0.44572123885154724,0.216928169131279,0.16866625845432281,0.0056610107421875,0.13836669921875,0.078125,0,1.663848876953125,0.086761474609375
0.5028342931655209,0.4976639993293796,0.003672889445825618,0.4113951434404121,0.016826165636120726,0.34168922901153564,0.318743497133255,0.3395672142505646,0.3250642716884613,0.33059242367744446,0.34434330463409424,0.6745098039215687,0.1843137254901961,0.3607097109569184,0.6529141068458557,0.0328216552734375,0.1224517822265625,ygo4_0410,Play the Diabell,Spell,,Quick-Play,Diabell,0.280487060546875,0.29398947954177856,0.2729840576648712,0.9285504221916199,0.34049612283706665,0.3339136242866516,0.32559025287628174,0.7331880331039429,0.24083411693572998,0.3003228008747101,0.45884308218955994,0.48422154784202576,0.22423121333122253,0.3314180374145508,0.07122802734375,0.1119384765625,0.0922698974609375,8,9.5653076171875,-18.972213745117188
0.5003449047279077,0.5111352292623563,0.01114056955440653,0.4274967551810516,0.13873390060123836,0.3273928761482239,0.29415085911750793,0.3784562945365906,0.3198794722557068,0.35097452998161316,0.32914602756500244,0.8666666666666667,0.0,0.6200358412579425,0.6723561882972717,0.0706329345703125,0.24945068359375,ygo4_0411,Sinful Spoils of the White Forest,Spell,,Quick-Play,Sinful Spoils,0.2477264404296875,0.2622922658920288,0.23963254690170288,0.9136089086532593,0.3251616954803467,0.31204187870025635,0.362796425819397,0.9020773470401764,0.28247466683387756,0.2618018388748169,0.45572349429130554,0.5315147638320923,0.190731942653656,0.11199994385242462,0.0119476318359375,0.0529937744140625,0.0826568603515625,0,2.6680450439453125,2.830322265625
0.4510202448571818,0.4577662255294048,0.06467385963342163,0.42522791417387823,0.25834001445663296,0.4276188313961029,0.2740212380886078,0.2983599007129669,0.4330498278141022,0.26497697830200195,0.3019731342792511,0.36470588235294116,0.07450980392156863,0.4464822563425765,0.708991289138794,0.088287353515625,0.2378387451171875,ygo4_0412,Tachyon Spiral of Destruction,Spell,,Quick-Play,Signature move,0.1645050048828125,0.11674996465444565,0.19104138016700745,1.636329174041748,0.5595955848693848,0.22112976014614105,0.21927465498447418,0.7556074559688568,0.27326512336730957,0.22199973464012146,0.5047351121902466,0.7290422320365906,0.2153935730457306,0.2155490219593048,0.07110595703125,0.0048980712890625,0.4730377197265625,10,18.6151123046875,-12.255752563476562
0.4975488446236996,0.5132600214390319,0.013484670231131087,0.3990473032604355,0.20209529469123338,0.2829088866710663,0.3724120259284973,0.34467896819114685,0.3289908170700073,0.34421297907829285,0.32679614424705505,0.22745098039215686,0.5843137254901961,0.2852924331194794,0.6233474612236023,0.027008056640625,0.0792236328125,ygo4_0413,Machine Angel Absolute Ritual,Spell,,Ritual,Cyber Angel,0.2010498046875,0.22760476171970367,0.186293825507164,0.8184970021247864,0.2412720024585724,0.37659379839897156,0.38213416934013367,0.9155364409089088,0.2339382767677307,0.29544728994369507,0.4706144332885742,0.4233379364013672,0.24394237995147705,0.3397172689437866,0.1026763916015625,0.231781005859375,0.08880615234375,1,-0.4732513427734375,12.803024291992188
0.5027699030860642,0.46877079364772783,0.03135180525103752,0.4013095479091591,0.21676027584528398,0.36311864852905273,0.34934407472610474,0.28753727674484253,0.33103927969932556,0.3257116377353668,0.3432490825653076,0.29411764705882354,0.23137254901960785,0.33844977570212414,0.6160959601402283,0.002655029296875,0.0030517578125,ygo4_0414,Shinobird's Calling,Spell,,Ritual,Shinobird,0.1980133056640625,0.24071937799453735,0.1742825210094452,0.7240070104598999,0.3063882291316986,0.39747244119644165,0.29613932967185974,0.914029948413372,0.43752750754356384,0.2838141918182373,0.27865833044052124,0.39671775698661804,0.22978007793426514,0.5184212327003479,0.4392547607421875,0.2558746337890625,0.0431671142578125,0,9.51861572265625,17.711593627929688
0.5043608012867257,0.5074648274673372,0.00864524360440009,0.3837727346700341,0.3713160969247297,0.2847350537776947,0.4105146527290344,0.3047502934932709,0.29768624901771545,0.3852853775024414,0.31702834367752075,0.8901960784313725,0.8862745098039215,0.5490546207322926,0.5576967000961304,0.0012359619140625,0.00164794921875,ygo4_0415,Super Soldier Synthesis,Spell,,Ritual,Black Luster Soldier,0.2345733642578125,0.3055662214756012,0.19512426853179932,0.6385661959648132,0.27684903144836426,0.41416770219802856,0.30898329615592957,0.9116482585668564,0.15336360037326813,0.4563843607902527,0.3902520537376404,0.3226732015609741,0.22544480860233307,0.5044150948524475,0.3900146484375,0.383819580078125,0.046356201171875,8,16.088150024414062,-21.512649536132812
0.5195355413033045,0.5058984546038922,0.020406595520255012,0.4037178361331254,0.2080031511902098,0.32827523350715637,0.34351620078086853,0.3282085657119751,0.3001771867275238,0.3478553891181946,0.3519674837589264,0.4392156862745098,0.5254901960784314,0.06591269142733966,0.6178263425827026,0.07647705078125,0.4000701904296875,ygo4_0416,Revendread Origin,Spell,,Ritual,Vendread,0.241943359375,0.2621641159057617,0.23070715367794037,0.8800104260444641,0.36490917205810547,0.30903127789497375,0.3260595500469208,0.7294136881828308,0.27733010053634644,0.2359427809715271,0.48672717809677124,0.4382581412792206,0.2557223439216614,0.24394509196281433,0.065032958984375,0.233245849609375,0.1101226806640625,0,5.8006439208984375,8.279296875
0.511246411521261,0.4793945792863073,0.023474776567495362,0.3992683490118495,0.10533826269942673,0.35603368282318115,0.3398546874523163,0.30411165952682495,0.305164635181427,0.3531028926372528,0.34173253178596497,0.0,0.3607843137254902,0.5190192745022894,0.6191241145133972,0.0008392333984375,0.0010986328125,ygo4_0417,Revendread Evolution,Spell,,Ritual,Vendread,0.31011962890625,0.3371780216693878,0.2950839102268219,0.8751575946807861,0.33325132727622986,0.3493898808956146,0.3173587918281555,0.7401538193225861,0.303587943315506,0.19505493342876434,0.5013571381568909,0.41770973801612854,0.21965335309505463,0.2549065947532654,0.0766143798828125,0.177947998046875,0.0508575439453125,6,1.369598388671875,-8.110504150390625
0.49020477544142993,0.5115024924584672,0.015108069264797205,0.41323473321718074,0.04738461956083698,0.3357706069946289,0.28309446573257446,0.38113486766815186,0.3330649733543396,0.35639384388923645,0.3105410933494568,0.2235294117647059,0.15294117647058825,0.4437181686034379,0.6633560061454773,0.0013580322265625,0.001678466796875,ygo4_0418,Cycle of the World,Spell,,Ritual,Demise,0.2387542724609375,0.23358537256717682,0.24162651598453522,1.0344247817993164,0.34779828786849976,0.2602415680885315,0.39196011424064636,0.774495080113411,0.2697520852088928,0.27759870886802673,0.45264923572540283,0.6320803165435791,0.23180216550827026,0.7431811094284058,0.7053070068359375,0.0269012451171875,0.3014678955078125,1,13.207839965820312,52.82575988769531
0.4955102489740663,0.5147142016969917,0.015383939542738236,0.41682059368843083,0.21956967191248122,0.3272712230682373,0.28398844599723816,0.3887402415275574,0.3372580409049988,0.33741262555122375,0.3253292441368103,0.27058823529411763,0.8117647058823529,0.3870749147379318,0.6829672455787659,0.0531463623046875,0.14495849609375,ygo4_0419,Rise of the Salamangreat,Spell,,Ritual,Salamangreat,0.155792236328125,0.1162373423576355,0.17777197062969208,1.5293877124786377,0.32213515043258667,0.2650342881679535,0.41283056139945984,0.9150444492697716,0.3072969317436218,0.1860063374042511,0.5066967606544495,0.5733820796012878,0.2698354423046112,0.4635358452796936,0.306549072265625,0.09588623046875,0.30029296875,1,10.848342895507812,20.514129638671875
0.4503585081206626,0.5221704937579524,0.05436734782456958,0.3967635647335548,0.020580806578994706,0.29935863614082336,0.33860334753990173,0.36203813552856445,0.3813474178314209,0.3647678792476654,0.25388476252555847,0.043137254901960784,0.32941176470588235,0.48767193263430403,0.6142553687095642,0.12945556640625,0.47607421875,ygo4_0420,Rebirth of Nephthys,Spell,,Ritual,Nephthys,0.1745147705078125,0.21889017522335052,0.14985638856887817,0.6846190094947815,0.32342398166656494,0.39171111583709717,0.2848649024963379,0.7346481084823608,0.26387760043144226,0.23324424028396606,0.5028781294822693,0.45737436413764954,0.25057169795036316,0.4393541216850281,0.2462158203125,0.2053985595703125,0.0841522216796875,6,-6.0561065673828125,-2.53985595703125
0.5076698893938394,0.4516185231258668,0.0489856561437735,0.4016054686165829,0.24981393896352616,0.3982647657394409,0.3384295105934143,0.26330578327178955,0.30760088562965393,0.3500411808490753,0.34235793352127075,0.6901960784313725,0.23921568627450981,0.32277392480798023,0.6342803239822388,0.1363525390625,0.41748046875,ygo4_0421,PSY-Frame Accelerator,Trap,,Continuous,PSY-Frame,0.2829742431640625,0.3173138499259949,0.2638925015926361,0.8316450715065002,0.36446481943130493,0.37244540452957153,0.26308977603912354,0.7576121538877487,0.16191518306732178,0.44566017389297485,0.39242464303970337,0.6464402675628662,0.23606690764427185,0.4051753878593445,0.2177581787109375,0.042205810546875,0.324005126953125,2,-18.27349853515625,25.656021118164062
0.5063836683875861,0.5066839231385605,0.009242621414125435,0.3996241885453921,0.20760517484582608,0.3099685609340668,0.35772883892059326,0.33230262994766235,0.3175037205219269,0.34874093532562256,0.33375537395477295,0.23137254901960785,0.30196078431372547,0.33373678006755225,0.6112954616546631,0.0280609130859375,0.112152099609375,ygo4_0422,Shiranui Style Samsara,Trap,,Continuous,Shiranui,0.2825164794921875,0.2822418808937073,0.2826690673828125,1.0015136003494263,0.3493923842906952,0.3532271087169647,0.2973805069923401,0.8420930802822113,0.396028071641922,0.1919717639684677,0.4120001792907715,0.46465641260147095,0.21229961514472961,0.3205387592315674,0.11041259765625,0.07611083984375,0.088531494140625,8,12.671051025390625,-15.3624267578125
0.4910398501359431,0.5438433670161809,0.04474958230980368,0.3916004132767837,0.17145918039606928,0.26263362169265747,0.35184621810913086,0.3855202794075012,0.3282218873500824,0.3637063801288605,0.3080718219280243,0.7294117647058823,0.6509803921568628,0.2746358254148704,0.5837319493293762,0.060638427734375,0.296844482421875,ygo4_0423,Dinomists Howling,Trap,,Continuous,Dinomist,0.2449493408203125,0.29117006063461304,0.21926555037498474,0.7530497908592224,0.2624431550502777,0.3575655519962311,0.3799912929534912,0.8567612618207932,0.28588154911994934,0.2653708755970001,0.44874757528305054,0.43657296895980835,0.2440008819103241,0.5416408181190491,0.508392333984375,0.1913299560546875,0.101226806640625,0,19.237152099609375,22.4468994140625
0.5109648935402765,0.49100582365344186,0.01418182282016609,0.39566908073927665,0.1945448140967533,0.3342132270336151,0.35963305830955505,0.30615371465682983,0.3134744167327881,0.3456323444843292,0.3408932387828827,0.615686274509804,0.47058823529411764,0.11936651964881904,0.5919592976570129,0.0720367431640625,0.18798828125,ygo4_0424,Ashened for Eternity,Trap,,Continuous,Ashened,0.1898651123046875,0.20402409136295319,0.18199729919433594,0.8920382261276245,0.34083420038223267,0.3388250470161438,0.32034075260162354,0.836161658167839,0.26543083786964417,0.24331487715244293,0.4912542998790741,0.328793466091156,0.1532403826713562,0.5509539842605591,0.457977294921875,0.2212677001953125,0.0100250244140625,11,28.568939208984375,-5.997467041015625
0.5109648935402765,0.49100582365344186,0.01418182282016609,0.39566908073927665,0.1945448140967533,0.3342132270336151,0.35963305830955505,0.30615371465682983,0.3134744167327881,0.3456323444843292,0.3408932387828827,0.615686274509804,0.47058823529411764,0.11936651964881904,0.5919592976570129,0.0720367431640625,0.18798828125,ygo4_0425,Ashened for Eternity,Trap,,Continuous,Ashened,0.1898651123046875,0.20402409136295319,0.18199729919433594,0.8920382261276245,0.34083420038223267,0.3388250470161438,0.32034075260162354,0.836161658167839,0.26543083786964417,0.24331487715244293,0.4912542998790741,0.328793466091156,0.1532403826713562,0.5509539842605591,0.457977294921875,0.2212677001953125,0.0100250244140625,11,28.568939208984375,-5.997467041015625
0.48638740253198204,0.49129987667914915,0.016155338301140642,0.4135614998834935,0.2147470364354225,0.34061533212661743,0.34234070777893066,0.3170439600944519,0.35420748591423035,0.3290943205356598,0.3166981339454651,0.37254901960784315,0.6196078431372549,0.1747849780240514,0.653562068939209,0.00323486328125,0.00640869140625,ygo4_0426,Ancient Gear Duel,Trap,,Continuous,Ancient Gear,0.29083251953125,0.2709641456604004,0.3018729090690613,1.1140695810317993,0.34853094816207886,0.33709338307380676,0.3143756687641144,0.7678161561489105,0.32711270451545715,0.2849184274673462,0.38796883821487427,0.39958274364471436,0.2261023372411728,0.3926374912261963,0.2011260986328125,0.203155517578125,0.0586090087890625,7,2.1771392822265625,-7.915313720703125
0.4776630366911258,0.4783366634293951,0.031116556384556734,0.40802841351219793,0.30556395859949537,0.3545941114425659,0.34950825572013855,0.29589757323265076,0.37227925658226013,0.3234286308288574,0.30429208278656006,0.5568627450980392,0.2823529411764706,0.22495247052348072,0.6314721703529358,0.0987701416015625,0.323211669921875,ygo4_0427,Ashened to Endlessness,Trap,,Continuous,Ashened,0.1857757568359375,0.18155410885810852,0.18812163174152374,1.0361738204956055,0.336755633354187,0.3547433316707611,0.3085010349750519,0.8285161107778549,0.23350803554058075,0.2761891484260559,0.49030283093452454,0.416002094745636,0.21647828817367554,0.5814937949180603,0.56951904296875,0.1399383544921875,0.06475830078125,7,13.195022583007812,-35.97160339355469
0.4776630366911258,0.4783366634293951,0.031116556384556734,0.40802841351219793,0.30556395859949537,0.3545941114425659,0.34950825572013855,0.29589757323265076,0.37227925658226013,0.3234286308288574,0.30429208278656006,0.5568627450980392,0.2823529411764706,0.22495247052348072,0.6314721703529358,0.0987701416015625,0.323211669921875,ygo4_0428,Ashened to Endlessness,Trap,,Continuous,Ashened,0.1857757568359375,0.18155410885810852,0.18812163174152374,1.0361738204956055,0.336755633354187,0.3547433316707611,0.3085010349750519,0.8285161107778549,0.23350803554058075,0.2761891484260559,0.49030283093452454,0.416002094745636,0.21647828817367554,0.5814937949180603,0.56951904296875,0.1399383544921875,0.06475830078125,7,13.195022583007812,-35.97160339355469
0.4865960936326848,0.5332188210194703,0.03582114983954804,0.38766856553545836,0.16271015936017225,0.2836582064628601,0.3469143211841583,0.36942747235298157,0.32367178797721863,0.3843905031681061,0.2919376790523529,0.5568627450980392,0.9647058823529412,0.46817190098671047,0.5868484377861023,0.0902252197265625,0.16461181640625,ygo4_0429,Earthbound Resonance,Trap,,Continuous,Earthbound,0.1963958740234375,0.22478534281253815,0.18062050640583038,0.8035243153572083,0.35047781467437744,0.33952295780181885,0.3099992275238037,0.7115446329116821,0.4817938506603241,0.12300381809473038,0.3952023386955261,0.48463791608810425,0.3014255166053772,0.5927718877792358,0.547027587890625,0.214813232421875,0.219635009765625,0,21.116058349609375,30.789291381835938
0.5523073427284882,0.49200736090207176,0.05291446289121022,0.3805374137428968,0.4917845944520689,0.3228085935115814,0.38426774740219116,0.29292356967926025,0.24626629054546356,0.3537651300430298,0.3999685049057007,0.7372549019607844,0.21568627450980393,0.3703028260849976,0.5614457726478577,0.18603515625,0.412109375,ygo4_0430,Frozen Domain of the Ice Barrier,Trap,,Continuous,Ice Barrier,0.174835205078125,0.21842026710510254,0.15061599016189575,0.6895695924758911,0.46561354398727417,0.3675161600112915,0.16687031090259552,0.6633442044258118,0.18098005652427673,0.3685963451862335,0.45042353868484497,0.6964541077613831,0.2676233947277069,0.27171793580055237,0.130615234375,0.0849761962890625,0.4548797607421875,7,1.943084716796875,-16.38226318359375
0.5035583488010501,0.5170184291276602,0.01738645381218167,0.41885361910869956,0.2706020373194104,0.3075128197669983,0.33125540614128113,0.3612317144870758,0.3358241617679596,0.31463682651519775,0.3495389521121979,0.7372549019607844,0.9764705882352941,0.5322725898989245,0.668719470500946,0.001495361328125,0.00201416015625,ygo4_0431,Synchro Panic,Trap,,Continuous,Synchro,0.16949462890625,0.15417146682739258,0.17800934612751007,1.1546190977096558,0.3028447926044464,0.3277817666530609,0.3693734109401703,0.6579546630382538,0.2721124291419983,0.24891473352909088,0.47897279262542725,0.5163440704345703,0.29064705967903137,0.4125768542289734,0.2618865966796875,0.1481475830078125,0.266448974609375,5,2.8879241943359375,10.617095947265625
0.4912457877216935,0.49624349539119955,0.0095261513471911,0.40908795471164844,0.18579871573016998,0.3516140878200531,0.2963715195655823,0.352014422416687,0.3331967890262604,0.3529846966266632,0.31381848454475403,0.9490196078431372,0.047058823529411764,0.6377886151148868,0.6231953501701355,0.014434814453125,0.04681396484375,ygo4_0432,Spirit Shield,Trap,,Continuous,,0.182586669921875,0.22230765223503113,0.16051463782787323,0.7220382690429688,0.3673742413520813,0.2889018952846527,0.3437238931655884,0.703769326210022,0.19426383078098297,0.2764739394187927,0.5292622447013855,0.6104429960250854,0.25057151913642883,0.41761308908462524,0.284332275390625,0.0283203125,0.315521240234375,10,28.429061889648438,-18.891845703125
0.4879949199133424,0.4492734584717667,0.05212776576166143,0.3845625783978727,0.0648913335380041,0.38755786418914795,0.3558269143104553,0.25661519169807434,0.31697574257850647,0.3947674036026001,0.28825685381889343,0.16470588235294117,0.9490196078431372,0.560393391785025,0.5487534403800964,0.0076141357421875,0.021484375,ygo4_0433,Meteoroa Drytron,Trap,,Continuous,Drytron,0.229248046875,0.2603699564933777,0.21195432543754578,0.8140506148338318,0.3968317210674286,0.3568956255912781,0.24627262353897095,0.8957381919026375,0.2872494161128998,0.20987828075885773,0.5028722882270813,0.5330653190612793,0.20887234807014465,0.342482328414917,0.1193695068359375,0.0484466552734375,0.121368408203125,6,0.737457275390625,0.4835357666015625
0.49633516433001507,0.4865576626292507,0.013932962875032607,0.3996538725053443,0.11923159211597922,0.33871835470199585,0.35500991344451904,0.3062717914581299,0.3271569609642029,0.3553745150566101,0.3174685835838318,0.16470588235294117,0.49411764705882355,0.3353457132644524,0.6079987287521362,0.01153564453125,0.03131103515625,ygo4_0434,Silhouhatte Trick,Trap,,Continuous,Trap Monster,0.2563934326171875,0.2760476768016815,0.2454720288515091,0.8892378211021423,0.35672202706336975,0.3574361801147461,0.28584182262420654,0.7232196927070618,0.2375442385673523,0.22198426723480225,0.5404714941978455,0.4253539741039276,0.2904595136642456,0.3332834839820862,0.234619140625,0.2866973876953125,0.1158447265625,11,9.5753173828125,-5.6483306884765625
0.5266160716975525,0.5135260677780156,0.029855816554646905,0.40581345035714295,0.1228429173381645,0.3047902286052704,0.351651132106781,0.343558669090271,0.29678505659103394,0.33378979563713074,0.3694251775741577,1.0,0.23529411764705882,0.5657465900491572,0.6389606595039368,0.012359619140625,0.0355682373046875,ygo4_0435,Vaalmonica Creation,Trap,,Continuous,Vaalmonica,0.246795654296875,0.2700670659542084,0.23386426270008087,0.8659488558769226,0.230988010764122,0.39934462308883667,0.3696673810482025,0.6388837099075317,0.1617051362991333,0.4407923221588135,0.3975025415420532,0.6160767078399658,0.27874869108200073,0.3218132555484772,0.13427734375,0.06982421875,0.34405517578125,8,19.642196655273438,-13.417831420898438
0.5097180204777271,0.5212603240015425,0.023376083903342077,0.4047414948337559,0.22797596234439663,0.2846730947494507,0.36500611901283264,0.35032084584236145,0.34057942032814026,0.29535186290740967,0.3640688359737396,0.27450980392156865,0.592156862745098,0.24359539379575357,0.6345664858818054,0.07373046875,0.310638427734375,ygo4_0436,Goblin Biker Grand Crisis,Trap,,Continuous,Goblin,0.27703857421875,0.2801913917064667,0.27528664469718933,0.9824950098991394,0.32534700632095337,0.35883453488349915,0.3158184587955475,0.7710145264863968,0.27244728803634644,0.2607799768447876,0.46677276492118835,0.3974679112434387,0.23039992153644562,0.2393544614315033,0.07049560546875,0.2360076904296875,0.0596160888671875,5,-1.109893798828125,-2.2518463134765625
0.49969613384692296,0.5091292679174877,0.009134323584604167,0.4124310402487165,0.12345759953558054,0.3033280074596405,0.36006370186805725,0.33660829067230225,0.3375241160392761,0.3184000849723816,0.3440757989883423,0.2549019607843137,0.8941176470588236,0.4641139607365388,0.6552518606185913,0.0115509033203125,0.029296875,ygo4_0437,Ragnaraika Wisteria of Woe,Trap,,Continuous,Ragnaraika,0.20672607421875,0.2006920427083969,0.21007904410362244,1.046773076057434,0.3163566589355469,0.3641865849494934,0.3194567561149597,0.8614260256290436,0.26874032616615295,0.25699374079704285,0.4742659032344818,0.3601253628730774,0.17924465239048004,0.6613709330558777,0.67913818359375,0.1799163818359375,0.0156707763671875,7,16.30413818359375,-43.819061279296875
0.49359209779138175,0.5175785154377442,0.018710035160582342,0.4208690365855747,0.17425053658923834,0.324057400226593,0.3015326261520386,0.3744099736213684,0.3781915605068207,0.2869910001754761,0.334817498922348,0.4980392156862745,0.7647058823529411,0.2647131444174506,0.6891976594924927,0.134307861328125,0.5,ygo4_0438,Summer Schoolwork Successful!,Trap,,Continuous,Schoolwork,0.2136993408203125,0.16685889661312103,0.23972749710083008,1.4367077350616455,0.3642984628677368,0.3026062250137329,0.3330953121185303,0.7925692647695541,0.2771717607975006,0.33419060707092285,0.38863763213157654,0.5166617631912231,0.22108586132526398,0.609796941280365,0.6699981689453125,0.03143310546875,0.1595458984375,0,27.428726196289062,19.657180786132812
0.4978376563833057,0.48196538076941775,0.018163788721209728,0.42089826703037525,0.04674258521493047,0.37519964575767517,0.2932611107826233,0.33153921365737915,0.3381352722644806,0.3229575753211975,0.3389070928096771,0.0,1.0,0.7071067811865476,0.6722643375396729,0.00128173828125,0.001495361328125,ygo4_0439,Crystron Cluster,Trap,,Continuous,Crystron,0.290924072265625,0.29283609986305237,0.28986161947250366,0.9898425340652466,0.29277247190475464,0.3406587541103363,0.36656877398490906,0.7334430813789368,0.39631643891334534,0.14441530406475067,0.4592682421207428,0.6003010869026184,0.24118946492671967,0.34956133365631104,0.124481201171875,0.0387420654296875,0.26397705078125,7,-1.155303955078125,-19.859832763671875
0.503813567666487,0.49755639307940447,0.004529294992518972,0.3869990468934418,0.05556107021648588,0.31058934330940247,0.41007325053215027,0.27933746576309204,0.31656214594841003,0.35820549726486206,0.3252323865890503,0.45098039215686275,0.2,0.3039784892933955,0.5883621573448181,0.183929443359375,0.714111328125,ygo4_0440,Graydle Combat,Trap,,Counter,Graydle,0.17767333984375,0.2402067631483078,0.142924964427948,0.5950080156326294,0.29173824191093445,0.4939883053302765,0.21427345275878906,0.7913731038570404,0.2283574789762497,0.33753955364227295,0.43410298228263855,0.5716308355331421,0.25049829483032227,0.10691732168197632,0.0009765625,0.1009979248046875,0.2284698486328125,7,1.8937225341796875,-1.6529083251953125
0.4911440497159402,0.5141354423383703,0.016680485170855474,0.4175598230060579,0.3835139413605221,0.3093840479850769,0.3359922468662262,0.3546236455440521,0.36604514718055725,0.2901219427585602,0.3438328206539154,0.0784313725490196,0.5803921568627451,0.42916547686871054,0.666206955909729,0.05340576171875,0.13037109375,ygo4_0441,Emergeroid Call,Trap,,Counter,Roid,0.2335357666015625,0.23734460771083832,0.23141928017139435,0.9750348329544067,0.3173472583293915,0.3562887907028198,0.3263639211654663,0.7733465433120728,0.26486966013908386,0.34723448753356934,0.3878958523273468,0.3279249668121338,0.26780247688293457,0.3502956032752991,0.1701812744140625,0.4373016357421875,0.08343505859375,0,11.095962524414062,2.220611572265625
0.5052571431409166,0.5215923756222924,0.022223146469801603,0.41050742815910046,0.206383640620815,0.3021904230117798,0.3366950750350952,0.36111441254615784,0.344710111618042,0.2992563843727112,0.3560335040092468,0.7176470588235294,0.0196078431372549,0.5273963088511079,0.6489726305007935,0.0084228515625,0.0286102294921875,ygo4_0442,Magical Musket - Last Stand,Trap,,Counter,Magical Musket,0.234954833984375,0.22452902793884277,0.24074821174144745,1.07223641872406,0.2550980746746063,0.3554357588291168,0.38946616649627686,0.743978351354599,0.49867361783981323,0.14444446563720703,0.35688191652297974,0.4331454634666443,0.25318557024002075,0.5344563722610474,0.461334228515625,0.2322845458984375,0.101593017578125,6,1.821258544921875,-15.282058715820312
0.5009459570612104,0.5253697095430689,0.02538733930646016,0.4068139561594078,0.18846491212146393,0.2958943545818329,0.3401305377483368,0.36397507786750793,0.32752567529678345,0.33418524265289307,0.3382890820503235,0.9686274509803922,0.09019607843137255,0.6225358961099396,0.6242170333862305,0.01416015625,0.0210113525390625,ygo4_0443,Rebirth of Parshath,Trap,,Counter,Parshath,0.170745849609375,0.2191464751958847,0.14385074377059937,0.6564136147499084,0.28239500522613525,0.3941912353038788,0.32341375946998596,0.8942841142416,0.328859806060791,0.3683772385120392,0.3027629554271698,0.7103728652000427,0.19715577363967896,0.12528645992279053,0.0087890625,0.0052337646484375,0.3793182373046875,6,-5.1031494140625,-1.4350738525390625
0.4799109216202721,0.5115304905107239,0.023162972209212353,0.4039827379587765,0.3597708484852638,0.32258400321006775,0.321194052696228,0.3562219440937042,0.3505602478981018,0.35933762788772583,0.29010209441185,0.5098039215686274,0.7176470588235294,0.21786775597287605,0.6409822106361389,0.129913330078125,0.583160400390625,ygo4_0444,World Legacy's Sorrow,Trap,,Counter,World Legacy,0.1892242431640625,0.21205519139766693,0.1765376180410385,0.832507848739624,0.24868962168693542,0.40875735878944397,0.3425530195236206,0.7317728698253632,0.29598063230514526,0.25798094272613525,0.44603845477104187,0.4486178457736969,0.2900366485118866,0.45794427394866943,0.31610107421875,0.2380523681640625,0.17364501953125,7,-1.4591522216796875,-10.625152587890625
0.5135878628029127,0.47683611930657854,0.026855081164089627,0.39742471487214026,0.11108739084027806,0.3712642192840576,0.3153933882713318,0.31334245204925537,0.2866069972515106,0.3762620985507965,0.33713099360466003,0.3686274509803922,0.6980392156862745,0.2376515886451088,0.6083012223243713,0.024688720703125,0.09027099609375,ygo4_0445,Vampire Domination,Trap,,Counter,Vampire,0.2093505859375,0.22863002121448517,0.198637455701828,0.868816077709198,0.33039358258247375,0.3222303092479706,0.34737610816955566,0.8060253709554672,0.28842273354530334,0.21911945939064026,0.4924578368663788,0.3092879354953766,0.21361982822418213,0.5206557512283325,0.429168701171875,0.3603363037109375,0.0080108642578125,0,29.523757934570312,14.65277099609375
0.4978614348657954,0.5365943567484992,0.03665679209464004,0.4281401459623603,0.3408436429367165,0.3096981644630432,0.2648312449455261,0.4254705309867859,0.33228740096092224,0.33696499466896057,0.33074748516082764,0.10196078431372549,0.8117647058823529,0.5056010769945557,0.682112455368042,0.055694580078125,0.107421875,ygo4_0446,Blackbird Close,Trap,,Counter,Blackwing,0.099639892578125,0.07501388341188431,0.11332399398088455,1.5107067823410034,0.3384379744529724,0.2771822214126587,0.3843797743320465,0.9065079018473625,0.3454391360282898,0.28796282410621643,0.36659806966781616,0.5769653916358948,0.31536513566970825,0.6107710003852844,0.648223876953125,0.17156982421875,0.34356689453125,1,13.011016845703125,38.62892150878906
0.49980820337459636,0.5106611022968716,0.010662827398484714,0.4070722124660856,0.04869342761308375,0.31677550077438354,0.33492302894592285,0.34830138087272644,0.3243715763092041,0.34823423624038696,0.32739412784576416,0.43137254901960786,0.7647058823529411,0.27345736629375195,0.6370152235031128,0.012969970703125,0.0196380615234375,ygo4_0447,Evil Eye Retribution,Trap,,Counter,Evil Eye,0.287109375,0.3029176890850067,0.27832505106925964,0.9188141226768494,0.3659651279449463,0.3379039168357849,0.2961309552192688,0.790471687912941,0.2461826056241989,0.23248958587646484,0.5213278532028198,0.5206038951873779,0.24370120465755463,0.6159089803695679,0.6094207763671875,0.092559814453125,0.1627197265625,0,21.538009643554688,33.38462829589844
0.4726634915910304,0.4956052661282112,0.027687513030200353,0.39681253766901253,0.24905127683938016,0.32973143458366394,0.35753515362739563,0.3127335011959076,0.37311968207359314,0.32697129249572754,0.2999090850353241,0.11764705882352941,0.8470588235294118,0.5163754434671705,0.5984776616096497,0.007904052734375,0.0150146484375,ygo4_0448,Orcust Crescendo,Trap,,Counter,Orcust,0.2742919921875,0.2943739593029022,0.26313289999961853,0.893872857093811,0.3531375229358673,0.3529706299304962,0.2938918471336365,0.7755191624164581,0.2617647349834442,0.29088619351387024,0.44734907150268555,0.630990207195282,0.258242130279541,0.18240782618522644,0.0143890380859375,0.0740509033203125,0.3458709716796875,1,0.7210235595703125,-0.7515411376953125
0.5216990845968975,0.5095434112498146,0.02370499885311963,0.41193166845897755,0.18791957092879802,0.3372899889945984,0.2987521290779114,0.3639579117298126,0.2952532470226288,0.3373933732509613,0.3673534095287323,0.803921568627451,1.0,0.5851224827990892,0.6404908299446106,0.11993408203125,0.281982421875,ygo4_0449,Ultimate Fire Formation - Sinto,Trap,,Counter,Fire Formation,0.2757720947265625,0.28510400652885437,0.2705865502357483,0.9490801095962524,0.30963316559791565,0.32307863235473633,0.3672882318496704,0.7505843788385391,0.29596075415611267,0.2393876612186432,0.46465158462524414,0.6131299138069153,0.2555626630783081,0.3189052939414978,0.1245574951171875,0.0613861083984375,0.3180694580078125,9,18.237716674804688,-5.0313568115234375
0.509272647948775,0.4566384974682803,0.04434187526244529,0.40321232080281466,0.37834434242952847,0.3806716501712799,0.3500748872756958,0.2692534029483795,0.31081119179725647,0.3403795063495636,0.34880930185317993,0.5647058823529412,0.4980392156862745,0.06473558438909481,0.6202182173728943,0.1669464111328125,0.3405303955078125,ygo4_0450,Dream Mirror Oneiromancy,Trap,,Counter,Dream Mirror,0.1006622314453125,0.1316160410642624,0.08346191048622131,0.634131669998169,0.3124147355556488,0.46596938371658325,0.22161588072776794,0.6925549209117889,0.3104899525642395,0.247354194521904,0.4421558380126953,0.4860721528530121,0.28851670026779175,0.43006670475006104,0.3526611328125,0.217254638671875,0.2059783935546875,6,-7.585723876953125,-2.2244415283203125
0.5224374224269448,0.5407712156576134,0.04653740378840217,0.4175459166596256,0.2950999831027928,0.29158923029899597,0.31044161319732666,0.39796918630599976,0.3070290684700012,0.32524678111076355,0.36772412061691284,0.9568627450980393,0.6352941176470588,0.47647462275383795,0.6930837035179138,0.1651763916015625,1.0,ygo4_0451,Time Thief Retrograde,Trap,,Counter,Time Thief,0.17706298828125,0.20744158327579498,0.16018231213092804,0.7721802592277527,0.3134264051914215,0.3660806715488434,0.3204929232597351,0.7787334322929382,0.28962597250938416,0.40225714445114136,0.3081168532371521,0.633123517036438,0.2227022647857666,0.2531795799732208,0.017333984375,0.07421875,0.25872802734375,7,1.6340484619140625,-16.063400268554688
0.5087726314540186,0.478434030961106,0.023281969057933487,0.40612259425098723,0.05004793663084071,0.35507744550704956,0.33549895882606506,0.3094235956668854,0.31879371404647827,0.33943405747413635,0.3417722284793854,0.9647058823529412,0.058823529411764705,0.6407715937009986,0.6341832876205444,0.00732421875,0.0113525390625,ygo4_0452,Adamancipator Resonance,Trap,,Counter,Adamancipator,0.3021392822265625,0.3097526729106903,0.2979086935520172,0.9617630839347839,0.3351345956325531,0.34442704916000366,0.32043835520744324,0.7716635316610336,0.24364633858203888,0.23830918967723846,0.5180445313453674,0.5908921957015991,0.23396766185760498,0.409898579120636,0.19775390625,0.0521087646484375,0.2257843017578125,7,-3.3592071533203125,-9.300979614257812
0.49739833959906116,0.4965760784902474,0.0043002180580477495,0.372792798477094,0.13910019923004252,0.30482110381126404,0.3901040256023407,0.30507493019104004,0.2962314188480377,0.4145421087741852,0.2892265021800995,0.6313725490196078,0.5803921568627451,0.1540183285227881,0.5299148559570312,0.1813812255859375,0.44036865234375,ygo4_0453,Golden Land Forever!,Trap,,Counter,Golden Land,0.2355194091796875,0.30479729175567627,0.19702328741550446,0.6464076042175293,0.3030126392841339,0.3741496503353119,0.3228377103805542,0.8173314779996872,0.5414323806762695,0.16513200104236603,0.29343560338020325,0.603472113609314,0.2096814513206482,0.38891419768333435,0.2316436767578125,0.0358123779296875,0.20306396484375,1,13.281631469726562,18.0069580078125
0.5039130601779237,0.4728783404615223,0.027402489961263595,0.35819124994675505,0.2816138510031311,0.2889701724052429,0.46909940242767334,0.24193042516708374,0.2647552490234375,0.4577014148235321,0.2775433659553528,0.5843137254901961,0.5490196078431373,0.09752807933683055,0.47480618953704834,0.160980224609375,0.2708587646484375,ygo4_0454,Toon Terror,Trap,,Counter,Toon,0.1550140380859375,0.2035541832447052,0.12804140150547028,0.6290285587310791,0.3160744309425354,0.37769466638565063,0.30623093247413635,0.9165212586522102,0.3869158923625946,0.25929543375968933,0.35378867387771606,0.19333982467651367,0.1789991408586502,0.41910091042518616,0.2062225341796875,0.6150665283203125,0.0202178955078125,0,8.190826416015625,-2.97100830078125
0.49156720366312306,0.501483130501171,0.008562226938288238,0.41009375522265673,0.034583836869894226,0.3311169147491455,0.3322344124317169,0.3366485834121704,0.3461926579475403,0.31794100999832153,0.3358662724494934,0.7215686274509804,0.25882352941176473,0.3275038116356957,0.6564494967460632,0.035430908203125,0.0873870849609375,ygo4_0455,Dragunity Oubliette,Trap,,Counter,Dragunity,0.287933349609375,0.3259430229663849,0.266812264919281,0.8185855746269226,0.342342346906662,0.34780073165893555,0.30985692143440247,0.7447332739830017,0.3251761496067047,0.2178000509738922,0.45702382922172546,0.516055703163147,0.2212267518043518,0.41079092025756836,0.237060546875,0.0890045166015625,0.1128997802734375,0,15.112106323242188,3.7811279296875
0.5069401895704819,0.528431883866515,0.02926667475941228,0.409998535071189,0.2804539431556738,0.3090217411518097,0.2965930700302124,0.3943851888179779,0.3182413578033447,0.35000717639923096,0.3317514657974243,0.9529411764705882,0.9176470588235294,0.616104516365937,0.6581581830978394,0.0044097900390625,0.0073699951171875,ygo4_0456,Solfachord Formal,Trap,,Counter,Solfachord,0.2569122314453125,0.23537956178188324,0.26887744665145874,1.1423143148422241,0.31038784980773926,0.3167428970336914,0.3728692829608917,0.7464809119701385,0.28226637840270996,0.2546749711036682,0.4630586802959442,0.6626240611076355,0.2504706382751465,0.2668175995349884,0.0718231201171875,0.0647735595703125,0.3949127197265625,7,5.4810333251953125,-9.617996215820312
0.49969611491262583,0.42308959806764024,0.07691100227889022,0.4101600861803581,0.2429939534928537,0.45698580145835876,0.29846063256263733,0.24455353617668152,0.32885146141052246,0.340154230594635,0.33099430799484253,0.09803921568627451,0.9215686274509803,0.5824882657848215,0.6646561026573181,0.0072479248046875,0.0250701904296875,ygo4_0457,Iron Thunder,Trap,,Counter,,0.2199554443359375,0.20193088054656982,0.2299712747335434,1.1388612985610962,0.39889004826545715,0.3876517415046692,0.21345821022987366,0.9054336845874786,0.17252643406391144,0.30170971155166626,0.5257638096809387,0.7092779278755188,0.2279350757598877,0.26644283533096313,0.0426788330078125,0.031890869140625,0.422882080078125,7,9.260162353515625,-20.8411865234375
0.5138792602899479,0.49976250233960523,0.01388129213491373,0.40664807563089284,0.06252506920586644,0.3328394293785095,0.33957594633102417,0.3275846540927887,0.31746789813041687,0.3163148760795593,0.3662172555923462,0.29411764705882354,1.0,0.540728715025007,0.6411628127098083,0.055511474609375,0.3046417236328125,ygo4_0458,Vaalmonica Ereditare,Trap,,Counter,Vaalmonica,0.267425537109375,0.268443763256073,0.2668597400188446,0.9940992593765259,0.3751569092273712,0.3369850516319275,0.2878580391407013,0.7811582088470459,0.22714850306510925,0.3375168442726135,0.4353346526622772,0.5876700282096863,0.24107755720615387,0.35480737686157227,0.155426025390625,0.0482330322265625,0.2484588623046875,8,18.061111450195312,-23.521499633789062
0.47901993664182485,0.4791658294394383,0.02956730832286935,0.39513222808421866,0.0910532513409453,0.36136549711227417,0.34202253818511963,0.2966119647026062,0.3432512581348419,0.365055650472641,0.2916931211948395,0.44313725490196076,0.26666666666666666,0.24016206241729568,0.5941996574401855,0.123382568359375,0.431640625,ygo4_0459,Materiactor Critical,Trap,,Counter,Materiactor,0.2416534423828125,0.2516980767250061,0.2360718846321106,0.9379169344902039,0.30952832102775574,0.3742501735687256,0.3162215054035187,0.7486886978149414,0.2563539147377014,0.2751357853412628,0.4685102701187134,0.47748732566833496,0.2521868348121643,0.5454117059707642,0.470458984375,0.1820220947265625,0.123046875,7,12.504180908203125,-28.862167358398438
0.5092826789291502,0.5121846179748315,0.01531773623269042,0.41863603164510826,0.25982697031357876,0.3225160241127014,0.3317263424396515,0.3457576036453247,0.3242641091346741,0.3242398500442505,0.35149598121643066,1.0,0.0,0.7071067811865476,0.652000904083252,0.0030517578125,0.0059661865234375,ygo4_0460,Cipher Bit,Trap,,Normal,Cipher,0.158233642578125,0.20064932107925415,0.13466422259807587,0.6711421012878418,0.3858245015144348,0.4030858278274536,0.21108968555927277,0.8093532174825668,0.1810799092054367,0.27147623896598816,0.5474438667297363,0.6834877729415894,0.23577602207660675,0.2635118067264557,0.0402679443359375,0.0547027587890625,0.375579833984375,2,-12.801345825195312,12.846389770507812
0.5011195127798342,0.46665666235173353,0.033362126346959904,0.4087651092307547,0.00845812348782938,0.3728667199611664,0.33619967103004456,0.2909336984157562,0.32055726647377014,0.3492220342159271,0.3302207887172699,0.45098039215686275,0.1568627450980392,0.3466209711698762,0.6554664969444275,0.0593109130859375,0.123504638671875,ygo4_0461,Double Cipher,Trap,,Normal,Cipher,0.2360382080078125,0.23666110634803772,0.2356920689344406,0.995905339717865,0.3443661630153656,0.2989204227924347,0.3567134141921997,0.8056609481573105,0.31530556082725525,0.18732845783233643,0.4973660111427307,0.5659424066543579,0.21112701296806335,0.7167894244194031,0.69091796875,0.03448486328125,0.1602020263671875,1,0.6259765625,42.94569396972656
0.5076247812813632,0.5179439838115445,0.01949676497826237,0.39553849125978074,0.27375913287125586,0.2913595736026764,0.35546886920928955,0.3531714677810669,0.32221096754074097,0.3346922695636749,0.34309670329093933,0.26666666666666666,0.058823529411764705,0.4990802767542878,0.6134440302848816,0.0051116943359375,0.01416015625,ygo4_0462,Paleozoic Dinomischus,Trap,,Normal,Paleozoic,0.2374267578125,0.2654534578323364,0.22185297310352325,0.835750937461853,0.25604113936424255,0.3908740282058716,0.35308483242988586,0.7130441665649414,0.23751823604106903,0.2747536301612854,0.487728089094162,0.4337669610977173,0.29787111282348633,0.6695069670677185,0.65631103515625,0.295013427734375,0.1756439208984375,6,1.6981658935546875,-21.528961181640625
0.48154646905192855,0.4661806612124595,0.03852636085173206,0.39803394323926095,0.008320468739454686,0.36544832587242126,0.3499952256679535,0.28455638885498047,0.3449527323246002,0.3514915108680725,0.3035556972026825,0.49019607843137253,0.34901960784313724,0.15129836646165043,0.6085488796234131,0.0358734130859375,0.0969085693359375,ygo4_0463,Flame Swordsdance,Trap,,Normal,Flame Swordsman,0.2483367919921875,0.26361656188964844,0.23984618484973907,0.9098297357559204,0.37222734093666077,0.3536098301410675,0.27416282892227173,0.7632835209369659,0.3060925602912903,0.21423141658306122,0.4796760678291321,0.48558908700942993,0.20733624696731567,0.5535874962806702,0.4044342041015625,0.0540008544921875,0.10546875,7,7.37310791015625,-19.861923217773438
0.49905255717117375,0.49802091913059104,0.0021941761555433043,0.40351161325639473,0.19995788941540857,0.33181360363960266,0.3430864214897156,0.32510000467300415,0.33919069170951843,0.3284114599227905,0.33239778876304626,0.8705882352941177,0.6313725490196078,0.39318492694191315,0.6316975951194763,0.071624755859375,0.41033935546875,ygo4_0464,Salamandra with Chain,Trap,,Normal,Salamandra,0.257080078125,0.23401255905628204,0.2698981761932373,1.1533490419387817,0.3395061790943146,0.32288700342178345,0.33760684728622437,0.746063232421875,0.2638241946697235,0.26234257221221924,0.47383320331573486,0.45962661504745483,0.2770564556121826,0.6213244199752808,0.654937744140625,0.2003326416015625,0.1736297607421875,0,24.921234130859375,31.4608154296875
0.5138379336229615,0.5175772862587096,0.022370726389058283,0.3886693198725171,0.12136766324198099,0.2777666449546814,0.3804510235786438,0.3417823910713196,0.28432250022888184,0.37301355600357056,0.3426640033721924,0.8156862745098039,0.5254901960784314,0.316713709854809,0.5900182723999023,0.1433563232421875,0.612762451171875,ygo4_0465,Aroma Healing,Trap,,Normal,Aroma,0.2007904052734375,0.232474684715271,0.1831841766834259,0.7879746556282043,0.17189756035804749,0.4778478741645813,0.3502545654773712,0.8492198288440704,0.2585134208202362,0.2498171031475067,0.4916694462299347,0.6689371466636658,0.20826642215251923,0.2839657962322235,0.0068511962890625,0.006134033203125,0.32977294921875,0,10.610336303710938,8.32867431640625
0.5079554941106643,0.4942205191853001,0.009833223532102742,0.41528308853273116,0.21950071850735728,0.3471758961677551,0.3145524859428406,0.3382715582847595,0.33133843541145325,0.31081289052963257,0.3578486442565918,0.2196078431372549,0.8274509803921568,0.43109616814572466,0.6698159575462341,0.0132904052734375,0.0333251953125,ygo4_0466,Raidraptor - Glorious Bright,Trap,,Normal,Raidraptor,0.2212677001953125,0.1864667385816574,0.24060578644275665,1.2903414964675903,0.36059582233428955,0.3106682300567627,0.32873594760894775,0.6534502804279327,0.31877145171165466,0.27982887625694275,0.4013996720314026,0.45103365182876587,0.2835066318511963,0.4979642629623413,0.412078857421875,0.2395782470703125,0.1707763671875,7,5.6373443603515625,-19.749740600585938
0.49758695921075563,0.5158123756175986,0.015995436490530188,0.4000824939040654,0.11893657831055522,0.29734280705451965,0.3565962314605713,0.34606096148490906,0.330661803483963,0.3360063433647156,0.3333319127559662,0.058823529411764705,0.3333333333333333,0.47160837140414485,0.6217830181121826,0.0048980712890625,0.007720947265625,ygo4_0467,Terrors of the Afterroot,Trap,,Normal,,0.2958984375,0.3093254864215851,0.2884373366832733,0.9324719309806824,0.3198741674423218,0.32889851927757263,0.3512273132801056,0.7410107254981995,0.2502565085887909,0.3167964518070221,0.4329470098018646,0.5139045715332031,0.2422465682029724,0.2841634750366211,0.031829833984375,0.0855560302734375,0.1676483154296875,11,13.256256103515625,3.131622314453125
0.528350944599464,0.538786811276866,0.04804365503070197,0.4084530413650432,0.14932439684676302,0.27922168374061584,0.340453177690506,0.3803251087665558,0.2986782491207123,0.31391602754592896,0.3874056935310364,0.8196078431372549,0.6745098039215687,0.36414673561573013,0.6553463935852051,0.047271728515625,0.1000213623046875,ygo4_0468,The Black Goat Laughs,Trap,,Normal,Toy,0.184234619140625,0.2147037535905838,0.1673036366701126,0.7792301177978516,0.35994699597358704,0.42305782437324524,0.21699519455432892,0.820360004901886,0.2665128707885742,0.30147507786750793,0.43201202154159546,0.40233948826789856,0.23714503645896912,0.254345178604126,0.0120697021484375,0.220550537109375,0.0961151123046875,11,9.848541259765625,-0.172271728515625
0.4883915824126586,0.5158969596256359,0.01968422424738129,0.41801778006520873,0.058367165854949124,0.3313424289226532,0.2975463271141052,0.3711112141609192,0.3422721326351166,0.3348373770713806,0.3228904604911804,0.5803921568627451,0.984313725490196,0.4909406110551837,0.6751376390457153,0.062347412109375,0.20758056640625,ygo4_0469,Double Dai,Trap,,Normal,,0.2458648681640625,0.2525951564311981,0.242125004529953,0.9585496783256531,0.3348848819732666,0.31316328048706055,0.35195183753967285,0.7761445939540863,0.3660431504249573,0.3912466764450073,0.242710143327713,0.51807701587677,0.25460633635520935,0.4772239625453949,0.2869415283203125,0.106170654296875,0.15380859375,7,2.7972564697265625,-25.475341796875
0.6009476250219747,0.5390346349665126,0.10823181475216107,0.3780109762019893,0.324224402477309,0.240610733628273,0.4008955955505371,0.3584935963153839,0.1873713582754135,0.3371534049510956,0.47547516226768494,0.8274509803921568,0.9019607843137255,0.5184559930079794,0.6125055551528931,0.1689300537109375,0.431396484375,ygo4_0470,Lightsworn Aegis,Trap,,Normal,Lightsworn,0.161376953125,0.16391131281852722,0.15996865928173065,0.975946307182312,0.27704235911369324,0.33708396553993225,0.3858736753463745,0.7647140175104141,0.17006038129329681,0.281399667263031,0.5485399961471558,0.7931286692619324,0.19700102508068085,0.15821248292922974,0.0419158935546875,0.0062255859375,0.655914306640625,6,1.88214111328125,1.1385345458984375
0.4888560009860173,0.4803882866321057,0.02255677315681682,0.40169246392650876,0.12153262544653905,0.35490915179252625,0.3471818268299103,0.29790905117988586,0.3453575372695923,0.33214056491851807,0.3225019574165344,0.0,0.5764705882352941,0.5058139488636626,0.6177171468734741,0.0240478515625,0.0897216796875,ygo4_0471,Mirage Mirror Force,Trap,,Normal,Mirror Trap,0.180816650390625,0.21154256165027618,0.16374297440052032,0.7740426659584045,0.3033755421638489,0.37291139364242554,0.323713093996048,0.8766591995954514,0.1623460352420807,0.33255594968795776,0.5050980448722839,0.5766144394874573,0.3064558207988739,0.5391677618026733,0.528411865234375,0.1082916259765625,0.33319091796875,1,20.416854858398438,11.76068115234375
0.4805906771461588,0.5373397042950944,0.04208295772031396,0.3973837477583602,0.16236816912374671,0.2832082509994507,0.3331548571586609,0.3836368918418884,0.3423810303211212,0.3600643575191498,0.2975545823574066,0.5647058823529412,0.5607843137254902,0.08877828566801389,0.6012327075004578,0.115081787109375,0.29052734375,ygo4_0472,Simultaneous Equation Cannons,Trap,,Normal,,0.2227935791015625,0.2124396562576294,0.22854700684547424,1.075820803642273,0.3310047388076782,0.31990960240364075,0.3490856885910034,0.7810775488615036,0.2509939968585968,0.2878696918487549,0.4611362814903259,0.598308801651001,0.2602091133594513,0.33243295550346375,0.1336212158203125,0.0759429931640625,0.2584228515625,6,-2.9064788818359375,-10.440185546875
0.49762378815968045,0.45132337106605264,0.04873459333043907,0.4126836666743119,0.17915580296084654,0.3976718485355377,0.32866111397743225,0.2736670970916748,0.35223448276519775,0.29878106713294983,0.3489844799041748,0.0784313725490196,0.15294117647058825,0.5460493884627313,0.6594353318214417,0.0305328369140625,0.0787200927734375,ygo4_0473,Sinful Spoils Subdual,Trap,,Normal,Sinful Spoils,0.3180694580078125,0.3276517689228058,0.31274479627609253,0.95450359582901,0.33917006850242615,0.341616690158844,0.31921324133872986,0.79526786506176,0.25380462408065796,0.2080029547214508,0.5381924510002136,0.6139220595359802,0.20111222565174103,0.4043048024177551,0.20391845703125,0.036041259765625,0.194000244140625,6,-3.657379150390625,-19.334716796875
0.49599678213107573,0.48252759986627053,0.01792513653334959,0.40716828582105186,0.07632369160626463,0.35618191957473755,0.3284030258655548,0.31541502475738525,0.3356572985649109,0.33792176842689514,0.3264208734035492,0.9686274509803922,0.1568627450980392,0.580822574900488,0.621579647064209,0.0184173583984375,0.0351409912109375,ygo4_0474,Sinful Spoils of Slumber - Morrian,Trap,,Normal,Sinful Spoils,0.2872161865234375,0.31299927830696106,0.272889107465744,0.8718522191047668,0.3351750373840332,0.36189767718315125,0.30292725563049316,0.7560537308454514,0.242998868227005,0.2964314818382263,0.4605696499347687,0.5601937770843506,0.23545444011688232,0.24858418107032776,0.0635528564453125,0.0903778076171875,0.16058349609375,9,12.456680297851562,-6.4958953857421875
0.5212914007043018,0.510274757337456,0.023640947153080575,0.40571321307904634,0.09219229984151601,0.30180734395980835,0.3588095009326935,0.3393831253051758,0.3033463656902313,0.3274156153202057,0.3692379891872406,0.7098039215686275,0.7294117647058823,0.31088171913292345,0.6502816677093506,0.002960205078125,0.005767822265625,ygo4_0475,Dominus Purge,Trap,,Normal,Dominus,0.213226318359375,0.21820667386054993,0.21045884490013123,0.9644930958747864,0.32038071751594543,0.3769858181476593,0.30263346433639526,0.7291481196880341,0.22733712196350098,0.2579263150691986,0.5147365927696228,0.5235379934310913,0.2559216618537903,0.3577825427055359,0.15582275390625,0.0928497314453125,0.1962738037109375,11,18.9840087890625,7.250946044921875
0.5013157445703802,0.5039639903983454,0.0041766498120694015,0.4085695690510656,0.12543465196323908,0.3299080431461334,0.3401751220226288,0.3299168050289154,0.323317289352417,0.33808937668800354,0.33859339356422424,0.5019607843137255,0.23137254901960785,0.2686346070322064,0.6359726786613464,0.062164306640625,0.19683837890625,ygo4_0476,Fiendsmith in Paradise,Trap,,Normal,Fiendsmith,0.2420196533203125,0.2613524794578552,0.23127685487270355,0.8849231600761414,0.33137884736061096,0.34543851017951965,0.3231826424598694,0.7260154485702515,0.27335625886917114,0.26827365159988403,0.45837005972862244,0.5684078931808472,0.23861339688301086,0.48648080229759216,0.390960693359375,0.06536865234375,0.2277679443359375,0,27.529098510742188,23.301162719726562
0.49348567254048903,0.5793443147651532,0.07961128530429247,0.39908677122485625,0.2825059103670289,0.22258047759532928,0.3055800199508667,0.47183942794799805,0.3321749269962311,0.3471687138080597,0.32065632939338684,0.01568627450980392,0.40784313725490196,0.49300372417377525,0.626850962638855,0.009521484375,0.026092529296875,ygo4_0477,Mimighoul Room,Trap,,Normal,Mimighoul,0.2051544189453125,0.23875433206558228,0.1864837259054184,0.7810694575309753,0.11989587545394897,0.40453699231147766,0.47556713223457336,0.9073872864246368,0.2530306279659271,0.3291133940219879,0.41785600781440735,0.3200119435787201,0.19349907338619232,0.7009901404380798,0.833038330078125,0.3467864990234375,0.0167236328125,1,12.125686645507812,29.450820922851562
0.5043487647389588,0.48555399559951223,0.015086377891784485,0.40512599865835436,0.19778107287447766,0.345821350812912,0.34652671217918396,0.30765193700790405,0.3260148763656616,0.330525279045105,0.3434598445892334,0.22745098039215686,0.0,0.5694584867127687,0.6268375515937805,0.0013885498046875,0.0018310546875,ygo4_0478,Sangen Kaiho,Trap,,Normal,Sangen,0.3273773193359375,0.3459780514240265,0.3170413374900818,0.9163625836372375,0.3205779492855072,0.34761127829551697,0.33181077241897583,0.7664146274328232,0.2826383411884308,0.22367256879806519,0.4936891198158264,0.44290244579315186,0.2612335681915283,0.3362185060977936,0.1651611328125,0.213470458984375,0.11553955078125,5,-1.7260284423828125,7.592010498046875
0.5123865028489342,0.5006728346221698,0.01240476357112237,0.4103855088145725,0.10454854931238394,0.3200662434101105,0.35043686628341675,0.3294968903064728,0.32072243094444275,0.31761378049850464,0.3616637587547302,0.8941176470588236,0.8823529411764706,0.5491106367112925,0.6326503753662109,0.022430419921875,0.0746307373046875,ygo4_0479,Service Puppet Play,Trap,,Normal,Puppet,0.233795166015625,0.2546456456184387,0.22220903635025024,0.8726205825805664,0.3872862458229065,0.3542618453502655,0.258451908826828,0.7412778437137604,0.26508259773254395,0.22641168534755707,0.5085057020187378,0.45833051204681396,0.23440510034561157,0.3430090546607971,0.14764404296875,0.1491241455078125,0.0970306396484375,6,6.89752197265625,2.107330322265625
0.49315189921206426,0.4921266401276416,0.01043485889130223,0.4148351562184424,0.15606096560978144,0.33373814821243286,0.343652606010437,0.3226093053817749,0.343259334564209,0.3242379128932953,0.3325028419494629,0.03529411764705882,0.5058823529411764,0.46474311094361603,0.6603840589523315,0.0181884765625,0.02691650390625,ygo4_0480,Three in One,Trap,,Normal,,0.246978759765625,0.25063011050224304,0.24494978785514832,0.9773358106613159,0.34492772817611694,0.35382428765296936,0.3012479841709137,0.8114303350448608,0.1526467502117157,0.521777868270874,0.3255753815174103,0.6610211133956909,0.22964267432689667,0.4121115803718567,0.261810302734375,0.010040283203125,0.3274383544921875,1,9.413665771484375,17.722015380859375
0.4923125202415159,0.4904695178691643,0.012244485888892237,0.42163245609096717,0.06429663592344032,0.3588810861110687,0.30234676599502563,0.33877211809158325,0.36635708808898926,0.2926749885082245,0.34096792340278625,0.1450980392156863,0.38823529411764707,0.37208433351798004,0.6858595013618469,0.0285797119140625,0.082489013671875,ygo4_0481,Woes of the White Forest,Trap,,Normal,White Forest,0.2684783935546875,0.2287154495716095,0.29057374596595764,1.270459532737732,0.341290146112442,0.28832054138183594,0.37038931250572205,0.8021918833255768,0.29359591007232666,0.222856804728508,0.4835473299026489,0.4115760624408722,0.23547089099884033,0.3719313442707062,0.2022552490234375,0.24072265625,0.050506591796875,0,15.079010009765625,10.379714965820312
0.5077216627766876,0.550033573055594,0.0506259074856574,0.3844326697848385,0.24347523842055085,0.23231595754623413,0.3874698281288147,0.38021424412727356,0.3094501793384552,0.35402002930641174,0.33652985095977783,0.8117647058823529,0.7294117647058823,0.38707491473793176,0.5909587144851685,0.096527099609375,0.2388763427734375,ygo4_0482,Azamina Determination,Trap,,Normal,Azamina,0.2082061767578125,0.21286684274673462,0.20561635494232178,0.9659388065338135,0.2589226961135864,0.32671308517456055,0.4143642485141754,0.86055488884449,0.34444180130958557,0.22075097262859344,0.4348072111606598,0.2586061358451843,0.20344768464565277,0.17238274216651917,0.0241851806640625,0.476165771484375,0.01593017578125,8,4.8255767822265625,-5.7629547119140625
0.4936891429554298,0.4932128954189323,0.00926777779358952,0.39955089933169635,0.007884113869207612,0.34266531467437744,0.3302572965621948,0.3270774185657501,0.3359472453594208,0.3468780517578125,0.3171747326850891,0.8901960784313725,0.7803921568627451,0.4804921864644253,0.6187068819999695,0.02142333984375,0.0568084716796875,ygo4_0483,Max Metalmorph,Trap,,Normal,Metalmorph,0.242279052734375,0.2704942524433136,0.2266005128622055,0.8377276659011841,0.3523743450641632,0.34506863355636597,0.30255699157714844,0.7487748563289642,0.30613765120506287,0.23671674728393555,0.457145631313324,0.53260338306427,0.2780020534992218,0.3633314073085785,0.2398681640625,0.13104248046875,0.225738525390625,10,23.287826538085938,-10.106094360351562
0.5126942058107196,0.5397965596097624,0.04177210813375685,0.40931747867421586,0.07170272165135005,0.2899746596813202,0.32048287987709045,0.3895423710346222,0.3182104527950287,0.32509568333625793,0.356693834066391,0.9764705882352941,0.6745098039215687,0.5074227952290196,0.6466851234436035,0.0060882568359375,0.0107574462890625,ygo4_0484,Primite Howl,Trap,,Normal,Primite,0.248931884765625,0.28070399165153503,0.23127685487270355,0.8239172101020813,0.22643128037452698,0.3807772397994995,0.3927914798259735,0.8294459879398346,0.3151113986968994,0.20651595294475555,0.4783726632595062,0.5536934733390808,0.18525908887386322,0.23604564368724823,0.01019287109375,0.0161895751953125,0.11822509765625,0,12.22735595703125,6.0025177001953125
0.49438426925986373,0.5029695165366342,0.006352516053270208,0.40564681455586216,0.208633636728955,0.3179043233394623,0.35367733240127563,0.3284182548522949,0.34772735834121704,0.32005566358566284,0.33221691846847534,0.13333333333333333,1.0,0.6200358412579425,0.6172099113464355,0.0092010498046875,0.03216552734375,ygo4_0485,Puppet Shark,Trap,,Normal,Puppet,0.2747344970703125,0.29821863770484924,0.2616848945617676,0.8774934411048889,0.3316301107406616,0.36428770422935486,0.3040821850299835,0.8172761797904968,0.44067487120628357,0.16050632297992706,0.39881882071495056,0.32397982478141785,0.19319015741348267,0.4755956530570984,0.3057403564453125,0.3026123046875,0.0202789306640625,11,21.332077026367188,-3.449249267578125
0.5085656088001895,0.510932010297598,0.013888070537863569,0.38790482301542684,0.11537205364897966,0.2911853492259979,0.3814319968223572,0.32738247513771057,0.29415687918663025,0.3736206889152527,0.3322223722934723,0.3058823529411765,0.6745098039215687,0.2610274555758423,0.5692374110221863,0.017852783203125,0.0446319580078125,ygo4_0486,Time Engine,Trap,,Normal,Metalmorph,0.244659423828125,0.27181851863861084,0.2295677363872528,0.8445625305175781,0.2910066246986389,0.36547335982322693,0.34352001547813416,0.6437601745128632,0.3226359784603119,0.1832127571105957,0.49415123462677,0.4399220943450928,0.2846270799636841,0.4499826729297638,0.3585357666015625,0.263458251953125,0.1240997314453125,0,13.164382934570312,19.885345458984375
0.5281849527675839,0.46879048188170996,0.04205265251665834,0.4168553111012653,0.24914031103679177,0.39392003417015076,0.2987058460712433,0.30737411975860596,0.30802565813064575,0.30576157569885254,0.3862127959728241,0.8235294117647058,0.4196078431372549,0.33336793361368877,0.6687191724777222,0.0478515625,0.11505126953125,ygo4_0487,Virtue Stream,Trap,,Normal,Signature move,0.1730194091796875,0.15600837767124176,0.18247205018997192,1.169629693031311,0.4226122200489044,0.23793984949588776,0.33944791555404663,0.805645152926445,0.26428812742233276,0.2786623239517212,0.45704957842826843,0.8029345870018005,0.18786795437335968,0.44583046436309814,0.3269195556640625,0.0074920654296875,0.626312255859375,1,-7.4935455322265625,19.55169677734375
0.4920740482562281,0.5271966588737917,0.02832805967485236,0.40608991422503476,0.17928072350594756,0.27769577503204346,0.3542616069316864,0.36804255843162537,0.33327436447143555,0.34887921810150146,0.3178464472293854,0.0,0.2549019607843137,0.5568420322024678,0.6495146751403809,0.0139312744140625,0.0485992431640625,ygo4_0488,Xyz Poseidon Splash,Trap,,Normal,Xyz,0.2135467529296875,0.22076979279518127,0.20953308045864105,0.9491020441055298,0.2180778831243515,0.35927116870880127,0.42265093326568604,0.7385813891887665,0.33817005157470703,0.17652925848960876,0.4853006899356842,0.4780561923980713,0.31681522727012634,0.5504289269447327,0.5135498046875,0.26715087890625,0.2216339111328125,6,-1.5365142822265625,-15.976715087890625
0.506728660990921,0.4847695817416722,0.016650541103950554,0.4057939063684022,0.12385166671826825,0.3526444435119629,0.3423599898815155,0.3049955368041992,0.3195262551307678,0.33548858761787415,0.34498515725135803,0.6313725490196078,0.21568627450980393,0.3131980861021086,0.6344354152679443,0.0523223876953125,0.119049072265625,ygo4_0489,Dominus Impulse,Trap,,Normal,Dominus,0.256500244140625,0.30449825525283813,0.2298288494348526,0.7547788619995117,0.3358120024204254,0.38994646072387695,0.27424153685569763,0.698850154876709,0.25249049067497253,0.3111409842967987,0.43636852502822876,0.5339872241020203,0.2474757581949234,0.32060518860816956,0.058990478515625,0.09881591796875,0.1816253662109375,7,6.407928466796875,-14.21484375
0.5133548100260761,0.513321471972769,0.018862994628474353,0.39529227448393245,0.18433184292523525,0.29140716791152954,0.3849846124649048,0.3236081004142761,0.29748645424842834,0.3723217844963074,0.33019155263900757,0.4980392156862745,0.615686274509804,0.11570289013279948,0.6065086722373962,0.085906982421875,0.3659820556640625,ygo4_0490,Ryzeal Plasma Hole,Trap,,Normal,Hole,0.251861572265625,0.28557392954826355,0.2331283986568451,0.8163504004478455,0.2778989374637604,0.3810129761695862,0.34108808636665344,0.6823671758174896,0.2602847218513489,0.24293826520442963,0.4967770278453827,0.681006908416748,0.27474117279052734,0.4537106454372406,0.37591552734375,0.0541229248046875,0.4159393310546875,6,-3.086395263671875,-16.729339599609375
0.49915333669273315,0.5599668380005846,0.059972814662513745,0.39198496623782314,0.10659675013547586,0.229467511177063,0.37793973088264465,0.39259275794029236,0.31275177001953125,0.3720702528953552,0.315177857875824,0.03529411764705882,0.5372549019607843,0.46619683054857125,0.6096292734146118,0.003814697265625,0.0060882568359375,ygo4_0491,Abyss-steam,Trap,,Normal,Abyss-,0.272857666015625,0.30505362153053284,0.2549671232700348,0.8358108401298523,0.1995861828327179,0.3967117667198181,0.403702050447464,0.7716855555772781,0.3015744090080261,0.2235862910747528,0.47483932971954346,0.5547624826431274,0.2489493191242218,0.4372888505458832,0.33502197265625,0.107940673828125,0.1895904541015625,6,-5.838287353515625,-10.069427490234375
0.4847977392981377,0.5162796647383538,0.022274115345858048,0.3981231534492901,0.2363576904731955,0.3122223913669586,0.34417814016342163,0.3435995280742645,0.3327094316482544,0.36514535546302795,0.30214524269104004,0.5411764705882353,0.21568627450980393,0.28727999622705785,0.6133100390434265,0.019287109375,0.0547943115234375,ygo4_0492,Azamina Aphes,Trap,,Normal,Azamina,0.2613983154296875,0.28181469440460205,0.25005340576171875,0.8872972726821899,0.30190882086753845,0.36203375458717346,0.3360574543476105,0.8176934868097305,0.27417293190956116,0.2721620500087738,0.4536650478839874,0.28439319133758545,0.17639568448066711,0.4159691035747528,0.20013427734375,0.406585693359375,0.00762939453125,11,11.902755737304688,-6.9800872802734375
0.5117318483161047,0.457213244891082,0.044366008133058465,0.40521877567443093,0.35667105869701415,0.38407692313194275,0.33697497844696045,0.2789481282234192,0.3022362291812897,0.3653396666049957,0.3324241638183594,0.2784313725490196,0.7098039215686275,0.30513987313375834,0.6409958004951477,0.0100860595703125,0.042816162109375,ygo4_0493,Dark Supremacy,Trap,,Normal,,0.232452392578125,0.25084370374679565,0.22223277390003204,0.885941207408905,0.3500722050666809,0.3674018681049347,0.2825259268283844,0.8224975615739822,0.4003066420555115,0.1483226716518402,0.4513707160949707,0.23494429886341095,0.23476748168468475,0.7811810970306396,0.79083251953125,0.5392913818359375,0.0322265625,0,20.145477294921875,23.637359619140625
0.5213730546754325,0.534339763952448,0.0404478287979574,0.3961649463514285,0.10414109737716515,0.2685861587524414,0.35563233494758606,0.3757815659046173,0.3050619065761566,0.33333006501197815,0.36160808801651,0.25098039215686274,0.6980392156862745,0.3181670882413588,0.6101316213607788,0.073822021484375,0.321929931640625,ygo4_0494,Fiendsmith Kyrie,Trap,,Normal,Fiendsmith,0.208251953125,0.23640480637550354,0.1926080733537674,0.8147383332252502,0.21292497217655182,0.35851407051086426,0.4285609722137451,0.7986201196908951,0.29421189427375793,0.24018120765686035,0.4656068980693817,0.39128583669662476,0.1972031444311142,0.48517900705337524,0.2879638671875,0.1749267578125,0.0255126953125,0,22.552352905273438,17.106719970703125
0.5013639879462889,0.5106963368559579,0.010782953456903431,0.4009328699060453,0.056740903848336244,0.31939074397087097,0.3395402431488037,0.34106895327568054,0.3236832916736603,0.35278767347335815,0.3235289752483368,0.9333333333333333,0.26666666666666666,0.4921607686744467,0.6110507249832153,0.0154876708984375,0.037841796875,ygo4_0495,Sinful Spoils Awakening,Trap,,Normal,Sinful Spoils,0.2189788818359375,0.2458883374929428,0.20402592420578003,0.8297502398490906,0.2794230282306671,0.40289875864982605,0.31767821311950684,0.7992578893899918,0.30369624495506287,0.25759032368659973,0.4387134909629822,0.48099300265312195,0.22680258750915527,0.22889281809329987,0.0146484375,0.0991363525390625,0.1177978515625,0,6.400665283203125,4.756072998046875
0.5042133514091395,0.4870899383156763,0.013580207023088419,0.4108125995886154,0.1573330791094297,0.3588119447231293,0.3035998046398163,0.33758822083473206,0.3190135657787323,0.3456357717514038,0.3353506028652191,0.4980392156862745,0.027450980392156862,0.4725530876075816,0.6443455815315247,0.021148681640625,0.05712890625,ygo4_0496,Speedroid Clear Wing Wonder,Trap,,Normal,Clear Wing,0.2289581298828125,0.18415993452072144,0.25385144352912903,1.3784291744232178,0.284505158662796,0.29263579845428467,0.4228590428829193,0.8134108632802963,0.2062220424413681,0.26358214020729065,0.5301958322525024,0.6248461604118347,0.26900067925453186,0.41236990690231323,0.320831298828125,0.0579833984375,0.30889892578125,5,-14.012619018554688,7.0896453857421875
0.5060792783419897,0.5260792785639479,0.02677846888034072,0.3976197495898271,0.07535984943529671,0.3087241053581238,0.3208509683609009,0.37042489647865295,0.29623591899871826,0.3819670081138611,0.32179707288742065,0.27058823529411763,0.6,0.2502593810139135,0.606059193611145,0.0172882080078125,0.05084228515625,ygo4_0497,Majesty of the White Dragons,Trap,,Normal,,0.2381744384765625,0.27634671330451965,0.216962993144989,0.7851115465164185,0.2896406054496765,0.34063681960105896,0.3697226047515869,0.8403749912977219,0.28525716066360474,0.23638561367988586,0.4783572256565094,0.6635982394218445,0.1690424233675003,0.14903654158115387,0.007781982421875,0.004058837890625,0.2182159423828125,7,-1.000152587890625,-7.5716400146484375
0.5296477601409169,0.5328542755931589,0.044253735504752305,0.4004680224187084,0.3108486835441992,0.2669350802898407,0.36972540616989136,0.36333951354026794,0.30508920550346375,0.2998615503311157,0.3950493037700653,0.2823529411764706,0.4823529411764706,0.21836130815612453,0.6261294484138489,0.026580810546875,0.05126953125,ygo4_0498,Lord of the Tachyon Galaxy,Trap,,Normal,Tachyon,0.2613677978515625,0.2752787470817566,0.25363782048225403,0.9213854074478149,0.3223772644996643,0.3446202278137207,0.333002507686615,0.7496493458747864,0.35165342688560486,0.20943400263786316,0.4389125406742096,0.6953116059303284,0.2305351346731186,0.2606101930141449,0.04254150390625,0.0555267333984375,0.370941162109375,6,0.01593017578125,-1.66497802734375
0.5097672257897421,0.5160013152466014,0.01874675409901464,0.39103313480083185,0.0035478944440875044,0.29767289757728577,0.35972926020622253,0.3425978422164917,0.2946045398712158,0.3796972632408142,0.32569819688796997,0.5215686274509804,0.7098039215686275,0.2109096754435272,0.6236047148704529,0.030731201171875,0.08013916015625,ygo4_0499,Maiden of Blue Tears,Trap,,Normal,Blue Tears,0.1986846923828125,0.17493271827697754,0.21188311278820038,1.211226224899292,0.33330774307250977,0.30381691455841064,0.3628753423690796,0.8526634126901627,0.3876308500766754,0.3168875277042389,0.2954816520214081,0.6066739559173584,0.22192123532295227,0.3650926351547241,0.179901123046875,0.0226898193359375,0.229339599609375,6,-4.8301544189453125,-1.319488525390625
0.4843130811977646,0.48930091936660586,0.018988147563882993,0.42212360989348474,0.23891076664061145,0.34888654947280884,0.33743369579315186,0.3136798143386841,0.3805353045463562,0.2794760763645172,0.339988648891449,0.3137254901960784,0.5333333333333333,0.18923346457168294,0.6880385875701904,0.0083770751953125,0.0152435302734375,ygo4_0500,Trickstar Diffusion,Trap,,Normal,Fusion,0.2272796630859375,0.23482421040534973,0.22308732569217682,0.9500183463096619,0.3332661986351013,0.3728767931461334,0.29385700821876526,0.8789466992020607,0.2625289261341095,0.2556847631931305,0.48178631067276,0.7925832271575928,0.17375998198986053,0.31090301275253296,0.1648712158203125,0.0024261474609375,0.564483642578125,11,9.6551513671875,1.1070404052734375
